timestamp,gct_ms,swing_time,stride_time,gait_cycle_time,cadence,gct_pct,activity_type,speed_mps,vgrf_average,fsa_deg,stride_len_m,vgrf_impulse_bws,vgrf_active_peak_bw,lr_instantaneous_bwps,vgrf_curve_bn_output_0,vgrf_curve_bn_output_1,vgrf_curve_bn_output_2,vgrf_curve_bn_output_3
1776192563.883853,751.979065,592.91156,1477.236816,1344.890625,40.616371,55.913769,3,1.280267,0.802478,14.072102,1.891257,0.603447,1.019971,14.817997,3.452603,3.921044,0.0,4.023418
1776192570.583425,626.284729,475.340759,1112.969482,1101.625488,53.909836,56.850964,3,1.517748,0.823792,4.991646,1.689207,0.515929,1.181653,30.908669,3.517319,4.474579,0.169215,4.221677
1776192571.676288,611.781494,465.89563,1092.802368,1077.677124,54.904713,56.768532,3,1.437721,0.826815,10.145913,1.571145,0.50583,1.103302,18.898651,2.455386,4.664326,0.0,3.848481
1776192572.714939,612.990112,426.873779,1038.603394,1039.863892,57.769886,58.94907,3,1.390314,0.826558,11.91819,1.443985,0.506672,1.174066,25.523743,2.523316,4.55594,0.0,4.150949
1776192581.058223,923.600098,423.811401,1081.458374,1347.411499,55.480637,68.546257,3,0.718671,0.782745,3.312578,0.777212,0.722943,1.0024,10.0,4.168247,3.087613,0.0,3.734814
1776192582.388049,591.235352,391.90863,1329.765259,983.143982,45.120747,60.137207,3,1.163034,0.831351,8.54178,1.546563,0.491524,1.143991,31.706871,2.816695,4.664863,0.0,4.178342
1776192583.411576,710.886658,437.375061,1023.478149,1148.261719,58.623627,61.909813,3,1.044126,0.808617,3.58288,1.06864,0.574835,1.064544,11.530628,3.549852,4.006258,0.0,3.83038
1776192584.609056,609.364319,482.177673,1197.418945,1091.541992,50.107777,55.826008,3,1.635355,0.827333,9.362795,1.958205,0.504147,1.120082,26.213474,2.62296,4.685811,0.108322,3.959939
1776192585.657803,612.990112,439.478149,1048.687012,1052.468262,57.214401,58.243095,3,1.646397,0.826558,16.692394,1.726555,0.506672,1.165702,26.654041,2.62296,4.685811,0.108322,3.959939
1776192586.730487,406.351135,483.520264,1072.635376,889.871399,55.936996,45.664032,2,1.727271,1.10007,15.637585,1.852732,0.447015,1.918689,34.431099,1.553702,1.942788,0.699175,3.430801
1776192587.641834,247.142181,477.61142,911.298889,724.753601,65.840088,34.100166,2,2.136584,1.458315,0.580871,1.947066,0.360411,2.376171,54.702065,1.553702,1.942788,0.699175,3.430801
1776192588.424604,236.384842,533.74469,782.733887,770.129517,76.654404,30.694166,2,2.738336,1.615293,-0.205415,2.143389,0.381831,2.610992,87.319412,1.553702,1.942788,0.699175,3.430801
1776192589.175864,237.460571,515.022766,751.2229,752.483337,79.869766,31.556923,2,3.042112,1.572325,5.790608,2.285304,0.373365,2.544636,96.667923,1.553702,1.942788,0.699175,3.430801
1776192589.951071,235.309097,537.341309,775.171265,772.650391,77.402252,30.454796,2,3.12413,1.627646,0.755383,2.421735,0.383,2.630359,102.877937,1.553702,1.942788,0.699175,3.430801
1776192590.712427,242.839249,527.290283,761.306396,770.129517,78.811897,31.532261,2,3.330271,1.573521,3.717331,2.535356,0.382113,2.546461,134.217178,1.553702,1.942788,0.699175,3.430801
1776192591.482592,251.445145,528.767883,770.129517,780.213013,77.908974,32.227753,2,3.109159,1.540506,2.683921,2.394455,0.387353,2.496507,100.936852,1.553702,1.942788,0.699175,3.430801
1776192592.264101,244.990723,528.920105,781.47345,773.910828,76.778038,31.656197,2,2.946973,1.567531,1.053363,2.302981,0.384031,2.53733,69.84951,1.553702,1.942788,0.699175,3.430801
1776192593.043091,236.384842,532.484253,778.952576,768.86908,77.026512,30.744484,2,2.977869,1.612721,3.582391,2.319618,0.381223,2.606976,85.90287,1.553702,1.942788,0.699175,3.430801
1776192593.788048,242.839249,509.644104,744.920654,752.483337,80.545494,32.271709,2,2.7545,1.538467,3.611532,2.051884,0.3736,2.493453,78.61264,1.553702,1.942788,0.699175,3.430801
1776192594.562007,235.309097,529.778625,773.910828,765.087708,77.528313,30.755833,2,2.784528,1.612142,3.983906,2.154976,0.379352,2.606072,96.415764,1.553702,1.942788,0.699175,3.430801
1776192595.338475,232.081909,540.568481,776.431702,772.650391,77.276596,30.037117,2,3.136036,1.649672,2.559339,2.434918,0.382859,2.665213,110.728119,1.553702,1.942788,0.699175,3.430801
1776192596.101078,227.778946,529.746155,762.566833,757.525085,78.681625,30.068832,2,3.412383,1.647978,1.301377,2.60217,0.375375,2.662518,100.410133,1.553702,1.942788,0.699175,3.430801
1776192596.891412,215.945847,560.48584,790.29657,776.431702,75.920868,27.812599,2,3.388241,1.778125,0.879705,2.677716,0.383979,2.87669,109.754478,1.553702,1.942788,0.699175,3.430801
1776192597.66914,213.794373,561.376892,777.692139,775.171265,77.151352,27.580276,2,3.486565,1.792735,0.615432,2.711474,0.383277,2.901632,105.260483,1.553702,1.942788,0.699175,3.430801
1776192598.44688,210.567169,563.343628,777.692139,773.910828,77.151352,27.208195,2,3.526518,1.816654,0.487917,2.742545,0.382528,2.942856,130.617645,1.553702,1.942788,0.699175,3.430801
1776192599.213265,213.794373,556.335144,766.348145,770.129517,78.293396,27.760834,2,3.587409,1.781359,0.904354,2.749205,0.380845,2.882196,102.173943,1.553702,1.942788,0.699175,3.430801
1776192599.984691,212.718643,557.410889,771.389954,770.129517,77.78167,27.621153,2,3.597716,1.790147,1.334193,2.775242,0.380798,2.8972,103.817787,1.553702,1.942788,0.699175,3.430801
1776192600.752337,210.567169,554.520508,767.608582,765.087708,78.164841,27.521965,2,3.580485,1.796441,0.599729,2.748411,0.378271,2.907987,99.204979,1.553702,1.942788,0.699175,3.430801
1776192601.528804,210.567169,565.864502,776.431702,776.431702,77.276596,27.119858,2,3.722399,1.822429,1.85242,2.890188,0.383744,2.952882,141.288483,1.553702,1.942788,0.699175,3.430801
1776192602.305284,214.870117,566.603333,776.431702,781.47345,77.276596,27.49551,2,3.697348,1.798127,0.494079,2.870738,0.386364,2.910883,108.347176,1.553702,1.942788,0.699175,3.430801
1776192603.077971,214.870117,557.780273,772.650391,772.650391,77.654785,27.809488,2,3.598448,1.778319,0.606597,2.780342,0.382108,2.87702,128.178497,1.553702,1.942788,0.699175,3.430801
1776192603.846876,215.945847,554.183655,768.86908,770.129517,78.03669,28.040197,2,3.646735,1.764046,-0.042486,2.803862,0.380938,2.852829,116.093384,1.553702,1.942788,0.699175,3.430801
1776192604.572927,209.491425,508.95993,726.014038,718.451355,82.643028,29.158747,2,3.515573,1.698051,-2.661907,2.552355,0.355727,2.743216,142.169785,1.553702,1.942788,0.699175,3.430801
1776192605.33427,205.188492,551.076172,761.306396,756.264648,78.811897,27.131838,2,3.28097,1.821644,-0.280848,2.497824,0.37378,2.951517,106.41671,1.553702,1.942788,0.699175,3.430801
1776192606.123342,215.945847,585.694641,789.036072,801.640503,76.042152,26.937992,2,3.620766,1.834438,0.415083,2.856915,0.396139,2.973822,118.773491,1.553702,1.942788,0.699175,3.430801
1776192606.883425,231.006149,546.685974,760.045959,777.692139,78.942596,29.704062,2,3.270604,1.667679,0.066542,2.485809,0.385244,2.694015,97.791817,1.553702,1.942788,0.699175,3.430801
1776192607.664946,248.217926,553.422607,781.47345,801.640503,76.778038,30.963745,2,2.971834,1.60161,-0.57623,2.322409,0.397548,2.589691,91.471573,1.553702,1.942788,0.699175,3.430801
1776192608.455279,212.718643,535.983398,790.29657,748.702026,75.920868,28.411657,2,2.578621,1.741554,-2.231882,2.037875,0.370461,2.815054,83.292053,1.553702,1.942788,0.699175,3.430801
1776192609.253175,294.474579,599.178101,797.859192,893.65271,75.201241,32.951794,2,2.568464,1.507616,-0.578012,2.049273,0.443955,2.447664,57.240822,1.553702,1.942788,0.699175,3.430801
1776192610.062427,251.445145,507.340393,809.203125,758.785522,74.147018,33.137844,2,2.529383,1.499396,-0.306648,2.046785,0.377016,2.435602,78.809006,1.553702,1.942788,0.699175,3.430801
1776192610.841416,239.61203,525.475708,778.952576,765.087708,77.026512,31.318245,2,2.982717,1.583975,-0.111496,2.323395,0.37954,2.562472,99.500175,1.553702,1.942788,0.699175,3.430801
1776192611.625446,218.097321,540.688232,783.994324,758.785522,76.531166,28.742949,2,3.194297,1.721984,0.326732,2.504311,0.37556,2.782538,96.796227,1.553702,1.942788,0.699175,3.430801
1776192612.396872,218.097321,553.292603,771.389954,771.389954,77.78167,28.273291,2,3.285223,1.749863,0.130801,2.534188,0.38164,2.828959,104.904907,1.553702,1.942788,0.699175,3.430801
1776192613.167039,208.415695,550.369812,770.129517,758.785522,77.908974,27.467009,2,3.323149,1.799948,-1.242871,2.559255,0.375137,2.914012,99.507141,1.553702,1.942788,0.699175,3.430801
1776192613.929654,212.718643,554.889954,762.566833,767.608582,78.681625,27.711863,2,3.618623,1.78443,0.573595,2.759442,0.379581,2.887431,123.007271,1.553702,1.942788,0.699175,3.430801
1776192614.690996,211.642914,548.403076,761.306396,760.045959,78.811897,27.846067,2,3.668148,1.77604,-0.316448,2.792585,0.375886,2.873146,117.600189,1.553702,1.942788,0.699175,3.430801
1776192615.451079,217.021576,549.326538,760.045959,766.348145,78.942596,28.318926,2,3.713381,1.747114,0.425774,2.82234,0.379161,2.824352,132.962265,1.553702,1.942788,0.699175,3.430801
1776192616.20864,228.854675,542.535278,757.525085,771.389954,79.205299,29.667833,2,3.712545,1.669662,1.215439,2.812346,0.38211,2.697203,122.655373,1.553702,1.942788,0.699175,3.430801
1776192616.983848,227.778946,546.131897,775.171265,773.910828,77.402252,29.432196,2,3.497185,1.68268,0.387538,2.710917,0.383279,2.718218,133.11908,1.553702,1.942788,0.699175,3.430801
1776192617.751493,219.17305,538.352051,767.608582,757.525085,78.164841,28.932777,2,3.190143,1.710972,-1.155003,2.448781,0.374999,2.764385,106.089951,1.553702,1.942788,0.699175,3.430801
1776192618.515368,220.248795,544.838928,763.827271,765.087708,78.551788,28.787392,2,3.254741,1.719393,-0.497308,2.48606,0.378694,2.778258,110.308014,1.553702,1.942788,0.699175,3.430801
1776192619.281753,218.097321,545.72998,766.348145,763.827271,78.293396,28.553226,2,3.287386,1.733135,-0.556666,2.519282,0.377992,2.801027,105.124832,1.553702,1.942788,0.699175,3.430801
1776192620.043096,219.17305,543.393799,761.306396,762.566833,78.811897,28.741488,2,3.501199,1.722069,-0.313033,2.665486,0.377431,2.78268,127.813873,1.553702,1.942788,0.699175,3.430801
1776192620.803179,224.551743,541.796387,760.045959,766.348145,78.942596,29.301531,2,3.354033,1.689989,-0.681249,2.549219,0.37949,2.73008,116.742142,1.553702,1.942788,0.699175,3.430801
1776192621.567042,226.703217,539.644897,763.827271,766.348145,78.551788,29.582273,2,3.201459,1.674365,0.640675,2.445362,0.379584,2.704779,109.71244,1.553702,1.942788,0.699175,3.430801
1776192622.335947,214.870117,540.134094,768.86908,755.004211,78.03669,28.459459,2,3.380173,1.738702,0.232627,2.59891,0.373595,2.810296,105.183189,1.553702,1.942788,0.699175,3.430801
1776192623.116209,214.870117,565.342896,780.213013,780.213013,76.902077,27.53993,2,3.511505,1.795297,0.032278,2.739722,0.385756,2.906025,98.545601,1.553702,1.942788,0.699175,3.430801
1776192623.898979,217.021576,568.233154,782.733887,785.254761,76.654404,27.637091,2,3.606984,1.78914,-0.923991,2.823308,0.388282,2.895477,106.309097,1.553702,1.942788,0.699175,3.430801
1776192624.677969,204.112747,559.714539,778.952576,763.827271,77.026512,26.722368,2,3.487032,1.848888,-0.812179,2.716233,0.377382,2.99918,104.117188,1.553702,1.942788,0.699175,3.430801
1776192625.451915,213.794373,571.460388,773.910828,785.254761,77.528313,27.226118,2,3.793552,1.815487,0.406099,2.935871,0.388141,2.940833,110.37542,1.553702,1.942788,0.699175,3.430801
1776192626.215779,214.870117,550.21759,763.827271,765.087708,78.551788,28.084377,2,3.812888,1.76134,-0.01134,2.912388,0.378459,2.84826,141.491516,1.553702,1.942788,0.699175,3.430801
1776192626.988478,212.718643,557.410889,772.650391,770.129517,77.654785,27.621153,2,3.982874,1.790147,-0.998273,3.077369,0.380798,2.8972,133.988129,1.553702,1.942788,0.699175,3.430801
1776192627.7473,226.703217,548.468018,758.785522,775.171265,79.07373,29.245564,2,3.731511,1.69314,-0.667996,2.831417,0.38384,2.735207,127.185974,1.553702,1.942788,0.699175,3.430801
1776192628.562841,200.885559,584.369202,815.505371,785.254761,73.574013,25.582214,2,4.030628,1.929344,-10.662422,3.286999,0.387577,3.143615,147.611877,1.553702,1.942788,0.699175,3.430801
1776192629.276288,196.582611,511.785248,713.409607,708.367859,84.103157,27.751488,2,4.710408,1.781944,0.642642,3.36045,0.350299,2.883193,185.466492,1.553702,1.942788,0.699175,3.430801
1776192630.052755,191.203918,578.925598,776.431702,770.129517,77.276596,24.827501,2,4.457323,1.986666,0.021958,3.460807,0.379858,3.249875,168.485489,1.553702,1.942788,0.699175,3.430801
1776192630.798973,203.037018,557.008911,746.181152,760.045959,80.409431,26.713783,2,4.429945,1.849468,2.495526,3.305542,0.375511,3.000202,197.550278,1.553702,1.942788,0.699175,3.430801
1776192631.569139,200.885559,566.723022,770.129517,767.608582,77.908974,26.170311,2,4.347486,1.886969,1.316449,3.348127,0.379065,3.066858,198.203873,1.553702,1.942788,0.699175,3.430801
1776192632.333014,199.809814,562.757019,763.827271,762.566833,78.551788,26.202271,2,4.32177,1.884721,-0.478041,3.301086,0.376586,3.062828,149.034637,1.553702,1.942788,0.699175,3.430801
1776192633.070409,206.264236,538.656433,737.357971,744.920654,81.371605,27.689425,2,4.108426,1.78584,1.319418,3.029381,0.368355,2.889839,159.896561,1.553702,1.942788,0.699175,3.430801
1776192633.845616,210.567169,569.645874,775.171265,780.213013,77.402252,26.98842,2,4.222904,1.831092,1.012157,3.273474,0.385568,2.967975,181.34639,1.553702,1.942788,0.699175,3.430801
1776192634.588053,209.491425,531.647827,742.39978,741.139282,80.818993,28.266134,2,4.08861,1.750295,1.325878,3.035383,0.366672,2.829683,169.121658,1.553702,1.942788,0.699175,3.430801
1776192635.367042,206.264236,568.907043,778.952576,775.171265,77.026512,26.60886,2,4.015182,1.856589,1.1935,3.127637,0.382948,3.012766,144.066727,1.553702,1.942788,0.699175,3.430801
1776192636.142249,208.415695,569.276428,775.171265,777.692139,77.402252,26.799255,2,4.010814,1.843709,0.828143,3.109068,0.384258,2.990071,143.439697,1.553702,1.942788,0.699175,3.430801
1776192636.907386,214.870117,557.780273,765.087708,772.650391,78.422379,27.809488,2,4.01353,1.778319,3.141119,3.070702,0.382108,2.87702,170.483292,1.553702,1.942788,0.699175,3.430801
1776192637.67503,199.809814,550.152649,767.608582,749.962463,78.164841,26.642641,2,4.028216,1.85429,0.711504,3.092093,0.370505,3.008706,131.397919,1.553702,1.942788,0.699175,3.430801
1776192638.443935,197.65834,568.689819,768.86908,766.348145,78.03669,25.792238,2,4.206103,1.913989,0.737119,3.233943,0.378316,3.115625,159.855515,1.553702,1.942788,0.699175,3.430801
1776192639.204018,204.112747,563.49585,760.045959,767.608582,78.942596,26.590733,2,4.164153,1.857825,1.654001,3.164948,0.379206,3.014952,181.998123,1.553702,1.942788,0.699175,3.430801
1776192639.970403,194.431122,560.57312,766.348145,755.004211,78.293396,25.752323,2,4.040672,1.916888,-0.845515,3.096562,0.372703,3.120894,141.439926,1.553702,1.942788,0.699175,3.430801
1776192640.738048,201.961288,574.470398,767.608582,776.431702,78.164841,26.011471,2,4.054199,1.898226,-0.935165,3.112038,0.383368,3.087098,136.400909,1.553702,1.942788,0.699175,3.430801
1776192641.506965,205.188492,567.461914,768.86908,772.650391,78.03669,26.556448,2,3.942765,1.860167,-0.011451,3.03147,0.381685,3.019096,120.464417,1.553702,1.942788,0.699175,3.430801
1776192642.265787,204.112747,553.412354,758.785522,757.525085,79.07373,26.944685,2,3.925716,1.833994,0.272051,2.978776,0.374341,2.973044,156.104462,1.553702,1.942788,0.699175,3.430801
1776192643.02713,211.642914,558.486572,761.306396,770.129517,78.811897,27.48147,2,4.01542,1.799024,0.556111,3.056965,0.380751,2.912423,121.613762,1.553702,1.942788,0.699175,3.430801
1776192643.794775,201.961288,554.303345,767.608582,756.264648,78.164841,26.705107,2,3.941298,1.850055,0.45666,3.025374,0.37364,3.001235,153.506836,1.553702,1.942788,0.699175,3.430801
1776192644.544774,215.945847,550.402283,749.962463,766.348145,80.004005,28.178558,2,4.077007,1.755599,1.093715,3.057602,0.379114,2.838592,159.137222,1.553702,1.942788,0.699175,3.430801
1776192645.319981,207.339966,557.747742,775.171265,765.087708,77.402252,27.100159,2,3.974785,1.823722,-0.021883,3.081139,0.378131,2.955131,137.99852,1.553702,1.942788,0.699175,3.430801
1776192646.081324,207.339966,553.966431,761.306396,761.306396,78.811897,27.23476,2,3.969227,1.814925,-0.007294,3.021798,0.376306,2.939859,134.434311,1.553702,1.942788,0.699175,3.430801
1776192646.864107,209.491425,575.763306,782.733887,785.254761,76.654404,26.678148,2,4.014357,1.85188,0.613056,3.142173,0.387953,3.004453,170.266693,1.553702,1.942788,0.699175,3.430801
1776192647.622928,212.718643,549.848206,758.785522,762.566833,79.07373,27.895081,2,4.040116,1.772996,0.656006,3.065582,0.377149,2.867978,149.899063,1.553702,1.942788,0.699175,3.430801
1776192648.388053,209.491425,551.814941,765.087708,761.306396,78.422379,27.517361,2,3.91679,1.796734,0.730437,2.996688,0.3764,2.90849,135.726578,1.553702,1.942788,0.699175,3.430801
1776192649.153177,209.491425,555.596313,765.087708,765.087708,78.422379,27.381361,2,3.967219,1.805441,0.571888,3.03527,0.378224,2.92347,136.56311,1.553702,1.942788,0.699175,3.430801
1776192649.905696,212.718643,543.546021,752.483337,756.264648,79.735985,28.127539,2,4.077502,1.758704,1.484724,3.068252,0.374109,2.843818,153.530258,1.553702,1.942788,0.699175,3.430801
1776192650.679644,201.961288,559.345093,773.910828,761.306396,77.528313,26.528254,2,4.088663,1.862098,0.451945,3.164261,0.376072,3.022516,160.595718,1.553702,1.942788,0.699175,3.430801
1776192651.453603,195.506866,570.841309,773.910828,766.348145,77.528313,25.511494,2,4.032106,1.934572,-1.212876,3.120491,0.378222,3.15319,138.210342,1.553702,1.942788,0.699175,3.430801
1776192652.236373,200.885559,588.150513,782.733887,789.036072,76.654404,25.459618,2,4.238947,1.938424,-0.232552,3.317968,0.389401,3.160262,144.795563,1.553702,1.942788,0.699175,3.430801
1776192653.002758,198.73407,565.093201,766.348145,763.827271,78.293396,26.018196,2,4.248083,1.897746,1.810806,3.25551,0.377147,3.086234,163.114456,1.553702,1.942788,0.699175,3.430801
1776192653.767881,198.73407,566.353638,765.087708,765.087708,78.422379,25.975332,2,4.399437,1.900806,0.086291,3.365956,0.377755,3.091753,171.511276,1.553702,1.942788,0.699175,3.430801
1776192654.559475,192.279648,591.714661,791.557007,783.994324,75.799973,24.525642,2,4.317164,2.01058,-0.751781,3.417281,0.386594,3.295031,132.060867,1.553702,1.942788,0.699175,3.430801
1776192655.330914,191.203918,578.925598,771.389954,770.129517,77.78167,24.827501,2,4.285285,1.986666,-0.003842,3.305626,0.379858,3.249875,142.739227,1.553702,1.942788,0.699175,3.430801
1776192656.098558,196.582611,577.328247,767.608582,773.910828,78.164841,25.401196,2,4.322755,1.942782,-0.133064,3.318184,0.381917,3.168276,138.720245,1.553702,1.942788,0.699175,3.430801
1776192656.872506,192.279648,576.589417,773.910828,768.86908,77.528313,25.008112,2,4.304619,1.972633,-0.838424,3.331391,0.379297,3.223603,145.707794,1.553702,1.942788,0.699175,3.430801
1776192657.650234,193.355392,585.597168,777.692139,778.952576,77.151352,24.822485,2,4.397858,1.987058,-0.262881,3.42018,0.384208,3.250612,150.496063,1.553702,1.942788,0.699175,3.430801
1776192658.431744,190.128174,587.563965,781.47345,777.692139,76.778038,24.447742,2,4.460534,2.016847,1.797664,3.485789,0.38346,3.306945,183.220215,1.553702,1.942788,0.699175,3.430801
1776192659.204443,195.506866,583.445679,772.650391,778.952576,77.654785,25.098688,2,4.415588,1.965672,0.454099,3.411706,0.384302,3.210634,146.954208,1.553702,1.942788,0.699175,3.430801
1776192659.984692,193.355392,584.336731,780.213013,777.692139,76.902077,24.862717,2,4.385021,1.983914,0.469801,3.421251,0.3836,3.244709,165.318359,1.553702,1.942788,0.699175,3.430801
1776192660.757379,195.506866,579.664429,772.650391,775.171265,77.654785,25.221119,2,4.449497,1.956342,-0.215327,3.437906,0.382478,3.193314,145.782928,1.553702,1.942788,0.699175,3.430801
1776192661.532586,189.052444,578.556152,775.171265,767.608582,77.402252,24.628756,2,4.387103,2.002345,-0.674047,3.400756,0.378548,3.279426,152.364899,1.553702,1.942788,0.699175,3.430801
1776192662.304013,196.582611,583.630371,771.389954,780.213013,77.78167,25.196018,2,4.459414,1.958247,0.939806,3.439948,0.384957,3.196845,177.385757,1.553702,1.942788,0.699175,3.430801
1776192663.062847,189.052444,560.910034,758.785522,749.962463,79.07373,25.208256,2,4.523228,1.957318,0.029828,3.43216,0.370036,3.195122,184.696198,1.553702,1.942788,0.699175,3.430801
1776192663.840575,197.65834,590.11731,777.692139,787.775635,77.151352,25.090689,2,4.142136,1.966285,-2.025817,3.221307,0.388653,3.211774,126.438705,1.553702,1.942788,0.699175,3.430801
1776192664.613263,197.65834,574.992065,772.650391,772.650391,77.654785,25.58186,2,4.115521,1.92937,0.084101,3.179859,0.381356,3.143663,161.316391,1.553702,1.942788,0.699175,3.430801
1776192665.365782,204.112747,555.933228,752.483337,760.045959,79.735985,26.855316,2,4.216822,1.839951,1.001615,3.173088,0.375558,2.983476,180.010651,1.553702,1.942788,0.699175,3.430801
1776192666.166198,199.809814,595.528503,800.380066,795.338318,74.964386,25.12262,2,4.098607,1.963841,-0.096647,3.280443,0.392395,3.207229,142.26445,1.553702,1.942788,0.699175,3.430801
1776192666.935116,193.355392,567.950989,768.86908,761.306396,78.03669,25.39784,2,4.239962,1.943033,-1.06565,3.259976,0.375696,3.168737,153.209702,1.553702,1.942788,0.699175,3.430801
1776192667.705282,200.885559,578.067017,770.129517,778.952576,77.908974,25.789188,2,4.290128,1.91421,-0.594457,3.303954,0.384537,3.116027,151.917374,1.553702,1.942788,0.699175,3.430801
1776192668.467885,201.961288,561.865967,762.566833,763.827271,78.681625,26.440701,2,4.150229,1.868119,0.167106,3.164827,0.377288,3.033203,191.163666,1.553702,1.942788,0.699175,3.430801
1776192669.244353,201.961288,574.470398,776.431702,776.431702,77.276596,26.011471,2,4.011289,1.898226,-1.068879,3.114492,0.383368,3.087098,142.830307,1.553702,1.942788,0.699175,3.430801
1776192670.0183,206.264236,572.688354,773.910828,778.952576,77.528313,26.479691,2,4.101369,1.865433,-0.182251,3.174094,0.384772,3.028431,145.773209,1.553702,1.942788,0.699175,3.430801
1776192670.785945,203.037018,560.790283,767.608582,763.827271,78.164841,26.581535,2,4.052982,1.858453,-1.46876,3.111104,0.377335,3.016062,146.00145,1.553702,1.942788,0.699175,3.430801
1776192671.554863,203.037018,565.832031,768.86908,768.86908,78.03669,26.40723,2,4.091914,1.870432,0.06877,3.146146,0.379767,3.037316,176.632553,1.553702,1.942788,0.699175,3.430801
1776192672.342674,203.037018,584.738647,787.775635,787.775635,76.163818,25.773457,2,4.119877,1.915352,0.208126,3.245539,0.388887,3.118101,147.876694,1.553702,1.942788,0.699175,3.430801
1776192673.121664,200.885559,575.546143,778.952576,776.431702,77.026512,25.872921,2,4.104498,1.908157,2.695392,3.197209,0.383321,3.105046,135.643402,1.553702,1.942788,0.699175,3.430801
1776192673.913257,190.128174,588.824402,791.557007,778.952576,75.799973,24.408184,2,4.230676,2.020045,-1.709944,3.348821,0.384068,3.313038,139.045044,1.553702,1.942788,0.699175,3.430801
1776192674.680914,194.431122,578.219238,767.608582,772.650391,78.164841,25.164179,2,4.358149,1.96067,-1.26507,3.345352,0.381215,3.201339,151.450943,1.553702,1.942788,0.699175,3.430801
1776192675.45234,195.506866,577.143555,771.389954,772.650391,77.78167,25.303406,2,4.423015,1.950122,-0.759576,3.411869,0.381262,3.181809,151.990494,1.553702,1.942788,0.699175,3.430801
1776192676.219985,196.582611,572.286499,767.608582,768.86908,78.164841,25.56776,2,4.490011,1.93041,0.621446,3.446571,0.379485,3.145566,180.386139,1.553702,1.942788,0.699175,3.430801
1776192676.997714,191.203918,580.186035,777.692139,771.389954,77.151352,24.786934,2,4.542127,1.989846,0.21221,3.532376,0.380466,3.255851,207.808792,1.553702,1.942788,0.699175,3.430801
1776192677.776703,194.431122,588.302734,778.952576,782.733887,77.026512,24.840004,2,4.465347,1.985688,0.098022,3.478293,0.386079,3.248038,182.353958,1.553702,1.942788,0.699175,3.430801
1776192678.54562,195.506866,574.622681,768.86908,770.129517,78.03669,25.386232,2,4.483744,1.943902,1.521735,3.447412,0.380046,3.170337,185.626358,1.553702,1.942788,0.699175,3.430801
1776192679.319568,194.431122,578.219238,773.910828,772.650391,77.528313,25.164179,2,4.499515,1.96067,1.62215,3.482223,0.381215,3.201339,202.737991,1.553702,1.942788,0.699175,3.430801
1776192680.08091,197.65834,567.429382,761.306396,765.087708,78.811897,25.83473,2,4.438127,1.910913,0.462117,3.378774,0.377708,3.110042,178.897598,1.553702,1.942788,0.699175,3.430801
1776192680.835951,204.112747,558.454102,755.004211,762.566833,79.469757,26.766539,2,4.359828,1.845909,0.867344,3.291688,0.376774,2.993937,163.733292,1.553702,1.942788,0.699175,3.430801
1776192681.622502,186.900986,579.447144,786.515198,766.348145,76.285873,24.388521,2,4.218442,2.021639,-0.454394,3.317869,0.377846,3.316077,140.265778,1.553702,1.942788,0.699175,3.430801
1776192682.393929,195.506866,585.966553,771.389954,781.47345,77.78167,25.017723,2,4.250689,1.971892,-0.167588,3.278939,0.385518,3.222221,147.386627,1.553702,1.942788,0.699175,3.430801
1776192683.166628,192.279648,576.589417,772.650391,768.86908,77.654785,25.008112,2,4.2523,1.972633,-0.553288,3.285541,0.379297,3.223603,141.700211,1.553702,1.942788,0.699175,3.430801
1776192683.944356,191.203918,585.227783,777.692139,776.431702,77.151352,24.62598,2,4.174006,2.002566,-0.454543,3.246091,0.382898,3.279844,139.926697,1.553702,1.942788,0.699175,3.430801
1776192684.720825,193.355392,585.597168,776.431702,778.952576,77.276596,24.822485,2,4.31903,1.987058,0.632879,3.353432,0.384208,3.250612,187.085693,1.553702,1.942788,0.699175,3.430801
1776192685.49225,199.809814,579.142761,771.389954,778.952576,77.78167,25.651089,2,4.285677,1.924281,0.634476,3.305928,0.38449,3.134364,163.354019,1.553702,1.942788,0.699175,3.430801
1776192686.27502,192.279648,581.631165,782.733887,773.910828,76.654404,24.845196,2,4.163189,1.985282,0.291355,3.258669,0.381729,3.247276,207.156448,1.553702,1.942788,0.699175,3.430801
1776192687.04898,196.582611,582.369995,773.910828,778.952576,77.528313,25.236788,2,4.265522,1.955154,0.198549,3.301134,0.384349,3.191115,174.246536,1.553702,1.942788,0.699175,3.430801
1776192687.826708,194.431122,580.740112,777.692139,775.171265,77.151352,25.082344,2,4.333089,1.966924,0.894777,3.36981,0.382431,3.212964,166.108383,1.553702,1.942788,0.699175,3.430801
1776192688.600655,194.431122,579.479736,773.910828,773.910828,77.528313,25.123194,2,4.4216,1.963797,1.245285,3.421924,0.381823,3.207147,191.489288,1.553702,1.942788,0.699175,3.430801
1776192689.375863,190.128174,580.001343,775.171265,770.129517,77.402252,24.687819,2,4.437394,1.997659,-0.93316,3.43974,0.379811,3.270573,152.222366,1.553702,1.942788,0.699175,3.430801
1776192690.144768,189.052444,578.556152,768.86908,767.608582,78.03669,24.628756,2,4.599888,2.002345,0.182995,3.536712,0.378548,3.279426,192.595718,1.553702,1.942788,0.699175,3.430801
1776192690.909905,199.809814,577.882324,765.087708,777.692139,78.422379,25.692663,2,4.716166,1.921238,0.60088,3.608281,0.383882,3.128814,195.974228,1.553702,1.942788,0.699175,3.430801
1776192691.651081,196.582611,540.775391,741.139282,737.357971,80.956444,26.660404,2,4.703813,1.853084,0.176164,3.486181,0.364284,3.006576,176.980881,1.553702,1.942788,0.699175,3.430801
1776192692.398558,189.052444,549.565979,747.441589,738.618408,80.273834,25.595415,2,4.631444,1.928372,0.124156,3.461734,0.364563,3.141836,176.493301,1.553702,1.942788,0.699175,3.430801
1776192693.168725,198.73407,582.73938,770.129517,781.47345,77.908974,25.430689,2,4.652808,1.94058,1.330592,3.583265,0.385659,3.164223,172.515274,1.553702,1.942788,0.699175,3.430801
1776192693.945192,198.73407,577.697632,776.431702,776.431702,77.276596,25.595819,2,4.482431,1.928342,1.308913,3.480302,0.383227,3.141782,168.976685,1.553702,1.942788,0.699175,3.430801
1776192694.716619,198.73407,572.655884,771.389954,771.389954,77.78167,25.763113,2,4.258809,1.916104,0.821646,3.285202,0.380795,3.119467,177.617828,1.553702,1.942788,0.699175,3.430801
1776192695.483016,192.279648,566.505859,766.348145,758.785522,78.293396,25.340446,2,4.319398,1.947335,0.256163,3.310163,0.374433,3.176665,157.086227,1.553702,1.942788,0.699175,3.430801
1776192696.272088,192.279648,596.756409,789.036072,789.036072,76.042152,24.368931,2,4.42036,2.023229,-0.339761,3.487823,0.389026,3.319111,151.489716,1.553702,1.942788,0.699175,3.430801
1776192697.05864,193.355392,594.420227,786.515198,787.775635,76.285873,24.544474,2,4.456833,2.009071,0.358694,3.505367,0.388465,3.292166,172.762466,1.553702,1.942788,0.699175,3.430801
1776192697.825024,198.73407,573.916321,766.348145,772.650391,78.293396,25.721085,2,4.572286,1.919163,2.831074,3.503963,0.381403,3.125034,180.973572,1.553702,1.942788,0.699175,3.430801
1776192698.617878,189.052444,592.421021,792.817444,781.47345,75.679466,24.191793,2,4.504755,2.037724,-0.802787,3.571448,0.385237,3.346873,152.708374,1.553702,1.942788,0.699175,3.430801
1776192699.393098,189.052444,586.118835,775.171265,775.171265,77.402252,24.388474,2,4.587186,2.021643,0.399083,3.555855,0.382197,3.316084,175.579239,1.553702,1.942788,0.699175,3.430801
1776192700.164524,186.900986,581.968079,771.389954,768.86908,77.78167,24.308558,2,4.50693,2.028146,-0.438617,3.4766,0.379062,3.328508,150.023163,1.553702,1.942788,0.699175,3.430801
1776192700.93469,187.976715,583.413208,770.129517,771.389954,77.908974,24.368572,2,4.556629,2.023258,-1.039887,3.509194,0.380325,3.319167,154.540558,1.553702,1.942788,0.699175,3.430801
1776192701.712418,191.203918,590.269531,777.692139,781.47345,77.151352,24.467104,2,4.435678,2.015286,-0.973029,3.449592,0.385331,3.303974,139.221085,1.553702,1.942788,0.699175,3.430801
1776192702.488886,184.749496,584.119568,776.431702,768.86908,77.276596,24.028734,2,4.277621,2.051255,-1.57144,3.321281,0.378968,3.372952,128.027512,1.553702,1.942788,0.699175,3.430801
1776192703.267888,190.128174,595.126587,778.952576,785.254761,77.026512,24.212292,2,4.493481,2.036036,-0.328661,3.500208,0.387108,3.343631,151.55455,1.553702,1.942788,0.699175,3.430801
1776192704.036793,195.506866,579.664429,768.86908,775.171265,78.03669,25.221119,2,4.43235,1.956342,0.510561,3.407897,0.382478,3.193314,152.245438,1.553702,1.942788,0.699175,3.430801
1776192704.81074,194.431122,578.219238,773.910828,772.650391,77.528313,25.164179,2,4.282444,1.96067,0.111609,3.31423,0.381215,3.201339,158.082443,1.553702,1.942788,0.699175,3.430801
1776192705.588469,194.431122,583.260986,777.692139,777.692139,77.151352,25.00104,2,4.218693,1.973179,0.576045,3.280844,0.383647,3.224622,152.070374,1.553702,1.942788,0.699175,3.430801
1776192706.362415,196.582611,579.849121,773.910828,776.431702,77.528313,25.318727,2,4.26486,1.948968,0.730956,3.300621,0.383133,3.179679,173.109009,1.553702,1.942788,0.699175,3.430801
1776192707.146459,191.203918,586.48822,783.994324,777.692139,76.531166,24.586067,2,4.373122,2.005746,-2.007293,3.428503,0.383506,3.285863,152.865265,1.553702,1.942788,0.699175,3.430801
1776192707.922927,195.506866,585.966553,776.431702,781.47345,77.276596,25.017723,2,4.320674,1.971892,0.353052,3.354708,0.385518,3.222221,146.91037,1.553702,1.942788,0.699175,3.430801
1776192708.703176,195.506866,584.706177,780.213013,780.213013,76.902077,25.058138,2,4.340526,1.968782,0.465792,3.386535,0.38491,3.216423,172.183273,1.553702,1.942788,0.699175,3.430801
1776192709.469561,194.431122,570.656616,766.348145,765.087708,78.293396,25.41292,2,4.472409,1.941906,1.352903,3.427422,0.377567,3.166663,176.361313,1.553702,1.942788,0.699175,3.430801
1776192710.24352,196.582611,579.849121,773.910828,776.431702,77.528313,25.318727,2,4.424246,1.948968,1.847186,3.423972,0.383133,3.179679,166.625961,1.553702,1.942788,0.699175,3.430801
1776192711.022509,194.431122,582.00061,778.952576,776.431702,77.026512,25.041624,2,4.433448,1.970052,-0.029864,3.453446,0.383039,3.218789,149.971771,1.553702,1.942788,0.699175,3.430801
1776192711.773768,196.582611,557.161133,751.2229,753.743774,79.869766,26.080826,2,4.435751,1.893294,-1.377551,3.332238,0.372189,3.078217,153.946442,1.553702,1.942788,0.699175,3.430801
1776192712.540152,194.431122,569.396118,766.348145,763.827271,78.293396,25.454855,2,4.131849,1.938779,-2.802155,3.166435,0.376959,3.160913,135.113007,1.553702,1.942788,0.699175,3.430801
1776192713.319142,203.037018,585.999023,778.952576,789.036072,77.026512,25.732285,2,4.215865,1.918347,0.350824,3.283959,0.389495,3.123548,148.394669,1.553702,1.942788,0.699175,3.430801
1776192714.103172,204.112747,581.142029,783.994324,785.254761,76.531166,25.993189,2,4.099558,1.89953,-0.819752,3.214031,0.387718,3.089451,124.898682,1.553702,1.942788,0.699175,3.430801
1776192714.887215,197.65834,578.773376,783.994324,776.431702,76.531166,25.457272,2,4.155105,1.938599,-0.661128,3.257579,0.38318,3.160582,136.284729,1.553702,1.942788,0.699175,3.430801
1776192715.671246,200.885559,586.890076,783.994324,787.775635,76.531166,25.500351,2,4.354838,1.935398,0.333154,3.414168,0.388793,3.154705,173.041489,1.553702,1.942788,0.699175,3.430801
1776192716.451495,197.65834,578.773376,780.213013,776.431702,76.902077,25.457272,2,4.535883,1.938599,-0.460631,3.538955,0.38318,3.160582,150.808746,1.553702,1.942788,0.699175,3.430801
1776192717.225443,192.279648,575.328918,773.910828,767.608582,77.528313,25.049179,2,4.471466,1.969471,-1.91883,3.460516,0.378689,3.217706,136.756683,1.553702,1.942788,0.699175,3.430801
1776192717.99436,195.506866,577.143555,768.86908,772.650391,78.03669,25.303406,2,4.420619,1.950122,-0.075599,3.398877,0.381262,3.181809,149.15094,1.553702,1.942788,0.699175,3.430801
1776192718.774609,193.355392,584.336731,780.213013,777.692139,76.902077,24.862717,2,4.36473,1.983914,0.763401,3.405419,0.3836,3.244709,171.480942,1.553702,1.942788,0.699175,3.430801
1776192719.551078,200.885559,584.369202,776.431702,785.254761,77.276596,25.582214,2,4.497925,1.929344,1.744951,3.492332,0.387577,3.143615,190.558899,1.553702,1.942788,0.699175,3.430801
1776192720.335108,192.279648,581.631165,783.994324,773.910828,76.531166,24.845196,2,4.442469,1.985282,3.072851,3.48287,0.381729,3.247276,156.54184,1.553702,1.942788,0.699175,3.430801
1776192721.112837,196.582611,586.151245,777.692139,782.733887,77.151352,25.114874,2,4.448145,1.964433,3.178278,3.459288,0.386173,3.20833,168.651581,1.553702,1.942788,0.699175,3.430801
1776192721.893098,185.825241,581.783325,780.213013,767.608582,76.902077,24.208332,2,4.460299,2.036361,0.232998,3.479984,0.378407,3.344256,221.508774,1.553702,1.942788,0.699175,3.430801
1776192722.664524,194.431122,587.042358,771.389954,781.47345,77.78167,24.880068,2,4.571432,1.982561,1.976185,3.526357,0.385471,3.242172,215.052505,1.553702,1.942788,0.699175,3.430801
1776192723.444774,193.355392,585.597168,780.213013,778.952576,76.902077,24.822485,2,4.438835,1.987058,0.957068,3.463237,0.384208,3.250612,181.71344,1.553702,1.942788,0.699175,3.430801
1776192724.223763,197.65834,586.335999,778.952576,783.994324,77.026512,25.211706,2,4.460725,1.957056,1.883565,3.474693,0.386828,3.194637,205.346939,1.553702,1.942788,0.699175,3.430801
1776192725.001503,190.128174,578.740906,777.692139,768.86908,77.151352,24.728289,2,4.572001,1.994461,0.264515,3.555609,0.379203,3.264541,201.063156,1.553702,1.942788,0.699175,3.430801
1776192725.777972,189.052444,586.118835,776.431702,775.171265,77.276596,24.388474,2,4.623,2.021643,1.798295,3.589444,0.382197,3.316084,224.906296,1.553702,1.942788,0.699175,3.430801
1776192726.5557,187.976715,588.454956,777.692139,776.431702,77.151352,24.210335,2,4.579227,2.036196,-0.148804,3.561229,0.382758,3.34394,147.020798,1.553702,1.942788,0.699175,3.430801
1776192727.334689,195.506866,592.268799,778.952576,787.775635,77.026512,24.817583,2,4.459632,1.987442,-0.416419,3.473842,0.388559,3.251333,147.974152,1.553702,1.942788,0.699175,3.430801
1776192728.107376,197.65834,577.512939,772.650391,775.171265,77.654785,25.498667,2,4.479185,1.935523,0.95046,3.460844,0.382572,3.154934,191.587814,1.553702,1.942788,0.699175,3.430801
1776192728.886376,192.279648,580.370728,778.952576,772.650391,77.026512,24.885725,2,4.452628,1.98212,-0.597501,3.468386,0.381121,3.241345,150.637405,1.553702,1.942788,0.699175,3.430801
1776192729.64898,194.431122,570.656616,762.566833,765.087708,78.681625,25.41292,2,4.434032,1.941906,0.354611,3.381246,0.377567,3.166663,182.365036,1.553702,1.942788,0.699175,3.430801
1776192730.409062,194.431122,565.614868,760.045959,760.045959,78.942596,25.581493,2,4.45897,1.929397,-0.48773,3.389022,0.375135,3.143713,143.468567,1.553702,1.942788,0.699175,3.430801
1776192731.162842,195.506866,559.497314,753.743774,755.004211,79.602646,25.894806,2,4.479332,1.906581,0.630541,3.376269,0.37275,3.102192,188.456314,1.553702,1.942788,0.699175,3.430801
1776192731.922925,194.431122,564.35437,760.045959,758.785522,78.942596,25.623989,2,4.557485,1.92627,0.564649,3.463898,0.374527,3.137995,185.940079,1.553702,1.942788,0.699175,3.430801
1776192732.700653,197.65834,583.815125,777.692139,781.47345,77.151352,25.293034,2,4.409241,1.950904,0.111163,3.429032,0.385612,3.183253,173.348312,1.553702,1.942788,0.699175,3.430801
1776192733.470832,199.809814,572.840576,770.129517,772.650391,77.908974,25.860313,2,4.135774,1.909066,-0.413115,3.185082,0.38145,3.106693,114.204407,1.553702,1.942788,0.699175,3.430801
1776192734.247299,204.112747,577.360718,776.431702,781.47345,77.276596,26.118961,2,4.2975,1.890593,0.787456,3.336715,0.385894,3.073362,162.483612,1.553702,1.942788,0.699175,3.430801
1776192735.009902,219.17305,561.039978,762.566833,780.213013,78.681625,28.091436,2,4.331275,1.760908,3.277989,3.302887,0.385944,2.847533,177.902664,1.553702,1.942788,0.699175,3.430801
1776192735.78385,214.870117,553.998962,773.910828,768.86908,77.528313,27.946255,2,4.046694,1.76983,-0.39344,3.13178,0.380283,2.86261,92.507233,1.553702,1.942788,0.699175,3.430801
1776192736.559057,228.854675,562.702332,775.171265,791.557007,77.402252,28.911963,2,3.942503,1.712173,0.924326,3.056115,0.391839,2.766359,115.533669,1.553702,1.942788,0.699175,3.430801
1776192737.362006,205.188492,569.982788,802.90094,775.171265,74.729019,26.470085,2,3.829729,1.866094,-2.988211,3.074893,0.382901,3.029605,102.710007,1.553702,1.942788,0.699175,3.430801
1776192738.142256,217.021576,577.056274,780.213013,794.077881,76.902077,27.330011,2,4.124408,1.808752,0.05522,3.217916,0.392538,2.929182,140.287491,1.553702,1.942788,0.699175,3.430801
1776192738.922505,206.264236,561.34436,780.213013,767.608582,76.902077,26.871017,2,4.08674,1.838902,-2.966717,3.188527,0.3793,2.981636,106.430969,1.553702,1.942788,0.699175,3.430801
1776192739.715359,211.642914,587.476685,792.817444,799.119629,75.679466,26.48451,2,4.109037,1.865101,2.216849,3.257716,0.394735,3.027843,136.70488,1.553702,1.942788,0.699175,3.430801
1776192740.498142,205.188492,569.982788,782.733887,775.171265,76.654404,26.470085,2,4.156921,1.866094,2.181286,3.253763,0.382901,3.029605,102.310158,1.553702,1.942788,0.699175,3.430801
1776192741.283432,207.339966,580.435669,785.254761,787.775635,76.408325,26.319674,2,4.283944,1.876508,2.561678,3.363987,0.389075,3.048144,114.895088,1.553702,1.942788,0.699175,3.430801
1776192742.054859,206.264236,563.865295,771.389954,770.129517,77.78167,26.783058,2,4.355279,1.844798,1.791985,3.359619,0.380516,2.991983,136.331635,1.553702,1.942788,0.699175,3.430801
1776192742.848973,192.279648,585.412476,794.077881,777.692139,75.559341,24.724392,2,4.207954,1.994769,-3.392547,3.341443,0.383553,3.265121,128.932159,1.553702,1.942788,0.699175,3.430801
1776192743.626702,212.718643,588.921875,777.692139,801.640503,77.151352,26.535416,2,4.247895,1.861607,1.170076,3.303555,0.395998,3.021646,125.331184,1.553702,1.942788,0.699175,3.430801
1776192744.417047,200.885559,575.546143,790.29657,776.431702,75.920868,25.872921,2,4.075599,1.908157,-2.177684,3.220932,0.383321,3.105046,121.342453,1.553702,1.942788,0.699175,3.430801
1776192745.199817,201.961288,582.03302,782.733887,783.994324,76.654404,25.760555,2,4.125347,1.916289,-0.804828,3.229049,0.387016,3.119805,126.405014,1.553702,1.942788,0.699175,3.430801
1776192745.985108,209.491425,584.586426,785.254761,794.077881,76.408325,26.381721,2,4.120517,1.872198,0.091674,3.235656,0.392209,3.04046,145.54924,1.553702,1.942788,0.699175,3.430801
1776192746.760316,205.188492,564.94104,775.171265,770.129517,77.402252,26.643375,2,4.145696,1.85424,1.458998,3.213624,0.380469,3.008617,166.244186,1.553702,1.942788,0.699175,3.430801
1776192747.545619,200.885559,579.327454,785.254761,780.213013,76.408325,25.747528,2,4.124835,1.917237,0.095609,3.239046,0.385145,3.121529,132.979477,1.553702,1.942788,0.699175,3.430801
1776192748.324608,204.112747,578.621155,778.952576,782.733887,77.026512,26.0769,2,4.18393,1.893572,1.718297,3.259083,0.386502,3.078718,152.855118,1.553702,1.942788,0.699175,3.430801
1776192749.101076,196.582611,571.026001,776.431702,767.608582,77.276596,25.609747,2,4.252741,1.927317,0.489439,3.301963,0.378877,3.139908,164.568588,1.553702,1.942788,0.699175,3.430801
1776192749.882586,201.961288,585.814331,781.47345,787.775635,76.778038,25.636906,2,4.228291,1.925321,0.585363,3.304297,0.38884,3.136263,145.880844,1.553702,1.942788,0.699175,3.430801
1776192750.660327,207.339966,576.654358,777.692139,783.994324,77.151352,26.446617,2,4.239473,1.867711,1.311289,3.297005,0.387251,3.032478,156.876343,1.553702,1.942788,0.699175,3.430801
1776192751.434273,207.339966,566.570862,773.910828,773.910828,77.528313,26.791197,2,4.093541,1.844251,0.392364,3.168036,0.382387,2.991022,146.886826,1.553702,1.942788,0.699175,3.430801
1776192752.195617,213.794373,555.074707,761.306396,768.86908,78.811897,27.806341,2,4.07685,1.778515,2.081316,3.103732,0.380237,2.877355,140.829208,1.553702,1.942788,0.699175,3.430801
1776192752.968303,211.642914,558.486572,772.650391,770.129517,77.654785,27.48147,2,4.148421,1.799024,1.775131,3.205279,0.380751,2.912423,149.367172,1.553702,1.942788,0.699175,3.430801
1776192753.729645,223.475998,551.695251,761.306396,775.171265,78.811897,28.829241,2,4.136508,1.71696,1.171115,3.14915,0.383699,2.774244,133.257584,1.553702,1.942788,0.699175,3.430801
1776192754.479645,209.491425,524.085205,749.962463,733.57666,80.004005,28.557535,2,4.186989,1.73288,2.745099,3.140085,0.363024,2.800604,169.595169,1.553702,1.942788,0.699175,3.430801
1776192755.266208,206.264236,576.469666,786.515198,782.733887,76.285873,26.35177,2,4.008204,1.874276,1.082319,3.152513,0.386596,3.044162,147.997528,1.553702,1.942788,0.699175,3.430801
1776192756.041417,205.188492,568.722351,775.171265,773.910828,77.402252,26.513195,2,4.227079,1.863131,1.696581,3.27671,0.382293,3.024347,161.38475,1.553702,1.942788,0.699175,3.430801
1776192756.830489,197.65834,582.554688,789.036072,780.213013,76.042152,25.333893,2,4.278905,1.947827,1.741127,3.376211,0.385004,3.177573,176.32811,1.553702,1.942788,0.699175,3.430801
1776192757.614519,187.976715,584.673706,783.994324,772.650391,76.531166,24.328819,2,4.301328,2.026493,-0.642641,3.372217,0.380933,3.325347,145.580765,1.553702,1.942788,0.699175,3.430801
1776192758.390988,184.749496,587.900879,776.431702,772.650391,77.276596,23.911139,2,4.287696,2.061129,-1.222565,3.329103,0.380792,3.392078,142.448868,1.553702,1.942788,0.699175,3.430801
1776192759.157384,206.264236,585.292786,766.348145,791.557007,78.293396,26.058039,2,4.402483,1.894911,3.191494,3.373835,0.390852,3.081127,190.542831,1.553702,1.942788,0.699175,3.430801
1776192759.942675,201.961288,578.251709,785.254761,780.213013,76.408325,25.885403,2,4.276328,1.907258,1.851455,3.358006,0.385192,3.103417,185.643265,1.553702,1.942788,0.699175,3.430801
1776192760.720404,197.65834,574.992065,777.692139,772.650391,77.151352,25.58186,2,4.276769,1.92937,1.00284,3.32601,0.381356,3.143663,174.914917,1.553702,1.942788,0.699175,3.430801
1776192761.499392,193.355392,580.55542,778.952576,773.910828,77.026512,24.984196,2,4.299837,1.97448,-0.481605,3.349369,0.381776,3.227051,149.039948,1.553702,1.942788,0.699175,3.430801
1776192762.263257,198.73407,571.395447,763.827271,770.129517,78.551788,25.805279,2,4.267016,1.913044,1.192163,3.259264,0.380187,3.113909,161.013809,1.553702,1.942788,0.699175,3.430801
1776192763.04856,192.279648,585.412476,785.254761,777.692139,76.408325,24.724392,2,4.257793,1.994769,-0.509818,3.343452,0.383553,3.265121,139.68364,1.553702,1.942788,0.699175,3.430801
1776192763.827548,189.052444,586.118835,778.952576,775.171265,77.026512,24.388474,2,4.381905,2.021643,0.104444,3.413296,0.382197,3.316084,194.361588,1.553702,1.942788,0.699175,3.430801
1776192764.566204,217.021576,554.368408,738.618408,771.389954,81.232742,28.133833,2,4.553282,1.75832,3.604108,3.363138,0.381593,2.843172,150.290329,1.553702,1.942788,0.699175,3.430801
1776192765.375443,195.506866,588.487427,809.203125,783.994324,74.147018,24.937281,2,4.44226,1.978112,0.720636,3.59469,0.386735,3.233841,189.734039,1.553702,1.942788,0.699175,3.430801
1776192766.1431,194.431122,571.916992,767.608582,766.348145,78.164841,25.371122,2,4.393145,1.945033,-0.063943,3.372216,0.378175,3.172421,149.434235,1.553702,1.942788,0.699175,3.430801
1776192766.899401,192.279648,561.464111,756.264648,753.743774,79.337303,25.509947,2,4.374969,1.934686,-1.763808,3.308634,0.372001,3.1534,146.644455,1.553702,1.942788,0.699175,3.430801
1776192767.674608,198.73407,583.999817,775.171265,782.733887,77.402252,25.389736,2,4.372708,1.943639,0.117548,3.389597,0.386267,3.169854,173.708847,1.553702,1.942788,0.699175,3.430801
1776192768.448556,197.65834,574.992065,773.910828,772.650391,77.528313,25.58186,2,4.454528,1.92937,-0.553993,3.447407,0.381356,3.143663,151.227814,1.553702,1.942788,0.699175,3.430801
1776192769.218721,199.809814,572.840576,770.129517,772.650391,77.908974,25.860313,2,4.404306,1.909066,0.643868,3.391886,0.38145,3.106693,189.287643,1.553702,1.942788,0.699175,3.430801
1776192769.973763,192.279648,553.901489,755.004211,746.181152,79.469757,25.768494,2,4.224174,1.915713,-1.083802,3.189269,0.368353,3.118757,133.279099,1.553702,1.942788,0.699175,3.430801
1776192770.722501,206.264236,558.823486,748.702026,765.087708,80.138687,26.959553,2,4.325313,1.833006,2.309618,3.238371,0.378084,2.971318,179.833069,1.553702,1.942788,0.699175,3.430801
1776192771.49772,195.506866,567.059937,775.171265,762.566833,77.402252,25.637997,2,4.254748,1.925241,0.881858,3.298158,0.376398,3.136117,187.220047,1.553702,1.942788,0.699175,3.430801
1776192772.267887,197.65834,574.992065,770.129517,772.650391,77.908974,25.58186,2,4.246197,1.92937,0.668888,3.270121,0.381356,3.143663,180.242844,1.553702,1.942788,0.699175,3.430801
1776192773.039312,198.73407,573.916321,771.389954,772.650391,77.78167,25.721085,2,4.306182,1.919163,1.241573,3.321746,0.381403,3.125034,177.680222,1.553702,1.942788,0.699175,3.430801
1776192773.820822,196.582611,582.369995,781.47345,778.952576,76.778038,25.236788,2,4.347035,1.955154,-0.293692,3.397093,0.384349,3.191115,141.180161,1.553702,1.942788,0.699175,3.430801
1776192774.569561,198.73407,552.488831,748.702026,751.2229,80.138687,26.454741,2,4.280647,1.867151,0.042116,3.204929,0.371066,3.031482,199.18251,1.553702,1.942788,0.699175,3.430801
1776192775.308215,207.339966,541.362061,738.618408,748.702026,81.232742,27.693256,2,4.034063,1.785599,0.110012,2.979633,0.370226,2.889428,145.651474,1.553702,1.942788,0.699175,3.430801
1776192776.063256,212.718643,548.587769,755.004211,761.306396,79.469757,27.941265,2,4.094517,1.770138,-1.169369,3.091378,0.376541,2.863132,149.084442,1.553702,1.942788,0.699175,3.430801
1776192776.798142,208.415695,521.379639,734.837097,729.795349,81.650749,28.558102,2,4.081498,1.732847,-2.861661,2.999236,0.361152,2.800548,159.352325,1.553702,1.942788,0.699175,3.430801
1776192777.583432,213.794373,577.762634,785.254761,791.557007,76.408325,27.009348,2,3.887378,1.829707,-3.250443,3.052582,0.391181,2.965558,140.110458,1.553702,1.942788,0.699175,3.430801
1776192778.338474,213.794373,541.209839,755.004211,755.004211,79.469757,28.316978,2,4.055151,1.747231,0.420614,3.061656,0.373548,2.824548,152.689056,1.553702,1.942788,0.699175,3.430801
1776192779.136369,199.809814,581.663635,797.859192,781.47345,75.201241,25.568342,2,4.518057,1.930367,-2.489325,3.604773,0.385706,3.145487,148.684692,1.553702,1.942788,0.699175,3.430801
1776192779.92166,187.976715,583.413208,785.254761,771.389954,76.408325,24.368572,2,4.458998,2.023258,-2.533835,3.501449,0.380325,3.319167,140.920502,1.553702,1.942788,0.699175,3.430801
1776192780.691838,190.128174,582.522217,770.129517,772.650391,77.908974,24.607271,2,4.494568,2.004055,-0.309432,3.4614,0.381027,3.282662,149.042419,1.553702,1.942788,0.699175,3.430801
1776192781.462004,194.431122,580.740112,770.129517,775.171265,77.908974,25.082344,2,4.523488,1.966924,-0.423286,3.483671,0.382431,3.212964,150.01474,1.553702,1.942788,0.699175,3.430801
1776192782.234691,194.431122,578.219238,772.650391,772.650391,77.654785,25.164179,2,4.417768,1.96067,-0.434757,3.41339,0.381215,3.201339,134.787659,1.553702,1.942788,0.699175,3.430801
1776192783.013679,197.65834,585.075562,778.952576,782.733887,77.026512,25.252304,2,4.32569,1.95398,-0.26173,3.369508,0.38622,3.188941,137.919022,1.553702,1.942788,0.699175,3.430801
1776192783.782585,198.73407,571.395447,768.86908,770.129517,78.03669,25.805279,2,4.409196,1.913044,0.026487,3.390095,0.380187,3.113909,162.971161,1.553702,1.942788,0.699175,3.430801
1776192784.547721,193.355392,565.430115,765.087708,758.785522,78.422379,25.48222,2,4.292352,1.936744,0.44879,3.284026,0.37448,3.157175,164.859573,1.553702,1.942788,0.699175,3.430801
1776192785.311585,196.582611,571.026001,763.827271,767.608582,78.551788,25.609747,2,4.40592,1.927317,0.758501,3.365362,0.378877,3.139908,170.549377,1.553702,1.942788,0.699175,3.430801
1776192786.080491,193.355392,571.7323,768.86908,765.087708,78.03669,25.272316,2,4.432786,1.952467,0.595943,3.408232,0.37752,3.186143,185.728165,1.553702,1.942788,0.699175,3.430801
1776192786.846875,196.582611,573.546875,766.348145,770.129517,78.293396,25.525915,2,4.383913,1.933503,-0.998978,3.359603,0.380093,3.151231,145.974335,1.553702,1.942788,0.699175,3.430801
1776192787.606957,200.885559,564.202148,760.045959,765.087708,78.942596,26.25654,2,4.291916,1.880916,-0.518839,3.262053,0.377849,3.056017,137.200089,1.553702,1.942788,0.699175,3.430801
1776192788.364519,200.885559,556.639526,757.525085,757.525085,79.205299,26.518667,2,4.214735,1.862755,0.85398,3.192768,0.374201,3.023681,180.98056,1.553702,1.942788,0.699175,3.430801
1776192789.151082,194.431122,584.521484,786.515198,778.952576,76.285873,24.960585,2,4.119183,1.976306,-0.954543,3.2398,0.384255,3.230464,118.637299,1.553702,1.942788,0.699175,3.430801
1776192789.904862,199.809814,560.236145,753.743774,760.045959,79.602646,26.289173,2,4.347125,1.878635,1.177463,3.276618,0.37537,3.051941,181.144897,1.553702,1.942788,0.699175,3.430801
1776192790.671247,196.582611,565.984253,766.348145,762.566833,78.293396,25.779066,2,4.271351,1.914945,0.840913,3.273342,0.376445,3.117361,168.218216,1.553702,1.942788,0.699175,3.430801
1776192791.438892,198.73407,571.395447,767.608582,770.129517,78.164841,25.805279,2,4.392267,1.913044,1.583432,3.371542,0.380187,3.113909,186.37178,1.553702,1.942788,0.699175,3.430801
1776192792.195193,198.73407,557.530579,756.264648,756.264648,79.337303,26.278378,2,4.407106,1.879389,1.919128,3.332939,0.373499,3.053288,207.33609,1.553702,1.942788,0.699175,3.430801
1776192792.945192,200.885559,551.597778,749.962463,752.483337,80.004005,26.696344,2,4.34215,1.850648,1.418201,3.256449,0.371768,3.00228,200.438034,1.553702,1.942788,0.699175,3.430801
1776192793.719139,191.203918,571.362915,773.910828,762.566833,77.528313,25.073725,2,4.423886,1.967585,0.979267,3.423693,0.37621,3.214195,203.934082,1.553702,1.942788,0.699175,3.430801
1776192794.489317,198.73407,580.218506,770.129517,778.952576,77.908974,25.512987,2,4.381533,1.934461,0.30561,3.374348,0.384443,3.152987,164.299667,1.553702,1.942788,0.699175,3.430801
1776192795.255701,195.506866,567.059937,766.348145,762.566833,78.293396,25.637997,2,4.343405,1.925241,-0.665063,3.328561,0.376398,3.136117,144.668213,1.553702,1.942788,0.699175,3.430801
1776192796.024607,190.128174,572.43866,768.86908,762.566833,78.03669,24.932657,2,4.358315,1.978471,-1.590744,3.350974,0.376163,3.234512,152.685455,1.553702,1.942788,0.699175,3.430801
1776192796.774606,199.809814,561.496582,749.962463,761.306396,80.004005,26.245651,2,4.454294,1.881678,0.736265,3.340553,0.375978,3.05738,166.27562,1.553702,1.942788,0.699175,3.430801
1776192797.572502,199.809814,598.049377,797.859192,797.859192,75.201241,25.043243,2,4.418652,1.969927,-0.509187,3.525462,0.393611,3.218557,133.333542,1.553702,1.942788,0.699175,3.430801
1776192798.333856,195.506866,560.757812,761.306396,756.264648,78.811897,25.851646,2,4.468241,1.909691,-0.534616,3.401701,0.373358,3.107826,149.748749,1.553702,1.942788,0.699175,3.430801
1776192799.107803,195.506866,578.403931,773.910828,773.910828,77.528313,25.262196,2,4.402029,1.953232,-0.871166,3.406778,0.38187,3.187557,143.843552,1.553702,1.942788,0.699175,3.430801
1776192799.883011,200.885559,580.587891,775.171265,781.47345,77.402252,25.705999,2,4.215995,1.920264,0.411185,3.268118,0.385753,3.127039,158.791504,1.553702,1.942788,0.699175,3.430801
1776192800.651916,200.885559,567.983521,768.86908,768.86908,78.03669,26.127407,2,4.148005,1.889996,0.504362,3.189273,0.379673,3.07229,154.76207,1.553702,1.942788,0.699175,3.430801
1776192801.427124,195.506866,573.362183,775.171265,768.86908,77.402252,25.427849,2,4.201587,1.940792,-0.283187,3.25695,0.379438,3.164613,136.36972,1.553702,1.942788,0.699175,3.430801
1776192802.192248,199.809814,570.319702,765.087708,770.129517,78.422379,25.944963,2,4.348268,1.902979,0.408846,3.326806,0.380234,3.095679,181.370071,1.553702,1.942788,0.699175,3.430801
1776192802.964947,193.355392,571.7323,772.650391,765.087708,77.654785,25.272316,2,4.347141,1.952467,-1.034541,3.35882,0.37752,3.186143,148.071533,1.553702,1.942788,0.699175,3.430801
1776192803.725029,204.112747,568.537659,760.045959,772.650391,78.942596,26.417219,2,4.444167,1.869741,1.879668,3.377771,0.381638,3.036087,184.187271,1.553702,1.942788,0.699175,3.430801
1776192804.505279,203.037018,575.915527,780.213013,778.952576,76.902077,26.065388,2,4.48194,1.894389,0.529382,3.496868,0.384631,3.080188,179.555283,1.553702,1.942788,0.699175,3.430801
1776192805.272923,204.112747,564.756348,767.608582,768.86908,78.164841,26.54714,2,4.378982,1.860804,1.764217,3.361344,0.379814,3.020224,171.167068,1.553702,1.942788,0.699175,3.430801
1776192806.060736,203.037018,583.478149,787.775635,786.515198,76.163818,25.81476,2,4.30944,1.912357,-0.142233,3.394871,0.388279,3.112662,151.38707,1.553702,1.942788,0.699175,3.430801
1776192806.846039,196.582611,581.109497,785.254761,777.692139,76.408325,25.277689,2,4.372349,1.952061,-0.528565,3.433408,0.383741,3.185393,146.428665,1.553702,1.942788,0.699175,3.430801
1776192807.63259,199.809814,590.486755,786.515198,790.29657,76.285873,25.28289,2,4.135148,1.951669,-2.418385,3.252357,0.389963,3.184667,123.516449,1.553702,1.942788,0.699175,3.430801
1776192808.410319,207.339966,579.175232,777.692139,786.515198,77.151352,26.361851,2,4.026615,1.873576,-0.046569,3.131467,0.388467,3.042915,138.664825,1.553702,1.942788,0.699175,3.430801
1776192809.206954,201.961288,588.335266,796.598755,790.29657,75.320229,25.555128,2,3.871535,1.931343,-1.641935,3.08406,0.390056,3.147273,122.396698,1.553702,1.942788,0.699175,3.430801
1776192809.97335,223.475998,568.080994,766.348145,791.557007,78.293396,28.232458,2,4.048098,1.752331,1.541781,3.102252,0.391604,2.8331,184.142975,1.553702,1.942788,0.699175,3.430801
1776192810.778809,218.097321,581.022339,805.421814,799.119629,74.495125,27.292198,2,3.869819,1.811197,-0.807464,3.116837,0.395017,2.933408,136.941864,1.553702,1.942788,0.699175,3.430801
1776192811.572923,227.778946,577.642883,794.077881,805.421814,75.559341,28.280703,2,3.804323,1.749416,-1.553696,3.020929,0.39848,2.828209,131.606689,1.553702,1.942788,0.699175,3.430801
1776192812.353173,223.475998,551.695251,780.213013,775.171265,76.902077,28.829241,2,3.647623,1.71696,-2.163837,2.845923,0.383699,2.774244,119.649765,1.553702,1.942788,0.699175,3.430801
1776192813.164945,250.369385,592.865662,811.723999,843.235046,73.916748,29.691528,2,3.279296,1.668365,-0.415119,2.661883,0.417708,2.695117,118.865112,1.553702,1.942788,0.699175,3.430801
1776192813.977966,592.44397,564.640869,812.984497,1157.084839,73.802147,51.201427,3,2.15058,0.831076,4.142918,1.748389,0.492366,1.68293,64.768654,2.62296,4.685811,0.108322,3.959939
1776192815.04562,1000.0,885.619751,1067.593506,1885.619751,56.201164,53.032963,3,0.753781,0.776139,2.054653,0.804731,0.776139,1.006758,10.0,2.62296,4.685811,0.108322,3.959939
1776192828.14982,229.93042,538.93866,785.254761,768.86908,76.408325,29.905016,2,2.936705,1.656766,-1.085807,2.306062,0.380941,2.676527,89.791397,1.553702,1.942788,0.699175,3.430801
1776192828.940153,214.870117,557.780273,790.29657,772.650391,75.920868,27.809488,2,3.329898,1.778319,-0.06758,2.631607,0.382108,2.87702,120.770859,1.553702,1.942788,0.699175,3.430801
1776192829.721663,215.945847,566.788025,781.47345,782.733887,76.778038,27.588669,2,3.632769,1.792203,0.136481,2.838912,0.387019,2.90072,143.20607,1.553702,1.942788,0.699175,3.430801
1776192830.513256,225.627487,577.273438,791.557007,802.90094,75.799973,28.101534,2,3.543704,1.760291,1.531721,2.805044,0.39717,2.846492,150.484146,1.553702,1.942788,0.699175,3.430801
1776192831.312424,224.551743,573.307434,799.119629,797.859192,75.082626,28.144281,2,3.48663,1.757684,-0.13518,2.786234,0.394691,2.8421,123.310318,1.553702,1.942788,0.699175,3.430801
1776192832.112841,213.794373,573.981262,800.380066,787.775635,74.964386,27.138992,2,3.506282,1.821175,-1.822016,2.806358,0.389357,2.950703,117.372894,1.553702,1.942788,0.699175,3.430801
1776192832.883006,215.945847,556.704529,770.129517,772.650391,77.908974,27.948713,2,3.455946,1.769678,-1.066652,2.661526,0.382155,2.862353,118.432175,1.553702,1.942788,0.699175,3.430801
1776192833.654433,229.93042,557.845215,771.389954,787.775635,77.78167,29.187298,2,3.3269,1.696433,-0.542374,2.566337,0.390062,2.740575,117.288391,1.553702,1.942788,0.699175,3.430801
1776192834.458643,237.460571,575.523926,804.161377,812.984497,74.611893,29.2085,2,3.152373,1.695233,-4.286339,2.535017,0.402551,2.738618,118.423599,1.553702,1.942788,0.699175,3.430801
1776192835.241413,266.505432,550.260376,782.733887,816.765808,76.654404,32.629356,2,2.96072,1.522082,-0.743577,2.317456,0.405643,2.469034,103.540817,1.553702,1.942788,0.699175,3.430801
1776192836.098562,575.52356,589.123901,857.099915,1164.647461,70.00351,49.416119,3,2.147272,0.835039,-1.663586,1.840426,0.480585,1.355272,40.21331,2.62296,4.685811,0.108322,3.959939
1776192837.171246,884.924927,510.383301,1072.635376,1395.308228,55.936996,63.421463,3,1.160745,0.786524,6.365548,1.245056,0.696015,1.079049,12.19957,2.62296,4.685811,0.108322,3.959939
1776192838.590575,1000.0,695.293213,1419.256592,1695.293213,42.275654,58.986847,3,0.749542,0.776139,3.502927,1.063792,0.776139,0.967062,10.0,2.62296,4.685811,0.108322,3.959939
1776192899.302761,240.687759,508.014282,771.389954,748.702026,77.78167,32.147335,2,2.631527,1.54425,0.627794,2.029934,0.371682,2.502126,82.336189,1.553702,1.942788,0.699175,3.430801
1776192900.090574,222.400253,543.947876,787.775635,766.348145,76.163818,29.020786,2,3.116741,1.705916,0.581576,2.455293,0.379396,2.756084,95.184105,1.553702,1.942788,0.699175,3.430801
1776192900.868302,220.248795,554.922485,777.692139,775.171265,77.151352,28.41292,2,3.364765,1.741478,0.31953,2.616751,0.383558,2.814929,108.194176,1.553702,1.942788,0.699175,3.430801
1776192901.630905,217.021576,541.763916,762.566833,758.785522,78.681625,28.601175,2,3.601616,1.730303,2.43717,2.746473,0.375513,2.796321,123.791153,1.553702,1.942788,0.699175,3.430801
1776192902.401083,213.794373,552.553772,770.129517,766.348145,77.908974,27.897814,2,3.710778,1.772827,1.462747,2.85778,0.37902,2.867691,128.657623,1.553702,1.942788,0.699175,3.430801
1776192903.171249,211.642914,555.965698,770.129517,767.608582,77.908974,27.571722,2,3.877618,1.793278,0.86816,2.986268,0.379535,2.902562,150.872726,1.553702,1.942788,0.699175,3.430801
1776192903.937633,211.642914,554.7052,766.348145,766.348145,78.293396,27.617069,2,3.914699,1.790405,1.424177,3.000022,0.378926,2.897642,133.25058,1.553702,1.942788,0.699175,3.430801
1776192904.719143,210.567169,569.645874,781.47345,780.213013,76.778038,26.98842,2,3.714913,1.831092,0.277137,2.903106,0.385568,2.967975,140.387009,1.553702,1.942788,0.699175,3.430801
1776192905.498132,215.945847,569.308899,778.952576,785.254761,77.026512,27.500099,2,3.737183,1.797835,-0.058597,2.911089,0.388235,2.91038,124.652512,1.553702,1.942788,0.699175,3.430801
1776192906.236787,224.551743,524.150269,738.618408,748.702026,81.232742,29.992136,2,3.681817,1.652081,1.308987,2.719458,0.370978,2.66905,126.130562,1.553702,1.942788,0.699175,3.430801
1776192907.02209,212.718643,558.671326,785.254761,771.389954,76.408325,27.576021,2,3.526464,1.793005,-0.673156,2.769173,0.381406,2.902094,109.442047,1.553702,1.942788,0.699175,3.430801
1776192907.784693,219.17305,550.956482,762.566833,770.129517,78.681625,28.459246,2,3.513717,1.738715,0.773536,2.679444,0.381079,2.810317,132.505798,1.553702,1.942788,0.699175,3.430801
1776192908.55738,218.097321,553.292603,772.650391,771.389954,77.654785,28.273291,2,3.482726,1.749863,0.265146,2.690929,0.38164,2.828959,109.95237,1.553702,1.942788,0.699175,3.430801
1776192909.337629,207.339966,560.268616,780.213013,767.608582,76.902077,27.01116,2,3.458712,1.829587,-1.046123,2.698532,0.379347,2.965349,90.599617,1.553702,1.942788,0.699175,3.430801
1776192910.092671,224.551743,550.619507,755.004211,775.171265,79.469757,28.968018,2,3.679501,1.708944,1.537029,2.778039,0.383746,2.761053,142.672653,1.553702,1.942788,0.699175,3.430801
1776192910.869151,229.93042,552.803467,776.431702,782.733887,77.276596,29.375299,2,3.649683,1.685855,2.723122,2.83373,0.387629,2.723365,126.598991,1.553702,1.942788,0.699175,3.430801
1776192911.65066,218.097321,549.51123,781.47345,767.608582,76.778038,28.412569,2,3.449394,1.741499,-0.516945,2.69561,0.379816,2.814963,112.450607,1.553702,1.942788,0.699175,3.430801
1776192912.413264,227.778946,546.131897,762.566833,773.910828,78.681625,29.432196,2,3.481553,1.68268,0.564574,2.654917,0.383279,2.718218,134.624863,1.553702,1.942788,0.699175,3.430801
1776192913.169564,238.536301,530.332764,756.264648,768.86908,79.337303,31.024307,2,3.4375,1.598569,0.748701,2.59966,0.381317,2.584978,116.820038,1.553702,1.942788,0.699175,3.430801
1776192913.943512,224.551743,532.973328,773.910828,757.525085,77.528313,29.642811,2,3.224782,1.671035,-3.00525,2.495693,0.375234,2.699412,90.065384,1.553702,1.942788,0.699175,3.430801
1776192914.711157,231.006149,544.1651,767.608582,775.171265,78.164841,29.800659,2,3.30269,1.662415,-0.310286,2.535173,0.384028,2.685566,100.090042,1.553702,1.942788,0.699175,3.430801
1776192915.458634,212.718643,513.29541,747.441589,726.014038,80.273834,29.299522,2,3.353051,1.690102,1.242835,2.50621,0.359516,2.730263,90.309578,1.553702,1.942788,0.699175,3.430801
1776192916.264105,220.248795,593.996155,805.421814,814.244934,74.495125,27.049452,2,3.358982,1.827059,-0.72947,2.705398,0.402408,2.960941,91.670456,1.553702,1.942788,0.699175,3.430801
1776192917.030489,214.870117,545.175842,766.348145,760.045959,78.293396,28.270674,2,3.421343,1.750021,-1.269525,2.62194,0.376027,2.829224,107.014557,1.553702,1.942788,0.699175,3.430801
1776192917.798134,224.551743,554.400818,767.608582,778.952576,78.164841,28.827396,2,3.648947,1.717067,2.104368,2.800963,0.38557,2.774421,140.506439,1.553702,1.942788,0.699175,3.430801
1776192918.575863,212.718643,551.108643,777.692139,763.827271,77.151352,27.849051,2,3.666037,1.775855,-0.467758,2.851048,0.377757,2.872831,124.290558,1.553702,1.942788,0.699175,3.430801
1776192919.334684,220.248795,547.359802,758.785522,767.608582,79.07373,28.692854,2,3.25039,1.724914,-0.048834,2.466349,0.37991,2.787386,83.888702,1.553702,1.942788,0.699175,3.430801
1776192920.119988,218.097321,564.636597,785.254761,782.733887,76.408325,27.863533,2,3.550067,1.774954,0.685036,2.787707,0.387113,2.871302,108.490875,1.553702,1.942788,0.699175,3.430801
1776192920.900237,204.112747,559.714539,780.213013,763.827271,76.902077,26.722368,2,3.663357,1.848888,0.767262,2.858199,0.377382,2.99918,126.674248,1.553702,1.942788,0.699175,3.430801
1776192921.676705,207.339966,572.873047,776.431702,780.213013,77.276596,26.574791,2,3.645854,1.858913,0.551916,2.830756,0.385427,3.016877,127.388405,1.553702,1.942788,0.699175,3.430801
1776192922.445611,214.870117,562.822021,768.86908,777.692139,78.03669,27.6292,2,3.791962,1.789638,2.983275,2.915523,0.38454,2.896329,134.586807,1.553702,1.942788,0.699175,3.430801
1776192923.234695,215.945847,574.350708,789.036072,790.29657,76.042152,27.324659,2,3.797436,1.809097,1.605334,2.996314,0.390667,2.92978,154.825699,1.553702,1.942788,0.699175,3.430801
1776192924.007382,212.718643,556.150452,772.650391,768.86908,77.654785,27.666431,2,3.594346,1.787288,-0.515126,2.777173,0.38019,2.892313,106.415749,1.553702,1.942788,0.699175,3.430801
1776192924.768725,215.945847,549.141846,761.306396,765.087708,78.811897,28.224977,2,3.739358,1.752784,2.116805,2.846798,0.378506,2.83386,111.73568,1.553702,1.942788,0.699175,3.430801
1776192925.561578,210.567169,575.947998,792.817444,786.515198,75.679466,26.772169,2,3.816388,1.84553,1.964381,3.025699,0.388608,2.993271,149.995926,1.553702,1.942788,0.699175,3.430801
1776192926.343089,208.415695,570.536865,781.47345,778.952576,76.778038,26.75589,2,3.803042,1.846627,1.296922,2.971976,0.384866,2.995199,151.666824,1.553702,1.942788,0.699175,3.430801
1776192927.120829,210.567169,569.645874,777.692139,780.213013,77.151352,26.98842,2,3.688386,1.831092,-0.389913,2.868429,0.385568,2.967975,114.079193,1.553702,1.942788,0.699175,3.430801
1776192927.894776,212.718643,563.713074,773.910828,776.431702,77.528313,27.396955,2,3.570974,1.804439,-0.082244,2.763615,0.383838,2.921742,111.461761,1.553702,1.942788,0.699175,3.430801
1776192928.681328,217.021576,574.5354,786.515198,791.557007,76.285873,27.417049,2,3.411181,1.803148,-0.103626,2.682945,0.391322,2.919519,99.592659,1.553702,1.942788,0.699175,3.430801
1776192929.448973,227.778946,552.434082,767.608582,780.213013,78.164841,29.194456,2,3.606507,1.696028,0.823131,2.768385,0.386319,2.739913,123.862984,1.553702,1.942788,0.699175,3.430801
1776192930.229223,221.324524,551.325867,780.213013,772.650391,76.902077,28.644848,2,3.520775,1.727731,0.528492,2.746955,0.382389,2.792055,118.568588,1.553702,1.942788,0.699175,3.430801
1776192931.020828,239.61203,573.372437,791.557007,812.984497,75.799973,29.473137,2,3.231853,1.680404,-2.429372,2.558196,0.402645,2.714532,102.014641,1.553702,1.942788,0.699175,3.430801
1776192931.8099,252.520874,551.640503,789.036072,804.161377,76.042152,31.401766,2,3.106714,1.579878,-0.634252,2.451309,0.398952,2.556187,125.979187,1.553702,1.942788,0.699175,3.430801
1776192932.612838,366.548889,569.958801,802.90094,936.50769,74.729019,39.139977,2,2.781124,1.276158,0.193575,2.232967,0.467774,2.12993,94.937889,1.553702,1.942788,0.699175,3.430801
1776192933.521664,802.740173,533.327332,908.778015,1336.067505,66.02272,60.082306,3,1.512471,0.795763,1.413539,1.374501,0.638791,1.101572,10.0,2.62296,4.685811,0.108322,3.959939
1776192934.904441,1000.0,1000.0,1382.703857,2062.081543,43.393238,48.494686,3,0.927662,0.776139,1.940061,1.282681,0.776139,0.955014,10.0,2.62296,4.685811,0.108322,3.959939
1776192938.630486,234.233368,559.844482,795.338318,794.077881,75.43959,29.497532,2,3.026667,1.67905,0.718372,2.407224,0.39329,2.712343,96.452644,1.553702,1.942788,0.699175,3.430801
1776192939.415777,225.627487,549.543762,785.254761,775.171265,76.408325,29.106792,2,3.086345,1.701004,0.175422,2.423567,0.383793,2.748042,102.16114,1.553702,1.942788,0.699175,3.430801
1776192940.20108,220.248795,558.703796,785.254761,778.952576,76.408325,28.274996,2,3.198107,1.74976,-0.362331,2.511329,0.385383,2.828786,115.355957,1.553702,1.942788,0.699175,3.430801
1776192940.988893,218.097321,567.157471,787.775635,785.254761,76.163818,27.774084,2,3.209572,1.78053,-1.493149,2.528423,0.388329,2.880784,90.12886,1.553702,1.942788,0.699175,3.430801
1776192941.765361,228.854675,560.181396,776.431702,789.036072,77.276596,29.004335,2,3.333114,1.706859,0.68292,2.587936,0.390623,2.757631,110.847786,1.553702,1.942788,0.699175,3.430801
1776192942.554434,225.627487,559.627258,789.036072,785.254761,76.042152,28.73303,2,3.305828,1.722563,0.174197,2.608417,0.388658,2.783496,114.709587,1.553702,1.942788,0.699175,3.430801
1776192943.346039,236.384842,567.77655,791.557007,804.161377,75.799973,29.395199,2,3.238002,1.684743,-0.227243,2.563063,0.398248,2.721561,101.748482,1.553702,1.942788,0.699175,3.430801
1776192944.116204,240.687759,534.483521,770.129517,775.171265,77.908974,31.049623,2,3.150138,1.597301,1.322759,2.426014,0.384451,2.583015,105.693588,1.553702,1.942788,0.699175,3.430801
1776192944.900236,226.703217,540.905396,783.994324,767.608582,76.531166,29.533699,2,3.275124,1.677047,0.186856,2.567678,0.380192,2.709107,90.999718,1.553702,1.942788,0.699175,3.430801
1776192945.686787,225.627487,559.627258,786.515198,785.254761,76.285873,28.73303,2,3.383576,1.722563,-0.902126,2.661234,0.388658,2.783496,112.250275,1.553702,1.942788,0.699175,3.430801
1776192946.47335,219.17305,559.779541,786.515198,778.952576,76.285873,28.136894,2,3.438445,1.758134,-0.113204,2.704389,0.385336,2.842858,110.546478,1.553702,1.942788,0.699175,3.430801
1776192947.259902,220.248795,567.526855,786.515198,787.775635,76.285873,27.958315,2,3.416162,1.769085,-0.910887,2.686863,0.389639,2.861349,99.654625,1.553702,1.942788,0.699175,3.430801
1776192948.043933,217.021576,563.191406,783.994324,780.213013,76.531166,27.815681,2,3.317294,1.777933,-0.785711,2.60074,0.38585,2.876364,91.975685,1.553702,1.942788,0.699175,3.430801
1776192948.819141,217.021576,558.149658,775.171265,775.171265,77.402252,27.996597,2,3.332539,1.766726,-2.145462,2.583288,0.383418,2.857357,92.023117,1.553702,1.942788,0.699175,3.430801
1776192949.59184,208.415695,554.151123,772.650391,762.566833,77.654785,27.330811,2,3.418913,1.8087,0.054366,2.641624,0.376961,2.929093,124.030327,1.553702,1.942788,0.699175,3.430801
1776192950.368307,219.17305,569.863037,776.431702,789.036072,77.276596,27.777317,2,3.564519,1.780328,-0.058114,2.767606,0.3902,2.88044,116.338516,1.553702,1.942788,0.699175,3.430801
1776192951.132171,226.703217,545.947144,763.827271,772.650391,78.551788,29.340982,2,3.32256,1.687776,-0.028676,2.537862,0.382624,2.726482,93.405083,1.553702,1.942788,0.699175,3.430801
1776192951.907379,227.778946,548.652771,775.171265,776.431702,77.402252,29.336637,2,3.416831,1.688019,2.138855,2.64863,0.384495,2.726878,128.060867,1.553702,1.942788,0.699175,3.430801
1776192952.69141,221.324524,555.107178,783.994324,776.431702,76.531166,28.505342,2,3.430505,1.735973,0.112797,2.689496,0.384214,2.805749,114.295197,1.553702,1.942788,0.699175,3.430801
1776192953.464109,224.551743,551.879944,772.650391,776.431702,77.654785,28.92099,2,3.442715,1.711652,-0.160349,2.660015,0.384354,2.765503,110.971466,1.553702,1.942788,0.699175,3.430801
1776192954.246878,215.945847,556.704529,782.733887,772.650391,76.654404,27.948713,2,3.340182,1.769678,-1.320345,2.614473,0.382155,2.862353,104.575546,1.553702,1.942788,0.699175,3.430801
1776192955.024607,219.17305,562.300415,777.692139,781.47345,77.151352,28.046127,2,3.407938,1.763683,-0.544193,2.650327,0.386552,2.852214,109.609116,1.553702,1.942788,0.699175,3.430801
1776192955.818721,233.157639,577.305908,794.077881,810.463562,75.559341,28.768429,2,3.459586,1.720497,-0.968797,2.74718,0.401147,2.780082,103.807747,1.553702,1.942788,0.699175,3.430801
1776192956.593929,237.460571,542.752441,775.171265,780.213013,77.402252,30.43535,2,3.39314,1.628658,0.998422,2.630265,0.386742,2.631951,119.595955,1.553702,1.942788,0.699175,3.430801
1776192957.379232,217.021576,544.28479,785.254761,761.306396,76.408325,28.50647,2,3.125043,1.735906,3.113648,2.453955,0.376729,2.805638,117.93235,1.553702,1.942788,0.699175,3.430801
1776192958.162002,213.794373,565.158203,782.733887,778.952576,76.654404,27.446392,2,3.087431,1.801267,-0.657825,2.416637,0.385101,2.916281,119.93161,1.553702,1.942788,0.699175,3.430801
1776192958.943513,221.324524,568.972046,781.47345,790.29657,76.778038,28.005249,2,3.156011,1.766193,3.197508,2.466339,0.390902,2.856457,97.459999,1.553702,1.942788,0.699175,3.430801
1776192959.723762,224.551743,559.442566,780.213013,783.994324,76.902077,28.64201,2,2.978701,1.727898,-0.286862,2.324021,0.388003,2.792332,104.647545,1.553702,1.942788,0.699175,3.430801
1776192960.515367,229.93042,567.928772,791.557007,797.859192,75.799973,28.81842,2,3.29898,1.717588,0.055331,2.611331,0.394926,2.77528,121.704201,1.553702,1.942788,0.699175,3.430801
1776192961.295617,223.475998,549.174377,780.213013,772.650391,76.902077,28.9233,2,3.288597,1.711519,-1.531868,2.565806,0.382483,2.765284,112.024536,1.553702,1.942788,0.699175,3.430801
1776192962.068303,222.400253,548.989685,772.650391,771.389954,77.654785,28.831106,2,3.385937,1.716852,0.200071,2.616146,0.381828,2.774065,128.074966,1.553702,1.942788,0.699175,3.430801
1776192962.846031,218.097321,554.553101,777.692139,772.650391,77.151352,28.227169,2,3.409905,1.752651,0.085994,2.651856,0.382248,2.833637,127.752861,1.553702,1.942788,0.699175,3.430801
1776192963.631335,227.778946,568.819824,785.254761,796.598755,76.408325,28.593937,2,3.415329,1.73073,-0.015721,2.681904,0.394224,2.79703,100.175064,1.553702,1.942788,0.699175,3.430801
1776192964.414105,227.778946,554.954956,782.733887,782.733887,76.654404,29.100433,2,3.28799,1.701366,-0.488547,2.573621,0.387535,2.748634,100.257156,1.553702,1.942788,0.699175,3.430801
1776192965.191834,224.551743,549.35907,777.692139,773.910828,77.151352,29.015196,2,3.290776,1.706236,-0.420576,2.559211,0.383138,2.756609,101.787949,1.553702,1.942788,0.699175,3.430801
1776192965.979646,220.248795,562.485107,787.775635,782.733887,76.163818,28.138399,2,3.321245,1.758042,-1.814962,2.616396,0.387207,2.842703,96.03756,1.553702,1.942788,0.699175,3.430801
1776192966.740988,223.475998,541.611694,761.306396,765.087708,78.811897,29.2092,2,3.469795,1.695194,-0.371983,2.641577,0.378835,2.738554,105.155754,1.553702,1.942788,0.699175,3.430801
1776192967.517469,231.006149,554.248596,776.431702,785.254761,77.276596,29.417988,2,3.393862,1.683472,0.848968,2.635102,0.388892,2.719501,103.15316,1.553702,1.942788,0.699175,3.430801
1776192968.316625,225.627487,567.189941,799.119629,792.817444,75.082626,28.458946,2,3.328191,1.738732,-0.577343,2.659623,0.392306,2.810347,99.562454,1.553702,1.942788,0.699175,3.430801
1776192969.100655,243.914993,561.506836,783.994324,805.421814,76.531166,30.28413,2,3.204641,1.636573,0.033615,2.51242,0.399185,2.644435,96.692207,1.553702,1.942788,0.699175,3.430801
1776192969.89603,229.93042,549.022156,795.338318,778.952576,75.43959,29.517899,2,3.049777,1.677922,-0.946599,2.425604,0.385805,2.710519,94.890556,1.553702,1.942788,0.699175,3.430801
1776192970.687636,222.400253,560.333618,791.557007,782.733887,75.799973,28.413265,2,3.23171,1.741458,-0.775613,2.558083,0.387301,2.814894,111.313324,1.553702,1.942788,0.699175,3.430801
1776192971.474188,237.460571,566.700806,786.515198,804.161377,76.285873,29.528969,2,3.372478,1.677309,0.91241,2.652505,0.398295,2.709529,119.555344,1.553702,1.942788,0.699175,3.430801
1776192972.283427,237.460571,571.742554,809.203125,809.203125,74.147018,29.344992,2,3.231912,1.687551,-0.119849,2.615273,0.400727,2.726118,106.14106,1.553702,1.942788,0.699175,3.430801
1776192973.106543,223.475998,583.206238,823.067993,806.682251,72.897987,27.7031,2,3.252916,1.78498,-2.106112,2.677371,0.3989,2.888371,96.854958,1.553702,1.942788,0.699175,3.430801
1776192973.889314,228.854675,560.181396,782.733887,789.036072,76.654404,29.004335,2,3.476577,1.706859,-0.244171,2.721234,0.390623,2.757631,111.633682,1.553702,1.942788,0.699175,3.430801
1776192974.659479,220.248795,539.79718,770.129517,760.045959,77.908974,28.978352,2,3.329597,1.70835,-1.705601,2.56422,0.376262,2.760078,102.106964,1.553702,1.942788,0.699175,3.430801
1776192975.453593,210.567169,572.166748,794.077881,782.733887,75.559341,26.901501,2,3.3767,1.836868,-0.458404,2.681363,0.386784,2.978073,98.512306,1.553702,1.942788,0.699175,3.430801
1776192976.233856,218.097321,570.938721,780.213013,789.036072,76.902077,27.640984,2,3.514847,1.788894,0.1641,2.742329,0.390153,2.895056,127.636086,1.553702,1.942788,0.699175,3.430801
1776192977.012844,221.324524,561.409363,778.952576,782.733887,77.026512,28.275833,2,3.493376,1.74971,-0.778398,2.721174,0.387254,2.828702,102.852402,1.553702,1.942788,0.699175,3.430801
1776192977.795615,226.703217,562.332886,782.733887,789.036072,76.654404,28.731668,2,3.588387,1.722643,0.599878,2.808752,0.390529,2.783628,129.740646,1.553702,1.942788,0.699175,3.430801
1776192978.580906,221.324524,557.628052,785.254761,778.952576,76.408325,28.413094,2,3.480618,1.741468,-0.072443,2.733171,0.38543,2.814911,115.885071,1.553702,1.942788,0.699175,3.430801
1776192979.349811,227.778946,548.652771,768.86908,776.431702,78.03669,29.336637,2,3.556872,1.688019,2.377143,2.734769,0.384495,2.726878,140.410843,1.553702,1.942788,0.699175,3.430801
1776192980.136375,219.17305,557.258667,786.515198,776.431702,76.285873,28.228247,2,3.439728,1.752586,1.245694,2.705398,0.38412,2.833528,133.382034,1.553702,1.942788,0.699175,3.430801
1776192980.925447,220.248795,570.047791,789.036072,790.29657,76.042152,27.869133,2,3.458763,1.774606,-1.286081,2.729089,0.390855,2.870711,111.618469,1.553702,1.942788,0.699175,3.430801
1776192981.718301,222.400253,572.938049,792.817444,795.338318,75.679466,27.962975,2,3.679677,1.768798,-1.302155,2.917312,0.393381,2.860862,128.2435,1.553702,1.942788,0.699175,3.430801
1776192982.501071,226.703217,561.072388,782.733887,787.775635,76.654404,28.777637,2,3.647242,1.719961,0.387464,2.85482,0.389921,2.779195,126.638283,1.553702,1.942788,0.699175,3.430801
1776192983.3015,221.324524,572.753357,800.380066,794.077881,74.964386,27.871891,2,3.467865,1.774435,-1.259687,2.77561,0.392726,2.87042,97.374763,1.553702,1.942788,0.699175,3.430801
1776192984.08427,217.021576,560.670532,782.733887,777.692139,76.654404,27.905846,2,3.329355,1.772329,0.386833,2.605999,0.384634,2.866847,106.981789,1.553702,1.942788,0.699175,3.430801
1776192984.884687,212.718643,582.61969,800.380066,795.338318,74.964386,26.74568,2,3.492006,1.847315,1.306834,2.794932,0.392958,2.99641,145.176163,1.553702,1.942788,0.699175,3.430801
1776192985.652344,215.945847,555.444092,767.608582,771.389954,78.164841,27.994383,2,3.632299,1.766862,-0.55158,2.788184,0.381546,2.857587,109.337708,1.553702,1.942788,0.699175,3.430801
1776192986.416208,220.248795,548.6203,763.827271,768.86908,78.551788,28.645813,2,3.60626,1.727675,1.756347,2.75456,0.380518,2.79196,118.38781,1.553702,1.942788,0.699175,3.430801
1776192987.204019,218.097321,567.157471,787.775635,785.254761,76.163818,27.774084,2,3.561414,1.78053,0.141418,2.805595,0.388329,2.880784,134.35611,1.553702,1.942788,0.699175,3.430801
1776192987.990571,217.021576,568.233154,786.515198,785.254761,76.285873,27.637091,2,3.376039,1.78914,-0.491034,2.655306,0.388282,2.895477,109.791534,1.553702,1.942788,0.699175,3.430801
1776192988.780904,222.400253,574.198486,790.29657,796.598755,75.920868,27.91873,2,3.464854,1.771531,-0.413263,2.738262,0.393989,2.865494,114.274551,1.553702,1.942788,0.699175,3.430801
1776192989.569988,220.248795,566.266418,789.036072,786.515198,76.042152,28.00312,2,3.392175,1.766324,-1.468611,2.676548,0.389031,2.856678,99.211426,1.553702,1.942788,0.699175,3.430801
1776192990.343935,214.870117,552.738464,773.910828,767.608582,77.528313,27.992147,2,3.47969,1.766999,-1.531757,2.69297,0.379675,2.85782,118.647507,1.553702,1.942788,0.699175,3.430801
1776192991.125446,231.006149,569.373901,781.47345,800.380066,76.778038,28.862057,2,3.576253,1.715058,0.250446,2.794747,0.396189,2.771108,111.390862,1.553702,1.942788,0.699175,3.430801
1776192991.924601,218.097321,565.896973,799.119629,783.994324,75.082626,27.818737,2,3.361135,1.777742,0.493931,2.685949,0.387721,2.87604,146.220398,1.553702,1.942788,0.699175,3.430801
1776192992.702343,221.324524,560.148926,777.692139,781.47345,77.151352,28.32144,2,3.51464,1.746962,-0.351083,2.733308,0.386646,2.824098,113.312698,1.553702,1.942788,0.699175,3.430801
1776192993.467466,233.157639,545.794922,765.087708,778.952576,78.422379,29.932201,2,3.295769,1.655301,-0.236858,2.521553,0.385946,2.674187,103.452057,1.553702,1.942788,0.699175,3.430801
1776192994.241413,225.627487,539.460205,773.910828,765.087708,77.528313,29.490408,2,3.225523,1.679445,-0.35576,2.496267,0.378929,2.712982,108.435211,1.553702,1.942788,0.699175,3.430801
1776192995.019142,224.551743,551.879944,777.692139,776.431702,77.151352,28.92099,2,3.376952,1.711652,0.916308,2.626229,0.384354,2.765503,118.701729,1.553702,1.942788,0.699175,3.430801
1776192995.798131,221.324524,553.846741,778.952576,775.171265,77.026512,28.551695,2,3.54003,1.733226,1.336086,2.757515,0.383605,2.801178,162.903534,1.553702,1.942788,0.699175,3.430801
1776192996.575871,226.703217,557.291138,777.692139,783.994324,77.151352,28.916437,2,3.495494,1.711914,1.091042,2.718418,0.388096,2.765934,126.878113,1.553702,1.942788,0.699175,3.430801
1776192997.367465,219.17305,563.560852,791.557007,782.733887,75.799973,28.000965,2,3.330774,1.766457,-0.730658,2.636497,0.38716,2.856902,121.133423,1.553702,1.942788,0.699175,3.430801
1776192998.140151,222.400253,554.031433,772.650391,776.431702,77.654785,28.64389,2,3.464583,1.727788,0.915603,2.676911,0.38426,2.792148,130.694885,1.553702,1.942788,0.699175,3.430801
1776192998.931745,220.248795,568.787292,791.557007,789.036072,75.799973,27.913654,2,3.533261,1.771845,-0.241684,2.796778,0.390247,2.866027,119.887085,1.553702,1.942788,0.699175,3.430801
1776192999.717048,223.475998,565.560059,785.254761,789.036072,76.408325,28.322659,2,3.467478,1.746889,-0.085325,2.722853,0.390388,2.823976,112.024765,1.553702,1.942788,0.699175,3.430801
1776193000.488474,215.945847,546.620972,771.389954,762.566833,77.78167,28.318287,2,3.434623,1.747152,-1.025335,2.649434,0.37729,2.824416,101.779778,1.553702,1.942788,0.699175,3.430801
1776193001.253599,224.551743,550.619507,765.087708,775.171265,78.422379,28.968018,2,3.533435,1.708944,0.330778,2.703388,0.383746,2.761053,126.565575,1.553702,1.942788,0.699175,3.430801
1776193002.031327,226.703217,553.509766,777.692139,780.213013,77.151352,29.05658,2,3.520868,1.703868,0.856727,2.738151,0.386272,2.752729,105.424614,1.553702,1.942788,0.699175,3.430801
1776193002.827963,218.097321,568.417847,796.598755,786.515198,75.320229,27.729574,2,3.535891,1.783318,-0.863222,2.816686,0.388937,2.885535,112.629166,1.553702,1.942788,0.699175,3.430801
1776193003.595619,212.718643,548.587769,767.608582,761.306396,78.164841,27.941265,2,3.608671,1.770138,-0.110271,2.770047,0.376541,2.863132,129.837463,1.553702,1.942788,0.699175,3.430801
1776193004.369566,220.248795,562.485107,773.910828,782.733887,77.528313,28.138399,2,3.622823,1.758042,-0.316225,2.803742,0.387207,2.842703,133.365646,1.553702,1.942788,0.699175,3.430801
1776193005.143514,221.324524,553.846741,773.910828,775.171265,77.528313,28.551695,2,3.5289,1.733226,0.146875,2.731054,0.383605,2.801178,135.59465,1.553702,1.942788,0.699175,3.430801
1776193005.931326,218.097321,565.896973,787.775635,783.994324,76.163818,27.818737,2,3.500131,1.777742,-0.742612,2.757318,0.387721,2.87604,124.878311,1.553702,1.942788,0.699175,3.430801
1776193006.719149,222.400253,570.417175,787.775635,792.817444,76.163818,28.051886,2,3.483901,1.76333,-1.005734,2.744532,0.392165,2.851618,109.217178,1.553702,1.942788,0.699175,3.430801
1776193007.513264,211.642914,569.830566,794.077881,781.47345,75.559341,27.082548,2,3.354513,1.82488,-2.058076,2.663745,0.386223,2.957145,105.440414,1.553702,1.942788,0.699175,3.430801
1776193008.290992,213.794373,566.41864,777.692139,780.213013,77.151352,27.402052,2,3.481683,1.804111,-0.237043,2.707677,0.385709,2.921178,124.979996,1.553702,1.942788,0.699175,3.430801
1776193009.06368,217.021576,559.410156,772.650391,776.431702,77.654785,27.951149,2,3.496739,1.769527,-0.442404,2.701756,0.384026,2.862098,132.816101,1.553702,1.942788,0.699175,3.430801
1776193009.856545,219.17305,576.165283,792.817444,795.338318,75.679466,27.557209,2,3.394875,1.794199,-1.564127,2.691516,0.39324,2.904141,106.888824,1.553702,1.942788,0.699175,3.430801
1776193010.639315,220.248795,563.745544,782.733887,783.994324,76.654404,28.093163,2,3.316327,1.760803,-1.277543,2.595802,0.387815,2.847355,107.289124,1.553702,1.942788,0.699175,3.430801
1776193011.415784,220.248795,556.182922,776.431702,776.431702,77.276596,28.366795,2,3.422839,1.744239,-0.739197,2.657601,0.384167,2.819541,130.811859,1.553702,1.942788,0.699175,3.430801
1776193012.192252,219.17305,555.99823,776.431702,775.171265,77.276596,28.274145,2,3.500536,1.749812,-0.550653,2.717927,0.383512,2.828873,134.033661,1.553702,1.942788,0.699175,3.430801
1776193012.973761,223.475998,563.039185,781.47345,786.515198,76.778038,28.413435,2,3.554234,1.741447,-0.831222,2.777539,0.389172,2.814877,100.739532,1.553702,1.942788,0.699175,3.430801
1776193013.740158,220.248795,542.318054,766.348145,762.566833,78.293396,28.882557,2,3.566869,1.713871,0.526487,2.733463,0.377478,2.769155,138.736313,1.553702,1.942788,0.699175,3.430801
1776193014.516626,223.475998,556.737,776.431702,780.213013,77.276596,28.642946,2,3.59147,1.727843,1.250408,2.788531,0.386131,2.79224,109.708214,1.553702,1.942788,0.699175,3.430801
1776193015.313262,218.097321,572.199219,796.598755,790.29657,75.320229,27.596897,2,3.423765,1.791682,0.379149,2.727367,0.390761,2.899827,118.761734,1.553702,1.942788,0.699175,3.430801
1776193016.084688,213.794373,552.553772,771.389954,766.348145,77.78167,27.897814,2,3.620514,1.772827,0.542635,2.792828,0.37902,2.867691,123.356148,1.553702,1.942788,0.699175,3.430801
1776193016.863676,213.794373,565.158203,778.952576,778.952576,77.026512,27.446392,2,3.660363,1.801267,0.375956,2.851249,0.385101,2.916281,138.553192,1.553702,1.942788,0.699175,3.430801
1776193017.641417,220.248795,565.005981,777.692139,785.254761,77.151352,28.048069,2,3.531527,1.763564,-1.370126,2.746441,0.388423,2.852013,113.069412,1.553702,1.942788,0.699175,3.430801
1776193018.406541,223.475998,545.393066,765.087708,768.86908,78.422379,29.065546,2,3.465175,1.703356,-0.179801,2.651163,0.380659,2.75189,112.409256,1.553702,1.942788,0.699175,3.430801
1776193019.169144,223.475998,539.09082,762.566833,762.566833,78.681625,29.305759,2,3.616514,1.689752,-0.132804,2.757833,0.377619,2.729693,116.294205,1.553702,1.942788,0.699175,3.430801
1776193019.93931,224.551743,546.838196,770.129517,771.389954,77.908974,29.110018,2,3.652872,1.700821,0.424846,2.813184,0.381922,2.747741,147.260284,1.553702,1.942788,0.699175,3.430801
1776193020.704434,228.854675,541.274841,765.087708,770.129517,78.422379,29.716387,2,3.752244,1.667006,-0.72264,2.870796,0.381502,2.692932,136.467728,1.553702,1.942788,0.699175,3.430801
1776193021.484696,204.112747,547.110168,780.213013,751.2229,76.902077,27.170731,2,3.620005,1.819099,0.668999,2.824375,0.371301,2.947097,137.832352,1.553702,1.942788,0.699175,3.430801
1776193022.275029,220.248795,588.954346,790.29657,809.203125,75.920868,27.217987,2,3.604135,1.816016,-0.264291,2.848336,0.399975,2.941751,130.384537,1.553702,1.942788,0.699175,3.430801
1776193023.046455,225.627487,552.064636,771.389954,777.692139,77.78167,29.012442,2,3.58546,1.706394,-0.06513,2.765788,0.385009,2.756869,119.933762,1.553702,1.942788,0.699175,3.430801
1776193023.81284,226.703217,540.905396,766.348145,767.608582,78.293396,29.533699,2,3.588964,1.677047,0.604889,2.750396,0.380192,2.709107,128.145157,1.553702,1.942788,0.699175,3.430801
1776193024.598131,224.551743,558.182129,785.254761,782.733887,76.408325,28.688133,2,3.498859,1.725191,-0.594197,2.747496,0.387395,2.787844,117.593018,1.553702,1.942788,0.699175,3.430801
1776193025.37209,233.157639,550.83667,773.910828,783.994324,77.528313,29.73971,2,3.159077,1.665733,4.366896,2.444844,0.388378,2.690888,109.350838,1.553702,1.942788,0.699175,3.430801
1776193026.156121,234.233368,551.021362,783.994324,785.254761,76.531166,29.828966,2,3.257874,1.660879,0.994079,2.554155,0.389033,2.683105,117.132782,1.553702,1.942788,0.699175,3.430801
1776193026.93637,232.081909,545.610229,780.213013,777.692139,76.902077,29.842388,2,3.54529,1.660152,-0.481457,2.766081,0.385291,2.681941,113.691742,1.553702,1.942788,0.699175,3.430801
1776193027.711578,228.854675,542.535278,775.171265,771.389954,77.402252,29.667833,2,3.316836,1.669662,-2.023775,2.571116,0.38211,2.697203,88.095856,1.553702,1.942788,0.699175,3.430801
1776193028.481744,234.233368,542.198364,770.129517,776.431702,77.908974,30.167929,2,3.422093,1.642708,0.766519,2.635455,0.384777,2.654149,106.866829,1.553702,1.942788,0.699175,3.430801
1776193029.262005,233.157639,545.794922,780.213013,778.952576,76.902077,29.932201,2,3.493694,1.655301,0.911668,2.725826,0.385946,2.674187,113.873985,1.553702,1.942788,0.699175,3.430801
1776193030.063682,223.475998,566.820557,801.640503,790.29657,74.846519,28.277487,2,3.524188,1.74961,-0.062235,2.825132,0.390996,2.828535,117.915131,1.553702,1.942788,0.699175,3.430801
1776193030.848973,228.854675,562.702332,785.254761,791.557007,76.408325,28.911963,2,3.521613,1.712173,0.186261,2.765363,0.391839,2.766359,108.938797,1.553702,1.942788,0.699175,3.430801
1776193031.631744,224.551743,553.140381,782.733887,777.692139,76.654404,28.874117,2,3.320174,1.714359,-1.136219,2.598813,0.384962,2.769958,106.469055,1.553702,1.942788,0.699175,3.430801
1776193032.422089,224.551743,565.744812,790.29657,790.29657,75.920868,28.413605,2,3.284913,1.741437,-0.636108,2.596055,0.391043,2.81486,97.577721,1.553702,1.942788,0.699175,3.430801
1776193033.199817,229.93042,554.063904,777.692139,783.994324,77.151352,29.328072,2,3.288632,1.6885,0.392921,2.557543,0.388237,2.727658,95.548241,1.553702,1.942788,0.699175,3.430801
1776193033.976285,218.097321,544.469482,776.431702,762.566833,77.276596,28.600422,2,3.325786,1.730348,0.00091,2.582246,0.377384,2.796395,118.232948,1.553702,1.942788,0.699175,3.430801
1776193034.764097,212.718643,568.754822,787.775635,781.47345,76.163818,27.220201,2,3.398407,1.815872,-2.127754,2.677182,0.38627,2.941501,121.128326,1.553702,1.942788,0.699175,3.430801
1776193035.534275,222.400253,559.073181,770.129517,781.47345,77.908974,28.459093,2,3.467519,1.738724,-0.589,2.670439,0.386693,2.810332,112.130798,1.553702,1.942788,0.699175,3.430801
1776193036.313264,218.097321,555.813477,778.952576,773.910828,77.026512,28.181194,2,3.346304,1.755439,-0.404762,2.606612,0.382857,2.838322,101.039062,1.553702,1.942788,0.699175,3.430801
1776193037.088471,228.854675,558.920959,775.171265,787.775635,77.402252,29.050743,2,3.473725,1.704202,0.930414,2.692732,0.390015,2.753275,136.449539,1.553702,1.942788,0.699175,3.430801
1776193037.858638,221.324524,539.981873,770.129517,761.306396,77.908974,29.071676,2,3.485044,1.703006,-1.162205,2.683935,0.376917,2.751317,124.716232,1.553702,1.942788,0.699175,3.430801
1776193038.631324,223.475998,551.695251,772.650391,775.171265,77.654785,28.829241,2,3.321787,1.71696,-0.539961,2.56658,0.383699,2.774244,120.923859,1.553702,1.942788,0.699175,3.430801
1776193039.398981,221.324524,543.763184,767.608582,765.087708,78.164841,28.927994,2,3.599904,1.711248,-0.461745,2.763317,0.378741,2.764839,137.019012,1.553702,1.942788,0.699175,3.430801
1776193040.188054,214.870117,566.603333,789.036072,781.47345,76.042152,27.49551,2,3.551068,1.798127,-2.189563,2.801921,0.386364,2.910883,110.101852,1.553702,1.942788,0.699175,3.430801
1776193040.954438,223.475998,552.955688,766.348145,776.431702,78.293396,28.782442,2,3.453755,1.719681,-0.366229,2.646779,0.384307,2.778733,121.189789,1.553702,1.942788,0.699175,3.430801
1776193041.746031,221.324524,567.711548,791.557007,789.036072,75.799973,28.049988,2,3.301978,1.763446,-1.639596,2.613704,0.390294,2.851815,111.867905,1.553702,1.942788,0.699175,3.430801
1776193042.532596,224.551743,565.744812,786.515198,790.29657,76.285873,28.413605,2,3.242463,1.741437,-1.419722,2.550246,0.391043,2.81486,119.147614,1.553702,1.942788,0.699175,3.430801
1776193043.310324,225.627487,553.325073,777.692139,778.952576,77.151352,28.965496,2,3.196382,1.709089,-0.994597,2.485801,0.385617,2.761291,107.715714,1.553702,1.942788,0.699175,3.430801
1776193044.086792,227.778946,551.173645,776.431702,778.952576,77.276596,29.241695,2,3.165839,1.693358,-0.146094,2.458058,0.385711,2.735562,106.354668,1.553702,1.942788,0.699175,3.430801
1776193044.858218,221.324524,542.502747,771.389954,763.827271,77.78167,28.975729,2,3.245831,1.708501,-1.066875,2.503801,0.378133,2.760325,124.097885,1.553702,1.942788,0.699175,3.430801
1776193045.632165,226.703217,553.509766,773.910828,780.213013,77.528313,29.05658,2,3.479441,1.703868,-0.772198,2.692777,0.386272,2.752729,128.259155,1.553702,1.942788,0.699175,3.430801
1776193046.416209,225.627487,557.106384,783.994324,782.733887,76.531166,28.825569,2,3.396832,1.717173,-0.82636,2.663097,0.387441,2.774596,114.845154,1.553702,1.942788,0.699175,3.430801
1776193047.198979,218.097321,555.813477,782.733887,773.910828,76.654404,28.181194,2,3.223314,1.755439,-2.125713,2.522997,0.382857,2.838322,107.488304,1.553702,1.942788,0.699175,3.430801
1776193047.962842,220.248795,546.099365,763.827271,766.348145,78.551788,28.740046,2,3.295379,1.722153,-0.563979,2.517101,0.379302,2.782819,113.017365,1.553702,1.942788,0.699175,3.430801
1776193048.73805,224.551743,555.661255,775.171265,780.213013,77.402252,28.780825,2,3.348655,1.719775,-1.542039,2.595781,0.386178,2.778889,102.421829,1.553702,1.942788,0.699175,3.430801
1776193049.511997,220.248795,548.6203,773.910828,768.86908,77.528313,28.645813,2,3.363507,1.727675,-1.264179,2.603055,0.380518,2.79196,105.904915,1.553702,1.942788,0.699175,3.430801
1776193050.282175,217.021576,549.326538,770.129517,766.348145,77.908974,28.318926,2,3.531636,1.747114,0.452094,2.719817,0.379161,2.824352,108.731606,1.553702,1.942788,0.699175,3.430801
1776193051.071248,212.718643,571.275696,789.036072,783.994324,76.042152,27.132675,2,3.518638,1.821589,-1.652701,2.776332,0.387486,2.951422,107.76783,1.553702,1.942788,0.699175,3.430801
1776193051.857799,218.097321,574.720093,786.515198,792.817444,76.285873,27.509148,2,3.470199,1.797257,-1.613723,2.729364,0.391977,2.909389,111.357941,1.553702,1.942788,0.699175,3.430801
1776193052.630486,218.097321,554.553101,772.650391,772.650391,77.654785,28.227169,2,3.333706,1.752651,-1.164432,2.575789,0.382248,2.833637,99.633545,1.553702,1.942788,0.699175,3.430801
1776193053.401912,220.248795,553.662048,771.389954,773.910828,77.78167,28.459194,2,3.361604,1.738718,-1.2892,2.593107,0.38295,2.810322,102.962753,1.553702,1.942788,0.699175,3.430801
1776193054.177131,220.248795,554.922485,775.171265,775.171265,77.402252,28.41292,2,3.42672,1.741478,-0.544824,2.656295,0.383558,2.814929,120.123505,1.553702,1.942788,0.699175,3.430801
1776193054.957381,221.324524,560.148926,780.213013,781.47345,76.902077,28.32144,2,3.320554,1.746962,-0.625973,2.59074,0.386646,2.824098,107.9067,1.553702,1.942788,0.699175,3.430801
1776193055.726286,223.475998,547.91394,768.86908,771.389954,78.03669,28.97056,2,3.301471,1.708798,-0.792096,2.538399,0.381875,2.760813,109.139435,1.553702,1.942788,0.699175,3.430801
1776193056.507797,221.324524,557.628052,781.47345,778.952576,76.778038,28.413094,2,3.419719,1.741468,-0.636961,2.672419,0.38543,2.814911,110.207306,1.553702,1.942788,0.699175,3.430801
1776193057.288046,217.021576,558.149658,780.213013,775.171265,76.902077,27.996597,2,3.562122,1.766726,-0.784745,2.779214,0.383418,2.857357,115.193802,1.553702,1.942788,0.699175,3.430801
1776193058.068307,223.475998,564.299622,780.213013,787.775635,76.902077,28.367975,2,3.539501,1.744168,-0.956696,2.761564,0.38978,2.819423,120.56366,1.553702,1.942788,0.699175,3.430801
1776193058.848557,219.17305,555.99823,780.213013,775.171265,76.902077,28.274145,2,3.452737,1.749812,-1.760615,2.693871,0.383512,2.828873,96.5868,1.553702,1.942788,0.699175,3.430801
1776193059.637629,222.400253,570.417175,789.036072,792.817444,76.042152,28.051886,2,3.36,1.76333,-1.137852,2.651161,0.392165,2.851618,106.322769,1.553702,1.942788,0.699175,3.430801
1776193060.416619,220.248795,556.182922,778.952576,776.431702,77.026512,28.366795,2,3.268062,1.744239,-1.831296,2.545665,0.384167,2.819541,98.850662,1.553702,1.942788,0.699175,3.430801
1776193061.183015,231.006149,547.946411,766.348145,778.952576,78.293396,29.655996,2,3.329629,1.670312,0.526227,2.551655,0.385852,2.698247,87.359894,1.553702,1.942788,0.699175,3.430801
1776193061.958222,223.475998,542.872131,775.171265,766.348145,77.402252,29.161158,2,3.427568,1.697914,0.290278,2.656952,0.379443,2.742993,145.142456,1.553702,1.942788,0.699175,3.430801
1776193062.739733,222.400253,557.812744,781.47345,780.213013,76.778038,28.50507,2,3.402232,1.73599,-0.644201,2.658754,0.386085,2.805776,103.999054,1.553702,1.942788,0.699175,3.430801
1776193063.525023,220.248795,562.485107,785.254761,782.733887,76.408325,28.138399,2,3.346404,1.758042,-0.571441,2.62778,0.387207,2.842703,95.533745,1.553702,1.942788,0.699175,3.430801
1776193064.306534,224.551743,561.96344,781.47345,786.515198,76.778038,28.550211,2,3.312825,1.733314,0.439324,2.588885,0.389219,2.801324,108.355324,1.553702,1.942788,0.699175,3.430801
1776193065.083014,224.551743,551.879944,776.431702,776.431702,77.276596,28.92099,2,3.248989,1.711652,-0.111348,2.522618,0.384354,2.765503,96.759087,1.553702,1.942788,0.699175,3.430801
1776193065.848137,227.778946,541.090149,765.087708,768.86908,78.422379,29.625193,2,3.312973,1.672003,0.720859,2.534715,0.380847,2.700971,119.147018,1.553702,1.942788,0.699175,3.430801
1776193066.619564,223.475998,542.872131,771.389954,766.348145,77.78167,29.161158,2,3.284183,1.697914,-0.588257,2.533386,0.379443,2.742993,96.580673,1.553702,1.942788,0.699175,3.430801
1776193067.370823,226.703217,528.301025,751.2229,755.004211,79.869766,30.026749,2,3.213201,1.650227,-0.817338,2.41383,0.374112,2.666096,99.362427,1.553702,1.942788,0.699175,3.430801
1776193068.151072,219.17305,552.216919,780.213013,771.389954,76.902077,28.412745,2,3.333469,1.741489,-0.789014,2.600816,0.381687,2.814946,96.397049,1.553702,1.942788,0.699175,3.430801
1776193068.925032,225.627487,555.845947,773.910828,781.47345,77.528313,28.872061,2,3.44952,1.714478,-0.247958,2.669621,0.386833,2.770154,102.218155,1.553702,1.942788,0.699175,3.430801
1776193069.704021,221.324524,552.586304,778.952576,773.910828,77.026512,28.598196,2,3.314669,1.730479,-0.383899,2.58197,0.382997,2.796613,103.637817,1.553702,1.942788,0.699175,3.430801
1776193070.474186,215.945847,547.881409,770.129517,763.827271,77.908974,28.271557,2,3.344479,1.749968,-1.560638,2.575682,0.377898,2.829134,109.437408,1.553702,1.942788,0.699175,3.430801
1776193071.255696,227.778946,567.559387,781.47345,795.338318,76.778038,28.639252,2,3.226339,1.72806,-0.597798,2.521298,0.393616,2.7926,104.50914,1.553702,1.942788,0.699175,3.430801
1776193072.022081,226.703217,538.384521,766.348145,765.087708,78.293396,29.63101,2,3.250731,1.671683,-0.658715,2.491192,0.378976,2.700456,102.786179,1.553702,1.942788,0.699175,3.430801
1776193072.804864,225.627487,555.845947,782.733887,781.47345,76.654404,28.872061,2,3.18311,1.714478,-0.393737,2.491528,0.386833,2.770154,96.254639,1.553702,1.942788,0.699175,3.430801
1776193073.581331,225.627487,550.804199,776.431702,776.431702,77.276596,29.059542,2,3.178494,1.703699,0.193686,2.467884,0.384401,2.752452,106.587776,1.553702,1.942788,0.699175,3.430801
1776193074.355278,225.627487,548.283325,773.910828,773.910828,77.528313,29.154196,2,3.306474,1.698309,0.534357,2.558916,0.383185,2.743638,111.610222,1.553702,1.942788,0.699175,3.430801
1776193075.125445,227.778946,544.87146,770.129517,772.650391,77.908974,29.480209,2,3.215418,1.680011,3.498309,2.476289,0.382671,2.713897,92.558876,1.553702,1.942788,0.699175,3.430801
1776193075.910735,222.400253,556.552307,785.254761,778.952576,76.408325,28.551193,2,2.978657,1.733256,-1.104442,2.339004,0.385476,2.801227,87.131874,1.553702,1.942788,0.699175,3.430801
1776193076.67335,223.475998,540.351257,762.566833,763.827271,78.681625,29.257399,2,3.332838,1.692473,-0.225573,2.541512,0.378227,2.73412,100.352539,1.553702,1.942788,0.699175,3.430801
1776193077.45108,226.703217,554.770264,777.692139,781.47345,77.151352,29.009714,2,3.314857,1.70655,-0.39266,2.577938,0.38688,2.757125,103.603561,1.553702,1.942788,0.699175,3.430801
1776193078.237631,225.627487,559.627258,786.515198,785.254761,76.285873,28.73303,2,3.422013,1.722563,-0.246955,2.691465,0.388658,2.783496,110.707977,1.553702,1.942788,0.699175,3.430801
1776193079.021662,217.021576,556.889282,783.994324,773.910828,76.531166,28.042194,2,3.392361,1.763924,-1.148135,2.659592,0.38281,2.852622,116.718597,1.553702,1.942788,0.699175,3.430801
1776193079.788046,223.475998,550.434814,766.348145,773.910828,78.293396,28.876194,2,3.374437,1.714239,-0.128684,2.585994,0.383091,2.769761,111.075348,1.553702,1.942788,0.699175,3.430801
1776193080.559484,226.703217,548.468018,771.389954,775.171265,77.78167,29.245564,2,3.344511,1.69314,0.263698,2.579922,0.38384,2.735207,95.211021,1.553702,1.942788,0.699175,3.430801
1776193081.342255,220.248795,554.922485,782.733887,775.171265,76.654404,28.41292,2,3.279289,1.741478,-1.153332,2.566811,0.383558,2.814929,96.263084,1.553702,1.942788,0.699175,3.430801
1776193082.117462,223.475998,555.476562,775.171265,778.952576,77.402252,28.689295,2,3.309641,1.725122,-0.070402,2.565538,0.385523,2.787732,110.437241,1.553702,1.942788,0.699175,3.430801
1776193082.892671,222.400253,551.510559,775.171265,773.910828,77.402252,28.737194,2,3.432611,1.72232,-0.068397,2.660861,0.383044,2.783094,98.881485,1.553702,1.942788,0.699175,3.430801
1776193083.674192,217.021576,558.149658,781.47345,775.171265,76.778038,27.996597,2,3.422161,1.766726,0.420503,2.674328,0.383418,2.857357,96.200035,1.553702,1.942788,0.699175,3.430801
1776193084.448139,224.551743,558.182129,773.910828,782.733887,77.528313,28.688133,2,3.433466,1.725191,-0.787195,2.657197,0.387395,2.787844,104.841278,1.553702,1.942788,0.699175,3.430801
1776193085.224608,220.248795,551.141174,776.431702,771.389954,77.276596,28.552198,2,3.316541,1.733196,0.159942,2.575068,0.381734,2.801128,99.052666,1.553702,1.942788,0.699175,3.430801
1776193086.001075,221.324524,556.367615,776.431702,777.692139,77.276596,28.459145,2,3.241415,1.73872,-0.647207,2.516737,0.384821,2.810327,104.529716,1.553702,1.942788,0.699175,3.430801
1776193086.768721,221.324524,546.284058,767.608582,767.608582,78.164841,28.832993,2,3.494768,1.716742,0.907881,2.682614,0.379957,2.773885,117.201622,1.553702,1.942788,0.699175,3.430801
1776193087.540147,223.475998,550.434814,771.389954,773.910828,77.78167,28.876194,2,3.44803,1.714239,0.193426,2.659775,0.383091,2.769761,115.847084,1.553702,1.942788,0.699175,3.430801
1776193088.310324,218.097321,545.72998,770.129517,763.827271,77.908974,28.553226,2,3.441989,1.733135,-1.15014,2.650777,0.377992,2.801027,108.980896,1.553702,1.942788,0.699175,3.430801
1776193089.084272,223.475998,556.737,773.910828,780.213013,77.528313,28.642946,2,3.328433,1.727843,3.151142,2.57591,0.386131,2.79224,129.97612,1.553702,1.942788,0.699175,3.430801
1776193089.859479,234.233368,553.542236,775.171265,787.775635,77.402252,29.733511,2,3.253954,1.666071,0.964752,2.522372,0.390249,2.691431,137.037277,1.553702,1.942788,0.699175,3.430801
1776193090.656114,224.551743,560.703003,796.598755,785.254761,75.320229,28.596037,2,3.400483,1.730606,0.096203,2.708821,0.388611,2.796824,132.886703,1.553702,1.942788,0.699175,3.430801
1776193091.435116,219.17305,553.477356,778.952576,772.650391,77.026512,28.366392,2,3.566001,1.744263,-0.012157,2.777746,0.382295,2.819582,115.004776,1.553702,1.942788,0.699175,3.430801
1776193092.225448,219.17305,571.123535,790.29657,790.29657,75.920868,27.733013,2,3.56613,1.783102,-0.903945,2.8183,0.390808,2.885167,118.718231,1.553702,1.942788,0.699175,3.430801
1776193093.004438,228.854675,561.441895,778.952576,790.29657,77.026512,28.958076,2,3.338655,1.709516,0.109678,2.600654,0.391231,2.761992,119.945213,1.553702,1.942788,0.699175,3.430801
1776193093.779645,224.551743,545.577759,775.171265,770.129517,77.402252,29.15766,2,3.354782,1.698113,0.936168,2.600531,0.381314,2.743317,107.012627,1.553702,1.942788,0.699175,3.430801
1776193094.558634,221.324524,553.846741,778.952576,775.171265,77.026512,28.551695,2,3.424905,1.733226,-0.732886,2.667838,0.383605,2.801178,98.382507,1.553702,1.942788,0.699175,3.430801
1776193095.330073,224.551743,550.619507,771.389954,775.171265,77.78167,28.968018,2,3.427892,1.708944,0.906916,2.644241,0.383746,2.761053,106.682533,1.553702,1.942788,0.699175,3.430801
1776193096.110322,222.400253,555.29187,780.213013,777.692139,76.902077,28.597467,2,3.507768,1.730522,-0.214176,2.736806,0.384868,2.796684,105.453491,1.553702,1.942788,0.699175,3.430801
1776193096.88931,222.400253,556.552307,778.952576,778.952576,77.026512,28.551193,2,3.544822,1.733256,0.424067,2.761248,0.385476,2.801227,120.340065,1.553702,1.942788,0.699175,3.430801
1776193097.6683,221.324524,556.367615,778.952576,777.692139,77.026512,28.459145,2,3.437335,1.73872,0.706753,2.677521,0.384821,2.810327,99.599449,1.553702,1.942788,0.699175,3.430801
1776193098.457384,220.248795,567.526855,789.036072,787.775635,76.042152,27.958315,2,3.492728,1.769085,0.684034,2.755888,0.389639,2.861349,119.293922,1.553702,1.942788,0.699175,3.430801
1776193099.230071,222.400253,552.770996,772.650391,775.171265,77.654785,28.690466,2,3.512037,1.725054,1.205305,2.713576,0.383652,2.787618,122.35479,1.553702,1.942788,0.699175,3.430801
1776193100.011581,221.324524,558.888489,781.47345,780.213013,76.778038,28.367191,2,3.285023,1.744215,-0.280588,2.567159,0.386038,2.819502,94.286499,1.553702,1.942788,0.699175,3.430801
1776193100.784267,222.400253,551.510559,772.650391,773.910828,77.654785,28.737194,2,3.472691,1.72232,1.307205,2.683176,0.383044,2.783094,131.507675,1.553702,1.942788,0.699175,3.430801
1776193101.558215,223.475998,551.695251,773.910828,775.171265,77.528313,28.829241,2,3.433663,1.71696,-0.386683,2.657349,0.383699,2.774244,108.770752,1.553702,1.942788,0.699175,3.430801
1776193102.334695,224.551743,553.140381,776.431702,777.692139,77.276596,28.874117,2,3.351676,1.714359,-0.476779,2.602348,0.384962,2.769958,98.920807,1.553702,1.942788,0.699175,3.430801
1776193103.108642,227.778946,549.913208,773.910828,777.692139,77.528313,29.289091,2,3.333635,1.690689,0.310584,2.579937,0.385103,2.731217,117.146538,1.553702,1.942788,0.699175,3.430801
1776193103.881329,224.551743,544.317322,772.650391,768.86908,77.654785,29.20546,2,3.276125,1.695405,-1.210649,2.531299,0.380706,2.738898,110.08905,1.553702,1.942788,0.699175,3.430801
1776193104.655276,204.112747,545.849731,773.910828,749.962463,77.528313,27.216396,2,3.360962,1.81612,-0.855983,2.601085,0.370693,2.94193,118.542068,1.553702,1.942788,0.699175,3.430801
1776193105.412838,220.248795,556.182922,757.525085,776.431702,79.205299,28.366795,2,3.501637,1.744239,-0.337867,2.652578,0.384167,2.819541,132.943573,1.553702,1.942788,0.699175,3.430801
1776193106.183016,225.627487,550.804199,770.129517,776.431702,77.908974,29.059542,2,3.557372,1.703699,0.111349,2.739637,0.384401,2.752452,163.12059,1.553702,1.942788,0.699175,3.430801
1776193106.958223,224.551743,549.35907,775.171265,773.910828,77.402252,29.015196,2,3.522273,1.706236,-0.536175,2.730365,0.383138,2.756609,132.110901,1.553702,1.942788,0.699175,3.430801
1776193107.725868,220.248795,542.318054,767.608582,762.566833,78.164841,28.882557,2,3.543013,1.713871,0.23723,2.719647,0.377478,2.769155,134.60112,1.553702,1.942788,0.699175,3.430801
1776193108.514941,222.400253,569.156738,789.036072,791.557007,76.042152,28.096558,2,3.358115,1.760595,-1.431155,2.649674,0.391557,2.847005,118.069321,1.553702,1.942788,0.699175,3.430801
1776193109.296451,222.400253,559.073181,781.47345,781.47345,76.778038,28.459093,2,3.199517,1.738724,-0.451536,2.500337,0.386693,2.810332,111.512848,1.553702,1.942788,0.699175,3.430801
1776193110.07041,222.400253,551.510559,773.910828,773.910828,77.528313,28.737194,2,3.289471,1.72232,-1.150028,2.545757,0.383044,2.783094,117.478027,1.553702,1.942788,0.699175,3.430801
1776193110.839315,225.627487,547.022888,768.86908,772.650391,78.03669,29.201757,2,3.328318,1.695614,0.122151,2.559041,0.382577,2.73924,137.718872,1.553702,1.942788,0.699175,3.430801
1776193111.613263,229.93042,549.022156,773.910828,778.952576,77.528313,29.517899,2,3.455313,1.677922,-1.038921,2.674104,0.385805,2.710519,125.075653,1.553702,1.942788,0.699175,3.430801
1776193112.392251,225.627487,548.283325,778.952576,773.910828,77.026512,29.154196,2,3.266632,1.698309,-0.713434,2.544551,0.383185,2.743638,99.77182,1.553702,1.942788,0.699175,3.430801
1776193113.167458,224.551743,549.35907,775.171265,773.910828,77.402252,29.015196,2,3.271594,1.706236,-1.421912,2.536046,0.383138,2.756609,107.018433,1.553702,1.942788,0.699175,3.430801
1776193113.926293,223.475998,534.049072,758.785522,757.525085,79.07373,29.500807,2,3.335927,1.678869,-0.153778,2.531253,0.375187,2.712049,129.918365,1.553702,1.942788,0.699175,3.430801
1776193114.70024,221.324524,550.06543,773.910828,771.389954,77.528313,28.691652,2,3.444446,1.724984,0.673788,2.665694,0.381781,2.787503,135.318832,1.553702,1.942788,0.699175,3.430801
1776193115.48175,223.475998,560.518311,781.47345,783.994324,76.778038,28.504797,2,3.495302,1.736006,-0.479749,2.731486,0.387956,2.805803,108.376892,1.553702,1.942788,0.699175,3.430801
1776193116.255697,223.475998,550.434814,773.910828,773.910828,77.528313,28.876194,2,3.404055,1.714239,0.008372,2.634435,0.383091,2.769761,113.998604,1.553702,1.942788,0.699175,3.430801
1776193117.033425,224.551743,554.400818,777.692139,778.952576,77.151352,28.827396,2,3.397059,1.717067,0.010859,2.641866,0.38557,2.774421,118.766045,1.553702,1.942788,0.699175,3.430801
1776193117.809906,226.703217,552.24939,776.431702,778.952576,77.276596,29.103598,2,3.268352,1.701186,-1.173527,2.537652,0.385664,2.748339,105.409081,1.553702,1.942788,0.699175,3.430801
1776193118.577551,219.17305,539.612488,767.608582,758.785522,78.164841,28.884718,2,3.219334,1.713746,-0.818861,2.471188,0.375607,2.768949,98.62925,1.553702,1.942788,0.699175,3.430801
1776193119.35906,220.248795,562.485107,781.47345,782.733887,76.778038,28.138399,2,3.310391,1.758042,-0.342248,2.586983,0.387207,2.842703,99.229546,1.553702,1.942788,0.699175,3.430801
1776193120.130487,227.778946,552.434082,771.389954,780.213013,77.78167,29.194456,2,3.385571,1.696028,-0.473735,2.611596,0.386319,2.739913,109.280518,1.553702,1.942788,0.699175,3.430801
1776193120.906955,222.400253,547.729248,776.431702,770.129517,77.276596,28.878292,2,3.415703,1.714118,-0.361849,2.65206,0.38122,2.769561,102.616333,1.553702,1.942788,0.699175,3.430801
1776193121.689738,227.778946,561.257141,782.733887,789.036072,76.654404,28.868002,2,3.211516,1.714713,-0.974032,2.513762,0.390576,2.770541,101.449516,1.553702,1.942788,0.699175,3.430801
1776193122.475029,228.854675,557.660522,785.254761,786.515198,76.408325,29.097298,2,3.178188,1.701545,-0.350304,2.495687,0.389407,2.748926,100.132629,1.553702,1.942788,0.699175,3.430801
1776193123.251496,226.703217,547.207642,776.431702,773.910828,77.276596,29.293198,2,3.170649,1.690458,-0.229136,2.461792,0.383232,2.730841,104.06076,1.553702,1.942788,0.699175,3.430801
1776193124.026704,224.551743,548.098633,775.171265,772.650391,77.402252,29.062527,2,3.136668,1.703528,-0.606893,2.431455,0.38253,2.752172,101.912849,1.553702,1.942788,0.699175,3.430801
1776193124.803172,219.17305,550.956482,776.431702,770.129517,77.276596,28.459246,2,3.213096,1.738715,3.291947,2.494749,0.381079,2.810317,115.249001,1.553702,1.942788,0.699175,3.430801
1776193125.583433,233.157639,563.441101,780.213013,796.598755,76.902077,29.269144,2,3.135464,1.691811,0.159905,2.44633,0.394459,2.733043,108.390923,1.553702,1.942788,0.699175,3.430801
1776193126.371246,234.233368,554.802734,787.775635,789.036072,76.163818,29.686016,2,3.391107,1.668666,-0.357579,2.671432,0.390857,2.695601,100.638733,1.553702,1.942788,0.699175,3.430801
1776193127.146453,213.794373,537.428528,775.171265,751.2229,77.402252,28.459513,2,3.48282,1.738698,-0.467165,2.699782,0.371724,2.81029,117.476852,1.553702,1.942788,0.699175,3.430801
1776193127.935526,222.400253,576.71936,789.036072,799.119629,76.042152,27.830658,2,3.420534,1.776999,-0.234816,2.698925,0.395205,2.874777,97.213188,1.553702,1.942788,0.699175,3.430801
1776193128.717048,222.400253,559.073181,781.47345,781.47345,76.778038,28.459093,2,3.367331,1.738724,-1.09505,2.63148,0.386693,2.810332,92.44281,1.553702,1.942788,0.699175,3.430801
1776193129.497297,222.400253,557.812744,780.213013,780.213013,76.902077,28.50507,2,3.41504,1.73599,0.368383,2.664459,0.386085,2.805776,113.133217,1.553702,1.942788,0.699175,3.430801
1776193130.273766,221.324524,553.846741,776.431702,775.171265,77.276596,28.551695,2,3.392479,1.733226,-0.195764,2.634028,0.383605,2.801178,105.932114,1.553702,1.942788,0.699175,3.430801
1776193131.046452,221.324524,551.325867,772.650391,772.650391,77.654785,28.644848,2,3.418188,1.727731,-0.316894,2.641064,0.382389,2.792055,109.122192,1.553702,1.942788,0.699175,3.430801
1776193131.824181,219.17305,555.99823,777.692139,775.171265,77.151352,28.274145,2,3.379898,1.749812,-0.11454,2.62852,0.383512,2.828873,112.45784,1.553702,1.942788,0.699175,3.430801
1776193132.603182,221.324524,560.148926,778.952576,781.47345,77.026512,28.32144,2,3.421152,1.746962,-0.682808,2.664916,0.386646,2.824098,112.443832,1.553702,1.942788,0.699175,3.430801
1776193133.385952,228.854675,562.702332,782.733887,791.557007,76.654404,28.911963,2,3.303022,1.712173,0.075934,2.585387,0.391839,2.766359,118.503906,1.553702,1.942788,0.699175,3.430801
1776193134.156118,206.264236,537.395996,770.129517,743.660217,77.908974,27.736355,2,3.364023,1.782893,-0.200144,2.590734,0.367747,2.88481,102.805222,1.553702,1.942788,0.699175,3.430801
1776193134.938888,218.097321,578.501465,782.733887,796.598755,76.654404,27.378569,2,3.422311,1.805621,0.866898,2.678759,0.393801,2.92378,138.173508,1.553702,1.942788,0.699175,3.430801
1776193135.716628,221.324524,560.148926,777.692139,781.47345,77.151352,28.32144,2,3.433734,1.746962,0.058524,2.670388,0.386646,2.824098,131.622147,1.553702,1.942788,0.699175,3.430801
1776193136.491837,222.400253,554.031433,775.171265,776.431702,77.402252,28.64389,2,3.245591,1.727788,-0.060527,2.515889,0.38426,2.792148,100.06823,1.553702,1.942788,0.699175,3.430801
1776193137.264523,226.703217,550.988892,772.650391,777.692139,77.654785,29.150766,2,3.306671,1.698504,0.340505,2.5549,0.385056,2.743956,103.45517,1.553702,1.942788,0.699175,3.430801
1776193138.028387,229.93042,537.678162,763.827271,767.608582,78.551788,29.954124,2,3.370022,1.654122,1.079646,2.574115,0.380333,2.672304,125.788223,1.553702,1.942788,0.699175,3.430801
1776193138.808636,226.703217,549.728516,780.213013,776.431702,76.902077,29.19809,2,3.161166,1.695822,-0.801747,2.466383,0.384448,2.739578,83.741364,1.553702,1.942788,0.699175,3.430801
1776193139.590158,225.627487,554.58551,781.47345,780.213013,76.778038,28.918705,2,3.230937,1.711784,-0.438432,2.524892,0.386225,2.765719,103.984512,1.553702,1.942788,0.699175,3.430801
1776193140.371668,222.400253,555.29187,781.47345,777.692139,76.778038,28.597467,2,3.175651,1.730522,-0.79733,2.481687,0.384868,2.796684,97.859085,1.553702,1.942788,0.699175,3.430801
1776193141.145615,219.17305,550.956482,773.910828,770.129517,77.528313,28.459246,2,3.209834,1.738715,-0.678539,2.484125,0.381079,2.810317,93.43602,1.553702,1.942788,0.699175,3.430801
1776193141.911999,223.475998,547.91394,766.348145,771.389954,78.293396,28.97056,2,3.241503,1.708798,-1.082317,2.48412,0.381875,2.760813,103.94545,1.553702,1.942788,0.699175,3.430801
1776193142.685947,226.703217,550.988892,773.910828,777.692139,77.528313,29.150766,2,3.217912,1.698504,-0.477522,2.490377,0.385056,2.743956,104.795311,1.553702,1.942788,0.699175,3.430801
1776193143.461166,228.854675,548.837463,775.171265,777.692139,77.402252,29.427412,2,3.254302,1.682947,-0.553028,2.522641,0.38515,2.71865,93.319565,1.553702,1.942788,0.699175,3.430801
1776193144.2515,224.551743,560.703003,790.29657,785.254761,75.920868,28.596037,2,3.174862,1.730606,-1.160571,2.509083,0.388611,2.796824,99.921555,1.553702,1.942788,0.699175,3.430801
1776193145.026707,228.854675,551.358337,775.171265,780.213013,77.402252,29.332335,2,3.259356,1.68826,-0.273164,2.52656,0.386366,2.72727,102.536789,1.553702,1.942788,0.699175,3.430801
1776193145.808216,222.400253,551.510559,781.47345,773.910828,76.778038,28.737194,2,3.270736,1.72232,-0.110457,2.555994,0.383044,2.783094,104.628952,1.553702,1.942788,0.699175,3.430801
1776193146.579643,227.778946,549.913208,771.389954,777.692139,77.78167,29.289091,2,3.283672,1.690689,-0.475109,2.532991,0.385103,2.731217,113.425735,1.553702,1.942788,0.699175,3.430801
1776193147.3473,233.157639,540.753174,767.608582,773.910828,78.164841,30.127197,2,3.314248,1.64487,0.517615,2.544045,0.383514,2.657579,109.319023,1.553702,1.942788,0.699175,3.430801
1776193148.119987,232.081909,539.308044,772.650391,771.389954,77.654785,30.086199,2,3.340988,1.647052,0.299447,2.581415,0.382251,2.661046,113.161232,1.553702,1.942788,0.699175,3.430801
1776193148.892674,227.778946,539.829651,772.650391,767.608582,77.654785,29.673841,2,3.194349,1.669333,-0.512194,2.468115,0.380239,2.696674,101.571236,1.553702,1.942788,0.699175,3.430801
1776193149.6641,226.703217,543.42627,771.389954,770.129517,77.78167,29.437023,2,3.121479,1.682412,-1.240421,2.407877,0.381408,2.717783,92.979385,1.553702,1.942788,0.699175,3.430801
1776193150.426704,225.627487,535.678894,762.566833,761.306396,78.681625,29.636883,2,3.284734,1.67136,0.710279,2.504829,0.377105,2.699936,131.738754,1.553702,1.942788,0.699175,3.430801
1776193151.201923,222.400253,548.989685,775.171265,771.389954,77.402252,28.831106,2,3.286018,1.716852,-0.720412,2.547227,0.381828,2.774065,104.276428,1.553702,1.942788,0.699175,3.430801
1776193151.97587,225.627487,552.064636,773.910828,777.692139,77.528313,29.012442,2,3.238558,1.706394,-0.995897,2.506355,0.385009,2.756869,111.230698,1.553702,1.942788,0.699175,3.430801
1776193152.752338,225.627487,550.804199,776.431702,776.431702,77.276596,29.059542,2,3.178854,1.703699,-2.169554,2.468163,0.384401,2.752452,105.080856,1.553702,1.942788,0.699175,3.430801
1776193153.516202,228.854675,538.753906,763.827271,767.608582,78.551788,29.81398,2,3.143806,1.661692,-1.47908,2.401325,0.380286,2.684407,94.76236,1.553702,1.942788,0.699175,3.430801
1776193154.293931,229.93042,549.022156,777.692139,778.952576,77.151352,29.517899,2,3.189247,1.677922,-0.613649,2.480253,0.385805,2.710519,100.461212,1.553702,1.942788,0.699175,3.430801
1776193155.054013,228.854675,529.930847,760.045959,758.785522,78.942596,30.160654,2,3.290032,1.643094,-1.005623,2.500576,0.37603,2.654761,111.891006,1.553702,1.942788,0.699175,3.430801
1776193155.831753,225.627487,548.283325,777.692139,773.910828,77.151352,29.154196,2,3.167402,1.698309,-1.155856,2.463264,0.383185,2.743638,93.29361,1.553702,1.942788,0.699175,3.430801
1776193156.60318,225.627487,545.762451,771.389954,771.389954,77.78167,29.249472,2,3.319074,1.692919,-0.914896,2.5603,0.381969,2.734848,97.294907,1.553702,1.942788,0.699175,3.430801
1776193157.378387,238.536301,551.760254,775.171265,790.29657,77.402252,30.183136,2,3.347159,1.641903,0.187412,2.594622,0.391653,2.652872,102.662804,1.553702,1.942788,0.699175,3.430801
1776193158.16746,224.551743,548.098633,789.036072,772.650391,76.042152,29.062527,2,3.188833,1.703528,-0.964231,2.516104,0.38253,2.752172,107.070679,1.553702,1.942788,0.699175,3.430801
1776193158.938898,223.475998,546.653503,771.389954,770.129517,77.78167,29.017977,2,3.272896,1.706077,-1.210761,2.524679,0.381267,2.756349,109.133316,1.553702,1.942788,0.699175,3.430801
1776193159.717887,223.475998,555.476562,778.952576,778.952576,77.026512,28.689295,2,3.29496,1.725122,-1.258685,2.566617,0.385523,2.787732,110.913818,1.553702,1.942788,0.699175,3.430801
1776193160.489314,218.097321,546.990356,771.389954,765.087708,77.78167,28.506187,2,3.273345,1.735923,-0.643904,2.525025,0.3786,2.805666,97.738312,1.553702,1.942788,0.699175,3.430801
1776193161.264521,219.17305,557.258667,775.171265,776.431702,77.402252,28.228247,2,3.371233,1.752586,-0.757386,2.613283,0.38412,2.833528,115.177307,1.553702,1.942788,0.699175,3.430801
1776193162.024603,232.081909,543.089355,760.045959,775.171265,78.942596,29.939438,2,3.370939,1.654912,0.483611,2.562069,0.384075,2.673565,99.405571,1.553702,1.942788,0.699175,3.430801
1776193162.798551,229.93042,541.459534,773.910828,771.389954,77.528313,29.807287,2,3.326412,1.662055,0.625381,2.574347,0.382157,2.684989,129.821274,1.553702,1.942788,0.699175,3.430801
1776193163.578812,225.627487,549.543762,780.213013,775.171265,76.902077,29.106792,2,3.380115,1.701004,-0.04089,2.637209,0.383793,2.748042,105.950584,1.553702,1.942788,0.699175,3.430801
1776193164.347717,217.021576,541.763916,768.86908,758.785522,78.03669,28.601175,2,3.329569,1.730303,-1.972769,2.560003,0.375513,2.796321,105.907028,1.553702,1.942788,0.699175,3.430801
1776193165.117883,218.097321,553.292603,770.129517,771.389954,77.908974,28.273291,2,3.355259,1.749863,-0.549279,2.583984,0.38164,2.828959,102.996506,1.553702,1.942788,0.699175,3.430801
1776193165.888049,211.642914,550.92395,770.129517,762.566833,77.908974,27.754015,2,3.369955,1.781786,-0.54772,2.595302,0.377102,2.882923,107.76004,1.553702,1.942788,0.699175,3.430801
1776193166.67082,222.400253,572.938049,782.733887,795.338318,76.654404,27.962975,2,3.319932,1.768798,0.039517,2.598624,0.393381,2.860862,118.405052,1.553702,1.942788,0.699175,3.430801
1776193167.443518,225.627487,550.804199,772.650391,776.431702,77.654785,29.059542,2,3.294896,1.703699,-0.986245,2.545803,0.384401,2.752452,107.189957,1.553702,1.942788,0.699175,3.430801
1776193168.214944,228.854675,546.316589,771.389954,775.171265,77.78167,29.523109,2,3.311482,1.677633,0.641343,2.554444,0.383934,2.710053,92.247139,1.553702,1.942788,0.699175,3.430801
1776193169.002757,224.551743,558.182129,787.775635,782.733887,76.163818,28.688133,2,3.232488,1.725191,-1.872687,2.546475,0.387395,2.787844,102.882111,1.553702,1.942788,0.699175,3.430801
1776193169.772922,221.324524,545.023621,770.129517,766.348145,77.908974,28.880415,2,3.285454,1.713995,-1.677238,2.530225,0.379349,2.769359,95.623177,1.553702,1.942788,0.699175,3.430801
1776193170.527963,225.627487,534.418457,755.004211,760.045959,79.469757,29.686031,2,3.335912,1.668666,-0.062458,2.518628,0.376497,2.6956,104.718796,1.553702,1.942788,0.699175,3.430801
1776193171.312006,212.718643,556.150452,783.994324,768.86908,76.531166,27.666431,2,3.244308,1.787288,-2.06873,2.543519,0.38019,2.892313,101.446136,1.553702,1.942788,0.699175,3.430801
1776193172.073348,221.324524,550.06543,761.306396,771.389954,78.811897,28.691652,2,3.431024,1.724984,0.641232,2.612061,0.381781,2.787503,123.121666,1.553702,1.942788,0.699175,3.430801
1776193172.844775,215.945847,549.141846,771.389954,765.087708,77.78167,28.224977,2,3.34243,1.752784,-0.964157,2.578317,0.378506,2.83386,115.218903,1.553702,1.942788,0.699175,3.430801
1776193173.618722,222.400253,559.073181,773.910828,781.47345,77.528313,28.459093,2,3.550076,1.738724,-0.691606,2.747442,0.386693,2.810332,112.409409,1.553702,1.942788,0.699175,3.430801
1776193174.404014,221.324524,562.6698,785.254761,783.994324,76.408325,28.230371,2,3.370978,1.752457,-0.818378,2.647077,0.387862,2.833312,110.870422,1.553702,1.942788,0.699175,3.430801
1776193175.17041,223.475998,545.393066,766.348145,768.86908,78.293396,29.065546,2,3.507938,1.703356,-0.273758,2.688302,0.380659,2.75189,106.784714,1.553702,1.942788,0.699175,3.430801
1776193175.943096,223.475998,549.174377,772.650391,772.650391,77.654785,28.9233,2,3.546628,1.711519,0.008298,2.740304,0.382483,2.765284,122.145973,1.553702,1.942788,0.699175,3.430801
1776193176.709482,224.551743,543.056824,766.348145,767.608582,78.293396,29.253418,2,3.431765,1.692697,-0.485985,2.629927,0.380098,2.734486,97.197044,1.553702,1.942788,0.699175,3.430801
1776193177.467043,224.551743,532.973328,757.525085,757.525085,79.205299,29.642811,2,3.451349,1.671035,0.715736,2.614483,0.375234,2.699412,85.358437,1.553702,1.942788,0.699175,3.430801
1776193178.246031,215.945847,552.923218,778.952576,768.86908,77.026512,28.086164,2,3.499431,1.761231,-0.808504,2.725891,0.38033,2.848076,108.318367,1.553702,1.942788,0.699175,3.430801
1776193179.008635,212.718643,546.066895,762.566833,758.785522,78.681625,28.034094,2,3.510839,1.764421,-1.922617,2.677249,0.375325,2.853461,98.059349,1.553702,1.942788,0.699175,3.430801
1776193179.780073,218.097321,559.594849,771.389954,777.692139,77.78167,28.044172,2,3.29741,1.763803,-1.552136,2.543589,0.384681,2.852417,90.485191,1.553702,1.942788,0.699175,3.430801
1776193180.557802,226.703217,561.072388,777.692139,787.775635,77.151352,28.777637,2,3.298154,1.719961,-1.336902,2.564949,0.389921,2.779195,99.639572,1.553702,1.942788,0.699175,3.430801
1776193181.331749,232.081909,548.131104,773.910828,780.213013,77.528313,29.745966,2,3.316623,1.665391,1.046199,2.566771,0.386507,2.69034,112.521484,1.553702,1.942788,0.699175,3.430801
1776193182.099393,233.157639,535.711426,767.608582,768.86908,78.164841,30.324751,2,3.258778,1.634439,-0.888873,2.501466,0.381082,2.641064,96.454224,1.553702,1.942788,0.699175,3.430801
1776193182.880904,233.157639,548.315796,781.47345,781.47345,76.778038,29.835644,2,3.206929,1.660517,0.62423,2.50613,0.387162,2.682526,99.274422,1.553702,1.942788,0.699175,3.430801
1776193183.67503,221.324524,558.888489,794.077881,780.213013,75.559341,28.367191,2,3.17998,1.744215,-1.624785,2.525152,0.386038,2.819502,89.561417,1.553702,1.942788,0.699175,3.430801
1776193184.443935,224.551743,548.098633,768.86908,772.650391,78.03669,29.062527,2,3.513834,1.703528,0.329739,2.701679,0.38253,2.752172,100.775528,1.553702,1.942788,0.699175,3.430801
1776193185.224185,223.475998,555.476562,780.213013,778.952576,76.902077,28.689295,2,3.39701,1.725122,0.240423,2.650391,0.385523,2.787732,111.190285,1.553702,1.942788,0.699175,3.430801
1776193186.010736,223.475998,563.039185,786.515198,786.515198,76.285873,28.413435,2,3.312191,1.741447,-0.070736,2.605089,0.389172,2.814877,106.689507,1.553702,1.942788,0.699175,3.430801
1776193186.802342,224.551743,568.265686,791.557007,792.817444,75.799973,28.323259,2,3.242156,1.746853,0.282297,2.566351,0.392259,2.823915,99.415909,1.553702,1.942788,0.699175,3.430801
1776193187.581331,225.627487,554.58551,778.952576,780.213013,77.026512,28.918705,2,3.291143,1.711784,-0.603626,2.563644,0.386225,2.765719,106.452774,1.553702,1.942788,0.699175,3.430801
1776193188.352757,233.157639,547.055359,771.389954,780.213013,77.78167,29.883844,2,3.310145,1.657909,0.245472,2.553413,0.386554,2.678354,105.259865,1.553702,1.942788,0.699175,3.430801
1776193189.133007,223.475998,545.393066,780.213013,768.86908,76.902077,29.065546,2,3.288726,1.703356,-0.942515,2.565907,0.380659,2.75189,105.440384,1.553702,1.942788,0.699175,3.430801
1776193189.906954,227.778946,551.173645,773.910828,778.952576,77.528313,29.241695,2,3.25614,1.693358,-0.66729,2.519962,0.385711,2.735562,103.121246,1.553702,1.942788,0.699175,3.430801
1776193190.696038,228.854675,561.441895,789.036072,790.29657,76.042152,28.958076,2,3.173007,1.709516,-1.224867,2.503618,0.391231,2.761992,90.414589,1.553702,1.942788,0.699175,3.430801
1776193191.475027,229.93042,550.282593,778.952576,780.213013,77.026512,29.470211,2,3.029695,1.680566,3.735855,2.359989,0.386413,2.714795,99.718323,1.553702,1.942788,0.699175,3.430801
1776193192.251495,215.945847,544.100098,776.431702,760.045959,77.276596,28.412209,2,3.070755,1.741521,-0.307761,2.384232,0.376074,2.814999,106.686584,1.553702,1.942788,0.699175,3.430801
1776193193.033005,215.945847,565.527588,781.47345,781.47345,76.778038,27.633167,2,3.466289,1.789387,-1.953094,2.708812,0.386411,2.895901,107.501106,1.553702,1.942788,0.699175,3.430801
1776193193.806965,225.627487,559.627258,773.910828,785.254761,77.528313,28.73303,2,3.327382,1.722563,-0.893513,2.575097,0.388658,2.783496,98.611038,1.553702,1.942788,0.699175,3.430801
1776193194.588474,224.551743,555.661255,781.47345,780.213013,76.778038,28.780825,2,3.130631,1.719775,3.414525,2.446505,0.386178,2.778889,102.664528,1.553702,1.942788,0.699175,3.430801
1776193195.368724,228.854675,556.400085,780.213013,785.254761,76.902077,29.144005,2,2.971004,1.698888,0.573001,2.318016,0.388798,2.744583,95.882088,1.553702,1.942788,0.699175,3.430801
1776193196.148973,219.17305,549.696045,780.213013,768.86908,76.902077,28.505901,2,3.402653,1.73594,-0.679096,2.654794,0.380471,2.805694,102.557159,1.553702,1.942788,0.699175,3.430801
1776193196.9204,222.400253,552.770996,771.389954,775.171265,77.78167,28.690466,2,3.461401,1.725054,-0.808207,2.67009,0.383652,2.787618,109.053223,1.553702,1.942788,0.699175,3.430801
1776193197.69814,224.551743,555.661255,777.692139,780.213013,77.151352,28.780825,2,3.304042,1.719775,-0.106076,2.569527,0.386178,2.778889,96.202957,1.553702,1.942788,0.699175,3.430801
1776193198.468306,224.551743,545.577759,770.129517,770.129517,77.908974,29.15766,2,3.363437,1.698113,-0.23077,2.590282,0.381314,2.743317,100.839256,1.553702,1.942788,0.699175,3.430801
1776193199.26116,219.17305,567.342163,792.817444,786.515198,75.679466,27.866346,2,3.251508,1.774779,-1.67323,2.577852,0.388984,2.871005,93.868279,1.553702,1.942788,0.699175,3.430801
1776193200.032586,221.324524,552.586304,771.389954,773.910828,77.78167,28.598196,2,3.315171,1.730479,-1.084916,2.557289,0.382997,2.796613,99.825485,1.553702,1.942788,0.699175,3.430801
1776193200.809066,222.400253,555.29187,776.431702,777.692139,77.276596,28.597467,2,3.288563,1.730522,-1.126641,2.553345,0.384868,2.796684,111.615494,1.553702,1.942788,0.699175,3.430801
1776193201.581753,222.400253,550.250122,772.650391,772.650391,77.654785,28.784073,2,3.337301,1.719586,-1.693721,2.578567,0.382436,2.778577,103.332977,1.553702,1.942788,0.699175,3.430801
1776193202.358221,224.551743,554.400818,776.431702,778.952576,77.276596,28.827396,2,3.348328,1.717067,-0.908511,2.599748,0.38557,2.774421,109.376617,1.553702,1.942788,0.699175,3.430801
1776193203.133429,209.491425,548.033691,775.171265,757.525085,77.402252,27.654716,2,3.35123,1.788027,-0.327511,2.597777,0.374576,2.893575,93.997856,1.553702,1.942788,0.699175,3.430801
1776193203.903594,213.794373,561.376892,770.129517,775.171265,77.908974,27.580276,2,3.364548,1.792735,-1.614094,2.591138,0.383277,2.901632,95.936676,1.553702,1.942788,0.699175,3.430801
1776193204.668718,224.551743,553.140381,765.087708,777.692139,78.422379,28.874117,2,3.347291,1.714359,-0.906655,2.560971,0.384962,2.769958,103.334686,1.553702,1.942788,0.699175,3.430801
1776193205.437636,221.324524,543.763184,768.86908,765.087708,78.03669,28.927994,2,3.320476,1.711248,-0.826471,2.553011,0.378741,2.764839,99.618515,1.553702,1.942788,0.699175,3.430801
1776193206.215364,221.324524,556.367615,777.692139,777.692139,77.151352,28.459145,2,3.137118,1.73872,3.176088,2.439712,0.384821,2.810327,82.609001,1.553702,1.942788,0.699175,3.430801
1776193206.976707,223.475998,540.351257,761.306396,763.827271,78.811897,29.257399,2,3.136829,1.692473,-0.864298,2.388088,0.378227,2.73412,101.440918,1.553702,1.942788,0.699175,3.430801
1776193207.750655,222.400253,550.250122,773.910828,772.650391,77.528313,28.784073,2,3.343464,1.719586,-0.812067,2.587543,0.382436,2.778577,112.290054,1.553702,1.942788,0.699175,3.430801
1776193208.529643,214.870117,555.259399,778.952576,770.129517,77.026512,27.900517,2,3.298658,1.772659,-1.986987,2.569498,0.380891,2.867407,91.515388,1.553702,1.942788,0.699175,3.430801
1776193209.301082,223.475998,557.997437,771.389954,781.47345,77.78167,28.59675,2,3.219458,1.730564,3.461929,2.483458,0.386739,2.796755,91.887413,1.553702,1.942788,0.699175,3.430801
1776193210.087633,215.945847,561.746277,786.515198,777.692139,76.285873,27.767525,2,3.077162,1.78094,0.162615,2.420235,0.384587,2.881483,96.987267,1.553702,1.942788,0.699175,3.430801
1776193210.871664,217.021576,568.233154,783.994324,785.254761,76.531166,27.637091,2,3.290174,1.78914,-2.757757,2.579478,0.388282,2.895477,96.701561,1.553702,1.942788,0.699175,3.430801
1776193211.64183,212.718643,552.36908,770.129517,765.087708,77.908974,27.803171,2,3.386031,1.778713,-1.348818,2.607682,0.378365,2.877691,106.998764,1.553702,1.942788,0.699175,3.430801
1776193212.409475,219.17305,555.99823,767.608582,775.171265,78.164841,28.274145,2,3.49376,1.749812,0.702855,2.68184,0.383512,2.828873,103.558388,1.553702,1.942788,0.699175,3.430801
1776193213.189736,221.324524,561.409363,780.213013,782.733887,76.902077,28.275833,2,3.32996,1.74971,-1.067803,2.598078,0.387254,2.828702,100.365356,1.553702,1.942788,0.699175,3.430801
1776193213.961163,220.248795,549.880737,771.389954,770.129517,77.78167,28.598928,2,3.420104,1.730436,-0.724459,2.638234,0.381126,2.796541,100.621521,1.553702,1.942788,0.699175,3.430801
1776193214.73511,223.475998,554.216125,773.910828,777.692139,77.528313,28.735792,2,3.467244,1.722402,-0.498421,2.683338,0.384915,2.783229,96.677353,1.553702,1.942788,0.699175,3.430801
1776193215.511578,219.17305,552.216919,776.431702,771.389954,77.276596,28.412745,2,3.386967,1.741489,-0.456956,2.629749,0.381687,2.814946,111.352631,1.553702,1.942788,0.699175,3.430801
1776193216.283004,218.097321,552.032227,771.389954,770.129517,77.78167,28.319565,2,3.305387,1.747075,-0.653073,2.549742,0.381032,2.824287,98.876976,1.553702,1.942788,0.699175,3.430801
1776193217.058224,219.17305,557.258667,775.171265,776.431702,77.402252,28.228247,2,3.291091,1.752586,-0.179059,2.551159,0.38412,2.833528,95.160629,1.553702,1.942788,0.699175,3.430801
1776193217.840995,224.551743,564.484314,782.733887,789.036072,76.654404,28.458994,2,3.29787,1.738729,-0.570327,2.581354,0.390435,2.810342,105.745026,1.553702,1.942788,0.699175,3.430801
1776193218.616202,217.021576,549.326538,775.171265,766.348145,77.402252,28.318926,2,3.335445,1.747114,0.386313,2.585541,0.379161,2.824352,106.035362,1.553702,1.942788,0.699175,3.430801
1776193219.401494,223.475998,569.341431,785.254761,792.817444,76.408325,28.187572,2,3.259593,1.755052,-1.92774,2.559611,0.392212,2.837671,95.265656,1.553702,1.942788,0.699175,3.430801
1776193220.161575,223.475998,536.569946,760.045959,760.045959,78.942596,29.40296,2,3.316454,1.68431,-0.427629,2.520657,0.376403,2.720859,104.725235,1.553702,1.942788,0.699175,3.430801
1776193220.938055,220.248795,552.401611,776.431702,772.650391,77.276596,28.505621,2,3.198648,1.735957,-0.214102,2.483531,0.382342,2.805722,97.809593,1.553702,1.942788,0.699175,3.430801
1776193221.724608,217.021576,565.71228,786.515198,782.733887,76.285873,27.726099,2,3.230945,1.783536,-1.261098,2.541188,0.387066,2.885907,96.360046,1.553702,1.942788,0.699175,3.430801
1776193222.501075,217.021576,559.410156,776.431702,776.431702,77.276596,27.951149,2,3.338682,1.769527,-1.174974,2.592259,0.384026,2.862098,108.992706,1.553702,1.942788,0.699175,3.430801
1776193223.283846,222.400253,566.635803,782.733887,789.036072,76.654404,28.186321,2,3.093644,1.755127,2.725684,2.4215,0.390341,2.837799,99.53334,1.553702,1.942788,0.699175,3.430801
1776193224.051503,218.097321,544.469482,767.608582,762.566833,78.164841,28.600422,2,3.014024,1.730348,-1.100953,2.313591,0.377384,2.796395,101.60907,1.553702,1.942788,0.699175,3.430801
1776193224.820408,224.551743,551.879944,768.86908,776.431702,78.03669,28.92099,2,3.351793,1.711652,0.134996,2.57709,0.384354,2.765503,109.458649,1.553702,1.942788,0.699175,3.430801
1776193225.590574,224.551743,545.577759,770.129517,770.129517,77.908974,29.15766,2,3.220075,1.698113,-0.497308,2.479875,0.381314,2.743317,102.778633,1.553702,1.942788,0.699175,3.430801
1776193226.355698,224.551743,540.53595,765.087708,765.087708,78.422379,29.349804,2,3.390691,1.687282,-0.041669,2.594176,0.378882,2.72568,100.242279,1.553702,1.942788,0.699175,3.430801
1776193227.130905,225.627487,550.804199,775.171265,776.431702,77.402252,29.059542,2,3.350604,1.703699,0.329331,2.597291,0.384401,2.752452,93.958076,1.553702,1.942788,0.699175,3.430801
1776193227.89729,226.703217,540.905396,766.348145,767.608582,78.293396,29.533699,2,3.446418,1.677047,0.226428,2.641156,0.380192,2.709107,113.067436,1.553702,1.942788,0.699175,3.430801
1776193228.676291,219.17305,550.956482,778.952576,770.129517,77.026512,28.459246,2,3.335959,1.738715,-2.069658,2.598554,0.381079,2.810317,104.681107,1.553702,1.942788,0.699175,3.430801
1776193229.460322,219.17305,564.821289,783.994324,783.994324,76.531166,27.95595,2,3.496895,1.769231,-1.232328,2.741546,0.387768,2.861596,108.385376,1.553702,1.942788,0.699175,3.430801
1776193230.224186,214.870117,543.915405,763.827271,758.785522,78.551788,28.317636,2,3.344385,1.747191,-3.569546,2.554533,0.375419,2.824481,87.777634,1.553702,1.942788,0.699175,3.430801
1776193230.993091,213.794373,553.814209,768.86908,767.608582,78.03669,27.852005,2,3.475569,1.775671,-1.672376,2.672258,0.379628,2.872519,98.411835,1.553702,1.942788,0.699175,3.430801
1776193231.763257,218.097321,557.073975,770.129517,775.171265,77.908974,28.135372,2,3.387275,1.758227,-2.526373,2.608641,0.383465,2.843014,97.60582,1.553702,1.942788,0.699175,3.430801
1776193232.533435,221.324524,552.586304,770.129517,773.910828,77.908974,28.598196,2,3.475683,1.730479,-0.122076,2.676726,0.382997,2.796613,115.489594,1.553702,1.942788,0.699175,3.430801
1776193233.304861,221.324524,550.06543,771.389954,771.389954,77.78167,28.691652,2,3.587183,1.724984,0.665547,2.767117,0.381781,2.787503,136.936676,1.553702,1.942788,0.699175,3.430801
1776193234.085111,224.551743,559.442566,780.213013,783.994324,76.902077,28.64201,2,3.460516,1.727898,-1.203002,2.69994,0.388003,2.792332,114.800842,1.553702,1.942788,0.699175,3.430801
1776193234.852755,223.475998,542.872131,767.608582,766.348145,78.164841,29.161158,2,3.397864,1.697914,-0.36274,2.60823,0.379443,2.742993,103.227142,1.553702,1.942788,0.699175,3.430801
1776193235.622922,225.627487,547.022888,770.129517,772.650391,77.908974,29.201757,2,3.346423,1.695614,-0.098949,2.577179,0.382577,2.73924,107.034576,1.553702,1.942788,0.699175,3.430801
1776193236.39562,219.17305,545.914673,772.650391,765.087708,77.654785,28.646788,2,3.290771,1.727618,-1.098428,2.542616,0.378647,2.791866,94.113327,1.553702,1.942788,0.699175,3.430801
1776193237.167046,226.703217,553.509766,771.389954,780.213013,77.78167,29.05658,2,3.269537,1.703868,-0.242129,2.522088,0.386272,2.752729,94.372772,1.553702,1.942788,0.699175,3.430801
1776193237.944775,221.324524,550.06543,777.692139,771.389954,77.151352,28.691652,2,3.223547,1.724984,-0.484352,2.506927,0.381781,2.787503,97.065407,1.553702,1.942788,0.699175,3.430801
1776193238.707378,225.627487,541.981079,762.566833,767.608582,78.681625,29.39356,2,3.354516,1.684835,0.798593,2.558042,0.380145,2.72171,98.691917,1.553702,1.942788,0.699175,3.430801
1776193239.486368,222.400253,552.770996,778.952576,775.171265,77.026512,28.690466,2,3.322527,1.725054,-0.801933,2.588091,0.383652,2.787618,109.390381,1.553702,1.942788,0.699175,3.430801
1776193240.257806,226.703217,549.728516,771.389954,776.431702,77.78167,29.19809,2,3.241486,1.695822,-1.255567,2.500449,0.384448,2.739578,94.211006,1.553702,1.942788,0.699175,3.430801
1776193241.02545,225.627487,540.720642,767.608582,766.348145,78.164841,29.441906,2,3.349319,1.68214,0.402387,2.570966,0.379537,2.717342,124.795563,1.553702,1.942788,0.699175,3.430801
1776193241.798138,221.324524,546.284058,772.650391,767.608582,77.654785,28.832993,2,3.345608,1.716742,-1.295585,2.584985,0.379957,2.773885,108.84671,1.553702,1.942788,0.699175,3.430801
1776193242.56074,225.627487,541.981079,762.566833,767.608582,78.681625,29.39356,2,3.467091,1.684835,-0.27695,2.643888,0.380145,2.72171,115.745575,1.553702,1.942788,0.699175,3.430801
1776193243.327125,200.885559,536.472412,766.348145,737.357971,78.293396,27.243965,2,3.253984,1.814326,0.219968,2.493685,0.364472,2.938823,95.795273,1.553702,1.942788,0.699175,3.430801
1776193244.104854,220.248795,580.131287,777.692139,800.380066,77.151352,27.518024,2,3.341206,1.796692,-0.687411,2.598429,0.395719,2.908418,95.320412,1.553702,1.942788,0.699175,3.430801
1776193244.844769,219.17305,519.445374,739.878845,738.618408,81.09436,29.67338,2,3.37976,1.669359,-1.17297,2.500612,0.365878,2.696714,94.42218,1.553702,1.942788,0.699175,3.430801
1776193245.603603,220.248795,539.79718,758.785522,760.045959,79.07373,28.978352,2,3.37622,1.70835,-1.046568,2.561826,0.376262,2.760078,94.083603,1.553702,1.942788,0.699175,3.430801
1776193246.363685,222.400253,540.166565,760.045959,762.566833,78.942596,29.16469,2,3.447775,1.697714,0.015685,2.620468,0.377572,2.742665,103.180321,1.553702,1.942788,0.699175,3.430801
1776193247.122507,222.400253,536.385254,758.785522,758.785522,79.07373,29.31003,2,3.30869,1.689512,-0.956028,2.510586,0.375748,2.729304,93.049858,1.553702,1.942788,0.699175,3.430801
1776193247.888892,222.400253,543.947876,766.348145,766.348145,78.293396,29.020786,2,3.290612,1.705916,-0.552212,2.521754,0.379396,2.756084,94.707901,1.553702,1.942788,0.699175,3.430801
1776193248.661578,223.475998,550.434814,772.650391,773.910828,77.654785,28.876194,2,3.218596,1.714239,-1.623671,2.486849,0.383091,2.769761,89.819557,1.553702,1.942788,0.699175,3.430801
1776193249.427963,215.945847,541.579224,766.348145,757.525085,78.293396,28.50676,2,3.38886,1.735889,-1.977038,2.597047,0.374858,2.805609,99.293579,1.553702,1.942788,0.699175,3.430801
1776193250.180495,211.642914,535.798706,752.483337,747.441589,79.735985,28.315645,2,3.450148,1.747311,-0.372651,2.596179,0.369806,2.824682,97.455643,1.553702,1.942788,0.699175,3.430801
1776193250.946879,213.794373,555.074707,766.348145,768.86908,78.293396,27.806341,2,3.417109,1.778515,-0.253971,2.618695,0.380237,2.877355,115.504028,1.553702,1.942788,0.699175,3.430801
1776193251.698139,217.021576,537.982666,751.2229,755.004211,79.869766,28.744421,2,3.259942,1.721898,3.542151,2.448943,0.373689,2.782396,117.416573,1.553702,1.942788,0.699175,3.430801
1776193252.472086,214.870117,556.519836,773.910828,771.389954,77.528313,27.854929,2,3.074955,1.775489,-0.324207,2.379741,0.381499,2.87221,109.839569,1.553702,1.942788,0.699175,3.430801
1776193253.242252,218.097321,555.813477,770.129517,773.910828,77.908974,28.181194,2,3.286551,1.755439,-0.468093,2.53107,0.382857,2.838322,96.512985,1.553702,1.942788,0.699175,3.430801
1776193254.022501,219.17305,562.300415,780.213013,781.47345,76.902077,28.046127,2,3.33725,1.763683,0.649881,2.603766,0.386552,2.852214,91.621902,1.553702,1.942788,0.699175,3.430801
1776193254.787637,222.400253,546.468811,765.087708,768.86908,78.422379,28.925632,2,3.363153,1.711384,0.743392,2.573107,0.380612,2.765062,121.010948,1.553702,1.942788,0.699175,3.430801
1776193255.555282,221.324524,545.023621,767.608582,766.348145,78.164841,28.880415,2,3.308739,1.713995,0.312032,2.539817,0.379349,2.769359,105.756577,1.553702,1.942788,0.699175,3.430801
1776193256.319146,225.627487,543.241577,763.827271,768.86908,78.551788,29.345373,2,3.305857,1.68753,0.650661,2.525104,0.380753,2.726083,103.460724,1.553702,1.942788,0.699175,3.430801
1776193257.094353,219.17305,548.435547,775.171265,767.608582,77.402252,28.552711,2,3.17311,1.733166,-1.28352,2.459704,0.379863,2.801078,86.070671,1.553702,1.942788,0.699175,3.430801
1776193257.86578,225.627487,553.325073,771.389954,778.952576,77.78167,28.965496,2,3.111591,1.709089,-1.061418,2.40025,0.385617,2.761291,83.660828,1.553702,1.942788,0.699175,3.430801
1776193258.635945,222.400253,543.947876,770.129517,766.348145,77.908974,29.020786,2,3.258977,1.705916,-0.239419,2.509834,0.379396,2.756084,93.286598,1.553702,1.942788,0.699175,3.430801
1776193259.411166,219.17305,552.216919,775.171265,771.389954,77.402252,28.412745,2,3.226714,1.741489,-1.143198,2.501256,0.381687,2.814946,99.246414,1.553702,1.942788,0.699175,3.430801
1776193260.168727,222.400253,538.906128,757.525085,761.306396,79.205299,29.212975,2,3.246829,1.69498,0.952242,2.459554,0.376964,2.738205,109.512901,1.553702,1.942788,0.699175,3.430801
1776193260.942674,222.400253,551.510559,773.910828,773.910828,77.528313,28.737194,2,3.251532,1.72232,1.02838,2.516396,0.383044,2.783094,94.549438,1.553702,1.942788,0.699175,3.430801
1776193261.71158,222.400253,546.468811,768.86908,768.86908,78.03669,28.925632,2,3.321049,1.711384,0.23504,2.553452,0.380612,2.765062,106.535683,1.553702,1.942788,0.699175,3.430801
1776193262.481745,220.248795,547.359802,770.129517,767.608582,77.908974,28.692854,2,3.282753,1.724914,-1.154075,2.528145,0.37991,2.787386,94.390594,1.553702,1.942788,0.699175,3.430801
1776193263.239307,227.778946,538.569214,757.525085,766.348145,79.205299,29.722647,2,3.302017,1.666664,-0.051098,2.501361,0.379631,2.692383,89.382729,1.553702,1.942788,0.699175,3.430801
1776193264.003183,226.703217,535.863647,763.827271,762.566833,78.551788,29.728964,2,3.191695,1.666319,0.447825,2.437904,0.37776,2.691829,80.795982,1.553702,1.942788,0.699175,3.430801
1776193264.77839,225.627487,548.283325,775.171265,773.910828,77.402252,29.154196,2,3.311604,1.698309,-0.912557,2.56706,0.383185,2.743638,98.578621,1.553702,1.942788,0.699175,3.430801
1776193265.554858,226.703217,550.988892,776.431702,777.692139,77.276596,29.150766,2,3.156591,1.698504,-0.960037,2.450877,0.385056,2.743956,93.93959,1.553702,1.942788,0.699175,3.430801
1776193266.326284,226.703217,544.686768,771.389954,771.389954,77.78167,29.388926,2,3.1725,1.685094,-2.12252,2.447235,0.382016,2.722129,90.929207,1.553702,1.942788,0.699175,3.430801
1776193267.083846,226.703217,530.821899,757.525085,757.525085,79.205299,29.926828,2,3.227427,1.655591,0.82302,2.444857,0.375328,2.674649,90.82235,1.553702,1.942788,0.699175,3.430801
1776193267.859066,225.627487,548.283325,775.171265,773.910828,77.402252,29.154196,2,3.244,1.698309,-0.171449,2.514655,0.383185,2.743638,94.415642,1.553702,1.942788,0.699175,3.430801
1776193268.629231,225.627487,544.502014,770.129517,770.129517,77.908974,29.297342,2,3.201985,1.690225,-1.287789,2.465943,0.381361,2.730463,92.488327,1.553702,1.942788,0.699175,3.430801
1776193269.404439,227.778946,549.913208,775.171265,777.692139,77.402252,29.289091,2,3.127936,1.690689,-0.602735,2.424686,0.385103,2.731217,98.254959,1.553702,1.942788,0.699175,3.430801
1776193270.174605,220.248795,541.057617,770.129517,761.306396,77.908974,28.930374,2,3.052974,1.711111,3.387054,2.351186,0.37687,2.764613,87.671867,1.553702,1.942788,0.699175,3.430801
1776193270.937208,226.703217,543.42627,762.566833,770.129517,78.681625,29.437023,2,2.883577,1.682412,-0.632173,2.19892,0.381408,2.717783,98.44368,1.553702,1.942788,0.699175,3.430801
1776193271.713676,218.097321,548.250854,776.431702,766.348145,77.276596,28.459301,2,3.285122,1.738711,-1.42425,2.550673,0.379208,2.810311,96.797958,1.553702,1.942788,0.699175,3.430801
1776193272.458645,221.324524,527.377502,744.920654,748.702026,80.545494,29.561096,2,3.423465,1.675534,-0.404242,2.55021,0.370837,2.706663,90.754463,1.553702,1.942788,0.699175,3.430801
1776193273.22377,222.400253,543.947876,765.087708,766.348145,78.422379,29.020786,2,3.269317,1.705916,-0.855686,2.501314,0.379396,2.756084,93.755188,1.553702,1.942788,0.699175,3.430801
1776193273.98007,221.324524,533.679688,756.264648,755.004211,79.337303,29.314342,2,3.237482,1.68927,-2.505548,2.448393,0.373877,2.72891,94.463081,1.553702,1.942788,0.699175,3.430801
1776193274.738892,227.778946,538.569214,758.785522,766.348145,79.07373,29.722647,2,3.223339,1.666664,-0.659495,2.445823,0.379631,2.692383,92.457405,1.553702,1.942788,0.699175,3.430801
1776193275.510319,220.248795,542.318054,771.389954,762.566833,77.78167,28.882557,2,3.242111,1.713871,-0.347519,2.500932,0.377478,2.769155,96.26609,1.553702,1.942788,0.699175,3.430801
1776193276.288047,222.400253,557.812744,777.692139,780.213013,77.151352,28.50507,2,3.307797,1.73599,-0.896409,2.572448,0.386085,2.805776,108.213943,1.553702,1.942788,0.699175,3.430801
1776193277.065787,224.551743,555.661255,777.692139,780.213013,77.151352,28.780825,2,3.304233,1.719775,-0.820531,2.569676,0.386178,2.778889,108.226044,1.553702,1.942788,0.699175,3.430801
1776193277.837214,222.400253,546.468811,771.389954,768.86908,77.78167,28.925632,2,3.23693,1.711384,-0.064462,2.496935,0.380612,2.765062,92.323822,1.553702,1.942788,0.699175,3.430801
1776193278.597296,221.324524,537.460999,760.045959,758.785522,78.942596,29.168261,2,3.455066,1.697511,0.796329,2.626009,0.375701,2.742335,110.795876,1.553702,1.942788,0.699175,3.430801
1776193279.376286,228.854675,558.920959,778.952576,787.775635,77.026512,29.050743,2,3.076493,1.704202,2.992556,2.396442,0.390015,2.753275,94.704834,1.553702,1.942788,0.699175,3.430801
1776193280.138888,236.384842,535.005127,762.566833,771.389954,78.681625,30.644014,2,2.948767,1.617865,0.057113,2.248632,0.382439,2.615014,87.469109,1.553702,1.942788,0.699175,3.430801
1776193280.914108,226.703217,537.124023,775.171265,763.827271,77.402252,29.679907,2,3.295099,1.669001,-0.538476,2.554266,0.378368,2.696139,106.485672,1.553702,1.942788,0.699175,3.430801
1776193281.693097,222.400253,551.510559,778.952576,773.910828,77.026512,28.737194,2,3.217883,1.72232,-0.851974,2.506578,0.383044,2.783094,95.914673,1.553702,1.942788,0.699175,3.430801
1776193282.469565,219.17305,553.477356,776.431702,772.650391,77.276596,28.366392,2,3.275234,1.744263,-1.660868,2.542996,0.382295,2.819582,99.501495,1.553702,1.942788,0.699175,3.430801
1776193283.228388,218.097321,539.427734,758.785522,757.525085,79.07373,28.790771,2,3.277158,1.719196,-0.418534,2.48666,0.374952,2.777933,93.677795,1.553702,1.942788,0.699175,3.430801
1776193283.993511,218.097321,546.990356,765.087708,765.087708,78.422379,28.506187,2,3.232851,1.735923,-0.795214,2.473414,0.3786,2.805666,99.34668,1.553702,1.942788,0.699175,3.430801
1776193284.757374,218.097321,545.72998,763.827271,763.827271,78.551788,28.553226,2,3.383456,1.733135,-1.490848,2.584376,0.377992,2.801027,98.966072,1.553702,1.942788,0.699175,3.430801
1776193285.530074,221.324524,555.107178,772.650391,776.431702,77.654785,28.505342,2,3.27867,1.735973,-0.184293,2.533266,0.384214,2.805749,99.858963,1.553702,1.942788,0.699175,3.430801
1776193286.304021,222.400253,552.770996,773.910828,775.171265,77.528313,28.690466,2,3.185998,1.725054,-0.162502,2.465678,0.383652,2.787618,94.503067,1.553702,1.942788,0.699175,3.430801
1776193287.075448,221.324524,548.804993,771.389954,770.129517,77.78167,28.738611,2,3.259204,1.722237,0.253935,2.514117,0.381173,2.782957,79.194969,1.553702,1.942788,0.699175,3.430801
1776193287.853176,223.475998,556.737,777.692139,780.213013,77.151352,28.642946,2,3.346318,1.727843,-1.571106,2.602406,0.386131,2.79224,101.875015,1.553702,1.942788,0.699175,3.430801
1776193288.640987,213.794373,562.637329,787.775635,776.431702,76.163818,27.535503,2,3.235556,1.795579,-2.545417,2.548892,0.383885,2.906508,90.673248,1.553702,1.942788,0.699175,3.430801
1776193289.399822,217.021576,545.545288,758.785522,762.566833,79.07373,28.459352,2,3.264934,1.738708,-1.2585,2.477384,0.377337,2.810306,86.912537,1.553702,1.942788,0.699175,3.430801
1776193290.162425,223.475998,546.653503,762.566833,770.129517,78.681625,29.017977,2,3.455036,1.706077,0.362072,2.634696,0.381267,2.756349,132.522507,1.553702,1.942788,0.699175,3.430801
1776193290.941414,223.475998,555.476562,778.952576,778.952576,77.026512,28.689295,2,3.339386,1.725122,-0.461782,2.601223,0.385523,2.787732,91.764259,1.553702,1.942788,0.699175,3.430801
1776193291.71158,222.400253,546.468811,770.129517,768.86908,77.908974,28.925632,2,3.24392,1.711384,-0.141157,2.498239,0.380612,2.765062,89.992249,1.553702,1.942788,0.699175,3.430801
1776193292.472922,217.021576,537.982666,761.306396,755.004211,78.811897,28.744421,2,3.411344,1.721898,0.521401,2.597078,0.373689,2.782396,100.399529,1.553702,1.942788,0.699175,3.430801
1776193293.239307,221.324524,550.06543,766.348145,771.389954,78.293396,28.691652,2,3.476062,1.724984,0.05819,2.663873,0.381781,2.787503,106.091438,1.553702,1.942788,0.699175,3.430801
1776193294.019569,222.400253,559.073181,780.213013,781.47345,76.902077,28.459093,2,3.364017,1.738724,-0.230844,2.62465,0.386693,2.810332,105.817421,1.553702,1.942788,0.699175,3.430801
1776193294.798557,221.324524,556.367615,778.952576,777.692139,77.026512,28.459145,2,3.267682,1.73872,-1.018059,2.545369,0.384821,2.810327,99.015404,1.553702,1.942788,0.699175,3.430801
1776193295.582589,217.021576,561.93103,783.994324,778.952576,76.531166,27.860693,2,3.421257,1.775131,-1.303678,2.682246,0.385242,2.871602,99.9067,1.553702,1.942788,0.699175,3.430801
1776193296.347712,219.17305,548.435547,765.087708,767.608582,78.422379,28.552711,2,3.449602,1.733166,0.466572,2.639248,0.379863,2.801078,103.234932,1.553702,1.942788,0.699175,3.430801
1776193297.111576,214.870117,543.915405,763.827271,758.785522,78.551788,28.317636,2,3.365482,1.747191,0.564797,2.570647,0.375419,2.824481,88.133545,1.553702,1.942788,0.699175,3.430801
1776193297.875452,219.17305,549.696045,763.827271,768.86908,78.551788,28.505901,2,3.411939,1.73594,-0.056778,2.606132,0.380471,2.805694,104.142746,1.553702,1.942788,0.699175,3.430801
1776193298.649399,226.703217,556.03064,773.910828,782.733887,77.528313,28.962999,2,3.29438,1.709232,0.160239,2.549556,0.387488,2.761527,112.922821,1.553702,1.942788,0.699175,3.430801
1776193299.414523,220.248795,537.276306,765.087708,757.525085,78.422379,29.074785,2,3.307968,1.702829,0.79206,2.530885,0.375046,2.751027,84.641319,1.553702,1.942788,0.699175,3.430801
1776193300.190991,217.021576,555.628784,776.431702,772.650391,77.276596,28.08794,2,3.283052,1.761122,-0.812773,2.549066,0.382201,2.847893,95.193184,1.553702,1.942788,0.699175,3.430801
1776193300.966198,214.870117,557.780273,775.171265,772.650391,77.402252,27.809488,2,3.376143,1.778319,-0.613872,2.617089,0.382108,2.87702,102.449844,1.553702,1.942788,0.699175,3.430801
1776193301.731335,218.097321,550.771729,765.087708,768.86908,78.422379,28.36599,2,3.568672,1.744287,0.126086,2.730347,0.380424,2.819622,128.145569,1.553702,1.942788,0.699175,3.430801
1776193302.495198,221.324524,546.284058,763.827271,767.608582,78.551788,28.832993,2,3.447188,1.716742,-0.270157,2.633056,0.379957,2.773885,105.472099,1.553702,1.942788,0.699175,3.430801
1776193303.265365,221.324524,548.804993,770.129517,770.129517,77.908974,28.738611,2,3.289564,1.722237,-1.105816,2.53339,0.381173,2.782957,95.380859,1.553702,1.942788,0.699175,3.430801
1776193304.043093,219.17305,555.99823,777.692139,775.171265,77.151352,28.274145,2,3.285428,1.749812,0.271569,2.555052,0.383512,2.828873,110.888084,1.553702,1.942788,0.699175,3.430801
1776193304.809477,223.475998,547.91394,766.348145,771.389954,78.293396,28.97056,2,3.33558,1.708798,-0.201778,2.556215,0.381875,2.760813,109.979401,1.553702,1.942788,0.699175,3.430801
1776193305.582164,214.870117,547.696716,772.650391,762.566833,77.654785,28.177217,2,3.470497,1.75568,-0.934831,2.681481,0.377243,2.838728,108.84597,1.553702,1.942788,0.699175,3.430801
1776193306.343519,217.021576,546.805664,761.306396,763.827271,78.811897,28.41239,2,3.48365,1.74151,0.004102,2.652125,0.377945,2.814981,89.490387,1.553702,1.942788,0.699175,3.430801
1776193307.103601,221.324524,543.763184,760.045959,765.087708,78.942596,28.927994,2,3.497465,1.711248,1.040333,2.658234,0.378741,2.764839,107.300209,1.553702,1.942788,0.699175,3.430801
1776193307.872507,223.475998,547.91394,768.86908,771.389954,78.03669,28.97056,2,3.419927,1.708798,0.471806,2.629476,0.381875,2.760813,98.964973,1.553702,1.942788,0.699175,3.430801
1776193308.638891,218.097321,541.948608,766.348145,760.045959,78.293396,28.69528,2,3.476231,1.724772,0.129613,2.664003,0.376168,2.787151,90.771889,1.553702,1.942788,0.699175,3.430801
1776193309.412839,218.097321,555.813477,773.910828,773.910828,77.528313,28.181194,2,3.456084,1.755439,-0.105408,2.674701,0.382857,2.838322,106.131073,1.553702,1.942788,0.699175,3.430801
1776193310.175442,218.097321,544.469482,762.566833,762.566833,78.681625,28.600422,2,3.396716,1.730348,-0.850192,2.590223,0.377384,2.796395,111.826599,1.553702,1.942788,0.699175,3.430801
1776193310.930494,219.17305,537.091614,755.004211,756.264648,79.469757,28.981001,2,3.12653,1.708198,3.248551,2.360544,0.374391,2.759828,94.609291,1.553702,1.942788,0.699175,3.430801
1776193311.686796,222.400253,537.645691,756.264648,760.045959,79.337303,29.261421,2,3.169449,1.692246,1.295252,2.396942,0.376356,2.733752,121.384621,1.553702,1.942788,0.699175,3.430801
1776193312.45444,221.324524,545.023621,767.608582,766.348145,78.164841,28.880415,2,3.574439,1.713995,1.092416,2.74377,0.379349,2.769359,124.363808,1.553702,1.942788,0.699175,3.430801
1776193313.222086,223.475998,546.653503,767.608582,770.129517,78.164841,29.017977,2,3.552435,1.706077,0.199254,2.72688,0.381267,2.756349,118.250473,1.553702,1.942788,0.699175,3.430801
1776193313.975866,225.627487,530.637146,753.743774,756.264648,79.602646,29.834461,2,3.438101,1.660581,-0.049502,2.591447,0.374673,2.682629,90.666733,1.553702,1.942788,0.699175,3.430801
1776193314.751073,227.778946,549.913208,775.171265,777.692139,77.402252,29.289091,2,3.463135,1.690689,1.160238,2.684522,0.385103,2.731217,111.263344,1.553702,1.942788,0.699175,3.430801
1776193315.526293,222.400253,546.468811,775.171265,768.86908,77.402252,28.925632,2,3.346167,1.711384,-0.969651,2.593852,0.380612,2.765062,89.839424,1.553702,1.942788,0.699175,3.430801
1776193316.292677,223.475998,544.132568,766.348145,767.608582,78.293396,29.113276,2,3.435016,1.700635,0.05277,2.632418,0.380051,2.747438,91.284599,1.553702,1.942788,0.699175,3.430801
1776193317.065365,221.324524,548.804993,772.650391,770.129517,77.654785,28.738611,2,3.349027,1.722237,-0.303084,2.587627,0.381173,2.782957,102.763992,1.553702,1.942788,0.699175,3.430801
1776193317.814103,227.778946,528.485718,748.702026,756.264648,80.138687,30.118946,2,3.645885,1.645309,-0.360846,2.729681,0.374767,2.658276,100.574623,1.553702,1.942788,0.699175,3.430801
1776193318.58931,214.870117,545.175842,775.171265,760.045959,77.402252,28.270674,2,3.523732,1.750021,-2.100358,2.731496,0.376027,2.829224,105.004059,1.553702,1.942788,0.699175,3.430801
1776193319.346872,218.097321,543.209106,757.525085,761.306396,79.205299,28.647772,2,3.564296,1.72756,-0.173045,2.700044,0.376776,2.79177,116.681412,1.553702,1.942788,0.699175,3.430801
1776193320.110735,224.551743,546.838196,763.827271,771.389954,78.551788,29.110018,2,3.584084,1.700821,0.394146,2.737621,0.381922,2.747741,101.719414,1.553702,1.942788,0.699175,3.430801
1776193320.87335,220.248795,537.276306,762.566833,757.525085,78.681625,29.074785,2,3.484555,1.702829,-0.462079,2.657206,0.375046,2.751027,102.593445,1.553702,1.942788,0.699175,3.430801
1776193321.62587,218.097321,531.865112,752.483337,749.962463,79.735985,29.081097,2,3.177581,1.702469,2.950088,2.391077,0.371304,2.750437,88.211876,1.553702,1.942788,0.699175,3.430801
1776193322.392255,224.551743,549.35907,766.348145,773.910828,78.293396,29.015196,2,3.039592,1.706236,-0.50269,2.329386,0.383138,2.756609,98.798782,1.553702,1.942788,0.699175,3.430801
1776193323.137212,236.384842,522.400696,744.920654,758.785522,80.545494,31.153049,2,3.474066,1.592143,1.704376,2.587903,0.376358,2.575046,114.656746,1.553702,1.942788,0.699175,3.430801
1776193323.923763,221.324524,547.544556,786.515198,768.86908,76.285873,28.785723,2,3.459857,1.71949,-0.997827,2.721231,0.380565,2.778418,102.864838,1.553702,1.942788,0.699175,3.430801
1776193324.673763,226.703217,529.561401,749.962463,756.264648,80.004005,29.976706,2,3.547381,1.652909,-0.593603,2.660403,0.37472,2.67037,102.237038,1.553702,1.942788,0.699175,3.430801
1776193325.446461,225.627487,545.762451,772.650391,771.389954,77.654785,29.249472,2,3.588827,1.692919,-1.282072,2.772908,0.381969,2.734848,110.015289,1.553702,1.942788,0.699175,3.430801
1776193326.211585,231.006149,540.383789,765.087708,771.389954,78.422379,29.946741,2,3.408464,1.654519,-0.329589,2.607774,0.382204,2.672938,108.154945,1.553702,1.942788,0.699175,3.430801
1776193326.981751,229.93042,538.93866,770.129517,768.86908,77.908974,29.905016,2,3.24641,1.656766,-0.784857,2.500156,0.380941,2.676527,107.196793,1.553702,1.942788,0.699175,3.430801
1776193327.75948,225.627487,547.022888,777.692139,772.650391,77.151352,29.201757,2,3.158584,1.695614,-0.538588,2.456406,0.382577,2.73924,100.922371,1.553702,1.942788,0.699175,3.430801
1776193328.533426,223.475998,547.91394,773.910828,771.389954,77.528313,28.97056,2,3.107059,1.708798,-0.96902,2.404587,0.381875,2.760813,89.014847,1.553702,1.942788,0.699175,3.430801
1776193329.311155,224.551743,554.400818,777.692139,778.952576,77.151352,28.827396,2,3.186062,1.717067,-0.745619,2.477775,0.38557,2.774421,113.753098,1.553702,1.942788,0.699175,3.430801
1776193330.085114,222.400253,548.989685,773.910828,771.389954,77.528313,28.831106,2,3.202659,1.716852,-0.263066,2.478572,0.381828,2.774065,95.574158,1.553702,1.942788,0.699175,3.430801
1776193330.859062,224.551743,551.879944,773.910828,776.431702,77.528313,28.92099,2,3.142273,1.711652,0.630615,2.431839,0.384354,2.765503,75.557388,1.553702,1.942788,0.699175,3.430801
1776193331.616623,223.475998,532.788635,757.525085,756.264648,79.205299,29.549974,2,3.374646,1.676148,0.908067,2.556379,0.374579,2.707654,101.082489,1.553702,1.942788,0.699175,3.430801
1776193332.380487,221.324524,539.981873,763.827271,761.306396,78.551788,29.071676,2,3.345042,1.703006,-0.391955,2.555034,0.376917,2.751317,99.554337,1.553702,1.942788,0.699175,3.430801
1776193333.133007,223.475998,531.528198,752.483337,755.004211,79.735985,29.599306,2,3.267465,1.673427,-0.338165,2.458713,0.373971,2.703265,101.348679,1.553702,1.942788,0.699175,3.430801
1776193333.89813,215.945847,540.318787,765.087708,756.264648,78.422379,28.55427,2,3.325776,1.733074,0.179023,2.544511,0.37425,2.800925,111.206429,1.553702,1.942788,0.699175,3.430801
1776193334.653183,220.248795,539.79718,755.004211,760.045959,79.469757,28.978352,2,3.439415,1.70835,-0.380521,2.596772,0.376262,2.760078,101.704887,1.553702,1.942788,0.699175,3.430801
1776193335.42461,221.324524,551.325867,771.389954,772.650391,77.78167,28.644848,2,3.312321,1.727731,-0.834081,2.555091,0.382389,2.792055,92.867722,1.553702,1.942788,0.699175,3.430801
1776193336.197296,207.339966,548.924683,772.650391,756.264648,77.654785,27.416325,2,3.368247,1.803195,-1.241312,2.602477,0.373874,2.919599,100.531876,1.553702,1.942788,0.699175,3.430801
1776193336.966202,221.324524,563.930237,768.86908,785.254761,78.03669,28.185061,2,3.186344,1.755204,3.618697,2.449881,0.38847,2.837927,106.034348,1.553702,1.942788,0.699175,3.430801
1776193337.71494,217.021576,526.638672,748.702026,743.660217,80.138687,29.182894,2,3.069877,1.696682,-0.208125,2.298423,0.368217,2.740982,112.915863,1.553702,1.942788,0.699175,3.430801
1776193338.481325,215.945847,549.141846,766.348145,765.087708,78.293396,28.224977,2,3.378084,1.752784,-1.019098,2.588789,0.378506,2.83386,95.94101,1.553702,1.942788,0.699175,3.430801
1776193339.24394,223.475998,547.91394,762.566833,771.389954,78.681625,28.97056,2,3.451891,1.708798,-0.298481,2.632298,0.381875,2.760813,110.229156,1.553702,1.942788,0.699175,3.430801
1776193340.014106,225.627487,547.022888,770.129517,772.650391,77.908974,29.201757,2,3.315193,1.695614,0.602105,2.553128,0.382577,2.73924,89.718987,1.553702,1.942788,0.699175,3.430801
1776193340.798137,217.021576,556.889282,783.994324,773.910828,76.531166,28.042194,2,3.363566,1.763924,-1.322461,2.637017,0.38281,2.852622,88.907997,1.553702,1.942788,0.699175,3.430801
1776193341.554438,221.324524,539.981873,756.264648,761.306396,79.337303,29.071676,2,3.673163,1.703006,-0.957215,2.777884,0.376917,2.751317,109.746918,1.553702,1.942788,0.699175,3.430801
1776193342.318301,225.627487,543.241577,763.827271,768.86908,78.551788,29.345373,2,3.404093,1.68753,0.254195,2.600139,0.380753,2.726083,83.449722,1.553702,1.942788,0.699175,3.430801
1776193343.089728,218.097321,544.469482,771.389954,762.566833,77.78167,28.600422,2,3.345411,1.730348,-1.080202,2.580616,0.377384,2.796395,99.539749,1.553702,1.942788,0.699175,3.430801
1776193343.852343,215.945847,544.100098,762.566833,760.045959,78.681625,28.412209,2,3.482746,1.741521,-0.964157,2.655826,0.376074,2.814999,99.66391,1.553702,1.942788,0.699175,3.430801
1776193344.62377,220.248795,556.182922,771.389954,776.431702,77.78167,28.366795,2,3.317882,1.744239,-0.999795,2.559381,0.384167,2.819541,91.364693,1.553702,1.942788,0.699175,3.430801
1776193345.398977,223.475998,555.476562,775.171265,778.952576,77.402252,28.689295,2,3.231798,1.725122,-0.560713,2.505197,0.385523,2.787732,98.567329,1.553702,1.942788,0.699175,3.430801
1776193346.172924,214.870117,548.957153,773.910828,763.827271,77.528313,28.130722,2,3.270262,1.75851,-0.175643,2.530891,0.377851,2.843491,95.137337,1.553702,1.942788,0.699175,3.430801
1776193346.935527,222.400253,548.989685,762.566833,771.389954,78.681625,28.831106,2,3.377373,1.716852,-0.390247,2.575473,0.381828,2.774065,112.309296,1.553702,1.942788,0.699175,3.430801
1776193347.703172,220.248795,544.838928,767.608582,765.087708,78.164841,28.787392,2,3.228521,1.719393,-1.63711,2.47824,0.378694,2.778258,88.91832,1.553702,1.942788,0.699175,3.430801
1776193348.469568,220.248795,546.099365,766.348145,766.348145,78.293396,28.740046,2,3.299953,1.722153,-0.90465,2.528913,0.379302,2.782819,87.975311,1.553702,1.942788,0.699175,3.430801
1776193349.238474,215.945847,547.881409,768.86908,763.827271,78.03669,28.271557,2,3.320672,1.749968,-0.818118,2.553162,0.377898,2.829134,90.746246,1.553702,1.942788,0.699175,3.430801
1776193349.993515,214.870117,538.873657,755.004211,753.743774,79.469757,28.507051,2,3.403513,1.735872,-1.192273,2.569667,0.372987,2.805581,88.418076,1.553702,1.942788,0.699175,3.430801
1776193350.763681,219.17305,555.99823,770.129517,775.171265,77.908974,28.274145,2,3.3162,1.749812,-0.976259,2.553903,0.383512,2.828873,94.134232,1.553702,1.942788,0.699175,3.430801
1776193351.546451,222.400253,564.114929,782.733887,786.515198,76.654404,28.276665,2,3.263105,1.749659,0.535656,2.554143,0.389125,2.828618,93.777443,1.553702,1.942788,0.699175,3.430801
1776193352.312847,217.021576,543.024414,766.348145,760.045959,78.293396,28.553745,2,3.253404,1.733105,-0.348856,2.49324,0.376121,2.800976,101.101051,1.553702,1.942788,0.699175,3.430801
1776193353.084274,210.567169,553.260132,771.389954,763.827271,77.78167,27.567381,2,3.309282,1.793553,-0.58358,2.552747,0.377663,2.903034,91.656464,1.553702,1.942788,0.699175,3.430801
1776193353.846877,217.021576,553.10791,762.566833,770.129517,78.681625,28.17988,2,3.434697,1.755519,-0.19194,2.619186,0.380985,2.838457,89.906296,1.553702,1.942788,0.699175,3.430801
1776193354.613262,214.870117,548.957153,766.348145,763.827271,78.293396,28.130722,2,3.310933,1.75851,-0.394739,2.537327,0.377851,2.843491,100.087502,1.553702,1.942788,0.699175,3.430801
1776193355.387209,217.021576,559.410156,773.910828,776.431702,77.528313,27.951149,2,3.530609,1.769527,-0.119737,2.732377,0.384026,2.862098,107.470306,1.553702,1.942788,0.699175,3.430801
1776193356.163676,217.021576,559.410156,776.431702,776.431702,77.276596,27.951149,2,3.397603,1.769527,-0.090225,2.638007,0.384026,2.862098,100.836823,1.553702,1.942788,0.699175,3.430801
1776193356.932595,217.021576,551.847534,768.86908,768.86908,78.03669,28.226078,2,3.477845,1.752717,-0.203968,2.674008,0.380377,2.833748,101.730453,1.553702,1.942788,0.699175,3.430801
1776193357.698979,212.718643,548.587769,766.348145,761.306396,78.293396,27.941265,2,3.258811,1.770138,3.450941,2.497383,0.376541,2.863132,105.52726,1.553702,1.942788,0.699175,3.430801
1776193358.476707,218.097321,565.896973,777.692139,783.994324,77.151352,27.818737,2,2.999554,1.777742,-0.551729,2.33273,0.387721,2.87604,98.843269,1.553702,1.942788,0.699175,3.430801
1776193359.245613,217.021576,550.587036,768.86908,767.608582,78.03669,28.272427,2,3.377453,1.749915,0.437505,2.596819,0.379769,2.829046,102.514381,1.553702,1.942788,0.699175,3.430801
1776193360.006955,221.324524,545.023621,761.306396,766.348145,78.811897,28.880415,2,3.494866,1.713995,0.840059,2.660664,0.379349,2.769359,115.338608,1.553702,1.942788,0.699175,3.430801
1776193360.785957,224.551743,558.182129,778.952576,782.733887,77.026512,28.688133,2,3.398309,1.725191,0.437691,2.647122,0.387395,2.787844,103.298935,1.553702,1.942788,0.699175,3.430801
1776193361.557383,221.324524,546.284058,771.389954,767.608582,77.78167,28.832993,2,3.304224,1.716742,-0.403166,2.548846,0.379957,2.773885,93.533577,1.553702,1.942788,0.699175,3.430801
1776193362.317465,218.097321,538.167358,760.045959,756.264648,78.942596,28.838757,2,3.324543,1.716408,-0.460149,2.526806,0.374344,2.773334,99.620453,1.553702,1.942788,0.699175,3.430801
1776193363.075027,221.324524,539.981873,757.525085,761.306396,79.205299,29.071676,2,3.388825,1.703006,1.159459,2.56712,0.376917,2.751317,105.691711,1.553702,1.942788,0.699175,3.430801
1776193363.83763,219.17305,540.872925,762.566833,760.045959,78.681625,28.836817,2,3.329685,1.716521,0.347001,2.539107,0.376215,2.773519,89.678185,1.553702,1.942788,0.699175,3.430801
1776193364.598973,218.097321,541.948608,761.306396,760.045959,78.811897,28.69528,2,3.371981,1.724772,0.996455,2.567111,0.376168,2.787151,101.571114,1.553702,1.942788,0.699175,3.430801
1776193365.364097,222.400253,547.729248,765.087708,770.129517,78.422379,28.878292,2,3.381394,1.714118,1.522366,2.587063,0.38122,2.769561,102.058167,1.553702,1.942788,0.699175,3.430801
1776193366.129233,221.324524,542.502747,765.087708,763.827271,78.422379,28.975729,2,3.42466,1.708501,1.134438,2.620165,0.378133,2.760325,104.409576,1.553702,1.942788,0.699175,3.430801
1776193366.894357,227.778946,544.87146,765.087708,772.650391,78.422379,29.480209,2,3.4282,1.680011,1.341618,2.622874,0.382671,2.713897,84.892708,1.553702,1.942788,0.699175,3.430801
1776193367.65696,218.097321,533.12561,762.566833,751.2229,78.681625,29.032305,2,3.391288,1.705256,0.813071,2.586084,0.371912,2.755003,84.671425,1.553702,1.942788,0.699175,3.430801
1776193368.43721,212.718643,561.1922,780.213013,773.910828,76.902077,27.486197,2,3.330552,1.798722,-0.817636,2.59854,0.382622,2.911904,100.078598,1.553702,1.942788,0.699175,3.430801
1776193369.199813,220.248795,551.141174,762.566833,771.389954,78.681625,28.552198,2,3.398542,1.733196,-0.119292,2.591615,0.381734,2.801128,104.707703,1.553702,1.942788,0.699175,3.430801
1776193369.962416,223.475998,542.872131,762.566833,766.348145,78.681625,29.161158,2,3.290389,1.697914,-0.039887,2.509142,0.379443,2.742993,106.028748,1.553702,1.942788,0.699175,3.430801
1776193370.726292,223.475998,540.351257,763.827271,763.827271,78.551788,29.257399,2,3.2784,1.692473,0.164656,2.504132,0.378227,2.73412,105.381371,1.553702,1.942788,0.699175,3.430801
1776193371.493937,220.248795,543.578491,767.608582,763.827271,78.164841,28.834894,2,3.314568,1.716632,-0.628052,2.544291,0.378086,2.773703,101.292007,1.553702,1.942788,0.699175,3.430801
1776193372.267884,227.778946,554.954956,773.910828,782.733887,77.528313,29.100433,2,3.233498,1.701366,-1.542114,2.502439,0.387535,2.748634,94.167831,1.553702,1.942788,0.699175,3.430801
1776193373.034269,221.324524,537.460999,766.348145,758.785522,78.293396,29.168261,2,3.298181,1.697511,-0.597501,2.527555,0.375701,2.742335,105.692795,1.553702,1.942788,0.699175,3.430801
1776193373.800653,220.248795,544.838928,766.348145,765.087708,78.293396,28.787392,2,3.487299,1.719393,-0.470171,2.672485,0.378694,2.778258,107.33548,1.553702,1.942788,0.699175,3.430801
1776193374.553173,223.475998,532.788635,752.483337,756.264648,79.735985,29.549974,2,3.567579,1.676148,-0.003656,2.684544,0.374579,2.707654,115.918015,1.553702,1.942788,0.699175,3.430801
1776193375.31957,221.324524,542.502747,766.348145,763.827271,78.293396,28.975729,2,3.531074,1.708501,-0.002134,2.706032,0.378133,2.760325,123.588058,1.553702,1.942788,0.699175,3.430801
1776193376.077131,220.248795,536.015869,757.525085,756.264648,79.205299,29.123243,2,3.532447,1.700068,0.304273,2.675917,0.374438,2.746511,113.735802,1.553702,1.942788,0.699175,3.430801
1776193376.848557,224.551743,551.879944,771.389954,776.431702,77.78167,28.92099,2,3.390463,1.711652,-0.243206,2.615369,0.384354,2.765503,99.30748,1.553702,1.942788,0.699175,3.430801
1776193377.617462,219.17305,543.393799,768.86908,762.566833,78.03669,28.741488,2,3.16506,1.722069,3.399007,2.433517,0.377431,2.78268,108.754631,1.553702,1.942788,0.699175,3.430801
1776193378.372504,219.17305,535.831177,755.004211,755.004211,79.469757,29.029381,2,3.186663,1.705424,-0.404799,2.405944,0.373783,2.755278,117.476349,1.553702,1.942788,0.699175,3.430801
1776193379.125023,220.248795,533.494995,752.483337,753.743774,79.735985,29.220646,2,3.595858,1.694547,0.269081,2.705823,0.373222,2.737499,93.538399,1.553702,1.942788,0.699175,3.430801
1776193379.883844,225.627487,539.460205,758.785522,765.087708,79.07373,29.490408,2,3.485518,1.679445,0.957217,2.644761,0.378929,2.712982,124.672691,1.553702,1.942788,0.699175,3.430801
1776193380.637637,220.248795,527.19281,753.743774,747.441589,79.602646,29.467026,2,3.394132,1.680743,-1.116359,2.558306,0.370182,2.715082,104.048859,1.553702,1.942788,0.699175,3.430801
1776193381.391417,224.551743,534.233765,753.743774,758.785522,79.602646,29.593573,2,3.504547,1.673743,0.664545,2.64153,0.375842,2.703774,114.949501,1.553702,1.942788,0.699175,3.430801
1776193382.160323,228.854675,545.056152,768.86908,773.910828,78.03669,29.571194,2,3.495242,1.674976,1.399974,2.687383,0.383326,2.705764,112.479836,1.553702,1.942788,0.699175,3.430801
1776193382.926707,223.475998,536.569946,766.348145,760.045959,78.293396,29.40296,2,3.391765,1.68431,-1.011043,2.599273,0.376403,2.720859,99.508446,1.553702,1.942788,0.699175,3.430801
1776193383.693091,223.475998,542.872131,766.348145,766.348145,78.293396,29.161158,2,3.253883,1.697914,-0.296922,2.493608,0.379443,2.742993,104.966476,1.553702,1.942788,0.699175,3.430801
1776193384.449393,224.551743,532.973328,756.264648,757.525085,79.337303,29.642811,2,3.318782,1.671035,-0.912817,2.509878,0.375234,2.699412,107.70433,1.553702,1.942788,0.699175,3.430801
1776193385.211996,225.627487,538.199768,762.566833,763.827271,78.681625,29.539072,2,3.346621,1.67675,0.885496,2.552022,0.378321,2.708627,98.374191,1.553702,1.942788,0.699175,3.430801
1776193385.97335,215.945847,534.016602,761.306396,749.962463,78.811897,28.79422,2,3.377029,1.718995,-0.284078,2.570954,0.37121,2.777602,106.624809,1.553702,1.942788,0.699175,3.430801
1776193386.733433,221.324524,545.023621,760.045959,766.348145,78.942596,28.880415,2,3.484959,1.713995,0.28471,2.648729,0.379349,2.769359,81.560677,1.553702,1.942788,0.699175,3.430801
1776193387.502338,210.567169,545.69751,768.86908,756.264648,78.03669,27.843052,2,3.448647,1.776228,-0.187782,2.651558,0.374015,2.873465,105.758682,1.553702,1.942788,0.699175,3.430801
1776193388.261161,219.17305,549.696045,758.785522,768.86908,79.07373,28.505901,2,3.46801,1.73594,-0.240013,2.631476,0.380471,2.805694,111.66861,1.553702,1.942788,0.699175,3.430801
1776193389.023763,222.400253,543.947876,762.566833,766.348145,78.681625,29.020786,2,3.323036,1.705916,0.063535,2.534037,0.379396,2.756084,88.206718,1.553702,1.942788,0.699175,3.430801
1776193389.775023,219.17305,528.268555,751.2229,747.441589,79.869766,29.323101,2,3.295695,1.688778,-2.152812,2.475801,0.370135,2.728111,86.138573,1.553702,1.942788,0.699175,3.430801
1776193390.511157,222.400253,517.478577,736.097534,739.878845,81.510941,30.05901,2,3.394079,1.648502,-1.407026,2.498373,0.366627,2.663352,89.395821,1.553702,1.942788,0.699175,3.430801
1776193391.251072,217.021576,516.555054,739.878845,733.57666,81.09436,29.584036,2,3.332456,1.674268,-1.882116,2.465614,0.363352,2.704622,93.160065,1.553702,1.942788,0.699175,3.430801
1776193391.996029,223.475998,529.007324,744.920654,752.483337,80.545494,29.698463,2,3.450277,1.667985,-0.257164,2.570182,0.372755,2.694506,97.011154,1.553702,1.942788,0.699175,3.430801
1776193392.758644,215.945847,537.797913,762.566833,753.743774,78.681625,28.649769,2,3.180809,1.727442,-1.132469,2.42558,0.373034,2.791575,100.243134,1.553702,1.942788,0.699175,3.430801
1776193393.513685,212.718643,538.504272,755.004211,751.2229,79.469757,28.316317,2,3.290099,1.74727,-0.235336,2.484039,0.371677,2.824614,111.508972,1.553702,1.942788,0.699175,3.430801
1776193394.263684,210.567169,536.87439,749.962463,747.441589,80.004005,28.171721,2,3.432085,1.756014,0.058784,2.573935,0.369759,2.839291,105.633156,1.553702,1.942788,0.699175,3.430801
1776193395.022505,212.718643,548.587769,758.785522,761.306396,79.07373,27.941265,2,3.457434,1.770138,-0.63982,2.623451,0.376541,2.863132,118.477798,1.553702,1.942788,0.699175,3.430801
1776193395.778807,223.475998,545.393066,756.264648,768.86908,79.337303,29.065546,2,3.282671,1.703356,-0.989326,2.482568,0.380659,2.75189,105.273575,1.553702,1.942788,0.699175,3.430801
1776193396.555275,219.17305,552.216919,776.431702,771.389954,77.276596,28.412745,2,3.29164,1.741489,-1.312401,2.555733,0.381687,2.814946,97.743736,1.553702,1.942788,0.699175,3.430801
1776193397.320399,219.17305,545.914673,765.087708,765.087708,78.422379,28.646788,2,3.52076,1.727618,0.796069,2.69369,0.378647,2.791866,131.198868,1.553702,1.942788,0.699175,3.430801
1776193398.091837,213.794373,551.293335,771.389954,765.087708,77.78167,27.943771,2,3.41153,1.769983,-1.424362,2.63162,0.378412,2.86287,98.307503,1.553702,1.942788,0.699175,3.430801
1776193398.863263,220.248795,558.703796,771.389954,778.952576,77.78167,28.274996,2,3.491501,1.74976,0.157677,2.693309,0.385383,2.828786,119.817398,1.553702,1.942788,0.699175,3.430801
1776193399.635951,210.567169,550.739258,772.650391,761.306396,77.654785,27.658663,2,3.430223,1.787778,-0.886238,2.650363,0.376447,2.893149,104.287041,1.553702,1.942788,0.699175,3.430801
1776193400.407377,213.794373,561.376892,771.389954,775.171265,77.78167,27.580276,2,3.447052,1.792735,-1.011488,2.659021,0.383277,2.901632,96.505226,1.553702,1.942788,0.699175,3.430801
1776193401.177542,215.945847,556.704529,770.129517,772.650391,77.908974,27.948713,2,3.493595,1.769678,-0.654446,2.690521,0.382155,2.862353,104.31517,1.553702,1.942788,0.699175,3.430801
1776193401.94646,218.097321,553.292603,768.86908,771.389954,78.03669,28.273291,2,3.48441,1.749863,-0.436687,2.679055,0.38164,2.828959,103.694321,1.553702,1.942788,0.699175,3.430801
1776193402.709063,218.097321,544.469482,762.566833,762.566833,78.681625,28.600422,2,3.421804,1.730348,-0.313033,2.609354,0.377384,2.796395,100.845192,1.553702,1.942788,0.699175,3.430801
1776193403.476709,213.794373,548.772461,767.608582,762.566833,78.164841,28.03615,2,3.37356,1.764295,-0.467276,2.589573,0.377196,2.853248,96.985657,1.553702,1.942788,0.699175,3.430801
1776193404.243093,218.097321,553.292603,766.348145,771.389954,78.293396,28.273291,2,3.434757,1.749863,0.103293,2.63222,0.38164,2.828959,103.582375,1.553702,1.942788,0.699175,3.430801
1776193405.020821,217.021576,559.410156,777.692139,776.431702,77.151352,27.951149,2,3.43984,1.769527,0.160684,2.675137,0.384026,2.862098,117.399399,1.553702,1.942788,0.699175,3.430801
1776193405.793521,218.097321,555.813477,772.650391,773.910828,77.654785,28.181194,2,3.334791,1.755439,-0.834601,2.576627,0.382857,2.838322,101.817307,1.553702,1.942788,0.699175,3.430801
1776193406.563686,213.794373,551.293335,770.129517,765.087708,77.908974,27.943771,2,3.394739,1.769983,-2.482792,2.614388,0.378412,2.86287,112.587158,1.553702,1.942788,0.699175,3.430801
1776193407.317466,222.400253,541.427002,753.743774,763.827271,79.602646,29.116566,2,3.568971,1.700448,0.008075,2.69009,0.37818,2.747132,105.225716,1.553702,1.942788,0.699175,3.430801
1776193408.088893,223.475998,549.174377,771.389954,772.650391,77.78167,28.9233,2,3.581217,1.711519,0.106671,2.762515,0.382483,2.765284,90.88176,1.553702,1.942788,0.699175,3.430801
1776193408.877965,222.400253,565.375366,789.036072,787.775635,76.042152,28.231421,2,3.372287,1.752393,-0.389505,2.660856,0.389733,2.833205,93.92836,1.553702,1.942788,0.699175,3.430801
1776193409.654433,213.794373,552.553772,776.431702,766.348145,77.276596,27.897814,2,3.456906,1.772827,-0.760764,2.684051,0.37902,2.867691,98.16806,1.553702,1.942788,0.699175,3.430801
1776193410.42083,222.400253,554.031433,766.348145,776.431702,78.293396,28.64389,2,3.436465,1.727788,-0.758574,2.633528,0.38426,2.792148,100.67421,1.553702,1.942788,0.699175,3.430801
1776193411.189735,220.248795,546.099365,768.86908,766.348145,78.03669,28.740046,2,3.354411,1.722153,-1.758351,2.579103,0.379302,2.782819,102.505447,1.553702,1.942788,0.699175,3.430801
1776193411.968724,217.021576,558.149658,778.952576,775.171265,77.026512,27.996597,2,3.415673,1.766726,-1.764625,2.660647,0.383418,2.857357,98.291359,1.553702,1.942788,0.699175,3.430801
1776193412.732587,221.324524,547.544556,763.827271,768.86908,78.551788,28.785723,2,3.364149,1.71949,0.631135,2.569628,0.380565,2.778418,95.730347,1.553702,1.942788,0.699175,3.430801
1776193413.500233,223.475998,546.653503,767.608582,770.129517,78.164841,29.017977,2,3.282714,1.706077,-0.369941,2.519839,0.381267,2.756349,103.087692,1.553702,1.942788,0.699175,3.430801
1776193414.26915,217.021576,544.28479,768.86908,761.306396,78.03669,28.50647,2,3.257178,1.735906,-1.448825,2.504344,0.376729,2.805638,86.225761,1.553702,1.942788,0.699175,3.430801
1776193415.043097,217.021576,556.889282,773.910828,773.910828,77.528313,28.042194,2,3.314996,1.763924,0.01884,2.565511,0.38281,2.852622,84.348701,1.553702,1.942788,0.699175,3.430801
1776193415.809482,213.794373,548.772461,766.348145,762.566833,78.293396,28.03615,2,3.359893,1.764295,-1.079459,2.574848,0.377196,2.853248,100.824921,1.553702,1.942788,0.699175,3.430801
1776193416.570824,218.097321,548.250854,761.306396,766.348145,78.811897,28.459301,2,3.348969,1.738711,-0.456547,2.549592,0.379208,2.810311,105.122147,1.553702,1.942788,0.699175,3.430801
1776193417.346033,212.718643,556.150452,775.171265,768.86908,77.402252,27.666431,2,3.371622,1.787288,-1.582726,2.613584,0.38019,2.892313,101.831818,1.553702,1.942788,0.699175,3.430801
1776193418.112417,214.870117,553.998962,766.348145,768.86908,78.293396,27.946255,2,3.663527,1.76983,-0.802416,2.807538,0.380283,2.86261,116.690628,1.553702,1.942788,0.699175,3.430801
1776193418.893939,196.582611,563.463379,781.47345,760.045959,76.778038,25.864569,2,3.517381,1.908759,-2.340984,2.74874,0.375229,3.106136,102.179352,1.553702,1.942788,0.699175,3.430801
1776193419.666626,215.945847,579.392456,772.650391,795.338318,77.654785,27.151445,2,3.509281,1.82036,-1.308577,2.711447,0.393099,2.949286,106.505318,1.553702,1.942788,0.699175,3.430801
1776193420.425447,214.870117,542.654968,758.785522,757.525085,79.07373,28.364754,2,3.55128,1.744361,0.062756,2.69466,0.374811,2.819746,116.251953,1.553702,1.942788,0.699175,3.430801
1776193421.194352,221.324524,555.107178,768.86908,776.431702,78.03669,28.505342,2,3.661796,1.735973,0.409515,2.815442,0.384214,2.805749,114.241173,1.553702,1.942788,0.699175,3.430801
1776193421.980904,219.17305,564.821289,786.515198,783.994324,76.285873,27.95595,2,3.36281,1.769231,3.44296,2.644901,0.387768,2.861596,102.982506,1.553702,1.942788,0.699175,3.430801
1776193422.757384,218.097321,557.073975,776.431702,775.171265,77.276596,28.135372,2,3.317451,1.758227,0.549948,2.575774,0.383465,2.843014,115.119713,1.553702,1.942788,0.699175,3.430801
1776193423.52755,211.642914,550.92395,770.129517,762.566833,77.908974,27.754015,2,3.424809,1.781786,-2.734666,2.637546,0.377102,2.882923,92.569794,1.553702,1.942788,0.699175,3.430801
1776193424.293935,223.475998,556.737,766.348145,780.213013,78.293396,28.642946,2,3.361758,1.727843,-0.640934,2.576277,0.386131,2.79224,101.460144,1.553702,1.942788,0.699175,3.430801
1776193425.070403,210.567169,550.739258,776.431702,761.306396,77.276596,27.658663,2,3.318689,1.787778,0.145353,2.576735,0.376447,2.893149,101.503983,1.553702,1.942788,0.699175,3.430801
1776193425.848132,217.021576,568.233154,777.692139,785.254761,77.151352,27.637091,2,3.400922,1.78914,0.032464,2.644871,0.388282,2.895477,109.518394,1.553702,1.942788,0.699175,3.430801
1776193426.634695,218.097321,569.678345,786.515198,787.775635,76.285873,27.685207,2,3.330874,1.786106,0.155487,2.619783,0.389545,2.890293,110.55632,1.553702,1.942788,0.699175,3.430801
1776193427.409902,213.794373,556.335144,775.171265,770.129517,77.402252,27.760834,2,3.354183,1.781359,0.123117,2.600066,0.380845,2.882196,109.437477,1.553702,1.942788,0.699175,3.430801
1776193428.181329,206.264236,556.302612,771.389954,762.566833,77.78167,27.048677,2,3.4555,1.82711,-2.516722,2.665538,0.376868,2.96103,93.297211,1.553702,1.942788,0.699175,3.430801
1776193428.955276,219.17305,569.863037,773.910828,789.036072,77.528313,27.777317,2,3.492654,1.780328,-0.941624,2.703003,0.3902,2.88044,101.008331,1.553702,1.942788,0.699175,3.430801
1776193429.726703,210.567169,550.739258,771.389954,761.306396,77.78167,27.658663,2,3.421912,1.787778,-0.549242,2.639628,0.376447,2.893149,107.76104,1.553702,1.942788,0.699175,3.430801
1776193430.488058,214.870117,551.478027,761.306396,766.348145,78.811897,28.038185,2,3.393744,1.76417,-0.138595,2.583679,0.379067,2.853037,94.816177,1.553702,1.942788,0.699175,3.430801
1776193431.267046,217.021576,564.451904,778.952576,781.47345,77.026512,27.770821,2,3.338127,1.780734,-0.282407,2.600243,0.386458,2.881131,102.505005,1.553702,1.942788,0.699175,3.430801
1776193432.043515,217.021576,559.410156,776.431702,776.431702,77.276596,27.951149,2,3.475536,1.769527,-0.58551,2.698516,0.384026,2.862098,103.01088,1.553702,1.942788,0.699175,3.430801
1776193432.817462,214.870117,556.519836,773.910828,771.389954,77.528313,27.854929,2,3.382582,1.775489,0.098764,2.617817,0.381499,2.87221,107.615082,1.553702,1.942788,0.699175,3.430801
1776193433.590149,213.794373,557.595581,772.650391,771.389954,77.654785,27.715471,2,3.402687,1.784203,0.038626,2.629087,0.381453,2.887045,114.998375,1.553702,1.942788,0.699175,3.430801
1776193434.359066,219.17305,555.99823,768.86908,775.171265,78.03669,28.274145,2,3.398349,1.749812,0.402536,2.612886,0.383512,2.828873,105.139374,1.553702,1.942788,0.699175,3.430801
1776193435.121669,213.794373,542.470276,762.566833,756.264648,78.681625,28.269783,2,3.303792,1.750075,-0.790054,2.519362,0.374156,2.829314,100.915627,1.553702,1.942788,0.699175,3.430801
1776193435.888054,213.794373,552.553772,766.348145,766.348145,78.293396,27.897814,2,3.437757,1.772827,-0.641119,2.634518,0.37902,2.867691,107.769249,1.553702,1.942788,0.699175,3.430801
1776193436.658219,215.945847,556.704529,770.129517,772.650391,77.908974,27.948713,2,3.372457,1.769678,-0.117621,2.597229,0.382155,2.862353,100.183762,1.553702,1.942788,0.699175,3.430801
1776193437.425864,209.491425,550.554565,767.608582,760.045959,78.164841,27.562994,2,3.373409,1.793832,3.658232,2.589458,0.375792,2.903511,108.386314,1.553702,1.942788,0.699175,3.430801
1776193438.190989,214.870117,556.519836,765.087708,771.389954,78.422379,27.854929,2,3.187135,1.775489,-0.029976,2.438437,0.381499,2.87221,106.407486,1.553702,1.942788,0.699175,3.430801
1776193438.962427,218.097321,557.073975,771.389954,775.171265,77.78167,28.135372,2,3.411457,1.758227,-0.928037,2.631563,0.383465,2.843014,115.15239,1.553702,1.942788,0.699175,3.430801
1776193439.730072,215.945847,549.141846,767.608582,765.087708,78.164841,28.224977,2,3.408617,1.752784,-0.035915,2.616483,0.378506,2.83386,105.339188,1.553702,1.942788,0.699175,3.430801
1776193440.500238,215.945847,554.183655,770.129517,770.129517,77.908974,28.040197,2,3.522048,1.764046,0.863891,2.712433,0.380938,2.852829,117.76989,1.553702,1.942788,0.699175,3.430801
1776193441.281747,221.324524,566.451111,781.47345,787.775635,76.778038,28.094868,2,3.480416,1.760699,0.436057,2.719852,0.389686,2.847179,120.420113,1.553702,1.942788,0.699175,3.430801
1776193442.055695,213.794373,551.293335,773.910828,765.087708,77.528313,27.943771,2,3.341434,1.769983,-0.311771,2.585972,0.378412,2.86287,111.42598,1.553702,1.942788,0.699175,3.430801
1776193442.833435,214.870117,564.082458,777.692139,778.952576,77.151352,27.584494,2,3.377749,1.792468,-0.44775,2.626849,0.385148,2.901174,104.05352,1.553702,1.942788,0.699175,3.430801
1776193443.606122,217.021576,558.149658,772.650391,775.171265,77.654785,27.996597,2,3.498023,1.766726,-0.005178,2.702749,0.383418,2.857357,110.844116,1.553702,1.942788,0.699175,3.430801
1776193444.385111,218.097321,562.115723,778.952576,780.213013,77.026512,27.953562,2,3.42429,1.769378,-0.031201,2.667359,0.385897,2.861846,107.194061,1.553702,1.942788,0.699175,3.430801
1776193445.156537,217.021576,553.10791,771.389954,770.129517,77.78167,28.17988,2,3.263271,1.755519,3.995488,2.517255,0.380985,2.838457,116.514091,1.553702,1.942788,0.699175,3.430801
1776193445.933006,215.945847,559.225403,776.431702,775.171265,77.276596,27.857824,2,3.171483,1.775309,-0.296068,2.46244,0.383371,2.871904,101.93338,1.553702,1.942788,0.699175,3.430801
1776193446.700663,220.248795,552.401611,767.608582,772.650391,78.164841,28.505621,2,3.448059,1.735957,0.29013,2.646759,0.382342,2.805722,106.136375,1.553702,1.942788,0.699175,3.430801
1776193447.474609,218.097321,553.292603,773.910828,771.389954,77.528313,28.273291,2,3.406643,1.749863,-0.472844,2.636438,0.38164,2.828959,110.334076,1.553702,1.942788,0.699175,3.430801
1776193448.252339,220.248795,559.964233,777.692139,780.213013,77.151352,28.229317,2,3.39313,1.752521,0.220266,2.638811,0.385991,2.833419,106.522675,1.553702,1.942788,0.699175,3.430801
1776193449.017462,221.324524,545.023621,765.087708,766.348145,78.422379,28.880415,2,3.500881,1.713995,1.653482,2.678481,0.379349,2.769359,103.135422,1.553702,1.942788,0.699175,3.430801
1776193449.795191,222.400253,556.552307,777.692139,778.952576,77.151352,28.551193,2,3.380516,1.733256,0.002581,2.629001,0.385476,2.801227,108.912674,1.553702,1.942788,0.699175,3.430801
1776193450.570411,218.097321,552.032227,775.171265,770.129517,77.402252,28.319565,2,3.310752,1.747075,-1.549093,2.5664,0.381032,2.824287,99.744774,1.553702,1.942788,0.699175,3.430801
1776193451.336795,215.945847,547.881409,766.348145,763.827271,78.293396,28.271557,2,3.33113,1.749968,-0.633324,2.552805,0.377898,2.829134,102.05304,1.553702,1.942788,0.699175,3.430801
1776193452.114524,220.248795,562.485107,777.692139,782.733887,77.151352,28.138399,2,3.316863,1.758042,-0.403314,2.579498,0.387207,2.842703,104.539871,1.553702,1.942788,0.699175,3.430801
1776193452.883429,222.400253,548.989685,768.86908,771.389954,78.03669,28.831106,2,3.367198,1.716852,0.786269,2.588935,0.381828,2.774065,103.776756,1.553702,1.942788,0.699175,3.430801
1776193453.653595,226.703217,548.468018,770.129517,775.171265,77.908974,29.245564,2,3.371358,1.69314,0.628945,2.596382,0.38384,2.735207,125.210594,1.553702,1.942788,0.699175,3.430801
1776193454.423761,221.324524,542.502747,770.129517,763.827271,77.908974,28.975729,2,3.256619,1.708501,-0.228765,2.508019,0.378133,2.760325,108.350693,1.553702,1.942788,0.699175,3.430801
1776193455.19772,217.021576,551.847534,773.910828,768.86908,77.528313,28.226078,2,3.248971,1.752717,-1.207939,2.514414,0.380377,2.833748,96.131874,1.553702,1.942788,0.699175,3.430801
1776193455.976709,215.945847,561.746277,778.952576,777.692139,77.026512,27.767525,2,3.289784,1.78094,-1.090856,2.562586,0.384587,2.881483,96.555145,1.553702,1.942788,0.699175,3.430801
1776193456.749396,222.400253,557.812744,772.650391,780.213013,77.654785,28.50507,2,3.413169,1.73599,-0.272904,2.637186,0.386085,2.805776,107.508286,1.553702,1.942788,0.699175,3.430801
1776193457.528384,222.400253,556.552307,778.952576,778.952576,77.026512,28.551193,2,3.350244,1.733256,-0.199736,2.609681,0.385476,2.801227,107.077255,1.553702,1.942788,0.699175,3.430801
1776193458.29603,218.097321,544.469482,767.608582,762.566833,78.164841,28.600422,2,3.384484,1.730348,-0.47793,2.597959,0.377384,2.796395,100.32988,1.553702,1.942788,0.699175,3.430801
1776193459.062426,217.021576,548.066162,766.348145,765.087708,78.293396,28.365582,2,3.277528,1.744312,-0.089705,2.511728,0.378553,2.819663,92.422478,1.553702,1.942788,0.699175,3.430801
1776193459.833853,223.475998,555.476562,771.389954,778.952576,77.78167,28.689295,2,3.462768,1.725122,0.543489,2.671144,0.385523,2.787732,95.614906,1.553702,1.942788,0.699175,3.430801
1776193460.614102,229.93042,557.845215,780.213013,787.775635,76.902077,29.187298,2,3.312709,1.696433,1.014273,2.584618,0.390062,2.740575,92.810707,1.553702,1.942788,0.699175,3.430801
1776193461.393091,224.551743,548.098633,778.952576,772.650391,77.026512,29.062527,2,3.216767,1.703528,-1.216218,2.505709,0.38253,2.752172,89.511353,1.553702,1.942788,0.699175,3.430801
1776193462.159476,224.551743,541.796387,766.348145,766.348145,78.293396,29.301531,2,3.321032,1.689989,-1.276133,2.545067,0.37949,2.73008,105.158859,1.553702,1.942788,0.699175,3.430801
1776193462.929654,223.475998,545.393066,770.129517,768.86908,77.908974,29.065546,2,3.25664,1.703356,-1.825394,2.508034,0.380659,2.75189,83.337196,1.553702,1.942788,0.699175,3.430801
1776193463.696038,214.870117,541.394531,766.348145,756.264648,78.293396,28.412025,2,3.496888,1.741532,-1.580349,2.679833,0.374203,2.815017,93.535789,1.553702,1.942788,0.699175,3.430801
1776193464.447297,225.627487,538.199768,751.2229,763.827271,79.869766,29.539072,2,3.467087,1.67675,0.339725,2.604555,0.378321,2.708627,110.128349,1.553702,1.942788,0.699175,3.430801
1776193465.230067,218.097321,555.813477,782.733887,773.910828,76.654404,28.181194,2,3.291017,1.755439,-0.3212,2.57599,0.382857,2.838322,93.577148,1.553702,1.942788,0.699175,3.430801
1776193466.002755,215.945847,554.183655,772.650391,770.129517,77.654785,28.040197,2,3.347836,1.764046,-1.47882,2.586707,0.380938,2.852829,93.682358,1.553702,1.942788,0.699175,3.430801
1776193466.77166,220.248795,553.662048,768.86908,773.910828,78.03669,28.459194,2,3.332827,1.738718,-1.441661,2.562508,0.38295,2.810322,95.23597,1.553702,1.942788,0.699175,3.430801
1776193467.541837,219.17305,549.696045,770.129517,768.86908,77.908974,28.505901,2,3.337496,1.73594,-0.490886,2.570304,0.380471,2.805694,108.911728,1.553702,1.942788,0.699175,3.430801
1776193468.310743,224.551743,550.619507,768.86908,775.171265,78.03669,28.968018,2,3.313962,1.708944,-0.187003,2.548002,0.383746,2.761053,108.196198,1.553702,1.942788,0.699175,3.430801
1776193469.077128,219.17305,540.872925,766.348145,760.045959,78.293396,28.836817,2,3.317159,1.716521,0.007295,2.542099,0.376215,2.773519,102.078346,1.553702,1.942788,0.699175,3.430801
1776193469.846034,221.324524,550.06543,768.86908,771.389954,78.03669,28.691652,2,3.447047,1.724984,-0.25167,2.650328,0.381781,2.787503,107.45932,1.553702,1.942788,0.699175,3.430801
1776193470.61998,221.324524,552.586304,773.910828,773.910828,77.528313,28.598196,2,3.395468,1.730479,0.08618,2.627789,0.382997,2.796613,105.753654,1.553702,1.942788,0.699175,3.430801
1776193471.377541,218.097321,535.646484,757.525085,753.743774,79.205299,28.935205,2,3.002854,1.710832,-11.575592,2.274737,0.373128,2.764155,86.523262,1.553702,1.942788,0.699175,3.430801
1776193472.11999,229.93042,526.334229,742.39978,756.264648,80.818993,30.403433,2,2.722892,1.630322,-4.326543,2.021475,0.374861,2.634572,87.914284,1.553702,1.942788,0.699175,3.430801
1776193472.891416,220.248795,539.79718,771.389954,760.045959,77.78167,28.978352,2,3.248039,1.70835,-2.479116,2.505505,0.376262,2.760078,96.295197,1.553702,1.942788,0.699175,3.430801
1776193473.636373,228.854675,526.149536,744.920654,755.004211,80.545494,30.31171,2,3.483262,1.635123,0.246919,2.594754,0.374206,2.642144,100.56826,1.553702,1.942788,0.699175,3.430801
1776193474.419144,218.097321,552.032227,782.733887,770.129517,76.654404,28.319565,2,3.376371,1.747075,-1.816076,2.6428,0.381032,2.824287,102.993057,1.553702,1.942788,0.699175,3.430801
1776193475.19309,222.400253,556.552307,773.910828,778.952576,77.528313,28.551193,2,3.318567,1.733256,-1.444259,2.568275,0.385476,2.801227,105.464989,1.553702,1.942788,0.699175,3.430801
1776193475.951913,225.627487,536.939331,758.785522,762.566833,79.07373,29.587898,2,3.290706,1.674055,-0.768486,2.49694,0.377713,2.704278,100.065887,1.553702,1.942788,0.699175,3.430801
1776193476.729653,222.400253,551.510559,777.692139,773.910828,77.151352,28.737194,2,3.084813,1.72232,2.63737,2.399035,0.383044,2.783094,103.968437,1.553702,1.942788,0.699175,3.430801
1776193477.499819,226.703217,548.468018,770.129517,775.171265,77.908974,29.245564,2,2.928083,1.69314,-0.520769,2.255003,0.38384,2.735207,100.913963,1.553702,1.942788,0.699175,3.430801
1776193478.280069,225.627487,553.325073,780.213013,778.952576,76.902077,28.965496,2,3.235819,1.709089,-1.933791,2.524628,0.385617,2.761291,94.82431,1.553702,1.942788,0.699175,3.430801
1776193479.045192,222.400253,538.906128,765.087708,761.306396,78.422379,29.212975,2,3.301405,1.69498,-2.010708,2.525865,0.376964,2.738205,110.103638,1.553702,1.942788,0.699175,3.430801
1776193479.811578,227.778946,544.87146,766.348145,772.650391,78.293396,29.480209,2,3.163885,1.680011,-1.050244,2.424637,0.382671,2.713897,98.999344,1.553702,1.942788,0.699175,3.430801
1776193480.581755,227.778946,542.350586,770.129517,770.129517,77.908974,29.576706,2,3.41896,1.674672,-0.334341,2.633042,0.381455,2.705274,110.51062,1.553702,1.942788,0.699175,3.430801
1776193481.360744,223.475998,550.434814,778.952576,773.910828,77.026512,28.876194,2,3.441706,1.714239,-1.386163,2.680926,0.383091,2.769761,112.39325,1.553702,1.942788,0.699175,3.430801
1776193482.133431,220.248795,548.6203,772.650391,768.86908,77.654785,28.645813,2,3.219646,1.727675,-1.203818,2.487661,0.380518,2.79196,111.268097,1.553702,1.942788,0.699175,3.430801
1776193482.889732,221.324524,536.200562,756.264648,757.525085,79.337303,29.216789,2,3.29635,1.694764,-0.554253,2.492913,0.375093,2.737854,101.653091,1.553702,1.942788,0.699175,3.430801
1776193483.66494,228.854675,555.139648,775.171265,783.994324,77.402252,29.190859,2,3.364114,1.696231,-0.090039,2.607764,0.38819,2.740246,113.491684,1.553702,1.942788,0.699175,3.430801
1776193484.431324,236.384842,538.786438,766.348145,775.171265,78.293396,30.494532,2,3.329976,1.625582,-0.038031,2.551921,0.384263,2.627114,86.697601,1.553702,1.942788,0.699175,3.430801
1776193485.221669,223.475998,551.695251,790.29657,775.171265,75.920868,28.829241,2,3.236983,1.71696,-2.015348,2.558176,0.383699,2.774244,103.975937,1.553702,1.942788,0.699175,3.430801
1776193485.998137,233.157639,554.617981,776.431702,787.775635,77.276596,29.59696,2,3.27765,1.673556,-1.305608,2.544871,0.390202,2.703474,101.653229,1.553702,1.942788,0.699175,3.430801
1776193486.753178,233.157639,521.846558,755.004211,755.004211,79.469757,30.881634,2,3.211107,1.605752,-1.146539,2.424399,0.374393,2.596123,86.748299,1.553702,1.942788,0.699175,3.430801
1776193487.525864,223.475998,537.830383,772.650391,761.306396,77.654785,29.354277,2,3.154388,1.687031,-1.835343,2.437239,0.377011,2.725274,103.760239,1.553702,1.942788,0.699175,3.430801
1776193488.289728,231.006149,541.644226,763.827271,772.650391,78.551788,29.89789,2,3.291413,1.657151,0.129984,2.514071,0.382812,2.677141,99.717186,1.553702,1.942788,0.699175,3.430801
1776193489.07251,226.703217,550.988892,782.733887,777.692139,76.654404,29.150766,2,3.13499,1.698504,-1.97444,2.453863,0.385056,2.743956,102.551758,1.553702,1.942788,0.699175,3.430801
1776193489.836375,224.551743,536.754639,763.827271,761.306396,78.551788,29.495583,2,3.172599,1.679158,-0.536286,2.423317,0.377058,2.712518,95.922157,1.553702,1.942788,0.699175,3.430801
1776193490.583852,233.157639,524.367432,747.441589,757.525085,80.273834,30.778868,2,3.080461,1.610968,-1.773125,2.302464,0.37561,2.604242,91.240898,1.553702,1.942788,0.699175,3.430801
1776193491.340153,235.309097,523.47644,756.264648,758.785522,79.337303,31.01128,2,3.003199,1.599222,-0.907434,2.271213,0.376311,2.585989,94.036568,1.553702,1.942788,0.699175,3.430801
1776193492.117882,229.93042,541.459534,777.692139,771.389954,77.151352,29.807287,2,3.027452,1.662055,-2.263956,2.354425,0.382157,2.684989,88.576988,1.553702,1.942788,0.699175,3.430801
1776193492.870401,224.551743,521.629395,752.483337,746.181152,79.735985,30.093462,2,3.157152,1.646665,-1.156673,2.375704,0.369761,2.66043,97.423851,1.553702,1.942788,0.699175,3.430801
1776193493.614098,234.233368,520.770874,743.660217,755.004211,80.682007,31.024113,2,3.249235,1.598579,-0.324021,2.416327,0.37444,2.584993,96.96804,1.553702,1.942788,0.699175,3.430801
1776193494.372932,241.763519,525.845093,758.785522,767.608582,79.07373,31.495678,2,2.96928,1.575298,0.594235,2.253046,0.38085,2.549176,82.586983,1.553702,1.942788,0.699175,3.430801
1776193495.15192,231.006149,535.34198,778.952576,766.348145,77.026512,30.143761,2,3.067136,1.64399,-1.481122,2.389154,0.379772,2.656183,97.596001,1.553702,1.942788,0.699175,3.430801
1776193495.904441,228.854675,521.107788,752.483337,749.962463,79.735985,30.515484,2,3.148335,1.624496,-0.955211,2.369069,0.371773,2.625408,98.54332,1.553702,1.942788,0.699175,3.430801
1776193496.65822,228.854675,524.889099,753.743774,753.743774,79.602646,30.362398,2,3.323319,1.632466,-0.274203,2.504931,0.373598,2.637951,115.554276,1.553702,1.942788,0.699175,3.430801
1776193497.417043,233.157639,530.669617,758.785522,763.827271,79.07373,30.524916,2,3.263436,1.624007,0.762473,2.476248,0.37865,2.624641,105.699135,1.553702,1.942788,0.699175,3.430801
1776193498.182167,231.006149,531.560669,765.087708,762.566833,78.422379,30.293232,2,3.380395,1.636094,0.882824,2.586298,0.377948,2.643678,124.965996,1.553702,1.942788,0.699175,3.430801
1776193498.968718,223.475998,554.216125,786.515198,777.692139,76.285873,28.735792,2,3.196042,1.722402,-0.842619,2.513735,0.384915,2.783229,95.827927,1.553702,1.942788,0.699175,3.430801
1776193499.711167,219.17305,518.184937,742.39978,737.357971,80.818993,29.724104,2,3.545065,1.666584,-0.237972,2.631855,0.36527,2.692255,108.083054,1.553702,1.942788,0.699175,3.430801
1776193500.478811,224.551743,549.35907,767.608582,773.910828,78.164841,29.015196,2,3.400776,1.706236,-0.903425,2.610465,0.383138,2.756609,96.750023,1.553702,1.942788,0.699175,3.430801
1776193501.232591,226.703217,529.561401,753.743774,756.264648,79.602646,29.976706,2,3.257652,1.652909,-0.088777,2.455435,0.37472,2.67037,98.641266,1.553702,1.942788,0.699175,3.430801
1776193502.002757,228.854675,543.795715,770.129517,772.650391,77.908974,29.619434,2,3.314665,1.672319,0.037067,2.552721,0.382718,2.701481,100.473175,1.553702,1.942788,0.699175,3.430801
1776193502.772923,228.854675,541.274841,770.129517,770.129517,77.908974,29.716387,2,3.326493,1.667006,-0.580981,2.561831,0.381502,2.692932,97.713432,1.553702,1.942788,0.699175,3.430801
1776193503.548131,233.157639,547.055359,775.171265,780.213013,77.402252,29.883844,2,3.128656,1.657909,-2.533315,2.425245,0.386554,2.678354,88.34713,1.553702,1.942788,0.699175,3.430801
1776193504.317048,221.324524,533.679688,768.86908,755.004211,78.03669,29.314342,2,3.301704,1.68927,-2.587662,2.538578,0.373877,2.72891,97.984833,1.553702,1.942788,0.699175,3.430801
1776193505.074609,231.006149,537.862915,757.525085,768.86908,79.205299,30.044926,2,3.332732,1.649255,-1.173267,2.524628,0.380988,2.664549,97.77533,1.553702,1.942788,0.699175,3.430801
1776193505.840995,229.93042,535.157288,766.348145,765.087708,78.293396,30.05282,2,3.335288,1.648833,-2.444778,2.555992,0.379117,2.663878,109.643616,1.553702,1.942788,0.699175,3.430801
1776193506.608639,235.309097,538.601746,767.608582,773.910828,78.164841,30.405197,2,3.401515,1.63023,-0.530569,2.611032,0.383608,2.634426,104.698448,1.553702,1.942788,0.699175,3.430801
1776193507.387629,227.778946,542.350586,778.952576,770.129517,77.026512,29.576706,2,3.297814,1.674672,-1.050764,2.568841,0.381455,2.705274,87.397896,1.553702,1.942788,0.699175,3.430801
1776193508.161575,217.021576,544.28479,773.910828,761.306396,77.528313,28.50647,2,3.324554,1.735906,-1.413077,2.572909,0.376729,2.805638,97.924866,1.553702,1.942788,0.699175,3.430801
1776193508.904023,218.097321,525.562866,742.39978,743.660217,80.818993,29.327551,2,3.422146,1.688529,-1.495822,2.5406,0.368264,2.727706,109.549072,1.553702,1.942788,0.699175,3.430801
1776193509.64646,223.475998,525.226013,742.39978,748.702026,80.818993,29.848457,2,3.424443,1.659823,-1.334006,2.542305,0.370931,2.681415,95.433701,1.553702,1.942788,0.699175,3.430801
1776193510.385115,223.475998,515.142395,738.618408,738.618408,81.232742,30.255947,2,3.364711,1.638056,-1.323575,2.485238,0.366066,2.646781,111.301559,1.553702,1.942788,0.699175,3.430801
1776193511.218303,212.718643,607.828491,833.151489,820.547119,72.015717,25.924,2,3.840276,1.904483,-12.427622,3.199532,0.405119,3.098397,133.100403,1.553702,1.942788,0.699175,3.430801
1776193511.924186,209.491425,492.574249,705.846985,702.065674,85.004257,29.839293,2,3.824419,1.660319,-0.789905,2.699455,0.347823,2.682209,115.232071,1.553702,1.942788,0.699175,3.430801
1776193512.688049,219.17305,555.99823,763.827271,775.171265,78.551788,28.274145,2,3.837313,1.749812,-0.865227,2.931044,0.383512,2.828873,124.113983,1.553702,1.942788,0.699175,3.430801
1776193513.453174,217.021576,545.545288,765.087708,762.566833,78.422379,28.459352,2,3.521356,1.738708,-2.3591,2.694146,0.377337,2.810306,96.29641,1.553702,1.942788,0.699175,3.430801
1776193514.215777,215.945847,545.360535,762.566833,761.306396,78.681625,28.365168,2,3.48697,1.744336,-1.198176,2.659047,0.376682,2.819705,107.322479,1.553702,1.942788,0.699175,3.430801
1776193514.980913,218.097321,549.51123,765.087708,767.608582,78.422379,28.412569,2,3.335392,1.741499,-0.908511,2.551867,0.379816,2.814963,102.815514,1.553702,1.942788,0.699175,3.430801
1776193515.744777,223.475998,546.653503,763.827271,770.129517,78.551788,29.017977,2,3.356103,1.706077,-0.281516,2.563483,0.381267,2.756349,105.801941,1.553702,1.942788,0.699175,3.430801
1776193516.523765,212.718643,553.629517,778.952576,766.348145,77.026512,27.757442,2,3.315206,1.781571,-0.427258,2.582388,0.378973,2.882558,102.126213,1.553702,1.942788,0.699175,3.430801
1776193517.276286,214.870117,540.134094,752.483337,755.004211,79.735985,28.459459,2,3.720321,1.738702,-0.330369,2.79948,0.373595,2.810296,113.768814,1.553702,1.942788,0.699175,3.430801
1776193518.036368,215.945847,545.360535,760.045959,761.306396,78.942596,28.365168,2,3.470275,1.744336,-0.920093,2.637569,0.376682,2.819705,102.415955,1.553702,1.942788,0.699175,3.430801
1776193518.802753,217.021576,550.587036,766.348145,767.608582,78.293396,28.272427,2,3.433118,1.749915,-1.706231,2.630964,0.379769,2.829046,102.015762,1.553702,1.942788,0.699175,3.430801
1776193519.562847,217.021576,543.024414,760.045959,760.045959,78.942596,28.553745,2,3.607899,1.733105,0.499091,2.742169,0.376121,2.800976,127.221199,1.553702,1.942788,0.699175,3.430801
1776193520.3557,213.794373,575.241699,792.817444,789.036072,75.679466,27.09564,2,3.563877,1.824019,-0.873616,2.825504,0.389965,2.955647,108.373093,1.553702,1.942788,0.699175,3.430801
1776193521.129648,213.794373,560.116455,773.910828,773.910828,77.528313,27.625195,2,3.459489,1.789891,-1.343732,2.677336,0.382669,2.896762,100.548347,1.553702,1.942788,0.699175,3.430801
1776193521.908637,217.021576,565.71228,778.952576,782.733887,77.026512,27.726099,2,3.551498,1.783536,-0.314815,2.766449,0.387066,2.885907,120.236725,1.553702,1.942788,0.699175,3.430801
1776193522.696461,217.021576,570.754028,787.775635,787.775635,76.163818,27.548653,2,3.483022,1.794743,-0.651402,2.74384,0.389498,2.905073,107.07547,1.553702,1.942788,0.699175,3.430801
1776193523.480492,214.870117,566.603333,783.994324,781.47345,76.531166,27.49551,2,3.53634,1.798127,-0.450682,2.772471,0.386364,2.910883,108.857109,1.553702,1.942788,0.699175,3.430801
1776193524.248136,222.400253,554.031433,767.608582,776.431702,78.164841,28.64389,2,3.546033,1.727788,0.357878,2.721965,0.38426,2.792148,104.784294,1.553702,1.942788,0.699175,3.430801
1776193525.035949,217.021576,564.451904,787.775635,781.47345,76.163818,27.770821,2,3.495906,1.780734,1.084954,2.753989,0.386458,2.881131,132.31218,1.553702,1.942788,0.699175,3.430801
1776193525.813677,217.021576,560.670532,777.692139,777.692139,77.151352,27.905846,2,3.65467,1.772329,0.754121,2.842208,0.384634,2.866847,132.193771,1.553702,1.942788,0.699175,3.430801
1776193526.585115,225.627487,555.845947,771.389954,781.47345,77.78167,28.872061,2,3.67944,1.714478,1.307873,2.838283,0.386833,2.770154,122.926384,1.553702,1.942788,0.699175,3.430801
1776193527.383011,223.475998,571.862305,797.859192,795.338318,75.201241,28.098232,2,3.432232,1.760493,-0.206678,2.738438,0.393428,2.846832,103.156288,1.553702,1.942788,0.699175,3.430801
1776193528.155698,218.097321,548.250854,772.650391,766.348145,77.654785,28.459301,2,3.599103,1.738711,1.315261,2.780849,0.379208,2.810311,125.211067,1.553702,1.942788,0.699175,3.430801
1776193528.929645,217.021576,555.628784,773.910828,772.650391,77.528313,28.08794,2,3.651395,1.761122,0.869645,2.825854,0.382201,2.847893,129.88504,1.553702,1.942788,0.699175,3.430801
1776193529.702332,219.17305,555.99823,772.650391,775.171265,77.654785,28.274145,2,3.710621,1.749812,0.73556,2.867013,0.383512,2.828873,136.926254,1.553702,1.942788,0.699175,3.430801
1776193530.483854,211.642914,561.007446,781.47345,772.650391,76.778038,27.391809,2,3.549239,1.804769,-0.201295,2.773636,0.381967,2.922312,119.83577,1.553702,1.942788,0.699175,3.430801
1776193531.271665,211.642914,576.13269,787.775635,787.775635,76.163818,26.865887,2,3.681992,1.839245,0.18396,2.900584,0.389263,2.982237,135.574051,1.553702,1.942788,0.699175,3.430801
1776193532.046873,212.718643,563.713074,775.171265,776.431702,77.402252,27.396955,2,3.601565,1.804439,-0.481791,2.79183,0.383838,2.921742,109.106323,1.553702,1.942788,0.699175,3.430801
1776193532.830904,212.718643,571.275696,783.994324,783.994324,76.531166,27.132675,2,3.581036,1.821589,-0.475925,2.807512,0.387486,2.951422,122.840179,1.553702,1.942788,0.699175,3.430801
1776193533.613687,214.870117,570.384644,782.733887,785.254761,76.654404,27.36311,2,3.480801,1.806616,-0.496008,2.724541,0.388188,2.925497,106.023285,1.553702,1.942788,0.699175,3.430801
1776193534.393936,214.870117,565.342896,780.213013,780.213013,76.902077,27.53993,2,3.509045,1.795297,0.058264,2.737803,0.385756,2.906025,132.691422,1.553702,1.942788,0.699175,3.430801
1776193535.171664,211.642914,562.267944,777.692139,773.910828,77.151352,27.347195,2,3.580198,1.807643,-0.059562,2.784292,0.382575,2.927268,122.670929,1.553702,1.942788,0.699175,3.430801
1776193535.950653,214.870117,567.86377,778.952576,782.733887,77.026512,27.451235,2,3.665996,1.800957,0.50336,2.855637,0.386972,2.915748,149.139908,1.553702,1.942788,0.699175,3.430801
1776193536.722079,201.961288,554.303345,771.389954,756.264648,77.78167,26.705107,2,3.662181,1.850055,0.542932,2.82497,0.37364,3.001235,139.482681,1.553702,1.942788,0.699175,3.430801
1776193537.493517,213.794373,571.460388,771.389954,785.254761,77.78167,27.226118,2,3.679728,1.815487,0.622782,2.838505,0.388141,2.940833,142.132462,1.553702,1.942788,0.699175,3.430801
1776193538.267465,207.339966,559.008179,773.910828,766.348145,77.528313,27.055586,2,3.719408,1.826655,0.373952,2.87849,0.378739,2.960237,143.604309,1.553702,1.942788,0.699175,3.430801
1776193539.041412,212.718643,567.494385,773.910828,780.213013,77.528313,27.264175,2,3.689588,1.813014,-0.127496,2.855412,0.385662,2.936551,123.997849,1.553702,1.942788,0.699175,3.430801
1776193539.824183,221.324524,571.49292,782.733887,792.817444,76.654404,27.916203,2,3.471357,1.771688,-0.085845,2.717149,0.392118,2.865759,115.613937,1.553702,1.942788,0.699175,3.430801
1776193540.604444,220.248795,558.703796,780.213013,778.952576,76.902077,28.274996,2,3.421365,1.74976,-0.483238,2.669394,0.385383,2.828786,109.021057,1.553702,1.942788,0.699175,3.430801
1776193541.379651,221.324524,555.107178,775.171265,776.431702,77.402252,28.505342,2,3.523162,1.735973,0.907398,2.731054,0.384214,2.805749,108.256493,1.553702,1.942788,0.699175,3.430801
1776193542.152339,211.642914,549.663452,772.650391,761.306396,77.654785,27.799965,2,3.520078,1.778913,-0.255716,2.719789,0.376494,2.878031,124.018738,1.553702,1.942788,0.699175,3.430801
1776193542.917462,219.17305,554.737793,765.087708,773.910828,78.422379,28.320194,2,3.585459,1.747037,-0.372057,2.743191,0.382903,2.824224,127.040619,1.553702,1.942788,0.699175,3.430801
1776193543.69141,211.642914,553.444824,773.910828,765.087708,77.528313,27.662569,2,3.350297,1.787532,-1.022885,2.592831,0.378318,2.892729,107.884079,1.553702,1.942788,0.699175,3.430801
1776193544.459055,210.567169,555.781006,767.608582,766.348145,78.164841,27.476698,2,3.380226,1.799329,-0.404613,2.594691,0.37888,2.912947,109.866623,1.553702,1.942788,0.699175,3.430801
1776193545.22293,219.17305,554.737793,763.827271,773.910828,78.551788,28.320194,2,3.600063,1.747037,0.809804,2.749826,0.382903,2.824224,135.923294,1.553702,1.942788,0.699175,3.430801
1776193545.999399,215.945847,556.704529,776.431702,772.650391,77.276596,27.948713,2,3.457093,1.769678,0.779995,2.684197,0.382155,2.862353,127.550545,1.553702,1.942788,0.699175,3.430801
1776193546.767043,217.021576,551.847534,767.608582,768.86908,78.164841,28.226078,2,3.625053,1.752717,0.333748,2.782622,0.380377,2.833748,132.981613,1.553702,1.942788,0.699175,3.430801
1776193547.539731,218.097321,555.813477,772.650391,773.910828,77.654785,28.181194,2,3.500633,1.755439,0.936762,2.704765,0.382857,2.838322,130.813431,1.553702,1.942788,0.699175,3.430801
1776193548.303594,224.551743,546.838196,763.827271,771.389954,78.551788,29.110018,2,3.703602,1.700821,0.849376,2.828912,0.381922,2.747741,122.127296,1.553702,1.942788,0.699175,3.430801
1776193549.075032,223.475998,546.653503,771.389954,770.129517,77.78167,29.017977,2,3.518957,1.706077,-0.779066,2.714488,0.381267,2.756349,98.108322,1.553702,1.942788,0.699175,3.430801
1776193549.846459,211.642914,545.882202,771.389954,757.525085,77.78167,27.938732,2,3.509889,1.770294,-1.017428,2.707493,0.37467,2.863397,119.189285,1.553702,1.942788,0.699175,3.430801
1776193550.606541,212.718643,548.587769,760.045959,761.306396,78.942596,27.941265,2,3.752831,1.770138,-0.572666,2.852324,0.376541,2.863132,124.693497,1.553702,1.942788,0.699175,3.430801
1776193551.38679,217.021576,568.233154,780.213013,785.254761,76.902077,27.637091,2,3.801218,1.78914,-0.791316,2.96576,0.388282,2.895477,118.887466,1.553702,1.942788,0.699175,3.430801
1776193552.160738,210.567169,555.781006,773.910828,766.348145,77.528313,27.476698,2,3.658299,1.799329,-1.116433,2.831197,0.37888,2.912947,107.539192,1.553702,1.942788,0.699175,3.430801
1776193552.92082,211.642914,549.663452,760.045959,761.306396,78.942596,27.799965,2,3.680853,1.778913,-0.484092,2.797618,0.376494,2.878031,106.351471,1.553702,1.942788,0.699175,3.430801
1776193553.692259,204.112747,558.454102,771.389954,762.566833,77.78167,26.766539,2,3.501006,1.845909,-0.6922,2.700641,0.376774,2.993937,106.534538,1.553702,1.942788,0.699175,3.430801
1776193554.468726,211.642914,573.611816,776.431702,785.254761,77.276596,26.952133,2,3.720291,1.833499,-0.754676,2.888551,0.388047,2.972179,115.384155,1.553702,1.942788,0.699175,3.430801
1776193555.241413,213.794373,561.376892,772.650391,775.171265,77.654785,27.580276,2,3.649162,1.792735,-0.71451,2.819526,0.383277,2.901632,118.381073,1.553702,1.942788,0.699175,3.430801
1776193556.019142,214.870117,564.082458,777.692139,778.952576,77.151352,27.584494,2,3.552078,1.792468,-0.147208,2.762423,0.385148,2.901174,110.667969,1.553702,1.942788,0.699175,3.430801
1776193556.779224,215.945847,545.360535,760.045959,761.306396,78.942596,28.365168,2,3.61093,1.744336,0.170039,2.744473,0.376682,2.819705,119.509193,1.553702,1.942788,0.699175,3.430801
1776193557.550662,217.021576,555.628784,771.389954,772.650391,77.78167,28.08794,2,3.648914,1.761122,-0.448232,2.814736,0.382201,2.847893,104.626343,1.553702,1.942788,0.699175,3.430801
1776193558.328391,210.567169,559.562378,777.692139,770.129517,77.151352,27.341785,2,3.370221,1.807991,3.646501,2.620994,0.380704,2.92787,115.497368,1.553702,1.942788,0.699175,3.430801
1776193559.096036,218.097321,558.334351,767.608582,776.431702,78.164841,28.089699,2,3.154288,1.761014,-0.505549,2.421259,0.384073,2.847712,112.369156,1.553702,1.942788,0.699175,3.430801
1776193559.886369,217.021576,572.014526,790.29657,789.036072,75.920868,27.504646,2,3.445499,1.797544,-0.76199,2.722966,0.390106,2.909882,115.243134,1.553702,1.942788,0.699175,3.430801
1776193560.659055,219.17305,555.99823,772.650391,775.171265,77.654785,28.274145,2,3.496112,1.749812,0.854351,2.701272,0.383512,2.828873,103.659187,1.553702,1.942788,0.699175,3.430801
1776193561.433014,218.097321,554.553101,773.910828,772.650391,77.528313,28.227169,2,3.558506,1.752651,-0.513345,2.753966,0.382248,2.833637,115.060989,1.553702,1.942788,0.699175,3.430801
1776193562.1994,222.400253,548.989685,766.348145,771.389954,78.293396,28.831106,2,3.504143,1.716852,2.035804,2.685394,0.381828,2.774065,119.366104,1.553702,1.942788,0.699175,3.430801
1776193562.980909,219.17305,558.519104,781.47345,777.692139,76.778038,28.182495,2,3.198609,1.75536,3.046643,2.499628,0.384728,2.838189,76.967567,1.553702,1.942788,0.699175,3.430801
1776193563.76494,207.339966,562.789551,783.994324,770.129517,76.531166,26.922739,2,3.073026,1.835453,-2.09427,2.409235,0.380563,2.975597,101.466347,1.553702,1.942788,0.699175,3.430801
1776193564.523762,217.021576,553.10791,758.785522,770.129517,79.07373,28.17988,2,3.532603,1.755519,-0.346777,2.680488,0.380985,2.838457,111.601822,1.553702,1.942788,0.699175,3.430801
1776193565.297721,231.006149,559.290405,773.910828,790.29657,77.528313,29.230312,2,3.310445,1.694001,-0.259094,2.56199,0.391325,2.736609,99.373077,1.553702,1.942788,0.699175,3.430801
1776193566.07671,217.021576,545.545288,778.952576,762.566833,77.026512,28.459352,2,3.271471,1.738708,-0.927703,2.548321,0.377337,2.810306,111.399567,1.553702,1.942788,0.699175,3.430801
1776193566.845615,217.021576,551.847534,768.86908,768.86908,78.03669,28.226078,2,3.475385,1.752717,-0.013419,2.672117,0.380377,2.833748,120.274933,1.553702,1.942788,0.699175,3.430801
1776193567.632166,212.718643,568.754822,786.515198,781.47345,76.285873,27.220201,2,3.597263,1.815872,0.505661,2.829302,0.38627,2.941501,121.042221,1.553702,1.942788,0.699175,3.430801
1776193568.402333,219.17305,558.519104,770.129517,777.692139,77.908974,28.182495,2,3.390842,1.75536,3.500722,2.611388,0.384728,2.838189,114.790413,1.553702,1.942788,0.699175,3.430801
1776193569.175032,222.400253,554.031433,772.650391,776.431702,77.654785,28.64389,2,3.159112,1.727788,-0.188859,2.440889,0.38426,2.792148,108.323532,1.553702,1.942788,0.699175,3.430801
1776193569.957802,215.945847,559.225403,782.733887,775.171265,76.654404,27.857824,2,3.346475,1.775309,-1.111161,2.619399,0.383371,2.871904,98.271843,1.553702,1.942788,0.699175,3.430801
1776193570.719145,215.945847,545.360535,761.306396,761.306396,78.811897,28.365168,2,3.41756,1.744336,-0.727614,2.60181,0.376682,2.819705,94.306549,1.553702,1.942788,0.699175,3.430801
1776193571.483008,215.945847,547.881409,763.827271,763.827271,78.551788,28.271557,2,3.275174,1.749968,3.016574,2.501667,0.377898,2.829134,93.677757,1.553702,1.942788,0.699175,3.430801
1776193572.253174,218.097321,554.553101,770.129517,772.650391,77.908974,28.227169,2,3.124223,1.752651,-0.261136,2.406056,0.382248,2.833637,94.607178,1.553702,1.942788,0.699175,3.430801
1776193573.014517,221.324524,543.763184,761.306396,765.087708,78.811897,28.927994,2,3.341963,1.711248,-0.061047,2.544258,0.378741,2.764839,96.392471,1.553702,1.942788,0.699175,3.430801
1776193573.780913,221.324524,545.023621,766.348145,766.348145,78.293396,28.880415,2,3.392387,1.713995,1.601139,2.59975,0.379349,2.769359,112.834457,1.553702,1.942788,0.699175,3.430801
1776193574.561163,224.551743,559.442566,780.213013,783.994324,76.902077,28.64201,2,3.364332,1.727898,0.505253,2.624896,0.388003,2.792332,92.001587,1.553702,1.942788,0.699175,3.430801
1776193575.331329,222.400253,545.208313,770.129517,767.608582,77.908974,28.973133,2,3.224574,1.70865,-0.496194,2.48334,0.380004,2.76057,91.632683,1.553702,1.942788,0.699175,3.430801
1776193576.097714,218.097321,543.209106,766.348145,761.306396,78.293396,28.647772,2,3.273497,1.72756,-0.953169,2.508638,0.376776,2.79177,95.767876,1.553702,1.942788,0.699175,3.430801
1776193576.854014,213.794373,537.428528,756.264648,751.2229,79.337303,28.459513,2,3.389856,1.738698,-0.880521,2.563628,0.371724,2.81029,104.404495,1.553702,1.942788,0.699175,3.430801
1776193577.615358,218.097321,548.250854,761.306396,766.348145,78.811897,28.459301,2,3.501853,1.738711,0.410035,2.665983,0.379208,2.810311,100.227409,1.553702,1.942788,0.699175,3.430801
1776193578.386796,222.400253,554.031433,771.389954,776.431702,77.78167,28.64389,2,3.552432,1.727788,-0.247883,2.74031,0.38426,2.792148,114.797089,1.553702,1.942788,0.699175,3.430801
1776193579.163263,219.17305,553.477356,776.431702,772.650391,77.276596,28.366392,2,3.642959,1.744263,-0.111682,2.828509,0.382295,2.819582,115.866486,1.553702,1.942788,0.699175,3.430801
1776193579.915784,225.627487,534.418457,752.483337,760.045959,79.735985,29.686031,2,4.145288,1.668666,-0.356058,3.11926,0.376497,2.6956,125.252777,1.553702,1.942788,0.699175,3.430801
1776193580.68721,222.400253,545.208313,771.389954,767.608582,77.78167,28.973133,2,3.788742,1.70865,-2.403907,2.922598,0.380004,2.76057,112.201797,1.553702,1.942788,0.699175,3.430801
1776193581.456115,217.021576,545.545288,768.86908,762.566833,78.03669,28.459352,2,3.314861,1.738708,-3.073815,2.548694,0.377337,2.810306,106.954536,1.553702,1.942788,0.699175,3.430801
1776193582.189728,221.324524,517.293884,733.57666,738.618408,81.791046,29.964664,2,3.397669,1.653555,-3.327806,2.49245,0.365972,2.671401,104.21489,1.553702,1.942788,0.699175,3.430801
1776193582.937206,213.794373,524.824036,747.441589,738.618408,80.273834,28.945171,2,3.227169,1.710258,-5.364147,2.41212,0.365644,2.763212,99.982666,1.553702,1.942788,0.699175,3.430801
1776193583.709905,227.778946,561.257141,772.650391,789.036072,77.654785,28.868002,2,3.422983,1.714713,-1.2376,2.644769,0.390576,2.770541,107.981102,1.553702,1.942788,0.699175,3.430801
1776193584.487633,231.006149,550.467285,777.692139,781.47345,77.151352,29.560333,2,3.132814,1.675576,-0.093974,2.436365,0.387068,2.706731,92.618271,1.553702,1.942788,0.699175,3.430801
1776193585.276706,219.17305,555.99823,789.036072,775.171265,76.042152,28.274145,2,3.285161,1.749812,-2.45031,2.592111,0.383512,2.828873,100.348618,1.553702,1.942788,0.699175,3.430801
1776193586.059476,209.491425,561.89856,782.733887,771.389954,76.654404,27.157656,2,3.489694,1.819954,-1.557037,2.731502,0.381265,2.948581,106.886269,1.553702,1.942788,0.699175,3.430801
1776193586.819558,218.097321,552.032227,760.045959,770.129517,78.942596,28.319565,2,3.46988,1.747075,-0.79024,2.637268,0.381032,2.824287,108.522446,1.553702,1.942788,0.699175,3.430801
1776193587.584694,213.794373,546.251587,765.087708,760.045959,78.422379,28.129137,2,3.656296,1.758607,-1.764402,2.797387,0.37598,2.843654,137.227142,1.553702,1.942788,0.699175,3.430801
1776193588.354861,221.324524,557.628052,770.129517,778.952576,77.908974,28.413094,2,3.405659,1.741468,-1.160645,2.622798,0.38543,2.814911,109.369232,1.553702,1.942788,0.699175,3.430801
1776193589.119984,214.870117,542.654968,765.087708,757.525085,78.422379,28.364754,2,3.444042,1.744361,-0.596721,2.634994,0.374811,2.819746,116.002533,1.553702,1.942788,0.699175,3.430801
1776193589.897713,220.248795,563.745544,777.692139,783.994324,77.151352,28.093163,2,3.437258,1.760803,-0.840058,2.673129,0.387815,2.847355,112.919724,1.553702,1.942788,0.699175,3.430801
1776193590.674181,219.17305,555.99823,776.431702,775.171265,77.276596,28.274145,2,3.494427,1.749812,-0.448529,2.713184,0.383512,2.828873,104.3573,1.553702,1.942788,0.699175,3.430801
1776193591.444359,219.17305,550.956482,770.129517,770.129517,77.908974,28.459246,2,3.517747,1.738715,0.20898,2.709121,0.381079,2.810317,108.324356,1.553702,1.942788,0.699175,3.430801
1776193592.225869,219.17305,562.300415,781.47345,781.47345,76.778038,28.046127,2,3.459995,1.763683,0.712655,2.703895,0.386552,2.852214,105.061577,1.553702,1.942788,0.699175,3.430801
1776193593.003597,222.400253,559.073181,777.692139,781.47345,77.151352,28.459093,2,3.432123,1.738724,-0.517651,2.669135,0.386693,2.810332,116.499908,1.553702,1.942788,0.699175,3.430801
1776193593.783847,222.400253,557.812744,780.213013,780.213013,76.902077,28.50507,2,3.390118,1.73599,-0.955916,2.645014,0.386085,2.805776,106.101074,1.553702,1.942788,0.699175,3.430801
1776193594.572932,218.097321,565.896973,789.036072,783.994324,76.042152,27.818737,2,3.346953,1.777742,-1.744318,2.640867,0.387721,2.87604,100.743401,1.553702,1.942788,0.699175,3.430801
1776193595.340576,217.021576,549.326538,767.608582,766.348145,78.164841,28.318926,2,3.617233,1.747114,-0.291539,2.776619,0.379161,2.824352,116.65274,1.553702,1.942788,0.699175,3.430801
1776193596.127128,218.097321,569.678345,786.515198,787.775635,76.285873,27.685207,2,3.300032,1.786106,-1.514606,2.595526,0.389545,2.890293,100.53627,1.553702,1.942788,0.699175,3.430801
1776193596.888471,221.324524,543.763184,761.306396,765.087708,78.811897,28.927994,2,3.380096,1.711248,-1.716774,2.573289,0.378741,2.764839,110.558197,1.553702,1.942788,0.699175,3.430801
1776193597.668721,222.400253,559.073181,780.213013,781.47345,76.902077,28.459093,2,3.202043,1.738724,-0.551469,2.498275,0.386693,2.810332,99.678253,1.553702,1.942788,0.699175,3.430801
1776193598.455284,217.021576,563.191406,786.515198,780.213013,76.285873,27.815681,2,3.300765,1.777933,-0.490811,2.596102,0.38585,2.876364,98.465912,1.553702,1.942788,0.699175,3.430801
1776193599.230491,218.097321,558.334351,775.171265,776.431702,77.402252,28.089699,2,3.454401,1.761014,-0.45291,2.677752,0.384073,2.847712,104.912933,1.553702,1.942788,0.699175,3.430801
1776193600.003179,224.551743,555.661255,772.650391,780.213013,77.654785,28.780825,2,3.399755,1.719775,-0.51702,2.626822,0.386178,2.778889,111.567825,1.553702,1.942788,0.699175,3.430801
1776193600.779646,219.17305,550.956482,776.431702,770.129517,77.276596,28.459246,2,3.396398,1.738715,-0.077566,2.637071,0.381079,2.810317,110.338226,1.553702,1.942788,0.699175,3.430801
1776193601.556114,217.021576,556.889282,776.431702,773.910828,77.276596,28.042194,2,3.401067,1.763924,-0.234334,2.640696,0.38281,2.852622,109.592773,1.553702,1.942788,0.699175,3.430801
1776193602.327553,220.248795,554.922485,771.389954,775.171265,77.78167,28.41292,2,3.289612,1.741478,-0.269897,2.537574,0.383558,2.814929,107.143799,1.553702,1.942788,0.699175,3.430801
1776193603.096458,221.324524,548.804993,768.86908,770.129517,78.03669,28.738611,2,3.526045,1.722237,0.556296,2.711067,0.381173,2.782957,125.795204,1.553702,1.942788,0.699175,3.430801
1776193603.884271,218.097321,565.896973,787.775635,783.994324,76.163818,27.818737,2,3.34124,1.777742,-0.558002,2.632148,0.387721,2.87604,116.940582,1.553702,1.942788,0.699175,3.430801
1776193604.669562,219.17305,567.342163,785.254761,786.515198,76.408325,27.866346,2,3.478622,1.774779,-0.846146,2.731605,0.388984,2.871005,113.917114,1.553702,1.942788,0.699175,3.430801
1776193605.435946,223.475998,547.91394,766.348145,771.389954,78.293396,28.97056,2,3.610852,1.708798,-0.21451,2.76717,0.381875,2.760813,112.32608,1.553702,1.942788,0.699175,3.430801
1776193606.208645,213.794373,547.512024,772.650391,761.306396,77.654785,28.082567,2,3.405673,1.761451,0.623562,2.631394,0.376588,2.848447,120.437004,1.553702,1.942788,0.699175,3.430801
1776193606.97629,214.870117,553.998962,767.608582,768.86908,78.164841,27.946255,2,3.591367,1.76983,-0.256236,2.756764,0.380283,2.86261,116.323669,1.553702,1.942788,0.699175,3.430801
1776193607.76032,220.248795,570.047791,783.994324,790.29657,76.531166,27.869133,2,3.605838,1.774606,-1.251298,2.826956,0.390855,2.870711,113.881927,1.553702,1.942788,0.699175,3.430801
1776193608.538049,218.097321,557.073975,777.692139,775.171265,77.151352,28.135372,2,3.603448,1.758227,0.681992,2.802373,0.383465,2.843014,108.514244,1.553702,1.942788,0.699175,3.430801
1776193609.298131,219.17305,542.133362,760.045959,761.306396,78.942596,28.789074,2,3.642077,1.719295,0.067842,2.768146,0.376823,2.778096,121.607841,1.553702,1.942788,0.699175,3.430801
1776193610.074611,220.248795,557.443359,776.431702,777.692139,77.276596,28.32082,2,3.752406,1.747,-1.371277,2.913487,0.384775,2.824161,135.256409,1.553702,1.942788,0.699175,3.430801
1776193610.85108,212.718643,554.889954,776.431702,767.608582,77.276596,27.711863,2,3.771063,1.78443,-1.059636,2.927973,0.379581,2.887431,134.250854,1.553702,1.942788,0.699175,3.430801
1776193611.623766,214.870117,560.301147,772.650391,775.171265,77.654785,27.719051,2,3.465806,1.783978,-2.66703,2.677856,0.383324,2.886661,97.387543,1.553702,1.942788,0.699175,3.430801
1776193612.369984,213.794373,531.126282,746.181152,744.920654,80.409431,28.700289,2,3.586915,1.724478,-1.000834,2.676489,0.368684,2.786665,109.444183,1.553702,1.942788,0.699175,3.430801
1776193613.146452,219.17305,563.560852,776.431702,782.733887,77.276596,28.000965,2,3.413155,1.766457,-2.101398,2.650082,0.38716,2.856902,113.028442,1.553702,1.942788,0.699175,3.430801
1776193613.914097,218.097321,548.250854,767.608582,766.348145,78.164841,28.459301,2,3.272589,1.738711,3.144646,2.512067,0.379208,2.810311,101.36042,1.553702,1.942788,0.699175,3.430801
1776193614.684275,210.567169,550.739258,770.129517,761.306396,77.908974,27.658663,2,3.192453,1.787778,-0.596758,2.458602,0.376447,2.893149,106.740387,1.553702,1.942788,0.699175,3.430801
1776193615.450659,217.021576,556.889282,766.348145,773.910828,78.293396,28.042194,2,3.648808,1.763924,-0.797478,2.796257,0.38281,2.852622,110.654709,1.553702,1.942788,0.699175,3.430801
1776193616.23217,206.264236,562.604858,781.47345,768.86908,76.778038,26.826965,2,3.437908,1.84185,-2.242648,2.686634,0.379908,2.986806,99.121811,1.553702,1.942788,0.699175,3.430801
1776193616.993512,220.248795,557.443359,761.306396,777.692139,78.811897,28.32082,2,3.403616,1.747,-1.214844,2.591195,0.384775,2.824161,106.520828,1.553702,1.942788,0.699175,3.430801
1776193617.777542,209.491425,561.89856,783.994324,771.389954,76.531166,27.157656,2,3.36237,1.819954,-0.176274,2.636079,0.381265,2.948581,124.417603,1.553702,1.942788,0.699175,3.430801
1776193618.542679,203.037018,554.488037,765.087708,757.525085,78.422379,26.802679,2,3.484042,1.843479,1.529567,2.665598,0.374294,2.989667,122.293915,1.553702,1.942788,0.699175,3.430801
1776193619.314105,209.491425,569.461182,771.389954,778.952576,77.78167,26.893988,2,3.45006,1.837368,-0.015164,2.661342,0.384913,2.97895,110.978943,1.553702,1.942788,0.699175,3.430801
1776193620.086792,215.945847,564.267151,772.650391,780.213013,77.654785,27.677807,2,3.43042,1.786572,-0.180061,2.650515,0.385803,2.891088,112.477829,1.553702,1.942788,0.699175,3.430801
1776193620.862,219.17305,559.779541,775.171265,778.952576,77.402252,28.136894,2,3.399946,1.758134,0.997568,2.63554,0.385336,2.842858,95.374741,1.553702,1.942788,0.699175,3.430801
1776193621.634686,215.945847,552.923218,772.650391,768.86908,77.654785,28.086164,2,3.293522,1.761231,-1.390432,2.544741,0.38033,2.848076,97.429138,1.553702,1.942788,0.699175,3.430801
1776193622.423771,217.021576,573.275024,789.036072,790.29657,76.042152,27.460777,2,3.285326,1.800346,-1.438691,2.592241,0.390714,2.914697,103.269653,1.553702,1.942788,0.699175,3.430801
1776193623.185114,221.324524,545.023621,761.306396,766.348145,78.811897,28.880415,2,3.388599,1.713995,1.583395,2.579762,0.379349,2.769359,102.274193,1.553702,1.942788,0.699175,3.430801
1776193623.95906,219.17305,552.216919,773.910828,771.389954,77.528313,28.412745,2,3.296842,1.741489,-0.304903,2.551462,0.381687,2.814946,102.965698,1.553702,1.942788,0.699175,3.430801
1776193624.744352,219.17305,566.081726,785.254761,785.254761,76.408325,27.911076,2,3.237998,1.772005,-0.685926,2.542654,0.388376,2.866297,106.703423,1.553702,1.942788,0.699175,3.430801
1776193625.517038,215.945847,552.923218,772.650391,768.86908,77.654785,28.086164,2,3.470065,1.761231,0.048389,2.681147,0.38033,2.848076,99.667351,1.553702,1.942788,0.699175,3.430801
1776193626.288478,219.17305,555.99823,771.389954,775.171265,77.78167,28.274145,2,3.363788,1.749812,-0.75579,2.594792,0.383512,2.828873,102.850807,1.553702,1.942788,0.699175,3.430801
1776193627.062424,219.17305,554.737793,773.910828,773.910828,77.528313,28.320194,2,3.406431,1.747037,-0.530384,2.636274,0.382903,2.824224,108.099243,1.553702,1.942788,0.699175,3.430801
1776193627.831329,221.324524,550.06543,768.86908,771.389954,78.03669,28.691652,2,3.420477,1.724984,0.670447,2.6299,0.381781,2.787503,105.467224,1.553702,1.942788,0.699175,3.430801
1776193628.605277,221.324524,552.586304,773.910828,773.910828,77.528313,28.598196,2,3.346137,1.730479,-0.093046,2.589612,0.382997,2.796613,105.284271,1.553702,1.942788,0.699175,3.430801
1776193629.393089,219.17305,566.081726,787.775635,785.254761,76.163818,27.911076,2,3.443256,1.772005,0.761025,2.712513,0.388376,2.866297,128.016403,1.553702,1.942788,0.699175,3.430801
1776193630.169569,215.945847,556.704529,776.431702,772.650391,77.276596,27.948713,2,3.398547,1.769678,-0.872502,2.63874,0.382155,2.862353,94.356461,1.553702,1.942788,0.699175,3.430801
1776193630.939735,221.324524,555.107178,770.129517,776.431702,77.908974,28.505342,2,3.348594,1.735973,0.351864,2.578851,0.384214,2.805749,107.907356,1.553702,1.942788,0.699175,3.430801
1776193631.706119,224.551743,545.577759,766.348145,770.129517,78.293396,29.15766,2,3.440073,1.698113,0.26433,2.636293,0.381314,2.743317,92.266014,1.553702,1.942788,0.699175,3.430801
1776193632.480067,226.703217,549.728516,773.910828,776.431702,77.528313,29.19809,2,3.357318,1.695822,0.174234,2.598265,0.384448,2.739578,88.152092,1.553702,1.942788,0.699175,3.430801
1776193633.251493,225.627487,544.502014,771.389954,770.129517,77.78167,29.297342,2,3.418966,1.690225,-0.03354,2.637356,0.381361,2.730463,107.244644,1.553702,1.942788,0.699175,3.430801
1776193634.035536,206.264236,555.042175,783.994324,761.306396,76.531166,27.093458,2,3.29593,1.824163,-1.173007,2.58399,0.37626,2.955897,100.706802,1.553702,1.942788,0.699175,3.430801
1776193634.810744,222.400253,571.677612,775.171265,794.077881,77.402252,28.00736,2,3.285949,1.766063,-2.265775,2.547173,0.392773,2.856237,90.934357,1.553702,1.942788,0.699175,3.430801
1776193635.579649,223.475998,546.653503,768.86908,770.129517,78.03669,29.017977,2,3.408877,1.706077,0.245212,2.62098,0.381267,2.756349,113.94442,1.553702,1.942788,0.699175,3.430801
1776193636.349815,214.870117,545.175842,770.129517,760.045959,77.908974,28.270674,2,3.427774,1.750021,-2.05106,2.63983,0.376027,2.829224,99.028656,1.553702,1.942788,0.699175,3.430801
1776193637.113678,218.097321,549.51123,763.827271,767.608582,78.551788,28.412569,2,3.204034,1.741499,3.795325,2.447328,0.379816,2.814963,90.938286,1.553702,1.942788,0.699175,3.430801
1776193637.888898,220.248795,557.443359,775.171265,777.692139,77.402252,28.32082,2,3.063638,1.747,-0.213805,2.374844,0.384775,2.824161,101.879776,1.553702,1.942788,0.699175,3.430801
1776193638.676711,218.097321,567.157471,787.775635,785.254761,76.163818,27.774084,2,3.469889,1.78053,-0.50915,2.733494,0.388329,2.880784,110.938507,1.553702,1.942788,0.699175,3.430801
1776193639.453178,218.097321,558.334351,776.431702,776.431702,77.276596,28.089699,2,3.345917,1.761014,-0.946376,2.597876,0.384073,2.847712,108.032364,1.553702,1.942788,0.699175,3.430801
1776193640.223345,209.491425,550.554565,770.129517,760.045959,77.908974,27.562994,2,3.388843,1.793832,-1.37473,2.609848,0.375792,2.903511,105.951866,1.553702,1.942788,0.699175,3.430801
1776193640.997291,215.945847,565.527588,773.910828,781.47345,77.528313,27.633167,2,3.5162,1.789387,-0.160943,2.721225,0.386411,2.895901,114.927261,1.553702,1.942788,0.699175,3.430801
1776193641.764948,217.021576,551.847534,767.608582,768.86908,78.164841,28.226078,2,3.53709,1.752717,0.193723,2.715101,0.380377,2.833748,100.397697,1.553702,1.942788,0.699175,3.430801
1776193642.556542,219.17305,574.904846,791.557007,794.077881,75.799973,27.60095,2,3.481403,1.791425,-0.162762,2.755729,0.392632,2.899388,107.863533,1.553702,1.942788,0.699175,3.430801
1776193643.344354,221.324524,568.972046,787.775635,790.29657,76.163818,28.005249,2,3.451867,1.766193,-1.061306,2.719296,0.390902,2.856457,96.844246,1.553702,1.942788,0.699175,3.430801
1776193644.122082,218.097321,555.813477,777.692139,773.910828,77.151352,28.181194,2,3.423522,1.755439,0.423695,2.662446,0.382857,2.838322,112.76281,1.553702,1.942788,0.699175,3.430801
1776193644.904853,213.794373,563.897766,782.733887,777.692139,76.654404,27.490875,2,3.198349,1.798423,3.091301,2.503456,0.384493,2.911391,88.758095,1.553702,1.942788,0.699175,3.430801
1776193645.680072,219.17305,562.300415,775.171265,781.47345,77.402252,28.046127,2,3.109006,1.763683,-0.739531,2.410012,0.386552,2.852214,105.705826,1.553702,1.942788,0.699175,3.430801
1776193646.448977,207.339966,547.664246,768.86908,755.004211,78.03669,27.462095,2,3.062955,1.800262,3.356874,2.355011,0.373266,2.914552,90.724739,1.553702,1.942788,0.699175,3.430801
1776193647.23805,219.17305,583.727905,789.036072,802.90094,76.042152,27.297646,2,2.674938,1.810844,2.952278,2.110623,0.396888,2.932798,89.192482,1.553702,1.942788,0.699175,3.430801
1776193648.022081,217.021576,564.451904,783.994324,781.47345,76.531166,27.770821,2,2.875818,1.780734,2.954023,2.254625,0.386458,2.881131,93.090492,1.553702,1.942788,0.699175,3.430801
1776193648.798562,220.248795,559.964233,776.431702,780.213013,77.276596,28.229317,2,3.019806,1.752521,-0.775651,2.344673,0.385991,2.833419,97.780838,1.553702,1.942788,0.699175,3.430801
1776193649.575029,215.945847,555.444092,776.431702,771.389954,77.276596,27.994383,2,3.282534,1.766862,-1.090707,2.548664,0.381546,2.857587,95.299858,1.553702,1.942788,0.699175,3.430801
1776193650.340153,218.097321,549.51123,765.087708,767.608582,78.422379,28.412569,2,3.380744,1.741499,-1.309134,2.586566,0.379816,2.814963,108.986084,1.553702,1.942788,0.699175,3.430801
1776193651.096454,217.021576,537.982666,756.264648,755.004211,79.337303,28.744421,2,3.409226,1.721898,-0.595199,2.578277,0.373689,2.782396,103.740578,1.553702,1.942788,0.699175,3.430801
1776193651.886787,222.400253,574.198486,790.29657,796.598755,75.920868,27.91873,2,3.453193,1.771531,-1.223345,2.729047,0.393989,2.865494,99.526245,1.553702,1.942788,0.699175,3.430801
1776193652.660746,224.551743,551.879944,773.910828,776.431702,77.528313,28.92099,2,3.558905,1.711652,0.40287,2.754275,0.384354,2.765503,110.431999,1.553702,1.942788,0.699175,3.430801
1776193653.440996,214.870117,553.998962,780.213013,768.86908,76.902077,27.946255,2,3.330265,1.76983,-1.421763,2.598316,0.380283,2.86261,98.349907,1.553702,1.942788,0.699175,3.430801
1776193654.212422,211.642914,555.965698,771.389954,767.608582,77.78167,27.571722,2,3.396635,1.793278,-2.260652,2.62013,0.379535,2.902562,95.822517,1.553702,1.942788,0.699175,3.430801
1776193654.980067,215.945847,556.704529,767.608582,772.650391,78.164841,27.948713,2,3.207586,1.769678,2.967461,2.462171,0.382155,2.862353,83.651276,1.553702,1.942788,0.699175,3.430801
1776193655.743931,221.324524,548.804993,763.827271,770.129517,78.551788,28.738611,2,3.116002,1.722237,-0.758797,2.380088,0.381173,2.782957,97.593483,1.553702,1.942788,0.699175,3.430801
1776193656.517878,222.400253,552.770996,773.910828,775.171265,77.528313,28.690466,2,3.302895,1.725054,-1.280253,2.556146,0.383652,2.787618,89.692406,1.553702,1.942788,0.699175,3.430801
1776193657.294358,220.248795,553.662048,776.431702,773.910828,77.276596,28.459194,2,3.419928,1.738718,-0.836271,2.65534,0.38295,2.810322,107.793236,1.553702,1.942788,0.699175,3.430801
1776193658.055701,227.778946,542.350586,761.306396,770.129517,78.811897,29.576706,2,3.353768,1.674672,0.323094,2.553245,0.381455,2.705274,82.00071,1.553702,1.942788,0.699175,3.430801
1776193658.825867,221.324524,541.24231,770.129517,762.566833,77.908974,29.023624,2,3.278192,1.705753,-1.225164,2.524632,0.377525,2.755818,96.13485,1.553702,1.942788,0.699175,3.430801
1776193659.584689,223.475998,537.830383,758.785522,761.306396,79.07373,29.354277,2,3.357558,1.687031,-0.669147,2.547667,0.377011,2.725274,103.732422,1.553702,1.942788,0.699175,3.430801
1776193660.347291,225.627487,539.460205,762.566833,765.087708,78.681625,29.490408,2,3.419315,1.679445,-0.505029,2.607456,0.378929,2.712982,104.441071,1.553702,1.942788,0.699175,3.430801
1776193661.117458,225.627487,544.502014,770.129517,770.129517,77.908974,29.297342,2,3.308223,1.690225,-0.084694,2.54776,0.381361,2.730463,101.481766,1.553702,1.942788,0.699175,3.430801
1776193661.878813,222.400253,535.124817,761.306396,757.525085,78.811897,29.358799,2,3.191921,1.686778,2.415342,2.43003,0.37514,2.724863,90.091446,1.553702,1.942788,0.699175,3.430801
1776193662.637635,223.475998,536.569946,758.785522,760.045959,79.07373,29.40296,2,3.126994,1.68431,-0.185629,2.372718,0.376403,2.720859,105.460022,1.553702,1.942788,0.699175,3.430801
1776193663.409061,224.551743,548.098633,771.389954,772.650391,77.78167,29.062527,2,3.586057,1.703528,-1.350192,2.766248,0.38253,2.752172,129.509323,1.553702,1.942788,0.699175,3.430801
1776193664.167882,218.097321,533.12561,758.785522,751.2229,79.07373,29.032305,2,3.325634,1.705256,-1.121815,2.523443,0.371912,2.755003,99.435226,1.553702,1.942788,0.699175,3.430801
1776193664.943091,215.945847,556.704529,775.171265,772.650391,77.402252,27.948713,2,3.339455,1.769678,-1.382414,2.58865,0.382155,2.862353,101.425316,1.553702,1.942788,0.699175,3.430801
1776193665.69561,222.400253,537.645691,752.483337,760.045959,79.735985,29.261421,2,3.520623,1.692246,0.391176,2.64921,0.376356,2.733752,94.036385,1.553702,1.942788,0.699175,3.430801
1776193666.451923,215.945847,532.756165,756.264648,748.702026,79.337303,28.842697,2,3.568225,1.716179,-1.197025,2.698523,0.370602,2.772957,115.917221,1.553702,1.942788,0.699175,3.430801
1776193667.218308,217.021576,550.587036,766.348145,767.608582,78.293396,28.272427,2,3.394977,1.749915,-1.159606,2.601734,0.379769,2.829046,106.633545,1.553702,1.942788,0.699175,3.430801
1776193667.977129,217.021576,541.763916,758.785522,758.785522,79.07373,28.601175,2,3.471511,1.730303,0.018469,2.634133,0.375513,2.796321,92.644005,1.553702,1.942788,0.699175,3.430801
1776193668.746035,215.945847,551.66272,768.86908,767.608582,78.03669,28.132286,2,3.544481,1.758415,-1.481196,2.725242,0.379722,2.843331,117.654144,1.553702,1.942788,0.699175,3.430801
1776193669.507378,225.627487,547.022888,761.306396,772.650391,78.811897,29.201757,2,3.656052,1.695614,0.435983,2.783376,0.382577,2.73924,135.997482,1.553702,1.942788,0.699175,3.430801
1776193670.272502,220.248795,538.536743,765.087708,758.785522,78.422379,29.026487,2,3.717124,1.705589,0.195579,2.843926,0.375654,2.755549,129.625351,1.553702,1.942788,0.699175,3.430801
1776193671.054024,219.17305,561.039978,781.47345,780.213013,76.778038,28.091436,2,3.574542,1.760908,-0.548202,2.793409,0.385944,2.847533,108.905685,1.553702,1.942788,0.699175,3.430801
1776193671.827971,211.642914,553.444824,773.910828,765.087708,77.528313,27.662569,2,3.423135,1.787532,-1.767483,2.649201,0.378318,2.892729,91.05217,1.553702,1.942788,0.699175,3.430801
1776193672.584272,225.627487,547.022888,756.264648,772.650391,79.337303,29.201757,2,3.575829,1.695614,1.207829,2.704273,0.382577,2.73924,107.468613,1.553702,1.942788,0.699175,3.430801
1776193673.368303,217.021576,556.889282,783.994324,773.910828,76.531166,28.042194,2,3.470876,1.763924,0.830296,2.721147,0.38281,2.852622,107.953621,1.553702,1.942788,0.699175,3.430801
1776193674.14351,209.491425,556.856689,775.171265,766.348145,77.402252,27.336327,2,3.367872,1.808344,3.486393,2.610677,0.378833,2.928478,99.211189,1.553702,1.942788,0.699175,3.430801
1776193674.903593,213.794373,551.293335,760.045959,765.087708,78.942596,27.943771,2,2.973166,1.769983,2.900901,2.259743,0.378412,2.86287,97.819633,1.553702,1.942788,0.699175,3.430801
1776193675.668729,213.794373,551.293335,765.087708,765.087708,78.422379,27.943771,2,3.231471,1.769983,0.609789,2.472359,0.378412,2.86287,114.566696,1.553702,1.942788,0.699175,3.430801
1776193676.441416,215.945847,559.225403,772.650391,775.171265,77.654785,27.857824,2,3.472705,1.775309,-0.628089,2.683187,0.383371,2.871904,109.822037,1.553702,1.942788,0.699175,3.430801
1776193677.214102,221.324524,557.628052,772.650391,778.952576,77.654785,28.413094,2,3.4505,1.741468,0.407473,2.66603,0.38543,2.814911,93.435173,1.553702,1.942788,0.699175,3.430801
1776193678.003174,222.400253,567.896301,789.036072,790.29657,76.042152,28.141367,2,3.32661,1.757861,-0.259762,2.624815,0.390949,2.842399,108.340126,1.553702,1.942788,0.699175,3.430801
1776193678.784685,217.021576,558.149658,781.47345,775.171265,76.778038,27.996597,2,3.337461,1.766726,-1.658492,2.608137,0.383418,2.857357,94.34761,1.553702,1.942788,0.699175,3.430801
1776193679.5473,224.551743,546.838196,762.566833,771.389954,78.681625,29.110018,2,3.207553,1.700821,0.251634,2.445973,0.381922,2.747741,90.187752,1.553702,1.942788,0.699175,3.430801
1776193680.333851,214.870117,560.301147,786.515198,775.171265,76.285873,27.719051,2,3.272579,1.783978,-1.414079,2.573933,0.383324,2.886661,91.57531,1.553702,1.942788,0.699175,3.430801
1776193681.091413,207.339966,541.362061,757.525085,748.702026,79.205299,27.693256,2,3.497774,1.785599,-2.09943,2.649651,0.370226,2.889428,101.110519,1.553702,1.942788,0.699175,3.430801
1776193681.830068,224.551743,534.233765,738.618408,758.785522,81.232742,29.593573,2,3.578712,1.673743,-0.942478,2.643303,0.375842,2.703774,111.163834,1.553702,1.942788,0.699175,3.430801
1776193682.597713,221.324524,542.502747,767.608582,763.827271,78.164841,28.975729,2,3.28116,1.708501,-0.380187,2.518647,0.378133,2.760325,98.905052,1.553702,1.942788,0.699175,3.430801
1776193683.367879,219.17305,548.435547,770.129517,767.608582,77.908974,28.552711,2,3.348668,1.733166,-1.807167,2.578908,0.379863,2.801078,99.375458,1.553702,1.942788,0.699175,3.430801
1776193684.136796,209.491425,548.033691,768.86908,757.525085,78.03669,27.654716,2,3.506243,1.788027,-1.614354,2.695842,0.374576,2.893575,94.428116,1.553702,1.942788,0.699175,3.430801
1776193684.905702,215.945847,560.48584,768.86908,776.431702,78.03669,27.812599,2,3.453305,1.778125,-0.615245,2.65514,0.383979,2.87669,102.643967,1.553702,1.942788,0.699175,3.430801
1776193685.669565,215.945847,547.881409,763.827271,763.827271,78.551788,28.271557,2,3.540814,1.749968,-0.360883,2.70457,0.377898,2.829134,118.998016,1.553702,1.942788,0.699175,3.430801
1776193686.443513,212.718643,557.410889,773.910828,770.129517,77.528313,27.621153,2,3.398332,1.790147,-1.393588,2.630006,0.380798,2.8972,103.468048,1.553702,1.942788,0.699175,3.430801
1776193687.212418,217.021576,556.889282,768.86908,773.910828,78.03669,28.042194,2,3.423485,1.763924,-1.32725,2.632212,0.38281,2.852622,99.203621,1.553702,1.942788,0.699175,3.430801
1776193687.988898,210.567169,558.30188,776.431702,768.86908,77.276596,27.386608,2,3.319046,1.805104,-2.582725,2.577013,0.380096,2.922889,105.530045,1.553702,1.942788,0.699175,3.430801
1776193688.742679,220.248795,544.838928,753.743774,765.087708,79.602646,28.787392,2,3.583471,1.719393,-0.296105,2.701019,0.378694,2.778258,113.588745,1.553702,1.942788,0.699175,3.430801
1776193689.517886,217.021576,554.368408,775.171265,771.389954,77.402252,28.133833,2,3.590159,1.75832,-0.493373,2.782989,0.381593,2.843172,120.623718,1.553702,1.942788,0.699175,3.430801
1776193690.288052,214.870117,552.738464,770.129517,767.608582,77.908974,27.992147,2,3.6174,1.766999,-1.181508,2.785866,0.379675,2.85782,110.72467,1.553702,1.942788,0.699175,3.430801
1776193691.06578,211.642914,562.267944,777.692139,773.910828,77.151352,27.347195,2,3.56859,1.807643,-1.119254,2.775264,0.382575,2.927268,127.712753,1.553702,1.942788,0.699175,3.430801
1776193691.834685,214.870117,557.780273,768.86908,772.650391,78.03669,27.809488,2,3.553591,1.778319,0.090894,2.732246,0.382108,2.87702,123.421028,1.553702,1.942788,0.699175,3.430801
1776193692.614948,214.870117,565.342896,780.213013,780.213013,76.902077,27.53993,2,3.560814,1.795297,-0.012417,2.778193,0.385756,2.906025,123.703217,1.553702,1.942788,0.699175,3.430801
1776193693.400238,219.17305,571.123535,785.254761,790.29657,76.408325,27.733013,2,3.615682,1.783102,0.094718,2.839231,0.390808,2.885167,128.168808,1.553702,1.942788,0.699175,3.430801
1776193694.181748,218.097321,562.115723,781.47345,780.213013,76.778038,27.953562,2,3.350754,1.769378,-1.247957,2.618526,0.385897,2.861846,122.069824,1.553702,1.942788,0.699175,3.430801
1776193694.945612,215.945847,545.360535,763.827271,761.306396,78.551788,28.365168,2,3.425109,1.744336,-0.194873,2.616192,0.376682,2.819705,122.592804,1.553702,1.942788,0.699175,3.430801
1776193695.728382,217.021576,566.972778,782.733887,783.994324,76.654404,27.681524,2,3.392168,1.786338,-0.417718,2.655164,0.387674,2.890688,123.623642,1.553702,1.942788,0.699175,3.430801
1776193696.514945,218.097321,569.678345,786.515198,787.775635,76.285873,27.685207,2,3.30237,1.786106,-0.928409,2.597364,0.389545,2.890293,115.75824,1.553702,1.942788,0.699175,3.430801
1776193697.290153,214.870117,556.519836,775.171265,771.389954,77.402252,27.854929,2,3.500506,1.775489,0.136184,2.713492,0.381499,2.87221,143.595444,1.553702,1.942788,0.699175,3.430801
1776193698.070402,218.097321,565.896973,780.213013,783.994324,76.902077,27.818737,2,3.493525,1.777742,-0.788606,2.725694,0.387721,2.87604,124.850128,1.553702,1.942788,0.699175,3.430801
1776193698.853173,218.097321,564.636597,782.733887,782.733887,76.654404,27.863533,2,3.309504,1.774954,-1.249962,2.590461,0.387113,2.871302,117.21814,1.553702,1.942788,0.699175,3.430801
1776193699.629653,223.475998,559.257874,776.431702,782.733887,77.276596,28.550699,2,3.468299,1.733285,-1.151179,2.692898,0.387348,2.801276,124.191483,1.553702,1.942788,0.699175,3.430801
1776193700.392256,218.097321,538.167358,762.566833,756.264648,78.681625,28.838757,2,3.359313,1.716408,3.239344,2.5617,0.374344,2.773334,116.422333,1.553702,1.942788,0.699175,3.430801
1776193701.175027,215.945847,564.267151,782.733887,780.213013,76.654404,27.677807,2,3.31071,1.786572,-1.006774,2.591405,0.385803,2.891088,106.757111,1.553702,1.942788,0.699175,3.430801
1776193701.947713,220.248795,557.443359,772.650391,777.692139,77.654785,28.32082,2,3.558583,1.747,0.007704,2.749541,0.384775,2.824161,100.187096,1.553702,1.942788,0.699175,3.430801
1776193702.71914,219.17305,550.956482,771.389954,770.129517,77.78167,28.459246,2,3.649898,1.738715,0.043675,2.815494,0.381079,2.810317,104.26841,1.553702,1.942788,0.699175,3.430801
1776193703.500662,209.491425,560.638062,781.47345,770.129517,76.778038,27.202103,2,3.483614,1.817051,-0.805571,2.722352,0.380657,2.943545,105.768219,1.553702,1.942788,0.699175,3.430801
1776193704.267046,217.021576,558.149658,766.348145,775.171265,78.293396,27.996597,2,3.547167,1.766726,-0.120925,2.718364,0.383418,2.857357,104.772324,1.553702,1.942788,0.699175,3.430801
1776193705.034691,218.097321,550.771729,767.608582,768.86908,78.164841,28.36599,2,3.744064,1.744287,0.144796,2.873976,0.380424,2.819622,122.145714,1.553702,1.942788,0.699175,3.430801
1776193705.81494,223.475998,563.039185,780.213013,786.515198,76.902077,28.413435,2,3.645342,1.741447,0.220154,2.844143,0.389172,2.814877,126.996819,1.553702,1.942788,0.699175,3.430801
1776193706.577544,220.248795,538.536743,762.566833,758.785522,78.681625,29.026487,2,3.636735,1.705589,0.772867,2.773253,0.375654,2.755549,106.490257,1.553702,1.942788,0.699175,3.430801
1776193707.348982,224.551743,551.879944,771.389954,776.431702,77.78167,28.92099,2,3.709352,1.711652,0.354314,2.861357,0.384354,2.765503,118.440018,1.553702,1.942788,0.699175,3.430801
1776193708.112846,214.870117,537.61322,763.827271,752.483337,78.551788,28.5548,2,3.717728,1.733042,0.54954,2.839702,0.372379,2.800872,98.912186,1.553702,1.942788,0.699175,3.430801
1776193708.901919,223.475998,575.643616,789.036072,799.119629,76.042152,27.965275,2,3.610637,1.768656,-1.662427,2.848923,0.395252,2.860622,96.140442,1.553702,1.942788,0.699175,3.430801
1776193709.672084,218.097321,545.72998,770.129517,763.827271,77.908974,28.553226,2,3.418634,1.733135,-1.615987,2.632791,0.377992,2.801027,101.763794,1.553702,1.942788,0.699175,3.430801
1776193710.44477,223.475998,555.476562,772.650391,778.952576,77.654785,28.689295,2,3.33228,1.725122,-0.745915,2.574687,0.385523,2.787732,91.849327,1.553702,1.942788,0.699175,3.430801
1776193711.228814,218.097321,559.594849,783.994324,777.692139,76.531166,28.044172,2,3.329253,1.763803,-1.283186,2.610116,0.384681,2.852417,97.561043,1.553702,1.942788,0.699175,3.430801
1776193712.0015,220.248795,554.922485,772.650391,775.171265,77.654785,28.41292,2,3.21676,1.741478,2.949085,2.485431,0.383558,2.814929,93.367928,1.553702,1.942788,0.699175,3.430801
1776193712.774188,217.021576,551.847534,772.650391,768.86908,77.654785,28.226078,2,3.130092,1.752717,-1.428519,2.418467,0.380377,2.833748,98.239319,1.553702,1.942788,0.699175,3.430801
1776193713.539311,224.551743,549.35907,765.087708,773.910828,78.422379,29.015196,2,3.380365,1.706236,0.397747,2.586276,0.383138,2.756609,95.733429,1.553702,1.942788,0.699175,3.430801
1776193714.3183,220.248795,553.662048,778.952576,773.910828,77.026512,28.459194,2,3.378052,1.738718,-2.107411,2.631342,0.38295,2.810322,101.116768,1.553702,1.942788,0.699175,3.430801
1776193715.097302,225.627487,559.627258,778.952576,785.254761,77.026512,28.73303,2,3.269466,1.722563,2.869755,2.546759,0.388658,2.783496,83.362701,1.553702,1.942788,0.699175,3.430801
1776193715.880072,218.097321,555.813477,782.733887,773.910828,76.654404,28.181194,2,3.173512,1.755439,-1.439137,2.484015,0.382857,2.838322,104.104767,1.553702,1.942788,0.699175,3.430801
1776193716.660321,228.854675,563.962769,780.213013,792.817444,76.902077,28.865999,2,3.594069,1.714829,-0.946933,2.80414,0.392447,2.770732,116.594666,1.553702,1.942788,0.699175,3.430801
1776193717.441831,218.097321,550.771729,781.47345,768.86908,76.778038,28.36599,2,3.459617,1.744287,-1.364966,2.703599,0.380424,2.819622,107.38916,1.553702,1.942788,0.699175,3.430801
1776193718.225861,221.324524,566.451111,783.994324,787.775635,76.531166,28.094868,2,3.474976,1.760699,-0.473809,2.724362,0.389686,2.847179,105.70565,1.553702,1.942788,0.699175,3.430801
1776193719.004863,221.324524,557.628052,778.952576,778.952576,77.026512,28.413094,2,3.335912,1.741468,-1.068099,2.598517,0.38543,2.814911,98.203056,1.553702,1.942788,0.699175,3.430801
1776193719.78007,221.324524,553.846741,775.171265,775.171265,77.402252,28.551695,2,3.377205,1.733226,0.082505,2.617913,0.383605,2.801178,102.543419,1.553702,1.942788,0.699175,3.430801
1776193720.541413,222.400253,540.166565,761.306396,762.566833,78.811897,29.16469,2,3.387449,1.697714,-0.436353,2.578887,0.377572,2.742665,95.564911,1.553702,1.942788,0.699175,3.430801
1776193721.3141,220.248795,549.880737,772.650391,770.129517,77.654785,28.598928,2,3.106477,1.730436,2.593603,2.40022,0.381126,2.796541,87.586571,1.553702,1.942788,0.699175,3.430801
1776193722.070401,225.627487,536.939331,756.264648,762.566833,79.337303,29.587898,2,2.821012,1.674055,3.532387,2.133432,0.377713,2.704278,67.761063,1.553702,1.942788,0.699175,3.430801
1776193722.854443,223.475998,557.997437,783.994324,781.47345,76.531166,28.59675,2,2.885861,1.730564,-0.803158,2.262499,0.386739,2.796755,91.561951,1.553702,1.942788,0.699175,3.430801
1776193723.633433,223.475998,555.476562,778.952576,778.952576,77.026512,28.689295,2,3.219728,1.725122,-0.169481,2.508016,0.385523,2.787732,100.411575,1.553702,1.942788,0.699175,3.430801
1776193724.411161,224.551743,554.400818,777.692139,778.952576,77.151352,28.827396,2,3.033101,1.717067,3.433865,2.358819,0.38557,2.774421,102.71122,1.553702,1.942788,0.699175,3.430801
1776193725.172504,221.324524,536.200562,761.306396,757.525085,78.811897,29.216789,2,2.893755,1.694764,-0.010858,2.203034,0.375093,2.737854,105.374725,1.553702,1.942788,0.699175,3.430801
1776193725.94267,220.248795,548.6203,770.129517,768.86908,77.908974,28.645813,2,3.422294,1.727675,-1.06977,2.63561,0.380518,2.79196,111.737152,1.553702,1.942788,0.699175,3.430801
1776193726.691408,221.324524,528.637939,748.702026,749.962463,80.138687,29.511414,2,3.369138,1.678281,-1.473252,2.52248,0.371445,2.7111,118.193085,1.553702,1.942788,0.699175,3.430801
1776193727.427542,221.324524,514.77301,736.097534,736.097534,81.510941,30.067284,2,3.32127,1.648061,-2.672115,2.444779,0.364756,2.662649,111.837387,1.553702,1.942788,0.699175,3.430801
1776193728.202761,224.551743,554.400818,775.171265,778.952576,77.402252,28.827396,2,3.314469,1.717067,-2.243539,2.569282,0.38557,2.774421,104.144363,1.553702,1.942788,0.699175,3.430801
1776193728.969147,236.384842,543.828186,766.348145,780.213013,78.293396,30.297476,2,3.269094,1.635871,-1.645277,2.505265,0.386695,2.643326,107.878113,1.553702,1.942788,0.699175,3.430801
1776193729.719145,243.914993,514.870544,749.962463,758.785522,80.004005,32.145447,2,3.014665,1.544338,0.613279,2.260885,0.376687,2.502259,110.532494,1.553702,1.942788,0.699175,3.430801
1776193730.495613,228.854675,529.930847,776.431702,758.785522,77.276596,30.160654,2,3.102032,1.643094,-1.677202,2.408516,0.37603,2.654761,112.46199,1.553702,1.942788,0.699175,3.430801
1776193731.264519,219.17305,538.352051,768.86908,757.525085,78.03669,28.932777,2,3.398201,1.710972,-3.363183,2.612772,0.374999,2.764385,115.916367,1.553702,1.942788,0.699175,3.430801
1776193732.024601,218.097321,540.688232,760.045959,758.785522,78.942596,28.742949,2,3.54714,1.721984,-0.367231,2.69599,0.37556,2.782538,128.215469,1.553702,1.942788,0.699175,3.430801
1776193732.793518,221.324524,551.325867,768.86908,772.650391,78.03669,28.644848,2,3.58474,1.727731,-1.267298,2.756196,0.382389,2.792055,126.373749,1.553702,1.942788,0.699175,3.430801
1776193733.547299,224.551743,532.973328,753.743774,757.525085,79.602646,29.642811,2,3.52194,1.671035,-0.92993,2.65464,0.375234,2.699412,106.027054,1.553702,1.942788,0.699175,3.430801
1776193734.323766,220.248795,551.141174,776.431702,771.389954,77.276596,28.552198,2,3.3434,1.733196,-1.642641,2.595921,0.381734,2.801128,102.621719,1.553702,1.942788,0.699175,3.430801
1776193735.077547,223.475998,534.049072,753.743774,757.525085,79.602646,29.500807,2,3.539789,1.678869,-0.237378,2.668094,0.375187,2.712049,122.381287,1.553702,1.942788,0.699175,3.430801
1776193735.851494,231.006149,551.727722,773.910828,782.733887,77.528313,29.51273,2,3.511888,1.678208,1.207718,2.717888,0.387676,2.710982,96.976433,1.553702,1.942788,0.699175,3.430801
1776193736.636797,225.627487,553.325073,785.254761,778.952576,76.408325,28.965496,2,3.281892,1.709089,-0.580091,2.577121,0.385617,2.761291,99.280853,1.553702,1.942788,0.699175,3.430801
1776193737.410744,222.400253,547.729248,773.910828,770.129517,77.528313,28.878292,2,3.370963,1.714118,-0.405764,2.608825,0.38122,2.769561,104.038361,1.553702,1.942788,0.699175,3.430801
1776193738.183431,228.854675,551.358337,772.650391,780.213013,77.654785,29.332335,2,3.344394,1.68826,-0.511192,2.584048,0.386366,2.72727,100.907867,1.553702,1.942788,0.699175,3.430801
1776193738.948555,233.157639,536.971863,765.087708,770.129517,78.422379,30.275122,2,3.368223,1.637046,0.260914,2.576986,0.38169,2.645184,106.776459,1.553702,1.942788,0.699175,3.430801
1776193739.722502,233.157639,540.753174,773.910828,773.910828,77.528313,30.127197,2,3.078696,1.64487,3.340985,2.382636,0.383514,2.657579,82.316872,1.553702,1.942788,0.699175,3.430801
1776193740.497709,222.400253,540.166565,775.171265,762.566833,77.402252,29.16469,2,2.941013,1.697714,-1.61105,2.279789,0.377572,2.742665,101.919052,1.553702,1.942788,0.699175,3.430801
1776193741.264107,226.703217,544.686768,766.348145,771.389954,78.293396,29.388926,2,3.47653,1.685094,0.03265,2.664232,0.382016,2.722129,101.749931,1.553702,1.942788,0.699175,3.430801
1776193742.039314,229.93042,549.022156,775.171265,778.952576,77.402252,29.517899,2,3.406998,1.677922,0.554626,2.641007,0.385805,2.710519,95.616829,1.553702,1.942788,0.699175,3.430801
1776193742.812001,224.551743,541.796387,772.650391,766.348145,77.654785,29.301531,2,3.385036,1.689989,-1.251075,2.61545,0.37949,2.73008,108.599167,1.553702,1.942788,0.699175,3.430801
1776193743.584688,220.248795,547.359802,772.650391,767.608582,77.654785,28.692854,2,3.200973,1.724914,-0.114429,2.473233,0.37991,2.787386,111.831665,1.553702,1.942788,0.699175,3.430801
1776193744.361155,222.400253,556.552307,776.431702,778.952576,77.276596,28.551193,2,3.275714,1.733256,-1.869866,2.543368,0.385476,2.801227,99.074005,1.553702,1.942788,0.699175,3.430801
1776193745.113688,225.627487,530.637146,752.483337,756.264648,79.735985,29.834461,2,3.495904,1.660581,0.558264,2.630609,0.374673,2.682629,97.088058,1.553702,1.942788,0.699175,3.430801
1776193745.900239,223.475998,560.518311,786.515198,783.994324,76.285873,28.504797,2,3.315343,1.736006,3.2265,2.607568,0.387956,2.805803,113.880516,1.553702,1.942788,0.699175,3.430801
1776193746.665363,229.93042,542.719971,765.087708,772.650391,78.422379,29.758661,2,3.162294,1.6647,0.090672,2.419432,0.382765,2.689229,105.254326,1.553702,1.942788,0.699175,3.430801
1776193747.441831,225.627487,545.762451,776.431702,771.389954,77.276596,29.249472,2,3.345979,1.692919,-0.709164,2.597924,0.381969,2.734848,108.018555,1.553702,1.942788,0.699175,3.430801
1776193748.208216,227.778946,541.090149,766.348145,768.86908,78.293396,29.625193,2,3.303779,1.672003,-0.134401,2.531845,0.380847,2.700971,92.481659,1.553702,1.942788,0.699175,3.430801
1776193748.984696,222.400253,547.729248,776.431702,770.129517,77.276596,28.878292,2,3.255892,1.714118,-0.180692,2.527978,0.38122,2.769561,103.228485,1.553702,1.942788,0.699175,3.430801
1776193749.746039,225.627487,539.460205,761.306396,765.087708,78.811897,29.490408,2,3.252818,1.679445,-1.40491,2.476391,0.378929,2.712982,92.870583,1.553702,1.942788,0.699175,3.430801
1776193750.514944,223.475998,542.872131,768.86908,766.348145,78.03669,29.161158,2,3.211806,1.697914,-0.497345,2.469459,0.379443,2.742993,105.948471,1.553702,1.942788,0.699175,3.430801
1776193751.296454,228.854675,558.920959,781.47345,787.775635,76.778038,29.050743,2,3.275773,1.704202,0.325804,2.559929,0.390015,2.753275,88.602623,1.553702,1.942788,0.699175,3.430801
1776193752.085526,220.248795,558.703796,789.036072,778.952576,76.042152,28.274996,2,3.231976,1.74976,-1.183624,2.550146,0.385383,2.828786,103.918045,1.553702,1.942788,0.699175,3.430801
1776193752.854444,228.854675,550.0979,768.86908,778.952576,78.03669,29.379797,2,3.26008,1.685604,0.591377,2.506574,0.385758,2.722957,87.259918,1.553702,1.942788,0.699175,3.430801
1776193753.633433,227.778946,549.913208,778.952576,777.692139,77.026512,29.289091,2,3.331884,1.690689,0.301415,2.59538,0.385103,2.731217,93.86129,1.553702,1.942788,0.699175,3.430801
1776193754.413682,225.627487,552.064636,780.213013,777.692139,76.902077,29.012442,2,3.274603,1.706394,-0.929968,2.554888,0.385009,2.756869,98.217827,1.553702,1.942788,0.699175,3.430801
1776193755.191411,215.945847,550.402283,777.692139,766.348145,77.151352,28.178558,2,3.229408,1.755599,-2.522141,2.511485,0.379114,2.838592,98.305923,1.553702,1.942788,0.699175,3.430801
1776193755.955274,222.400253,548.989685,763.827271,771.389954,78.551788,28.831106,2,3.207739,1.716852,3.263994,2.450159,0.381828,2.774065,103.159943,1.553702,1.942788,0.699175,3.430801
1776193756.734275,225.627487,557.106384,778.952576,782.733887,77.026512,28.825569,2,3.07399,1.717173,-0.564054,2.394493,0.387441,2.774596,106.170822,1.553702,1.942788,0.699175,3.430801
1776193757.509483,224.551743,549.35907,775.171265,773.910828,77.402252,29.015196,2,3.455497,1.706236,-0.446339,2.678602,0.383138,2.756609,103.408249,1.553702,1.942788,0.699175,3.430801
1776193758.301076,228.854675,567.74408,791.557007,796.598755,75.799973,28.728977,2,3.286544,1.7228,-0.216367,2.601487,0.394271,2.783888,90.850487,1.553702,1.942788,0.699175,3.430801
1776193759.073764,225.627487,543.241577,772.650391,768.86908,77.654785,29.345373,2,3.389662,1.68753,-0.195912,2.619023,0.380753,2.726083,104.506683,1.553702,1.942788,0.699175,3.430801
1776193759.862836,224.551743,563.223877,789.036072,787.775635,76.042152,28.50453,2,3.314837,1.736022,-0.631208,2.615526,0.389827,2.80583,101.762627,1.553702,1.942788,0.699175,3.430801
1776193760.649399,222.400253,561.594055,786.515198,783.994324,76.285873,28.367584,2,3.256042,1.744192,-1.384344,2.560927,0.387909,2.819462,96.661896,1.553702,1.942788,0.699175,3.430801
1776193761.425868,223.475998,554.216125,776.431702,777.692139,77.276596,28.735792,2,3.186172,1.722402,-1.571514,2.473845,0.384915,2.783229,93.195702,1.553702,1.942788,0.699175,3.430801
1776193762.18721,225.627487,538.199768,761.306396,763.827271,78.811897,29.539072,2,3.229525,1.67675,0.101066,2.458658,0.378321,2.708627,93.175125,1.553702,1.942788,0.699175,3.430801
1776193762.976283,225.627487,563.408569,789.036072,789.036072,76.042152,28.595331,2,3.181608,1.730648,3.351268,2.510404,0.390482,2.796894,96.476578,1.553702,1.942788,0.699175,3.430801
1776193763.74268,227.778946,541.090149,766.348145,768.86908,78.293396,29.625193,2,3.217639,1.672003,0.896299,2.465832,0.380847,2.700971,115.619637,1.553702,1.942788,0.699175,3.430801
1776193764.520408,227.778946,549.913208,777.692139,777.692139,77.151352,29.289091,2,3.509183,1.690689,-0.867565,2.729064,0.385103,2.731217,106.67128,1.553702,1.942788,0.699175,3.430801
1776193765.30696,218.097321,557.073975,786.515198,775.171265,76.285873,28.135372,2,3.280768,1.758227,-1.512713,2.580374,0.383465,2.843014,91.126678,1.553702,1.942788,0.699175,3.430801
1776193766.069563,221.324524,545.023621,762.566833,766.348145,78.681625,28.880415,2,3.30938,1.713995,-0.853533,2.523623,0.379349,2.769359,99.403046,1.553702,1.942788,0.699175,3.430801
1776193766.833426,223.475998,542.872131,763.827271,766.348145,78.551788,29.161158,2,3.435429,1.697914,-0.141973,2.624075,0.379443,2.742993,107.738861,1.553702,1.942788,0.699175,3.430801
1776193767.594769,226.703217,538.384521,761.306396,765.087708,78.811897,29.63101,2,3.56708,1.671683,-0.179281,2.71564,0.378976,2.700456,114.057465,1.553702,1.942788,0.699175,3.430801
1776193768.380072,224.551743,558.182129,785.254761,782.733887,76.408325,28.688133,2,3.345959,1.725191,-0.833153,2.62743,0.387395,2.787844,102.042076,1.553702,1.942788,0.699175,3.430801
1776193769.146456,227.778946,542.350586,766.348145,770.129517,78.293396,29.576706,2,3.265551,1.674672,0.003731,2.502549,0.381455,2.705274,104.631813,1.553702,1.942788,0.699175,3.430801
1776193769.922925,225.627487,548.283325,776.431702,773.910828,77.276596,29.154196,2,3.227397,1.698309,3.110233,2.505853,0.383185,2.743638,110.249916,1.553702,1.942788,0.699175,3.430801
1776193770.705695,222.400253,556.552307,782.733887,778.952576,76.654404,28.551193,2,2.947753,1.733256,-3.099429,2.307306,0.385476,2.801227,94.867599,1.553702,1.942788,0.699175,3.430801
1776193771.44435,220.248795,515.848755,738.618408,736.097534,81.232742,29.921144,2,3.454616,1.655897,0.524668,2.551643,0.364709,2.675138,94.955971,1.553702,1.942788,0.699175,3.430801
1776193772.224612,220.248795,559.964233,780.213013,780.213013,76.902077,28.229317,2,3.411872,1.752521,-0.814369,2.661987,0.385991,2.833419,101.918495,1.553702,1.942788,0.699175,3.430801
1776193773.0036,224.551743,559.442566,778.952576,783.994324,77.026512,28.64201,2,3.295287,1.727898,-0.656191,2.566872,0.388003,2.792332,93.007668,1.553702,1.942788,0.699175,3.430801
1776193773.771246,226.703217,543.42627,767.608582,770.129517,78.164841,29.437023,2,3.250452,1.682412,-0.334527,2.495075,0.381408,2.717783,100.457718,1.553702,1.942788,0.699175,3.430801
1776193774.546453,219.17305,547.17511,775.171265,766.348145,77.402252,28.59967,2,3.312818,1.730392,0.290538,2.568002,0.379255,2.796469,98.151039,1.553702,1.942788,0.699175,3.430801
1776193775.327963,217.021576,561.93103,781.47345,778.952576,76.778038,27.860693,2,3.465484,1.775131,-0.526337,2.708184,0.385242,2.871602,97.563194,1.553702,1.942788,0.699175,3.430801
1776193776.086797,229.93042,543.980408,758.785522,773.910828,79.07373,29.710194,2,3.494951,1.667344,1.801637,2.651918,0.383373,2.693476,110.093201,1.553702,1.942788,0.699175,3.430801
1776193776.868307,224.551743,550.619507,781.47345,775.171265,76.778038,28.968018,2,3.320502,1.708944,0.198141,2.594884,0.383746,2.761053,86.822533,1.553702,1.942788,0.699175,3.430801
1776193777.640994,227.778946,548.652771,772.650391,776.431702,77.654785,29.336637,2,3.311375,1.688019,0.138708,2.558535,0.384495,2.726878,92.037315,1.553702,1.942788,0.699175,3.430801
1776193778.421243,224.551743,551.879944,780.213013,776.431702,76.902077,28.92099,2,3.27815,1.711652,-1.159123,2.557655,0.384354,2.765503,93.535217,1.553702,1.942788,0.699175,3.430801
1776193779.183847,229.93042,538.93866,762.566833,768.86908,78.681625,29.905016,2,3.309986,1.656766,0.115766,2.524086,0.380941,2.676527,87.91613,1.553702,1.942788,0.699175,3.430801
1776193779.957806,234.233368,544.719238,773.910828,778.952576,77.528313,30.070299,2,3.202866,1.6479,0.102068,2.478732,0.385993,2.662394,90.356239,1.553702,1.942788,0.699175,3.430801
1776193780.741836,225.627487,548.283325,783.994324,773.910828,76.531166,29.154196,2,3.225205,1.698309,-1.545381,2.528543,0.383185,2.743638,98.741417,1.553702,1.942788,0.699175,3.430801
1776193781.499398,226.703217,532.082275,757.525085,758.785522,79.205299,29.877113,2,3.39752,1.658273,-0.504769,2.573707,0.375936,2.678935,102.214989,1.553702,1.942788,0.699175,3.430801
1776193782.283428,222.400253,556.552307,783.994324,778.952576,76.531166,28.551193,2,3.269834,1.733256,-1.364855,2.563531,0.385476,2.801227,93.005798,1.553702,1.942788,0.699175,3.430801
1776193783.057375,224.551743,551.879944,773.910828,776.431702,77.528313,28.92099,2,3.349977,1.711652,-0.20742,2.592583,0.384354,2.765503,97.678558,1.553702,1.942788,0.699175,3.430801
1776193783.836377,224.551743,554.400818,778.952576,778.952576,77.026512,28.827396,2,3.267353,1.717067,-0.234445,2.545113,0.38557,2.774421,103.734856,1.553702,1.942788,0.699175,3.430801
1776193784.616626,215.945847,554.183655,780.213013,770.129517,76.902077,28.040197,2,3.281727,1.764046,-1.790721,2.560446,0.380938,2.852829,101.400581,1.553702,1.942788,0.699175,3.430801
1776193785.38049,220.248795,548.6203,763.827271,768.86908,78.551788,28.645813,2,3.339196,1.727675,-2.590001,2.550569,0.380518,2.79196,95.100967,1.553702,1.942788,0.699175,3.430801
1776193786.143093,223.475998,542.872131,762.566833,766.348145,78.681625,29.161158,2,3.352724,1.697914,-0.691568,2.556676,0.379443,2.742993,108.344452,1.553702,1.942788,0.699175,3.430801
1776193786.91704,226.703217,550.988892,773.910828,777.692139,77.528313,29.150766,2,3.27909,1.698504,-1.225572,2.537723,0.385056,2.743956,95.951752,1.553702,1.942788,0.699175,3.430801
1776193787.690987,227.778946,547.392334,773.910828,775.171265,77.528313,29.384338,2,3.259803,1.68535,0.099507,2.522797,0.383887,2.722545,93.110802,1.553702,1.942788,0.699175,3.430801
1776193788.469988,222.400253,550.250122,778.952576,772.650391,77.026512,28.784073,2,3.124589,1.719586,3.349523,2.433907,0.382436,2.778577,90.508072,1.553702,1.942788,0.699175,3.430801
1776193789.232591,223.475998,540.351257,762.566833,763.827271,78.681625,29.257399,2,3.109546,1.692473,-0.126865,2.371237,0.378227,2.73412,101.37751,1.553702,1.942788,0.699175,3.430801
1776193790.016622,225.627487,560.887695,783.994324,786.515198,76.531166,28.686983,2,3.414283,1.725258,-1.506476,2.676778,0.389266,2.787956,103.798584,1.553702,1.942788,0.699175,3.430801
1776193790.780486,223.475998,537.830383,763.827271,761.306396,78.551788,29.354277,2,3.175742,1.687031,-2.301264,2.425718,0.377011,2.725274,89.000992,1.553702,1.942788,0.699175,3.430801
1776193791.549392,222.400253,545.208313,768.86908,767.608582,78.03669,28.973133,2,3.194236,1.70865,-1.368233,2.455949,0.380004,2.76057,101.035988,1.553702,1.942788,0.699175,3.430801
1776193792.303184,222.400253,531.343506,753.743774,753.743774,79.602646,29.506081,2,3.431777,1.678576,-1.272309,2.58668,0.373316,2.711577,119.621857,1.553702,1.942788,0.699175,3.430801
1776193793.060745,221.324524,534.940125,757.525085,756.264648,79.205299,29.265488,2,3.468156,1.692017,-1.356911,2.627215,0.374485,2.733379,117.743607,1.553702,1.942788,0.699175,3.430801
1776193793.838474,221.324524,556.367615,777.692139,777.692139,77.151352,28.459145,2,3.407506,1.73872,-0.527117,2.64999,0.384821,2.810327,113.088104,1.553702,1.942788,0.699175,3.430801
1776193794.602337,218.097321,541.948608,763.827271,760.045959,78.551788,28.69528,2,3.361401,1.724772,-0.277358,2.56753,0.376168,2.787151,117.509415,1.553702,1.942788,0.699175,3.430801
1776193795.39141,214.870117,570.384644,789.036072,785.254761,76.042152,27.36311,2,3.296397,1.806616,-2.621146,2.600976,0.388188,2.925497,103.867645,1.553702,1.942788,0.699175,3.430801
1776193796.175453,218.097321,569.678345,783.994324,787.775635,76.531166,27.685207,2,3.371858,1.786106,-2.182473,2.643517,0.389545,2.890293,113.03685,1.553702,1.942788,0.699175,3.430801
1776193796.948139,228.854675,556.400085,772.650391,785.254761,77.654785,29.144005,2,3.36351,1.698888,-0.13815,2.598817,0.388798,2.744583,118.891098,1.553702,1.942788,0.699175,3.430801
1776193797.723347,219.17305,544.654236,775.171265,763.827271,77.402252,28.694061,2,3.240741,1.724843,-0.935276,2.512129,0.378039,2.787269,106.010513,1.553702,1.942788,0.699175,3.430801
1776193798.506117,218.097321,563.376099,782.733887,781.47345,76.654404,27.908474,2,3.532948,1.772166,-2.331964,2.765358,0.386505,2.866571,102.271988,1.553702,1.942788,0.699175,3.430801
1776193799.276283,225.627487,553.325073,770.129517,778.952576,77.908974,28.965496,2,3.384554,1.709089,-0.34351,2.606545,0.385617,2.761291,103.517464,1.553702,1.942788,0.699175,3.430801
1776193800.047722,225.627487,545.762451,771.389954,771.389954,77.78167,29.249472,2,3.314105,1.692919,0.461226,2.556467,0.381969,2.734848,111.92923,1.553702,1.942788,0.699175,3.430801
1776193800.835533,227.778946,562.517639,787.775635,790.29657,76.163818,28.821957,2,3.379825,1.717383,0.146801,2.662544,0.391184,2.774941,108.385597,1.553702,1.942788,0.699175,3.430801
1776193801.613262,223.475998,549.174377,777.692139,772.650391,77.151352,28.9233,2,3.466798,1.711519,0.809173,2.696102,0.382483,2.765284,108.545799,1.553702,1.942788,0.699175,3.430801
1776193802.39099,220.248795,553.662048,777.692139,773.910828,77.151352,28.459194,2,3.52503,1.738718,-0.150734,2.741388,0.38295,2.810322,103.378342,1.553702,1.942788,0.699175,3.430801
1776193803.168718,220.248795,557.443359,777.692139,777.692139,77.151352,28.32082,2,3.420926,1.747,-0.777655,2.660427,0.384775,2.824161,106.526581,1.553702,1.942788,0.699175,3.430801
1776193803.940158,218.097321,550.771729,771.389954,768.86908,77.78167,28.36599,2,3.355749,1.744287,0.057299,2.588591,0.380424,2.819622,94.917564,1.553702,1.942788,0.699175,3.430801
1776193804.709063,219.17305,550.956482,768.86908,770.129517,78.03669,28.459246,2,3.355147,1.738715,-0.531869,2.579669,0.381079,2.810317,100.403275,1.553702,1.942788,0.699175,3.430801
1776193805.48049,221.324524,552.586304,771.389954,773.910828,77.78167,28.598196,2,3.296788,1.730479,-0.192126,2.543109,0.382997,2.796613,93.603874,1.553702,1.942788,0.699175,3.430801
1776193806.246874,223.475998,545.393066,766.348145,768.86908,78.293396,29.065546,2,3.304266,1.703356,-0.547014,2.532218,0.380659,2.75189,108.183502,1.553702,1.942788,0.699175,3.430801
1776193807.009476,231.006149,540.383789,762.566833,771.389954,78.681625,29.946741,2,3.564549,1.654519,0.450461,2.718207,0.382204,2.672938,127.160667,1.553702,1.942788,0.699175,3.430801
1776193807.787218,221.324524,545.023621,777.692139,766.348145,77.151352,28.880415,2,3.218023,1.713995,2.815186,2.502631,0.379349,2.769359,97.732239,1.553702,1.942788,0.699175,3.430801
1776193808.538477,221.324524,529.898376,751.2229,751.2229,79.869766,29.461897,2,2.971955,1.681028,-0.670557,2.232601,0.372053,2.715543,98.193474,1.553702,1.942788,0.699175,3.430801
1776193809.304861,220.248795,544.838928,766.348145,765.087708,78.293396,28.787392,2,3.265466,1.719393,-0.719967,2.502484,0.378694,2.778258,104.543404,1.553702,1.942788,0.699175,3.430801
1776193810.066204,224.551743,541.796387,761.306396,766.348145,78.811897,29.301531,2,3.324768,1.689989,-1.431452,2.531167,0.37949,2.73008,105.354034,1.553702,1.942788,0.699175,3.430801
1776193810.840151,223.475998,549.174377,773.910828,772.650391,77.528313,28.9233,2,3.145835,1.711519,3.537807,2.434596,0.382483,2.765284,96.64991,1.553702,1.942788,0.699175,3.430801
1776193811.611578,227.778946,548.652771,771.389954,776.431702,77.78167,29.336637,2,3.082019,1.688019,-0.318972,2.377439,0.384495,2.726878,104.16983,1.553702,1.942788,0.699175,3.430801
1776193812.39436,223.475998,554.216125,782.733887,777.692139,76.654404,28.735792,2,3.396132,1.722402,-0.791242,2.658267,0.384915,2.783229,101.45459,1.553702,1.942788,0.699175,3.430801
1776193813.169567,226.703217,552.24939,775.171265,778.952576,77.402252,29.103598,2,3.210032,1.701186,-0.593677,2.488325,0.385664,2.748339,99.884689,1.553702,1.942788,0.699175,3.430801
1776193813.934692,229.93042,538.93866,765.087708,768.86908,78.422379,29.905016,2,3.500778,1.656766,0.109419,2.678403,0.380941,2.676527,111.692192,1.553702,1.942788,0.699175,3.430801
1776193814.719983,220.248795,553.662048,785.254761,773.910828,76.408325,28.459194,2,3.414114,1.738718,-1.765478,2.680949,0.38295,2.810322,94.483009,1.553702,1.942788,0.699175,3.430801
1776193815.49393,223.475998,554.216125,773.910828,777.692139,77.528313,28.735792,2,3.325997,1.722402,-0.982978,2.574025,0.384915,2.783229,107.296959,1.553702,1.942788,0.699175,3.430801
1776193816.271671,227.778946,554.954956,777.692139,782.733887,77.151352,29.100433,2,3.263652,1.701366,-0.382674,2.538116,0.387535,2.748634,99.966217,1.553702,1.942788,0.699175,3.430801
1776193817.043097,218.097321,541.948608,771.389954,760.045959,77.78167,28.69528,2,3.252648,1.724772,-0.38531,2.50906,0.376168,2.787151,96.042,1.553702,1.942788,0.699175,3.430801
1776193817.794356,222.400253,533.86438,751.2229,756.264648,79.869766,29.407728,2,3.512209,1.684044,1.165769,2.638452,0.374532,2.720428,87.671516,1.553702,1.942788,0.699175,3.430801
1776193818.583428,218.097321,565.896973,789.036072,783.994324,76.042152,27.818737,2,3.464116,1.777742,-1.936315,2.733312,0.387721,2.87604,113.522583,1.553702,1.942788,0.699175,3.430801
1776193819.339729,227.778946,539.829651,756.264648,767.608582,79.337303,29.673841,2,3.232811,1.669333,3.197545,2.444861,0.380239,2.696674,109.103416,1.553702,1.942788,0.699175,3.430801
1776193820.119979,224.551743,551.879944,780.213013,776.431702,76.902077,28.92099,2,2.960441,1.711652,0.425069,2.309774,0.384354,2.765503,101.341202,1.553702,1.942788,0.699175,3.430801
1776193820.909063,220.248795,563.745544,789.036072,783.994324,76.042152,28.093163,2,3.318831,1.760803,-1.336754,2.618678,0.387815,2.847355,100.802689,1.553702,1.942788,0.699175,3.430801
1776193821.68049,223.475998,551.695251,771.389954,775.171265,77.78167,28.829241,2,3.425554,1.71696,-0.289906,2.642437,0.383699,2.774244,106.170349,1.553702,1.942788,0.699175,3.430801
1776193822.460739,217.021576,555.628784,780.213013,772.650391,76.902077,28.08794,2,3.215144,1.761122,3.520508,2.508497,0.382201,2.847893,90.240883,1.553702,1.942788,0.699175,3.430801
1776193823.234686,218.097321,557.073975,773.910828,775.171265,77.528313,28.135372,2,3.002907,1.758227,-0.468798,2.323982,0.383465,2.843014,104.709366,1.553702,1.942788,0.699175,3.430801
1776193824.001083,224.551743,549.35907,766.348145,773.910828,78.293396,29.015196,2,3.43078,1.706236,0.579535,2.629172,0.383138,2.756609,85.66468,1.553702,1.942788,0.699175,3.430801
1776193824.761165,224.551743,535.494202,760.045959,760.045959,78.942596,29.544497,2,3.396639,1.67645,-0.186038,2.581602,0.37645,2.708143,99.71627,1.553702,1.942788,0.699175,3.430801
1776193825.545196,220.248795,558.703796,783.994324,778.952576,76.531166,28.274996,2,3.309504,1.74976,-1.350006,2.594632,0.385383,2.828786,94.468422,1.553702,1.942788,0.699175,3.430801
1776193826.317883,218.097321,552.032227,772.650391,770.129517,77.654785,28.319565,2,3.265815,1.747075,-0.56539,2.523334,0.381032,2.824287,105.128372,1.553702,1.942788,0.699175,3.430801
1776193827.088048,218.097321,552.032227,770.129517,770.129517,77.908974,28.319565,2,3.351873,1.747075,-0.573483,2.581376,0.381032,2.824287,112.28157,1.553702,1.942788,0.699175,3.430801
1776193827.860736,224.551743,555.661255,772.650391,780.213013,77.654785,28.780825,2,3.175017,1.719775,3.045826,2.453178,0.386178,2.778889,92.43486,1.553702,1.942788,0.699175,3.430801
1776193828.634695,223.475998,549.174377,773.910828,772.650391,77.528313,28.9233,2,3.136737,1.711519,-0.283409,2.427555,0.382483,2.765284,107.185616,1.553702,1.942788,0.699175,3.430801
1776193829.407381,227.778946,549.913208,772.650391,777.692139,77.654785,29.289091,2,3.178374,1.690689,2.85383,2.455772,0.385103,2.731217,72.468605,1.553702,1.942788,0.699175,3.430801
1776193830.195194,225.627487,559.627258,787.775635,785.254761,76.163818,28.73303,2,2.993741,1.722563,-2.101175,2.358397,0.388658,2.783496,98.259811,1.553702,1.942788,0.699175,3.430801
1776193830.96914,222.400253,547.729248,773.910828,770.129517,77.528313,28.878292,2,3.271646,1.714118,-2.016722,2.531962,0.38122,2.769561,96.526985,1.553702,1.942788,0.699175,3.430801
1776193831.736786,219.17305,544.654236,767.608582,763.827271,78.164841,28.694061,2,3.38199,1.724843,-1.526374,2.596045,0.378039,2.787269,98.247292,1.553702,1.942788,0.699175,3.430801
1776193832.519568,227.778946,565.038513,782.733887,792.817444,76.654404,28.730314,2,3.22274,1.722722,-1.254713,2.522548,0.3924,2.783759,84.577637,1.553702,1.942788,0.699175,3.430801
1776193833.28091,222.400253,532.603943,761.306396,755.004211,78.811897,29.456823,2,3.290771,1.68131,-0.979043,2.505286,0.373924,2.715999,102.839874,1.553702,1.942788,0.699175,3.430801
1776193834.044775,221.324524,541.24231,763.827271,762.566833,78.551788,29.023624,2,3.340235,1.705753,-1.247808,2.551362,0.377525,2.755818,99.688553,1.553702,1.942788,0.699175,3.430801
1776193834.809898,229.93042,545.240845,765.087708,775.171265,78.422379,29.661888,2,3.329084,1.669988,0.400234,2.547041,0.383981,2.697728,93.773407,1.553702,1.942788,0.699175,3.430801
1776193835.59519,222.400253,554.031433,785.254761,776.431702,76.408325,28.64389,2,3.283266,1.727788,-0.355464,2.5782,0.38426,2.792148,97.475449,1.553702,1.942788,0.699175,3.430801
1776193836.366628,223.475998,549.174377,771.389954,772.650391,77.78167,28.9233,2,3.337253,1.711519,0.135181,2.574323,0.382483,2.765284,108.032013,1.553702,1.942788,0.699175,3.430801
1776193837.156961,221.324524,566.451111,790.29657,787.775635,75.920868,28.094868,2,3.279767,1.760699,-0.978301,2.591989,0.389686,2.847179,106.037178,1.553702,1.942788,0.699175,3.430801
1776193837.927127,222.400253,548.989685,770.129517,771.389954,77.908974,28.831106,2,3.311512,1.716852,-1.551097,2.550293,0.381828,2.774065,95.884804,1.553702,1.942788,0.699175,3.430801
1776193838.701074,226.703217,552.24939,773.910828,778.952576,77.528313,29.103598,2,3.348937,1.701186,0.191199,2.591778,0.385664,2.748339,85.558907,1.553702,1.942788,0.699175,3.430801
1776193839.481323,231.006149,554.248596,780.213013,785.254761,76.902077,29.417988,2,3.140916,1.683472,2.900121,2.450583,0.388892,2.719501,100.374779,1.553702,1.942788,0.699175,3.430801
1776193840.251502,227.778946,538.569214,770.129517,766.348145,77.908974,29.722647,2,2.922901,1.666664,-0.617472,2.251012,0.379631,2.692383,88.996964,1.553702,1.942788,0.699175,3.430801
1776193841.021667,227.778946,542.350586,770.129517,770.129517,77.908974,29.576706,2,3.123795,1.674672,3.164358,2.405727,0.381455,2.705274,90.188911,1.553702,1.942788,0.699175,3.430801
1776193841.789313,222.400253,538.906128,767.608582,761.306396,78.164841,29.212975,2,3.025971,1.69498,-0.66317,2.322762,0.376964,2.738205,99.952614,1.553702,1.942788,0.699175,3.430801
1776193842.544353,222.400253,532.603943,755.004211,755.004211,79.469757,29.456823,2,3.301291,1.68131,-0.674864,2.492489,0.373924,2.715999,99.71022,1.553702,1.942788,0.699175,3.430801
1776193843.315779,228.854675,550.0979,771.389954,778.952576,77.78167,29.379797,2,3.361037,1.685604,-0.29488,2.592671,0.385758,2.722957,106.482513,1.553702,1.942788,0.699175,3.430801
1776193844.09352,226.703217,548.468018,777.692139,775.171265,77.151352,29.245564,2,3.23058,1.69314,-0.802156,2.512397,0.38384,2.735207,99.742279,1.553702,1.942788,0.699175,3.430801
1776193844.856123,227.778946,536.04834,762.566833,763.827271,78.681625,29.82074,2,3.434365,1.661325,0.725945,2.618933,0.378415,2.68382,86.292717,1.553702,1.942788,0.699175,3.430801
1776193845.638893,220.248795,553.662048,782.733887,773.910828,76.654404,28.459194,2,3.49617,1.738718,-0.110382,2.736571,0.38295,2.810322,111.05719,1.553702,1.942788,0.699175,3.430801
1776193846.412841,215.945847,552.923218,773.910828,768.86908,77.528313,28.086164,2,3.544226,1.761231,-0.332448,2.742915,0.38033,2.848076,110.522369,1.553702,1.942788,0.699175,3.430801
1776193847.189308,222.400253,561.594055,776.431702,783.994324,77.276596,28.367584,2,3.444542,1.744192,-0.93071,2.674452,0.387909,2.819462,108.417923,1.553702,1.942788,0.699175,3.430801
1776193847.963267,222.400253,551.510559,773.910828,773.910828,77.528313,28.737194,2,3.361696,1.72232,0.031684,2.601653,0.383044,2.783094,106.729988,1.553702,1.942788,0.699175,3.430801
1776193848.739736,222.400253,554.031433,776.431702,776.431702,77.276596,28.64389,2,3.353922,1.727788,-1.453057,2.604092,0.38426,2.792148,94.067436,1.553702,1.942788,0.699175,3.430801
1776193849.517464,221.324524,555.107178,777.692139,776.431702,77.151352,28.505342,2,3.222079,1.735973,3.197248,2.505785,0.384214,2.805749,89.501656,1.553702,1.942788,0.699175,3.430801
1776193850.280068,218.097321,540.688232,762.566833,758.785522,78.681625,28.742949,2,3.040145,1.721984,-1.032091,2.318314,0.37556,2.782538,96.855049,1.553702,1.942788,0.699175,3.430801
1776193851.046452,219.17305,548.435547,766.348145,767.608582,78.293396,28.552711,2,3.473116,1.733166,-0.381264,2.661616,0.379863,2.801078,113.546051,1.553702,1.942788,0.699175,3.430801
1776193851.811577,233.157639,548.315796,765.087708,781.47345,78.422379,29.835644,2,3.431324,1.660517,-0.231513,2.625264,0.387162,2.682526,110.138885,1.553702,1.942788,0.699175,3.430801
1776193852.588057,225.627487,541.981079,776.431702,767.608582,77.276596,29.39356,2,3.227907,1.684835,-1.523033,2.506249,0.380145,2.72171,106.015594,1.553702,1.942788,0.699175,3.430801
1776193853.349399,233.157639,536.971863,761.306396,770.129517,78.811897,30.275122,2,3.304437,1.637046,0.316078,2.515689,0.38169,2.645184,82.324394,1.553702,1.942788,0.699175,3.430801
1776193854.13217,228.854675,548.837463,782.733887,777.692139,76.654404,29.427412,2,3.472913,1.682947,-0.209944,2.718366,0.38515,2.71865,107.319016,1.553702,1.942788,0.699175,3.430801
1776193854.908637,222.400253,546.468811,776.431702,768.86908,77.276596,28.925632,2,3.381442,1.711384,-1.372279,2.625459,0.380612,2.765062,105.796951,1.553702,1.942788,0.699175,3.430801
1776193855.662417,225.627487,531.897583,753.743774,757.525085,79.602646,29.784819,2,3.429885,1.663276,-0.502765,2.585254,0.375281,2.686946,102.512993,1.553702,1.942788,0.699175,3.430801
1776193856.435117,220.248795,546.099365,772.650391,766.348145,77.654785,28.740046,2,3.320885,1.722153,-1.240532,2.565883,0.379302,2.782819,99.715622,1.553702,1.942788,0.699175,3.430801
1776193857.207803,223.475998,552.955688,772.650391,776.431702,77.654785,28.782442,2,3.059891,1.719681,2.681323,2.364226,0.384307,2.778733,94.771034,1.553702,1.942788,0.699175,3.430801
1776193857.956542,226.703217,525.780151,748.702026,752.483337,80.138687,30.12734,2,2.804196,1.644862,3.50191,2.099508,0.372896,2.657567,89.991295,1.553702,1.942788,0.699175,3.430801
1776193858.730489,227.778946,547.392334,773.910828,775.171265,77.528313,29.384338,2,2.968168,1.68535,-0.915082,2.297097,0.383887,2.722545,111.31459,1.553702,1.942788,0.699175,3.430801
1776193859.503175,238.536301,546.718445,772.650391,785.254761,77.654785,30.376932,2,3.288617,1.631706,-1.460482,2.540951,0.389221,2.636753,86.3386,1.553702,1.942788,0.699175,3.430801
1776193860.255695,220.248795,510.807007,752.483337,731.055786,79.735985,30.127495,2,3.262181,1.644854,-2.700774,2.454737,0.362277,2.657554,102.856163,1.553702,1.942788,0.699175,3.430801
1776193861.019559,219.17305,543.393799,763.827271,762.566833,78.551788,28.741488,2,3.504566,1.722069,-2.101249,2.676883,0.377431,2.78268,101.768242,1.553702,1.942788,0.699175,3.430801
1776193861.778392,217.021576,539.243042,758.785522,756.264648,79.07373,28.696514,2,3.743066,1.724699,-0.55945,2.840185,0.374297,2.787031,127.92366,1.553702,1.942788,0.699175,3.430801
1776193862.540996,212.718643,544.806458,762.566833,757.525085,78.681625,28.08074,2,3.658928,1.761562,-2.942328,2.790178,0.374717,2.848636,104.157852,1.553702,1.942788,0.699175,3.430801
1776193863.294776,215.945847,541.579224,753.743774,757.525085,79.602646,28.50676,2,3.361757,1.735889,2.952575,2.533903,0.374858,2.805609,102.943825,1.553702,1.942788,0.699175,3.430801
1776193864.049817,221.324524,539.981873,755.004211,761.306396,79.469757,29.071676,2,3.1093,1.703006,-1.286044,2.347535,0.376917,2.751317,115.488907,1.553702,1.942788,0.699175,3.430801
1776193864.808638,229.93042,538.93866,758.785522,768.86908,79.07373,29.905016,2,3.175161,1.656766,3.515534,2.409266,0.380941,2.676527,101.702415,1.553702,1.942788,0.699175,3.430801
1776193865.581326,222.400253,541.427002,772.650391,763.827271,77.654785,29.116566,2,3.008291,1.700448,-0.328513,2.324357,0.37818,2.747132,111.604156,1.553702,1.942788,0.699175,3.430801
1776193866.354024,219.17305,549.696045,772.650391,768.86908,77.654785,28.505901,2,3.308592,1.73594,-2.40851,2.556385,0.380471,2.805694,105.040443,1.553702,1.942788,0.699175,3.430801
1776193867.115367,221.324524,542.502747,761.306396,763.827271,78.811897,28.975729,2,3.329198,1.708501,-0.345589,2.53454,0.378133,2.760325,102.522346,1.553702,1.942788,0.699175,3.430801
1776193867.886794,221.324524,550.06543,771.389954,771.389954,77.78167,28.691652,2,3.309674,1.724984,-1.142159,2.55305,0.381781,2.787503,106.756149,1.553702,1.942788,0.699175,3.430801
1776193868.667043,221.324524,558.888489,780.213013,780.213013,76.902077,28.367191,2,3.240572,1.744215,-1.404464,2.528337,0.386038,2.819502,97.805702,1.553702,1.942788,0.699175,3.430801
1776193869.449812,217.021576,560.670532,782.733887,777.692139,76.654404,27.905846,2,3.165044,1.772329,3.026485,2.477387,0.384634,2.866847,99.012657,1.553702,1.942788,0.699175,3.430801
1776193870.225033,214.870117,557.780273,775.171265,772.650391,77.402252,27.809488,2,2.997854,1.778319,-1.649545,2.32385,0.382108,2.87702,93.792389,1.553702,1.942788,0.699175,3.430801
1776193870.993938,217.021576,554.368408,768.86908,771.389954,78.03669,28.133833,2,3.436649,1.75832,-1.37666,2.642333,0.381593,2.843172,96.283615,1.553702,1.942788,0.699175,3.430801
1776193871.759063,214.870117,547.696716,765.087708,762.566833,78.422379,28.177217,2,3.275687,1.75568,-2.181953,2.506187,0.377243,2.838728,90.216644,1.553702,1.942788,0.699175,3.430801
1776193872.520405,219.17305,547.17511,761.306396,766.348145,78.811897,28.59967,2,3.398589,1.730392,-0.943889,2.587368,0.379255,2.796469,106.529343,1.553702,1.942788,0.699175,3.430801
1776193873.286789,224.551743,548.098633,766.348145,772.650391,78.293396,29.062527,2,3.233616,1.703528,-0.935573,2.478076,0.38253,2.752172,90.531075,1.553702,1.942788,0.699175,3.430801
1776193874.060737,220.248795,548.6203,773.910828,768.86908,77.528313,28.645813,2,3.25705,1.727675,-0.934942,2.520666,0.380518,2.79196,104.471024,1.553702,1.942788,0.699175,3.430801
1776193874.833435,218.097321,552.032227,772.650391,770.129517,77.654785,28.319565,2,3.255956,1.747075,-1.632952,2.515716,0.381032,2.824287,100.030258,1.553702,1.942788,0.699175,3.430801
1776193875.608643,222.400253,557.812744,775.171265,780.213013,77.402252,28.50507,2,3.230378,1.73599,-0.430042,2.504096,0.386085,2.805776,103.325821,1.553702,1.942788,0.699175,3.430801
1776193876.369986,225.627487,539.460205,761.306396,765.087708,78.811897,29.490408,2,3.411791,1.679445,0.339354,2.597418,0.378929,2.712982,94.53231,1.553702,1.942788,0.699175,3.430801
1776193877.138891,217.021576,541.763916,768.86908,758.785522,78.03669,28.601175,2,3.179601,1.730303,2.852828,2.444697,0.375513,2.796321,91.985786,1.553702,1.942788,0.699175,3.430801
1776193877.897713,220.248795,542.318054,758.785522,762.566833,79.07373,28.882557,2,3.131909,1.713871,-0.130169,2.376447,0.377478,2.769155,112.656677,1.553702,1.942788,0.699175,3.430801
1776193878.665358,220.248795,547.359802,767.608582,767.608582,78.164841,28.692854,2,3.463183,1.724914,-0.051804,2.658369,0.37991,2.787386,108.682404,1.553702,1.942788,0.699175,3.430801
1776193879.445619,219.17305,559.779541,780.213013,778.952576,76.902077,28.136894,2,3.379272,1.758134,-0.80572,2.636552,0.385336,2.842858,106.566849,1.553702,1.942788,0.699175,3.430801
1776193880.222088,219.17305,557.258667,776.431702,776.431702,77.276596,28.228247,2,3.239964,1.752586,-0.924696,2.51561,0.38412,2.833528,100.693321,1.553702,1.942788,0.699175,3.430801
1776193880.98343,221.324524,542.502747,761.306396,763.827271,78.811897,28.975729,2,3.322777,1.708501,-0.594197,2.529651,0.378133,2.760325,106.157532,1.553702,1.942788,0.699175,3.430801
1776193881.754857,223.475998,550.434814,771.389954,773.910828,77.78167,28.876194,2,3.409035,1.714239,0.392698,2.629696,0.383091,2.769761,105.332039,1.553702,1.942788,0.699175,3.430801
1776193882.535106,218.097321,555.813477,780.213013,773.910828,76.902077,28.181194,2,3.340181,1.755439,-0.705972,2.606052,0.382857,2.838322,99.363876,1.553702,1.942788,0.699175,3.430801
1776193883.309065,226.703217,557.291138,773.910828,783.994324,77.528313,28.916437,2,3.387052,1.711914,-0.615728,2.621276,0.388096,2.765934,116.913712,1.553702,1.942788,0.699175,3.430801
1776193884.081753,225.627487,545.762451,772.650391,771.389954,77.654785,29.249472,2,3.367993,1.692919,-0.020844,2.602281,0.381969,2.734848,109.787231,1.553702,1.942788,0.699175,3.430801
1776193884.845616,221.324524,537.460999,763.827271,758.785522,78.551788,29.168261,2,3.266063,1.697511,-0.309024,2.494708,0.375701,2.742335,104.555923,1.553702,1.942788,0.699175,3.430801
1776193885.622084,213.794373,553.814209,776.431702,767.608582,77.276596,27.852005,2,3.334259,1.775671,-1.218445,2.588824,0.379628,2.872519,105.228867,1.553702,1.942788,0.699175,3.430801
1776193886.383427,220.248795,548.6203,761.306396,768.86908,78.811897,28.645813,2,3.372146,1.727675,0.209574,2.567236,0.380518,2.79196,109.130196,1.553702,1.942788,0.699175,3.430801
1776193887.158634,218.097321,554.553101,775.171265,772.650391,77.402252,28.227169,2,3.503164,1.752651,0.1321,2.715552,0.382248,2.833637,101.489929,1.553702,1.942788,0.699175,3.430801
1776193887.927552,218.097321,550.771729,768.86908,768.86908,78.03669,28.36599,2,3.416961,1.744287,-0.196432,2.627196,0.380424,2.819622,101.480637,1.553702,1.942788,0.699175,3.430801
1776193888.700239,213.794373,553.814209,772.650391,767.608582,77.654785,27.852005,2,3.356741,1.775671,-1.577157,2.593588,0.379628,2.872519,99.130775,1.553702,1.942788,0.699175,3.430801
1776193889.461581,219.17305,548.435547,761.306396,767.608582,78.811897,28.552711,2,3.25942,1.733166,3.147541,2.481417,0.379863,2.801078,92.050835,1.553702,1.942788,0.699175,3.430801
1776193890.219143,222.400253,538.906128,757.525085,761.306396,79.205299,29.212975,2,3.110326,1.69498,-0.109714,2.35615,0.376964,2.738205,109.185318,1.553702,1.942788,0.699175,3.430801
1776193890.990569,215.945847,547.881409,771.389954,763.827271,77.78167,28.271557,2,3.358568,1.749968,-0.738194,2.590766,0.377898,2.829134,104.835526,1.553702,1.942788,0.699175,3.430801
1776193891.758214,222.400253,552.770996,767.608582,775.171265,78.164841,28.690466,2,3.468678,1.725054,-0.061084,2.662587,0.383652,2.787618,113.068817,1.553702,1.942788,0.699175,3.430801
1776193892.548559,218.097321,567.157471,790.29657,785.254761,75.920868,27.774084,2,3.292656,1.78053,-1.74959,2.602175,0.388329,2.880784,102.47126,1.553702,1.942788,0.699175,3.430801
1776193893.318725,217.021576,551.847534,770.129517,768.86908,77.908974,28.226078,2,3.356084,1.752717,-0.803047,2.584619,0.380377,2.833748,103.306007,1.553702,1.942788,0.699175,3.430801
1776193894.098975,215.945847,563.006714,780.213013,778.952576,76.902077,27.722591,2,3.463465,1.783756,-1.420427,2.702241,0.385195,2.886282,110.665802,1.553702,1.942788,0.699175,3.430801
1776193894.865359,220.248795,551.141174,766.348145,771.389954,78.293396,28.552198,2,3.381101,1.733196,-1.682176,2.591101,0.381734,2.801128,107.074875,1.553702,1.942788,0.699175,3.430801
1776193895.627963,217.021576,541.763916,762.566833,758.785522,78.681625,28.601175,2,3.154801,1.730303,2.729805,2.405747,0.375513,2.796321,85.549385,1.553702,1.942788,0.699175,3.430801
1776193896.401922,214.870117,556.519836,773.910828,771.389954,77.528313,27.854929,2,3.075475,1.775489,-1.036323,2.380143,0.381499,2.87221,103.671829,1.553702,1.942788,0.699175,3.430801
1776193897.159483,220.248795,543.578491,757.525085,763.827271,79.205299,28.834894,2,3.333203,1.716632,2.896892,2.524985,0.378086,2.773703,106.339897,1.553702,1.942788,0.699175,3.430801
1776193897.923347,219.17305,543.393799,763.827271,762.566833,78.551788,28.741488,2,2.930799,1.722069,2.600471,2.238625,0.377431,2.78268,100.880592,1.553702,1.942788,0.699175,3.430801
1776193898.697294,222.400253,555.29187,773.910828,777.692139,77.528313,28.597467,2,2.80725,1.730522,3.096498,2.172561,0.384868,2.796684,101.465462,1.553702,1.942788,0.699175,3.430801
1776193899.472502,219.17305,552.216919,775.171265,771.389954,77.402252,28.412745,2,2.997791,1.741489,-0.809877,2.323802,0.381687,2.814946,107.643837,1.553702,1.942788,0.699175,3.430801
1776193900.246461,213.794373,553.814209,773.910828,767.608582,77.528313,27.852005,2,3.307924,1.775671,3.060564,2.560038,0.379628,2.872519,112.432335,1.553702,1.942788,0.699175,3.430801
1776193901.015366,217.021576,555.628784,768.86908,772.650391,78.03669,28.08794,2,3.053437,1.761122,-1.792763,2.347693,0.382201,2.847893,102.763268,1.553702,1.942788,0.699175,3.430801
1776193901.789314,221.324524,557.628052,773.910828,778.952576,77.528313,28.413094,2,3.301579,1.741468,-0.9182,2.555127,0.38543,2.814911,103.473557,1.553702,1.942788,0.699175,3.430801
1776193902.555698,226.703217,545.947144,766.348145,772.650391,78.293396,29.340982,2,3.395852,1.687776,9.3e-05,2.602405,0.382624,2.726482,106.348251,1.553702,1.942788,0.699175,3.430801
1776193903.323342,231.006149,541.644226,767.608582,772.650391,78.164841,29.89789,2,3.42961,1.657151,0.399418,2.632598,0.382812,2.677141,97.670372,1.553702,1.942788,0.699175,3.430801
1776193904.09603,223.475998,540.351257,772.650391,763.827271,77.654785,29.257399,2,3.406165,1.692473,-0.317302,2.631775,0.378227,2.73412,100.580345,1.553702,1.942788,0.699175,3.430801
1776193904.869989,219.17305,549.696045,773.910828,768.86908,77.528313,28.505901,2,3.468403,1.73594,-0.414971,2.684235,0.380471,2.805694,125.660034,1.553702,1.942788,0.699175,3.430801
1776193905.640154,224.551743,551.879944,770.129517,776.431702,77.908974,28.92099,2,3.508894,1.711652,0.321498,2.702303,0.384354,2.765503,104.777321,1.553702,1.942788,0.699175,3.430801
1776193906.417883,224.551743,553.140381,777.692139,777.692139,77.151352,28.874117,2,3.341603,1.714359,-1.114131,2.598738,0.384962,2.769958,103.264771,1.553702,1.942788,0.699175,3.430801
1776193907.19183,223.475998,549.174377,773.910828,772.650391,77.528313,28.9233,2,3.055241,1.711519,3.627532,2.364484,0.382483,2.765284,98.648354,1.553702,1.942788,0.699175,3.430801
1776193907.965778,225.627487,550.804199,773.910828,776.431702,77.528313,29.059542,2,3.075523,1.703699,-0.03714,2.38018,0.384401,2.752452,100.176743,1.553702,1.942788,0.699175,3.430801
1776193908.742258,223.475998,550.434814,776.431702,773.910828,77.276596,28.876194,2,3.1209,1.714239,2.624488,2.423166,0.383091,2.769761,96.470238,1.553702,1.942788,0.699175,3.430801
1776193909.521246,217.021576,554.368408,778.952576,771.389954,77.026512,28.133833,2,2.892851,1.75832,-1.646502,2.253394,0.381593,2.843172,97.973763,1.553702,1.942788,0.699175,3.430801
1776193910.280069,224.551743,543.056824,758.785522,767.608582,79.07373,29.253418,2,3.508169,1.692697,0.748664,2.661948,0.380098,2.734486,115.774193,1.553702,1.942788,0.699175,3.430801
1776193911.059057,225.627487,554.58551,778.952576,780.213013,77.026512,28.918705,2,3.40748,1.711784,-1.271195,2.654265,0.386225,2.765719,104.055634,1.553702,1.942788,0.699175,3.430801
1776193911.830484,224.551743,545.577759,771.389954,770.129517,77.78167,29.15766,2,3.328374,1.698113,-0.894664,2.567474,0.381314,2.743317,102.469818,1.553702,1.942788,0.699175,3.430801
1776193912.610745,223.475998,555.476562,780.213013,778.952576,76.902077,28.689295,2,3.282384,1.725122,-1.983869,2.560958,0.385523,2.787732,105.712753,1.553702,1.942788,0.699175,3.430801
1776193913.37839,218.097321,543.209106,767.608582,761.306396,78.164841,28.647772,2,3.473307,1.72756,-0.67271,2.66614,0.376776,2.79177,104.756866,1.553702,1.942788,0.699175,3.430801
1776193914.149817,215.945847,552.923218,771.389954,768.86908,77.78167,28.086164,2,3.385926,1.761231,-0.840763,2.61187,0.38033,2.848076,98.59874,1.553702,1.942788,0.699175,3.430801
1776193914.91242,217.021576,546.805664,762.566833,763.827271,78.681625,28.41239,2,3.396396,1.74151,-1.094308,2.589979,0.377945,2.814981,97.452499,1.553702,1.942788,0.699175,3.430801
1776193915.680065,208.415695,549.109375,767.608582,757.525085,78.164841,27.512711,2,3.255796,1.79703,2.988955,2.499177,0.374529,2.908999,112.909874,1.553702,1.942788,0.699175,3.430801
1776193916.440147,221.324524,553.846741,760.045959,775.171265,78.942596,28.551695,2,2.846325,1.733226,2.852419,2.163338,0.383605,2.801178,72.802055,1.553702,1.942788,0.699175,3.430801
1776193917.215367,223.475998,554.216125,775.171265,777.692139,77.402252,28.735792,2,3.033552,1.722402,-0.829589,2.351522,0.384915,2.783229,107.558395,1.553702,1.942788,0.699175,3.430801
1776193917.994356,219.17305,554.737793,778.952576,773.910828,77.026512,28.320194,2,3.282012,1.747037,2.606744,2.556532,0.382903,2.824224,123.549438,1.553702,1.942788,0.699175,3.430801
1776193918.75948,222.400253,546.468811,765.087708,768.86908,78.422379,28.925632,2,3.148633,1.711384,0.56528,2.408981,0.380612,2.765062,77.724442,1.553702,1.942788,0.699175,3.430801
1776193919.51326,224.551743,531.712891,753.743774,756.264648,79.602646,29.692217,2,3.341471,1.668327,-0.690195,2.518613,0.374626,2.695056,93.886391,1.553702,1.942788,0.699175,3.430801
1776193920.258217,225.627487,520.55365,744.920654,746.181152,80.545494,30.237631,2,3.283205,1.639022,-1.05971,2.445728,0.369808,2.648309,110.319519,1.553702,1.942788,0.699175,3.430801
1776193921.025862,225.627487,541.981079,767.608582,767.608582,78.164841,29.39356,2,3.246226,1.684835,-0.173342,2.491831,0.380145,2.72171,93.791824,1.553702,1.942788,0.699175,3.430801
1776193921.792259,228.854675,541.274841,766.348145,770.129517,78.293396,29.716387,2,3.182023,1.667006,0.461597,2.438537,0.381502,2.692932,94.89312,1.553702,1.942788,0.699175,3.430801
1776193922.566206,227.778946,544.87146,773.910828,772.650391,77.528313,29.480209,2,2.998495,1.680011,3.571551,2.320567,0.382671,2.713897,85.848755,1.553702,1.942788,0.699175,3.430801
1776193923.345194,222.400253,550.250122,778.952576,772.650391,77.026512,28.784073,2,2.860385,1.719586,-0.835677,2.228105,0.382436,2.778577,96.71624,1.553702,1.942788,0.699175,3.430801
1776193924.130486,221.324524,562.6698,785.254761,783.994324,76.408325,28.230371,2,3.298249,1.752457,-1.37317,2.589966,0.387862,2.833312,96.367371,1.553702,1.942788,0.699175,3.430801
1776193924.885526,217.021576,532.940918,755.004211,749.962463,79.469757,28.937658,2,3.288675,1.710691,-0.658195,2.482963,0.371257,2.763923,93.48587,1.553702,1.942788,0.699175,3.430801
1776193925.650662,213.794373,547.512024,765.087708,761.306396,78.422379,28.082567,2,3.436306,1.761451,-2.015682,2.629075,0.376588,2.848447,95.950211,1.553702,1.942788,0.699175,3.430801
1776193926.403183,219.17305,539.612488,752.483337,758.785522,79.735985,28.884718,2,3.484904,1.713746,-0.722417,2.622332,0.375607,2.768949,100.913216,1.553702,1.942788,0.699175,3.430801
1776193927.177129,222.400253,555.29187,773.910828,777.692139,77.528313,28.597467,2,3.277438,1.730522,-0.445596,2.536445,0.384868,2.796684,91.049133,1.553702,1.942788,0.699175,3.430801
1776193927.947296,217.021576,546.805664,770.129517,763.827271,77.908974,28.41239,2,3.279583,1.74151,-0.90079,2.525703,0.377945,2.814981,98.13678,1.553702,1.942788,0.699175,3.430801
1776193928.732586,218.097321,568.417847,785.254761,786.515198,76.408325,27.729574,2,3.332814,1.783318,-2.255715,2.617108,0.388937,2.885535,102.690887,1.553702,1.942788,0.699175,3.430801
1776193929.500232,222.400253,550.250122,767.608582,772.650391,78.164841,28.784073,2,3.466255,1.719586,-0.234742,2.660727,0.382436,2.778577,110.596725,1.553702,1.942788,0.699175,3.430801
1776193930.274191,218.097321,550.771729,773.910828,768.86908,77.528313,28.36599,2,3.481634,1.744287,-0.5312,2.694475,0.380424,2.819622,105.043777,1.553702,1.942788,0.699175,3.430801
1776193931.036794,220.248795,544.838928,762.566833,765.087708,78.681625,28.787392,2,3.432084,1.719393,-0.844364,2.617194,0.378694,2.778258,102.915222,1.553702,1.942788,0.699175,3.430801
1776193931.791835,227.778946,536.04834,755.004211,763.827271,79.469757,29.82074,2,3.452233,1.661325,0.346481,2.606451,0.378415,2.68382,106.993858,1.553702,1.942788,0.699175,3.430801
1776193932.565782,225.627487,545.762451,773.910828,771.389954,77.528313,29.249472,2,3.252302,1.692919,-0.334267,2.516991,0.381969,2.734848,103.262283,1.553702,1.942788,0.699175,3.430801
1776193933.34351,219.17305,550.956482,777.692139,770.129517,77.151352,28.459246,2,3.378901,1.738715,-0.96954,2.627745,0.381079,2.810317,104.027733,1.553702,1.942788,0.699175,3.430801
1776193934.104853,223.475998,542.872131,761.306396,766.348145,78.811897,29.161158,2,3.493762,1.697914,-0.295734,2.659823,0.379443,2.742993,117.193054,1.553702,1.942788,0.699175,3.430801
1776193934.868729,225.627487,540.720642,763.827271,766.348145,78.551788,29.441906,2,3.348578,1.68214,0.361182,2.557735,0.379537,2.717342,88.005516,1.553702,1.942788,0.699175,3.430801
1776193935.643937,222.400253,548.989685,775.171265,771.389954,77.402252,28.831106,2,3.272946,1.716852,-1.370052,2.537094,0.381828,2.774065,95.708427,1.553702,1.942788,0.699175,3.430801
1776193936.415363,222.400253,548.989685,771.389954,771.389954,77.78167,28.831106,2,3.287299,1.716852,-0.030013,2.535789,0.381828,2.774065,105.106216,1.553702,1.942788,0.699175,3.430801
1776193937.176705,224.551743,539.275513,761.306396,763.827271,78.811897,29.398235,2,3.340485,1.684574,-0.656934,2.543133,0.378274,2.721287,104.256554,1.553702,1.942788,0.699175,3.430801
1776193937.956955,222.400253,555.29187,780.213013,777.692139,76.902077,28.597467,2,3.216882,1.730522,3.205229,2.509854,0.384868,2.796684,80.00724,1.553702,1.942788,0.699175,3.430801
1776193938.738477,218.097321,558.334351,781.47345,776.431702,76.778038,28.089699,2,3.042219,1.761014,-1.098354,2.377414,0.384073,2.847712,96.169441,1.553702,1.942788,0.699175,3.430801
1776193939.504861,219.17305,548.435547,766.348145,767.608582,78.293396,28.552711,2,3.547945,1.733166,-0.974329,2.718961,0.379863,2.801078,119.229248,1.553702,1.942788,0.699175,3.430801
1776193940.273767,221.324524,550.06543,768.86908,771.389954,78.03669,28.691652,2,3.43199,1.724984,-0.767224,2.638751,0.381781,2.787503,105.036324,1.553702,1.942788,0.699175,3.430801
1776193941.045193,218.097321,549.51123,771.389954,767.608582,77.78167,28.412569,2,3.130733,1.741499,3.067134,2.415016,0.379816,2.814963,89.440376,1.553702,1.942788,0.699175,3.430801
1776193941.833005,222.400253,570.417175,787.775635,792.817444,76.163818,28.051886,2,2.81195,1.76333,2.614911,2.215186,0.392165,2.851618,74.277382,1.553702,1.942788,0.699175,3.430801
1776193942.608225,223.475998,552.955688,775.171265,776.431702,77.402252,28.782442,2,2.869405,1.719681,3.46954,2.22428,0.384307,2.778733,105.12574,1.553702,1.942788,0.699175,3.430801
1776193943.384693,217.021576,551.847534,776.431702,768.86908,77.276596,28.226078,2,2.988528,1.752717,-1.288977,2.320388,0.380377,2.833748,106.734406,1.553702,1.942788,0.699175,3.430801
1776193944.162422,224.551743,561.96344,777.692139,786.515198,77.151352,28.550211,2,3.309764,1.733314,-0.899899,2.573977,0.389219,2.801324,100.308418,1.553702,1.942788,0.699175,3.430801
1776193944.931327,222.400253,543.947876,768.86908,766.348145,78.03669,29.020786,2,3.319443,1.705916,-0.385607,2.552217,0.379396,2.756084,105.697327,1.553702,1.942788,0.699175,3.430801
1776193945.705274,218.097321,550.771729,773.910828,768.86908,77.528313,28.36599,2,3.378331,1.744287,-0.820086,2.614527,0.380424,2.819622,102.209595,1.553702,1.942788,0.699175,3.430801
1776193946.476713,218.097321,553.292603,771.389954,771.389954,77.78167,28.273291,2,3.384311,1.749863,-1.768039,2.610624,0.38164,2.828959,100.291275,1.553702,1.942788,0.699175,3.430801
1776193947.236795,223.475998,542.872131,760.045959,766.348145,78.942596,29.161158,2,3.294215,1.697914,-0.570364,2.503755,0.379443,2.742993,98.947319,1.553702,1.942788,0.699175,3.430801
1776193948.008221,221.324524,547.544556,771.389954,768.86908,77.78167,28.785723,2,3.271164,1.71949,-2.343138,2.523343,0.380565,2.778418,100.398659,1.553702,1.942788,0.699175,3.430801
1776193948.770824,225.627487,541.981079,762.566833,767.608582,78.681625,29.39356,2,3.273935,1.684835,-1.067097,2.496594,0.380145,2.72171,90.76709,1.553702,1.942788,0.699175,3.430801
1776193949.53847,225.627487,541.981079,767.608582,767.608582,78.164841,29.39356,2,3.375616,1.684835,-0.780885,2.591152,0.380145,2.72171,103.416077,1.553702,1.942788,0.699175,3.430801
1776193950.307375,221.324524,542.502747,768.86908,763.827271,78.03669,28.975729,2,3.260406,1.708501,-1.778397,2.506825,0.378133,2.760325,88.924057,1.553702,1.942788,0.699175,3.430801
1776193951.063688,218.097321,534.385986,756.264648,752.483337,79.337303,28.983673,2,3.333336,1.708044,-1.352159,2.520884,0.37252,2.759576,93.929031,1.553702,1.942788,0.699175,3.430801
1776193951.82251,222.400253,541.427002,758.785522,763.827271,79.07373,29.116566,2,3.51215,1.700448,-0.184293,2.664969,0.37818,2.747132,107.427994,1.553702,1.942788,0.699175,3.430801
1776193952.595196,218.097321,549.51123,772.650391,767.608582,77.654785,28.412569,2,3.470533,1.741499,-0.406767,2.681509,0.379816,2.814963,107.006134,1.553702,1.942788,0.699175,3.430801
1776193953.362841,221.324524,550.06543,767.608582,771.389954,78.164841,28.691652,2,3.195882,1.724984,3.761655,2.453187,0.381781,2.787503,89.132988,1.553702,1.942788,0.699175,3.430801
1776193954.131747,215.945847,546.620972,768.86908,762.566833,78.03669,28.318287,2,2.869904,1.747152,3.63336,2.206581,0.37729,2.824416,85.342598,1.553702,1.942788,0.699175,3.430801
1776193954.896871,212.718643,548.587769,765.087708,761.306396,78.422379,27.941265,2,3.047922,1.770138,-2.587662,2.331928,0.376541,2.863132,110.557678,1.553702,1.942788,0.699175,3.430801
1776193955.658225,219.17305,549.696045,761.306396,768.86908,78.811897,28.505901,2,3.212847,1.73594,2.845217,2.445961,0.380471,2.805694,87.648033,1.553702,1.942788,0.699175,3.430801
1776193956.404443,222.400253,527.562195,746.181152,749.962463,80.409431,29.654852,2,2.825022,1.670374,3.748959,2.107978,0.371492,2.698349,80.343948,1.553702,1.942788,0.699175,3.430801
1776193957.159484,227.778946,533.527466,755.004211,761.306396,79.469757,29.919485,2,2.716478,1.655986,2.848039,2.050952,0.377199,2.675281,81.062721,1.553702,1.942788,0.699175,3.430801
1776193957.898139,205.188492,506.960693,738.618408,712.14917,81.232742,28.812572,2,2.944607,1.717928,-2.298368,2.174941,0.352499,2.775841,97.460449,1.553702,1.942788,0.699175,3.430801
1776193958.6557,211.642914,553.444824,757.525085,765.087708,79.205299,27.662569,2,3.453891,1.787532,-3.307091,2.616409,0.378318,2.892729,107.820221,1.553702,1.942788,0.699175,3.430801
1776193959.418304,217.021576,551.847534,762.566833,768.86908,78.681625,28.226078,2,3.426188,1.752717,-1.59609,2.612698,0.380377,2.833748,94.318932,1.553702,1.942788,0.699175,3.430801
1776193960.194771,224.551743,560.703003,776.431702,785.254761,77.276596,28.596037,2,3.284334,1.730606,-1.533613,2.550061,0.388611,2.796824,96.864105,1.553702,1.942788,0.699175,3.430801
1776193960.956114,217.021576,535.461792,761.306396,752.483337,78.811897,28.840715,2,3.087837,1.716294,2.692125,2.35079,0.372473,2.773146,96.850716,1.553702,1.942788,0.699175,3.430801
1776193961.694769,224.551743,522.889832,738.618408,747.441589,81.232742,30.042713,2,3.195767,1.649373,-0.128498,2.360453,0.37037,2.664737,99.580864,1.553702,1.942788,0.699175,3.430801
1776193962.459905,212.718643,538.504272,765.087708,751.2229,78.422379,28.316317,2,3.478346,1.74727,-1.574818,2.661239,0.371677,2.824614,99.581841,1.553702,1.942788,0.699175,3.430801
1776193963.221248,214.870117,548.957153,761.306396,763.827271,78.811897,28.130722,2,3.528105,1.75851,-1.968351,2.685969,0.377851,2.843491,92.97998,1.553702,1.942788,0.699175,3.430801
1776193963.985112,214.870117,548.957153,763.827271,763.827271,78.551788,28.130722,2,3.495447,1.75851,-1.718778,2.669918,0.377851,2.843491,93.484367,1.553702,1.942788,0.699175,3.430801
1776193964.752756,219.17305,553.477356,767.608582,772.650391,78.164841,28.366392,2,3.317221,1.744263,-1.765627,2.546327,0.382295,2.819582,98.415634,1.553702,1.942788,0.699175,3.430801
1776193965.5141,218.097321,541.948608,761.306396,760.045959,78.811897,28.69528,2,3.360563,1.724772,-1.075895,2.558418,0.376168,2.787151,99.328568,1.553702,1.942788,0.699175,3.430801
1776193966.286786,219.17305,554.737793,772.650391,773.910828,77.654785,28.320194,2,3.114958,1.747037,3.049835,2.406773,0.382903,2.824224,84.641899,1.553702,1.942788,0.699175,3.430801
1776193967.040578,222.400253,535.124817,753.743774,757.525085,79.602646,29.358799,2,2.796524,1.686778,2.970356,2.107862,0.37514,2.724863,90.852692,1.553702,1.942788,0.699175,3.430801
1776193967.789317,221.324524,526.117065,748.702026,747.441589,80.138687,29.610947,2,3.084931,1.672786,-0.131468,2.309694,0.370229,2.702233,102.295731,1.553702,1.942788,0.699175,3.430801
1776193968.539315,225.627487,529.376709,749.962463,755.004211,80.004005,29.88427,2,2.947706,1.657886,3.107709,2.210669,0.374065,2.678317,86.152748,1.553702,1.942788,0.699175,3.430801
1776193969.306961,223.475998,541.611694,767.608582,765.087708,78.164841,29.2092,2,2.612871,1.695194,3.139894,2.005662,0.378835,2.738554,94.471016,1.553702,1.942788,0.699175,3.430801
1776193970.069564,220.248795,538.536743,762.566833,758.785522,78.681625,29.026487,2,2.869718,1.705589,-0.725313,2.188352,0.375654,2.755549,87.633522,1.553702,1.942788,0.699175,3.430801
1776193970.835948,219.17305,545.914673,766.348145,765.087708,78.293396,28.646788,2,3.382412,1.727618,-0.435239,2.592105,0.378647,2.791866,100.96666,1.553702,1.942788,0.699175,3.430801
1776193971.609896,215.945847,554.183655,773.910828,770.129517,77.528313,28.040197,2,3.220774,1.764046,2.574708,2.492592,0.380938,2.852829,95.243767,1.553702,1.942788,0.699175,3.430801
1776193972.375032,220.248795,549.880737,765.087708,770.129517,78.422379,28.598928,2,3.042923,1.730436,-1.323501,2.328103,0.381126,2.796541,104.293274,1.553702,1.942788,0.699175,3.430801
1776193973.146458,219.17305,550.956482,771.389954,770.129517,77.78167,28.459246,2,3.269518,1.738715,-2.069695,2.522073,0.381079,2.810317,104.485107,1.553702,1.942788,0.699175,3.430801
1776193973.90528,221.324524,539.981873,758.785522,761.306396,79.07373,29.071676,2,3.082943,1.703006,2.112498,2.339293,0.376917,2.751317,91.966263,1.553702,1.942788,0.699175,3.430801
1776193974.669143,224.551743,543.056824,763.827271,767.608582,78.551788,29.253418,2,2.905394,1.692697,-0.958366,2.219219,0.380098,2.734486,93.302536,1.553702,1.942788,0.699175,3.430801
1776193975.43931,223.475998,545.393066,770.129517,768.86908,77.908974,29.065546,2,3.050141,1.703356,3.102586,2.349003,0.380659,2.75189,83.340508,1.553702,1.942788,0.699175,3.430801
1776193976.219559,219.17305,555.99823,780.213013,775.171265,76.902077,28.274145,2,2.928515,1.749812,-1.251632,2.284866,0.383512,2.828873,96.998718,1.553702,1.942788,0.699175,3.430801
1776193976.989736,225.627487,552.064636,770.129517,777.692139,77.908974,29.012442,2,3.082988,1.706394,2.69335,2.3743,0.385009,2.756869,105.580238,1.553702,1.942788,0.699175,3.430801
1776193977.739736,233.157639,525.627869,749.962463,758.785522,80.004005,30.727737,2,2.840895,1.613576,-4.262804,2.130565,0.376218,2.60831,106.123253,1.553702,1.942788,0.699175,3.430801
1776193978.487213,239.61203,515.392212,747.441589,755.004211,80.273834,31.736517,2,2.702186,1.563675,3.261247,2.019726,0.374675,2.531466,95.171539,1.553702,1.942788,0.699175,3.430801
1776193979.253598,233.157639,525.627869,766.348145,758.785522,78.293396,30.727737,2,2.705176,1.613576,-4.782664,2.073107,0.376218,2.60831,96.644264,1.553702,1.942788,0.699175,3.430801
1776193979.998555,232.081909,511.578308,744.920654,743.660217,80.545494,31.208055,2,2.984936,1.589414,-2.443776,2.223541,0.368874,2.570838,80.352417,1.553702,1.942788,0.699175,3.430801
1776193980.756117,222.400253,523.780884,757.525085,746.181152,79.205299,29.80513,2,3.150817,1.662172,-2.027413,2.386823,0.369668,2.685177,87.725998,1.553702,1.942788,0.699175,3.430801
1776193981.511157,227.778946,533.527466,755.004211,761.306396,79.469757,29.919485,2,3.11376,1.655986,-0.878219,2.350902,0.377199,2.675281,83.623398,1.553702,1.942788,0.699175,3.430801
1776193982.268718,225.627487,529.376709,757.525085,755.004211,79.205299,29.88427,2,3.071707,1.657886,-1.297924,2.326895,0.374065,2.678317,91.800911,1.553702,1.942788,0.699175,3.430801
1776193983.025032,233.157639,531.930054,756.264648,765.087708,79.337303,30.47463,2,3.24719,1.626615,-0.413708,2.455735,0.379258,2.628737,104.817871,1.553702,1.942788,0.699175,3.430801
1776193983.796458,227.778946,537.308777,771.389954,765.087708,77.78167,29.77161,2,3.100764,1.663995,-0.305534,2.391898,0.379023,2.688098,102.034523,1.553702,1.942788,0.699175,3.430801
1776193984.5578,229.93042,533.896851,761.306396,763.827271,78.811897,30.102411,2,3.351943,1.646188,-1.217368,2.551855,0.378509,2.659673,91.772583,1.553702,1.942788,0.699175,3.430801
1776193985.319144,217.021576,529.159546,761.306396,746.181152,78.811897,29.084301,2,3.270329,1.702286,-2.012638,2.489723,0.369433,2.750138,101.661888,1.553702,1.942788,0.699175,3.430801
1776193986.071663,226.703217,537.124023,752.483337,763.827271,79.735985,29.679907,2,2.881152,1.669001,2.768597,2.168019,0.378368,2.696139,85.221642,1.553702,1.942788,0.699175,3.430801
1776193986.835527,224.551743,536.754639,763.827271,761.306396,78.551788,29.495583,2,3.078026,1.679158,-1.705043,2.35108,0.377058,2.712518,109.113922,1.553702,1.942788,0.699175,3.430801
1776193987.583005,219.17305,521.966248,747.441589,741.139282,80.273834,29.572451,2,3.451339,1.674907,-2.304197,2.579674,0.367094,2.705652,107.621231,1.553702,1.942788,0.699175,3.430801
1776193988.356964,209.491425,553.075439,773.910828,762.566833,77.528313,27.471876,2,3.371297,1.799637,-3.560562,2.609083,0.377008,2.913477,99.715103,1.553702,1.942788,0.699175,3.430801
1776193989.106963,214.870117,541.394531,749.962463,756.264648,80.004005,28.412025,2,3.51684,1.741532,-2.642158,2.637498,0.374203,2.815017,93.139694,1.553702,1.942788,0.699175,3.430801
1776193989.868305,218.097321,546.990356,761.306396,765.087708,78.811897,28.506187,2,3.342516,1.735923,-2.484908,2.544679,0.3786,2.805666,103.46994,1.553702,1.942788,0.699175,3.430801
1776193990.642253,224.551743,556.921692,773.910828,781.47345,77.528313,28.734404,2,3.174199,1.722483,-2.568285,2.456547,0.386787,2.783364,94.283508,1.553702,1.942788,0.699175,3.430801
1776193991.4162,219.17305,548.435547,773.910828,767.608582,77.528313,28.552711,2,3.128332,1.733166,-2.015311,2.42105,0.379863,2.801078,90.05835,1.553702,1.942788,0.699175,3.430801
1776193992.168719,220.248795,533.494995,752.483337,753.743774,79.735985,29.220646,2,3.409236,1.694547,-0.752969,2.565393,0.373222,2.737499,103.816788,1.553702,1.942788,0.699175,3.430801
1776193992.9452,212.718643,554.889954,776.431702,767.608582,77.276596,27.711863,2,3.613346,1.78443,-2.636366,2.805516,0.379581,2.887431,107.574371,1.553702,1.942788,0.699175,3.430801
1776193993.709063,215.945847,551.66272,763.827271,767.608582,78.551788,28.132286,2,3.170609,1.758415,2.926441,2.421797,0.379722,2.843331,97.668663,1.553702,1.942788,0.699175,3.430801
1776193994.483011,219.17305,558.519104,773.910828,777.692139,77.528313,28.182495,2,2.772644,1.75536,2.988732,2.145779,0.384728,2.838189,96.360672,1.553702,1.942788,0.699175,3.430801
1776193995.256958,222.400253,555.29187,773.910828,777.692139,77.528313,28.597467,2,2.718731,1.730522,3.012416,2.104055,0.384868,2.796684,102.660446,1.553702,1.942788,0.699175,3.430801
1776193996.030905,226.703217,552.24939,773.910828,778.952576,77.528313,29.103598,2,2.693693,1.701186,2.939397,2.084678,0.385664,2.748339,94.520348,1.553702,1.942788,0.699175,3.430801
1776193996.813688,221.324524,555.107178,782.733887,776.431702,76.654404,28.505342,2,2.955878,1.735973,-1.308577,2.313666,0.384214,2.805749,99.366524,1.553702,1.942788,0.699175,3.430801
1776193997.591416,224.551743,556.921692,777.692139,781.47345,77.151352,28.734404,2,3.480196,1.722483,-1.708755,2.706521,0.386787,2.783364,99.987991,1.553702,1.942788,0.699175,3.430801
1776193998.354019,215.945847,536.537476,762.566833,752.483337,78.681625,28.69776,2,3.348855,1.724627,-2.47121,2.553726,0.372426,2.786911,94.363342,1.553702,1.942788,0.699175,3.430801
1776193999.106539,231.006149,539.123352,752.483337,770.129517,79.735985,29.995754,2,3.349824,1.651887,-1.482867,2.520687,0.381596,2.668741,99.223701,1.553702,1.942788,0.699175,3.430801
1776193999.872923,224.551743,534.233765,766.348145,758.785522,78.293396,29.593573,2,2.928295,1.673743,3.282072,2.244093,0.375842,2.703774,88.652092,1.553702,1.942788,0.699175,3.430801
1776194000.639308,232.081909,543.089355,766.348145,775.171265,78.293396,29.939438,2,2.812306,1.654912,-2.394366,2.155206,0.384075,2.673565,90.988449,1.553702,1.942788,0.699175,3.430801
1776194001.404444,243.914993,535.037598,765.087708,778.952576,78.422379,31.313202,2,3.258099,1.584223,-0.197991,2.492731,0.386416,2.562853,95.763,1.553702,1.942788,0.699175,3.430801
1776194002.187214,253.596603,540.481262,782.733887,794.077881,76.654404,31.935987,2,2.81194,1.554181,3.432863,2.201001,0.394135,2.517086,91.704224,1.553702,1.942788,0.699175,3.430801
1776194002.997715,302.00473,565.178711,810.463562,867.183411,74.031708,34.825935,2,2.26742,1.428834,-1.058633,1.837661,0.431515,2.334406,72.269943,1.553702,1.942788,0.699175,3.430801
1776194003.840998,637.162109,536.308472,843.235046,1173.470581,71.154541,54.297237,3,1.628724,0.821615,1.201694,1.373397,0.523502,1.206965,18.466366,2.62296,4.685811,0.108322,3.959939
1776194034.756115,219.17305,521.966248,783.994324,741.139282,76.531166,29.572451,2,2.918986,1.674907,-2.429633,2.288468,0.367094,2.705652,88.243469,1.553702,1.942788,0.699175,3.430801
1776194035.497291,209.491425,520.303955,741.139282,729.795349,80.956444,28.705502,2,3.480197,1.724173,-2.596943,2.579311,0.361199,2.78616,114.462921,1.553702,1.942788,0.699175,3.430801
1776194036.22082,213.794373,514.74054,723.493164,728.534912,82.930984,29.345795,2,3.741555,1.687506,-0.204896,2.706989,0.360779,2.726045,134.786667,1.553702,1.942788,0.699175,3.430801
1776194036.963257,209.491425,527.866577,742.39978,737.357971,80.818993,28.411087,2,3.736023,1.741588,-1.192942,2.773623,0.364848,2.815111,123.502899,1.553702,1.942788,0.699175,3.430801
1776194037.710746,207.339966,537.580688,747.441589,744.920654,80.273834,27.833832,2,4.014588,1.776802,-0.030347,3.00067,0.368402,2.874441,128.815308,1.553702,1.942788,0.699175,3.430801
1776194038.443099,207.339966,524.976257,732.316223,732.316223,81.931816,28.312901,2,4.049056,1.747476,-2.299556,2.965189,0.362322,2.824959,107.729248,1.553702,1.942788,0.699175,3.430801
1776194039.1994,209.491425,549.294067,756.264648,758.785522,79.337303,27.60878,2,3.953418,1.790929,-0.925401,2.98983,0.375184,2.898539,113.105286,1.553702,1.942788,0.699175,3.430801
1776194039.955701,217.021576,548.066162,756.264648,765.087708,79.337303,28.365582,2,3.492847,1.744312,2.811102,2.641517,0.378553,2.819663,96.503273,1.553702,1.942788,0.699175,3.430801
1776194040.725867,218.097321,553.292603,770.129517,771.389954,77.908974,28.273291,2,3.404628,1.749863,0.078607,2.622005,0.38164,2.828959,109.612785,1.553702,1.942788,0.699175,3.430801
1776194041.496033,215.945847,551.66272,770.129517,767.608582,77.908974,28.132286,2,3.429853,1.758415,-0.261693,2.641431,0.379722,2.843331,105.62233,1.553702,1.942788,0.699175,3.430801
1776194042.256115,207.339966,542.622498,760.045959,749.962463,78.942596,27.646711,2,3.280554,1.788532,2.571775,2.493372,0.370834,2.894438,90.654793,1.553702,1.942788,0.699175,3.430801
1776194043.009895,213.794373,547.512024,753.743774,761.306396,79.602646,28.082567,2,3.263369,1.761451,0.510859,2.459744,0.376588,2.848447,117.274193,1.553702,1.942788,0.699175,3.430801
1776194043.758646,210.567169,534.353516,748.702026,744.920654,80.138687,28.267059,2,3.403942,1.750239,2.850823,2.548538,0.368543,2.82959,98.364372,1.553702,1.942788,0.699175,3.430801
1776194044.525031,211.642914,555.965698,766.348145,767.608582,78.293396,27.571722,2,3.301695,1.793278,-1.037585,2.530248,0.379535,2.902562,120.720032,1.553702,1.942788,0.699175,3.430801
1776194045.286373,213.794373,550.032898,761.306396,763.827271,78.811897,27.989885,2,3.64324,1.767139,-0.926367,2.773622,0.377804,2.858056,111.158386,1.553702,1.942788,0.699175,3.430801
1776194046.06158,211.642914,561.007446,775.171265,772.650391,77.402252,27.391809,2,3.506347,1.804769,-2.237525,2.718019,0.381967,2.922312,108.412994,1.553702,1.942788,0.699175,3.430801
1776194046.815361,214.870117,542.654968,753.743774,757.525085,79.602646,28.364754,2,3.519356,1.744361,-0.677314,2.652693,0.374811,2.819746,101.656342,1.553702,1.942788,0.699175,3.430801
1776194047.564099,215.945847,534.016602,748.702026,749.962463,80.138687,28.79422,2,3.594783,1.718995,-0.386275,2.691421,0.37121,2.777602,116.591797,1.553702,1.942788,0.699175,3.430801
1776194048.325442,212.718643,544.806458,761.306396,757.525085,78.811897,28.08074,2,3.583585,1.761562,-0.599468,2.728206,0.374717,2.848636,110.161575,1.553702,1.942788,0.699175,3.430801
1776194049.07292,213.794373,534.907654,747.441589,748.702026,80.273834,28.555334,2,3.689355,1.733011,-0.645314,2.757578,0.370508,2.80082,122.838638,1.553702,1.942788,0.699175,3.430801
1776194049.843097,209.491425,555.596313,770.129517,765.087708,77.908974,27.381361,2,3.534816,1.805441,-1.489697,2.722266,0.378224,2.92347,100.821648,1.553702,1.942788,0.699175,3.430801
1776194050.583013,213.794373,531.126282,739.878845,744.920654,81.09436,28.700289,2,3.837182,1.724478,0.073373,2.83905,0.368684,2.786665,102.069695,1.553702,1.942788,0.699175,3.430801
1776194051.3557,210.567169,558.30188,772.650391,768.86908,77.654785,27.386608,2,3.860834,1.805104,-0.969095,2.983075,0.380096,2.922889,120.288254,1.553702,1.942788,0.699175,3.430801
1776194052.10822,220.248795,543.578491,752.483337,763.827271,79.735985,28.834894,2,3.784281,1.716632,-0.126716,2.847608,0.378086,2.773703,131.120255,1.553702,1.942788,0.699175,3.430801
1776194052.848135,213.794373,518.521851,739.878845,732.316223,81.09436,29.194269,2,3.876725,1.696038,-0.665843,2.868307,0.362603,2.739931,120.85463,1.553702,1.942788,0.699175,3.430801
1776194053.598133,211.642914,535.798706,749.962463,747.441589,80.004005,28.315645,2,3.983305,1.747311,-1.02823,2.987329,0.369806,2.824682,121.014221,1.553702,1.942788,0.699175,3.430801
1776194054.351914,212.718643,542.285583,753.743774,755.004211,79.602646,28.1745,2,3.914461,1.755846,-1.048685,2.950501,0.373501,2.839006,102.390701,1.553702,1.942788,0.699175,3.430801
1776194055.117038,220.248795,553.662048,765.087708,773.910828,78.422379,28.459194,2,3.339147,1.738718,3.657007,2.55474,0.38295,2.810322,94.128494,1.553702,1.942788,0.699175,3.430801
1776194055.888476,217.021576,550.587036,771.389954,767.608582,77.78167,28.272427,2,3.149741,1.749915,-0.341283,2.429679,0.379769,2.829046,108.251999,1.553702,1.942788,0.699175,3.430801
1776194056.65108,221.324524,546.284058,762.566833,767.608582,78.681625,28.832993,2,3.523749,1.716742,0.43383,2.687094,0.379957,2.773885,84.081749,1.553702,1.942788,0.699175,3.430801
1776194057.421245,211.642914,547.142578,770.129517,758.785522,77.908974,27.892324,2,3.483685,1.773167,-2.00629,2.682889,0.375278,2.868268,93.310684,1.553702,1.942788,0.699175,3.430801
1776194058.176286,218.097321,544.469482,755.004211,762.566833,79.469757,28.600422,2,3.463552,1.730348,-0.23374,2.614996,0.377384,2.796395,97.473686,1.553702,1.942788,0.699175,3.430801
1776194058.936368,215.945847,541.579224,760.045959,757.525085,78.942596,28.50676,2,3.339178,1.735889,-0.330035,2.537929,0.374858,2.805609,97.043427,1.553702,1.942788,0.699175,3.430801
1776194059.706534,217.021576,554.368408,770.129517,771.389954,77.908974,28.133833,2,3.453191,1.75832,-0.368419,2.659405,0.381593,2.843172,108.970261,1.553702,1.942788,0.699175,3.430801
1776194060.494358,215.945847,570.569336,787.775635,786.515198,76.163818,27.45603,2,3.52155,1.80065,-0.905504,2.774191,0.388843,2.91522,109.710388,1.553702,1.942788,0.699175,3.430801
1776194061.270826,215.945847,560.48584,776.431702,776.431702,77.276596,27.812599,2,3.492322,1.778125,-0.842359,2.71155,0.383979,2.87669,109.043732,1.553702,1.942788,0.699175,3.430801
1776194062.039732,214.870117,552.738464,768.86908,767.608582,78.03669,27.992147,2,3.410567,1.766999,-0.523925,2.622279,0.379675,2.85782,104.620239,1.553702,1.942788,0.699175,3.430801
1776194062.797293,218.097321,543.209106,757.525085,761.306396,79.205299,28.647772,2,3.598918,1.72756,0.791169,2.72627,0.376776,2.79177,86.050697,1.553702,1.942788,0.699175,3.430801
1776194063.581323,217.021576,565.71228,783.994324,782.733887,76.531166,27.726099,2,3.602075,1.783536,-0.484278,2.824006,0.387066,2.885907,115.561432,1.553702,1.942788,0.699175,3.430801
1776194064.357804,213.794373,558.856018,776.431702,772.650391,77.276596,27.670261,2,3.578226,1.787047,-0.044194,2.778248,0.382061,2.8919,112.611557,1.553702,1.942788,0.699175,3.430801
1776194065.122928,211.642914,550.92395,765.087708,762.566833,78.422379,27.754015,2,3.686009,1.781786,0.651886,2.82012,0.377102,2.882923,144.691498,1.553702,1.942788,0.699175,3.430801
1776194065.885532,218.097321,552.032227,762.566833,770.129517,78.681625,28.319565,2,3.753561,1.747075,1.119218,2.862341,0.381032,2.824287,108.677315,1.553702,1.942788,0.699175,3.430801
1776194066.660739,213.794373,556.335144,775.171265,770.129517,77.402252,27.760834,2,3.778132,1.781359,0.333266,2.9287,0.380845,2.882196,116.445778,1.553702,1.942788,0.699175,3.430801
1776194067.437207,213.794373,562.637329,776.431702,776.431702,77.276596,27.535503,2,3.654779,1.795579,-0.431638,2.837686,0.383885,2.906508,113.617325,1.553702,1.942788,0.699175,3.430801
1776194068.203604,206.264236,551.260864,766.348145,757.525085,78.293396,27.228701,2,3.649526,1.815319,-1.397522,2.796807,0.374435,2.940542,108.298126,1.553702,1.942788,0.699175,3.430801
1776194068.967467,212.718643,558.671326,763.827271,771.389954,78.551788,27.576021,2,3.855651,1.793005,-0.040036,2.945051,0.381406,2.902094,128.989456,1.553702,1.942788,0.699175,3.430801
1776194069.736372,213.794373,556.335144,768.86908,770.129517,78.03669,27.760834,2,3.860617,1.781359,0.474627,2.968309,0.380845,2.882196,127.831429,1.553702,1.942788,0.699175,3.430801
1776194070.502757,209.491425,551.814941,766.348145,761.306396,78.293396,27.517361,2,3.76087,1.796734,-0.083877,2.882136,0.3764,2.90849,112.899719,1.553702,1.942788,0.699175,3.430801
1776194071.271662,212.718643,559.931763,768.86908,772.650391,78.03669,27.531034,2,3.693173,1.795864,0.340245,2.839566,0.382014,2.906996,109.972832,1.553702,1.942788,0.699175,3.430801
1776194072.04561,207.339966,560.268616,773.910828,767.608582,77.528313,27.01116,2,3.588084,1.829587,-0.916158,2.776857,0.379347,2.965349,104.320831,1.553702,1.942788,0.699175,3.430801
1776194072.82083,211.642914,568.570068,775.171265,780.213013,77.402252,27.126301,2,3.612595,1.822007,-0.491034,2.80038,0.385615,2.952148,107.181679,1.553702,1.942788,0.699175,3.430801
1776194073.583432,220.248795,552.401611,762.566833,772.650391,78.681625,28.505621,2,3.454032,1.735957,-0.130911,2.63393,0.382342,2.805722,105.117722,1.553702,1.942788,0.699175,3.430801
1776194074.363682,217.021576,559.410156,780.213013,776.431702,76.902077,27.951149,2,3.317969,1.769527,-1.563459,2.588723,0.384026,2.862098,102.124138,1.553702,1.942788,0.699175,3.430801
1776194075.126285,217.021576,545.545288,762.566833,762.566833,78.681625,28.459352,2,3.503734,1.738708,-0.658567,2.671831,0.377337,2.810306,111.854736,1.553702,1.942788,0.699175,3.430801
1776194075.890149,220.248795,547.359802,763.827271,767.608582,78.551788,28.692854,2,3.452886,1.724914,-0.985354,2.637408,0.37991,2.787386,102.725197,1.553702,1.942788,0.699175,3.430801
1776194076.662836,217.021576,551.847534,772.650391,768.86908,77.654785,28.226078,2,3.292704,1.752717,-0.796847,2.544109,0.380377,2.833748,107.503418,1.553702,1.942788,0.699175,3.430801
1776194077.433013,217.021576,553.10791,770.129517,770.129517,77.908974,28.17988,2,3.281514,1.755519,-1.074113,2.527191,0.380985,2.838457,98.182312,1.553702,1.942788,0.699175,3.430801
1776194078.195617,221.324524,546.284058,762.566833,767.608582,78.681625,28.832993,2,3.50464,1.716742,-0.040221,2.672522,0.379957,2.773885,117.906845,1.553702,1.942788,0.699175,3.430801
1776194078.980908,226.703217,564.85376,785.254761,791.557007,76.408325,28.640163,2,3.548498,1.728007,0.438581,2.786475,0.391745,2.792511,116.900719,1.553702,1.942788,0.699175,3.430801
1776194079.756116,215.945847,546.620972,775.171265,762.566833,77.402252,28.318287,2,3.591043,1.747152,0.063535,2.783673,0.37729,2.824416,99.089912,1.553702,1.942788,0.699175,3.430801
1776194080.532584,220.248795,561.22467,776.431702,781.47345,77.276596,28.183784,2,3.458692,1.755282,-0.846776,2.685438,0.386599,2.838058,104.974663,1.553702,1.942788,0.699175,3.430801
1776194081.305282,223.475998,552.955688,772.650391,776.431702,77.654785,28.782442,2,3.360336,1.719681,-1.610196,2.596365,0.384307,2.778733,109.377655,1.553702,1.942788,0.699175,3.430801
1776194082.071668,215.945847,541.579224,766.348145,757.525085,78.293396,28.50676,2,3.222933,1.735889,2.800411,2.469889,0.374858,2.805609,84.921143,1.553702,1.942788,0.699175,3.430801
1776194082.844354,219.17305,557.258667,772.650391,776.431702,77.654785,28.228247,2,2.95148,1.752586,3.274982,2.280463,0.38412,2.833528,97.745094,1.553702,1.942788,0.699175,3.430801
1776194083.610738,218.097321,546.990356,766.348145,765.087708,78.293396,28.506187,2,3.097492,1.735923,-0.961373,2.373757,0.3786,2.805666,97.625671,1.553702,1.942788,0.699175,3.430801
1776194084.384686,217.021576,555.628784,773.910828,772.650391,77.528313,28.08794,2,3.299188,1.761122,3.295176,2.553277,0.382201,2.847893,112.159782,1.553702,1.942788,0.699175,3.430801
1776194085.14478,218.097321,543.209106,760.045959,761.306396,78.942596,28.647772,2,3.283013,1.72756,-0.578717,2.495241,0.376776,2.79177,114.822906,1.553702,1.942788,0.699175,3.430801
1776194085.919987,214.870117,556.519836,775.171265,771.389954,77.402252,27.854929,2,3.326305,1.775489,2.730584,2.578456,0.381499,2.87221,92.57531,1.553702,1.942788,0.699175,3.430801
1776194086.685112,218.097321,550.771729,765.087708,768.86908,78.422379,28.36599,2,3.150707,1.744287,-0.323278,2.410567,0.380424,2.819622,107.764969,1.553702,1.942788,0.699175,3.430801
1776194087.456538,220.248795,553.662048,771.389954,773.910828,77.78167,28.459194,2,3.348211,1.738718,-1.302192,2.582776,0.38295,2.810322,96.661156,1.553702,1.942788,0.699175,3.430801
1776194088.216621,221.324524,539.981873,760.045959,761.306396,78.942596,29.071676,2,2.948236,1.703006,2.725127,2.240794,0.376917,2.751317,86.411125,1.553702,1.942788,0.699175,3.430801
1776194088.985526,218.097321,546.990356,768.86908,765.087708,78.03669,28.506187,2,2.936482,1.735923,-0.981308,2.257771,0.3786,2.805666,109.384766,1.553702,1.942788,0.699175,3.430801
1776194089.756964,218.097321,553.292603,771.389954,771.389954,77.78167,28.273291,2,3.378062,1.749863,-1.400641,2.605803,0.38164,2.828959,100.445282,1.553702,1.942788,0.699175,3.430801
1776194090.528391,217.021576,553.10791,771.389954,770.129517,77.78167,28.17988,2,3.398957,1.755519,-1.089445,2.621921,0.380985,2.838457,99.670799,1.553702,1.942788,0.699175,3.430801
1776194091.292254,221.324524,547.544556,763.827271,768.86908,78.551788,28.785723,2,3.179294,1.71949,3.498161,2.428431,0.380565,2.778418,91.198601,1.553702,1.942788,0.699175,3.430801
1776194092.072504,213.794373,557.595581,780.213013,771.389954,76.902077,27.715471,2,3.120286,1.784203,-0.918423,2.434488,0.381453,2.887045,102.332176,1.553702,1.942788,0.699175,3.430801
1776194092.840149,222.400253,555.29187,767.608582,777.692139,78.164841,28.597467,2,3.458157,1.730522,-0.915527,2.654511,0.384868,2.796684,114.974152,1.553702,1.942788,0.699175,3.430801
1776194093.619149,225.627487,557.106384,778.952576,782.733887,77.026512,28.825569,2,3.294932,1.717173,-0.929708,2.566596,0.387441,2.774596,102.411148,1.553702,1.942788,0.699175,3.430801
1776194094.385534,226.703217,540.905396,766.348145,767.608582,78.293396,29.533699,2,3.052402,1.677047,2.638149,2.339202,0.380192,2.709107,90.071556,1.553702,1.942788,0.699175,3.430801
1776194095.154439,234.233368,543.45874,768.86908,777.692139,78.03669,30.119034,2,2.990821,1.645304,0.888281,2.29955,0.385385,2.658268,72.13839,1.553702,1.942788,0.699175,3.430801
1776194095.939731,224.551743,549.35907,785.254761,773.910828,76.408325,29.015196,2,3.360464,1.706236,-0.274611,2.638821,0.383138,2.756609,104.383141,1.553702,1.942788,0.699175,3.430801
1776194096.713678,217.021576,548.066162,773.910828,765.087708,77.528313,28.365582,2,3.422715,1.744312,-2.4525,2.648876,0.378553,2.819663,102.980339,1.553702,1.942788,0.699175,3.430801
1776194097.463676,224.551743,534.233765,749.962463,758.785522,80.004005,29.593573,2,3.173705,1.673743,3.209758,2.380159,0.375842,2.703774,89.80217,1.553702,1.942788,0.699175,3.430801
1776194098.237636,221.324524,548.804993,773.910828,770.129517,77.528313,28.738611,2,2.782342,1.722237,3.227242,2.153284,0.381173,2.782957,93.487633,1.553702,1.942788,0.699175,3.430801
1776194099.009062,226.703217,550.988892,771.389954,777.692139,77.78167,29.150766,2,3.185227,1.698504,0.606931,2.457052,0.385056,2.743956,107.728279,1.553702,1.942788,0.699175,3.430801
1776194099.775446,228.854675,540.014404,766.348145,768.86908,78.293396,29.765102,2,3.432451,1.664349,-0.508333,2.630452,0.380894,2.688667,105.935638,1.553702,1.942788,0.699175,3.430801
1776194100.529227,227.778946,524.704407,753.743774,752.483337,79.602646,30.270296,2,3.043031,1.6373,2.920501,2.293666,0.372943,2.645586,103.100288,1.553702,1.942788,0.699175,3.430801
1776194101.296872,226.703217,539.644897,767.608582,766.348145,78.164841,29.582273,2,2.938119,1.674365,-0.494338,2.255325,0.379584,2.704779,99.75396,1.553702,1.942788,0.699175,3.430801
1776194102.060736,233.157639,538.2323,763.827271,771.389954,78.551788,30.225653,2,3.16534,1.639654,-0.45406,2.417773,0.382298,2.64931,94.369446,1.553702,1.942788,0.699175,3.430801
1776194102.84856,231.006149,554.248596,787.775635,785.254761,76.163818,29.417988,2,2.939381,1.683472,-0.422655,2.315573,0.388892,2.719501,82.437836,1.553702,1.942788,0.699175,3.430801
1776194103.614944,222.400253,533.86438,766.348145,756.264648,78.293396,29.407728,2,3.033165,1.684044,3.254713,2.324461,0.374532,2.720428,102.774635,1.553702,1.942788,0.699175,3.430801
1776194104.38511,214.870117,546.436279,770.129517,761.306396,77.908974,28.223869,2,2.977468,1.752851,-0.95135,2.293036,0.376635,2.833972,104.975662,1.553702,1.942788,0.699175,3.430801
1776194105.146453,213.794373,546.251587,761.306396,760.045959,78.811897,28.129137,2,3.39893,1.758607,-0.148544,2.587627,0.37598,2.843654,119.095245,1.553702,1.942788,0.699175,3.430801
1776194105.914098,212.718643,553.629517,767.608582,766.348145,78.164841,27.757442,2,3.509317,1.781571,-0.710575,2.693782,0.378973,2.882558,116.15509,1.553702,1.942788,0.699175,3.430801
1776194106.671659,208.415695,544.067627,757.525085,752.483337,79.205299,27.69705,2,3.589454,1.785361,-1.194872,2.719101,0.372097,2.88902,117.774139,1.553702,1.942788,0.699175,3.430801
1776194107.436795,214.870117,557.780273,765.087708,772.650391,78.422379,27.809488,2,3.780669,1.778319,0.100917,2.892544,0.382108,2.87702,124.829674,1.553702,1.942788,0.699175,3.430801
1776194108.20318,213.794373,551.293335,766.348145,765.087708,78.293396,27.943771,2,3.925766,1.769983,-0.690938,3.008503,0.378412,2.86287,123.324921,1.553702,1.942788,0.699175,3.430801
1776194108.970825,214.870117,553.998962,767.608582,768.86908,78.164841,27.946255,2,3.805142,1.76983,-1.068248,2.92086,0.380283,2.86261,107.769936,1.553702,1.942788,0.699175,3.430801
1776194109.734689,213.794373,548.772461,763.827271,762.566833,78.551788,28.03615,2,3.575753,1.764295,-2.479933,2.731258,0.377196,2.853248,102.022598,1.553702,1.942788,0.699175,3.430801
1776194110.497292,209.491425,548.033691,762.566833,757.525085,78.681625,27.654716,2,3.673362,1.788027,-1.371537,2.801184,0.374576,2.893575,107.575233,1.553702,1.942788,0.699175,3.430801
1776194111.262416,217.021576,556.889282,765.087708,773.910828,78.422379,28.042194,2,3.709358,1.763924,-0.697916,2.837984,0.38281,2.852622,104.423752,1.553702,1.942788,0.699175,3.430801
1776194112.033855,210.567169,553.260132,771.389954,763.827271,77.78167,27.567381,2,3.761792,1.793553,-1.321979,2.901809,0.377663,2.903034,112.389618,1.553702,1.942788,0.699175,3.430801
1776194112.793937,213.794373,550.032898,760.045959,763.827271,78.942596,27.989885,2,3.865464,1.767139,-0.685666,2.937931,0.377804,2.858056,102.28878,1.553702,1.942788,0.699175,3.430801
1776194113.566623,220.248795,559.964233,772.650391,780.213013,77.654785,28.229317,2,3.807019,1.752521,0.457737,2.941494,0.385991,2.833419,126.450035,1.553702,1.942788,0.699175,3.430801
1776194114.351915,213.794373,563.897766,785.254761,777.692139,76.408325,27.490875,2,3.650871,1.798423,-1.073817,2.866864,0.384493,2.911391,115.749878,1.553702,1.942788,0.699175,3.430801
1776194115.118299,218.097321,553.292603,766.348145,771.389954,78.293396,28.273291,2,3.591012,1.749863,0.063387,2.751965,0.38164,2.828959,113.990219,1.553702,1.942788,0.699175,3.430801
1776194115.893519,215.945847,556.704529,775.171265,772.650391,77.402252,27.948713,2,3.637309,1.769678,0.065169,2.819537,0.382155,2.862353,119.855896,1.553702,1.942788,0.699175,3.430801
1776194116.668727,211.642914,558.486572,775.171265,770.129517,77.402252,27.48147,2,3.703941,1.799024,-0.91523,2.871188,0.380751,2.912423,123.334732,1.553702,1.942788,0.699175,3.430801
1776194117.443934,220.248795,565.005981,775.171265,785.254761,77.402252,28.048069,2,3.782881,1.763564,0.358657,2.93238,0.388423,2.852013,128.657455,1.553702,1.942788,0.699175,3.430801
1776194118.225444,213.794373,560.116455,781.47345,773.910828,76.778038,27.625195,2,3.419423,1.789891,3.305348,2.672188,0.382669,2.896762,110.556068,1.553702,1.942788,0.699175,3.430801
1776194119.006954,203.037018,565.832031,781.47345,768.86908,76.778038,26.40723,2,3.413401,1.870432,-1.027191,2.667482,0.379767,3.037316,127.688843,1.553702,1.942788,0.699175,3.430801
1776194119.785954,206.264236,576.469666,778.952576,782.733887,77.026512,26.35177,2,3.861873,1.874276,-2.680579,3.008216,0.386596,3.044162,113.60878,1.553702,1.942788,0.699175,3.430801
1776194120.543517,212.718643,552.36908,757.525085,765.087708,79.205299,27.803171,2,3.865355,1.778713,-1.264253,2.928104,0.378365,2.877691,113.964325,1.553702,1.942788,0.699175,3.430801
1776194121.309901,222.400253,555.29187,766.348145,777.692139,78.293396,28.597467,2,3.713377,1.730522,0.294065,2.84574,0.384868,2.796684,119.811272,1.553702,1.942788,0.699175,3.430801
1776194122.08889,225.627487,557.106384,778.952576,782.733887,77.026512,28.825569,2,3.528852,1.717173,-0.548982,2.748809,0.387441,2.774596,108.235657,1.553702,1.942788,0.699175,3.430801
1776194122.860316,227.778946,546.131897,771.389954,773.910828,77.78167,29.432196,2,3.581418,1.68268,0.002766,2.762669,0.383279,2.718218,105.413536,1.553702,1.942788,0.699175,3.430801
1776194123.636796,222.400253,547.729248,776.431702,770.129517,77.276596,28.878292,2,3.393552,1.714118,-1.118809,2.634861,0.38122,2.769561,100.212906,1.553702,1.942788,0.699175,3.430801
1776194124.408223,222.400253,548.989685,771.389954,771.389954,77.78167,28.831106,2,3.420704,1.716852,-0.643829,2.638697,0.381828,2.774065,108.418053,1.553702,1.942788,0.699175,3.430801
1776194125.177128,223.475998,546.653503,768.86908,770.129517,78.03669,29.017977,2,3.5152,1.706077,0.622262,2.702728,0.381267,2.756349,108.057983,1.553702,1.942788,0.699175,3.430801
1776194125.953597,224.551743,553.140381,776.431702,777.692139,77.276596,28.874117,2,3.324173,1.714359,-1.053807,2.580993,0.384962,2.769958,101.082596,1.553702,1.942788,0.699175,3.430801
1776194126.728804,211.642914,548.403076,775.171265,760.045959,77.402252,27.846067,2,3.489371,1.77604,-0.469763,2.70486,0.375886,2.873146,123.143402,1.553702,1.942788,0.699175,3.430801
1776194127.512846,210.567169,572.166748,783.994324,782.733887,76.531166,26.901501,2,3.486878,1.836868,-1.853272,2.733693,0.386784,2.978073,110.408264,1.553702,1.942788,0.699175,3.430801
1776194128.281752,215.945847,559.225403,768.86908,775.171265,78.03669,27.857824,2,3.585878,1.775309,-1.399861,2.757071,0.383371,2.871904,106.832718,1.553702,1.942788,0.699175,3.430801
1776194129.053178,220.248795,556.182922,771.389954,776.431702,77.78167,28.366795,2,3.691583,1.744239,-1.529084,2.84765,0.384167,2.819541,116.455292,1.553702,1.942788,0.699175,3.430801
1776194129.820824,221.324524,547.544556,767.608582,768.86908,78.164841,28.785723,2,3.768563,1.71949,-0.299446,2.892781,0.380565,2.778418,108.494232,1.553702,1.942788,0.699175,3.430801
1776194130.603594,220.248795,561.22467,782.733887,781.47345,76.654404,28.183784,2,3.723257,1.755282,-0.0534,2.914319,0.386599,2.838058,111.358932,1.553702,1.942788,0.699175,3.430801
1776194131.378813,214.870117,553.998962,775.171265,768.86908,77.402252,27.946255,2,3.552198,1.76983,-1.086252,2.753562,0.380283,2.86261,101.714111,1.553702,1.942788,0.699175,3.430801
1776194132.165365,215.945847,571.829773,786.515198,787.775635,76.285873,27.412102,2,3.682786,1.803466,2.268041,2.896567,0.389451,2.920066,142.816772,1.553702,1.942788,0.699175,3.430801
1776194132.924187,211.642914,542.10083,758.785522,753.743774,79.07373,28.078894,2,3.564373,1.761675,-2.620404,2.704594,0.372846,2.848826,124.737137,1.553702,1.942788,0.699175,3.430801
1776194133.696873,224.551743,563.223877,772.650391,787.775635,77.654785,28.50453,2,3.361091,1.736022,-0.566504,2.596948,0.389827,2.80583,100.272293,1.553702,1.942788,0.699175,3.430801
1776194134.472081,224.551743,550.619507,775.171265,775.171265,77.402252,28.968018,2,3.143251,1.708944,2.92774,2.436558,0.383746,2.761053,99.319725,1.553702,1.942788,0.699175,3.430801
1776194135.242259,222.400253,545.208313,770.129517,767.608582,77.908974,28.973133,2,3.19086,1.70865,0.098616,2.457375,0.380004,2.76057,126.044899,1.553702,1.942788,0.699175,3.430801
1776194136.023768,225.627487,559.627258,781.47345,785.254761,76.778038,28.73303,2,3.463364,1.722563,-0.460222,2.706527,0.388658,2.783496,101.829308,1.553702,1.942788,0.699175,3.430801
1776194136.795195,223.475998,545.393066,771.389954,768.86908,77.78167,29.065546,2,3.173458,1.703356,2.95432,2.447973,0.380659,2.75189,83.005951,1.553702,1.942788,0.699175,3.430801
1776194137.571663,224.551743,553.140381,776.431702,777.692139,77.276596,28.874117,2,3.268707,1.714359,-0.139746,2.537927,0.384962,2.769958,115.888046,1.553702,1.942788,0.699175,3.430801
1776194138.355694,224.551743,559.442566,783.994324,783.994324,76.531166,28.64201,2,3.532836,1.727898,0.061159,2.769723,0.388003,2.792332,87.505722,1.553702,1.942788,0.699175,3.430801
1776194139.147299,225.627487,567.189941,791.557007,792.817444,75.799973,28.458946,2,3.473889,1.738732,-0.416121,2.749782,0.392306,2.810347,113.261017,1.553702,1.942788,0.699175,3.430801
1776194139.926288,226.703217,553.509766,778.952576,780.213013,77.026512,29.05658,2,3.444897,1.703868,-0.622892,2.683412,0.386272,2.752729,105.578926,1.553702,1.942788,0.699175,3.430801
1776194140.709059,225.627487,555.845947,782.733887,781.47345,76.654404,28.872061,2,3.420073,1.714478,-0.541001,2.677007,0.386833,2.770154,116.100311,1.553702,1.942788,0.699175,3.430801
1776194141.489308,220.248795,553.662048,780.213013,773.910828,76.902077,28.459194,2,3.370051,1.738718,-1.135736,2.629358,0.38295,2.810322,111.904007,1.553702,1.942788,0.699175,3.430801
1776194142.262006,223.475998,552.955688,772.650391,776.431702,77.654785,28.782442,2,3.33924,1.719681,-0.302564,2.580065,0.384307,2.778733,118.58252,1.553702,1.942788,0.699175,3.430801
1776194143.040996,228.854675,556.400085,778.952576,785.254761,77.026512,29.144005,2,3.344386,1.698888,-0.286788,2.605118,0.388798,2.744583,106.018517,1.553702,1.942788,0.699175,3.430801
1776194143.833849,222.400253,562.854492,792.817444,785.254761,75.679466,28.32205,2,3.354793,1.746926,-2.309505,2.659739,0.388517,2.824037,106.145004,1.553702,1.942788,0.699175,3.430801
1776194144.602755,215.945847,545.360535,768.86908,761.306396,78.03669,28.365168,2,3.483856,1.744336,-0.39099,2.678629,0.376682,2.819705,112.653427,1.553702,1.942788,0.699175,3.430801
1776194145.379223,220.248795,561.22467,776.431702,781.47345,77.276596,28.183784,2,3.493737,1.755282,-0.730621,2.712648,0.386599,2.838058,108.960403,1.553702,1.942788,0.699175,3.430801
1776194146.160745,218.097321,560.855225,781.47345,778.952576,76.778038,27.998793,2,3.282686,1.76659,2.693239,2.565331,0.385289,2.857128,95.700584,1.553702,1.942788,0.699175,3.430801
1776194146.937213,222.400253,559.073181,776.431702,781.47345,77.276596,28.459093,2,3.224978,1.738724,0.246845,2.503975,0.386693,2.810332,102.417076,1.553702,1.942788,0.699175,3.430801
1776194147.726285,214.870117,565.342896,789.036072,780.213013,76.042152,27.53993,2,3.427663,1.795297,-1.452129,2.70455,0.385756,2.906025,102.908524,1.553702,1.942788,0.699175,3.430801
1776194148.493931,222.400253,554.031433,767.608582,776.431702,78.164841,28.64389,2,3.518916,1.727788,0.065429,2.70115,0.38426,2.792148,100.899666,1.553702,1.942788,0.699175,3.430801
1776194149.274192,226.703217,558.551514,780.213013,785.254761,76.902077,28.870022,2,3.466892,1.714597,0.882824,2.704914,0.388705,2.770349,98.509956,1.553702,1.942788,0.699175,3.430801
1776194150.065785,218.097321,563.376099,791.557007,781.47345,75.799973,27.908474,2,3.326725,1.772166,-1.218148,2.633292,0.386505,2.866571,94.494492,1.553702,1.942788,0.699175,3.430801
1776194150.83217,225.627487,549.543762,766.348145,775.171265,78.293396,29.106792,2,3.363801,1.701004,-0.069251,2.577843,0.383793,2.748042,94.487282,1.553702,1.942788,0.699175,3.430801
1776194151.612419,222.400253,554.031433,780.213013,776.431702,76.902077,28.64389,2,3.355181,1.727788,-0.214288,2.617756,0.38426,2.792148,105.968292,1.553702,1.942788,0.699175,3.430801
1776194152.377544,223.475998,542.872131,765.087708,766.348145,78.422379,29.161158,2,3.532867,1.697914,0.058264,2.702953,0.379443,2.742993,123.436226,1.553702,1.942788,0.699175,3.430801
1776194153.156545,223.475998,555.476562,778.952576,778.952576,77.026512,28.689295,2,3.438483,1.725122,0.367084,2.678415,0.385523,2.787732,109.738426,1.553702,1.942788,0.699175,3.430801
1776194153.92545,225.627487,545.762451,768.86908,771.389954,78.03669,29.249472,2,3.416949,1.692919,0.532649,2.627186,0.381969,2.734848,99.201401,1.553702,1.942788,0.699175,3.430801
1776194154.701918,227.778946,551.173645,776.431702,778.952576,77.276596,29.241695,2,3.46076,1.693358,0.166253,2.687044,0.385711,2.735562,101.382881,1.553702,1.942788,0.699175,3.430801
1776194155.479647,220.248795,548.6203,777.692139,768.86908,77.151352,28.645813,2,3.166684,1.727675,3.268968,2.462706,0.380518,2.79196,98.428917,1.553702,1.942788,0.699175,3.430801
1776194156.263677,224.551743,564.484314,783.994324,789.036072,76.531166,28.458994,2,3.057018,1.738729,-1.056666,2.396685,0.390435,2.810342,107.51265,1.553702,1.942788,0.699175,3.430801
1776194157.040158,220.248795,551.141174,776.431702,771.389954,77.276596,28.552198,2,3.438054,1.733196,-0.469095,2.669414,0.381734,2.801128,110.496933,1.553702,1.942788,0.699175,3.430801
1776194157.821667,222.400253,561.594055,781.47345,783.994324,76.778038,28.367584,2,3.36288,1.744192,-0.653667,2.628002,0.387909,2.819462,105.6968,1.553702,1.942788,0.699175,3.430801
1776194158.605698,219.17305,561.039978,783.994324,780.213013,76.531166,28.091436,2,3.312388,1.760908,-2.023627,2.596893,0.385944,2.847533,93.891403,1.553702,1.942788,0.699175,3.430801
1776194159.380906,221.324524,556.367615,775.171265,777.692139,77.402252,28.459145,2,3.289999,1.73872,-1.286713,2.550312,0.384821,2.810327,96.732864,1.553702,1.942788,0.699175,3.430801
1776194160.164948,223.475998,563.039185,783.994324,786.515198,76.531166,28.413435,2,3.344634,1.741447,-0.798295,2.622174,0.389172,2.814877,103.892975,1.553702,1.942788,0.699175,3.430801
1776194160.936375,229.93042,549.022156,771.389954,778.952576,77.78167,29.517899,2,3.184269,1.677922,3.694129,2.456313,0.385805,2.710519,102.928612,1.553702,1.942788,0.699175,3.430801
1776194161.714103,226.703217,547.207642,777.692139,773.910828,77.151352,29.293198,2,2.937778,1.690458,0.330556,2.284687,0.383232,2.730841,115.112831,1.553702,1.942788,0.699175,3.430801
1776194162.496873,227.778946,556.215393,782.733887,783.994324,76.654404,29.053646,2,3.323467,1.704036,-0.094049,2.601391,0.388143,2.753004,111.603271,1.553702,1.942788,0.699175,3.430801
1776194163.285946,224.551743,560.703003,789.036072,785.254761,76.042152,28.596037,2,3.358617,1.730606,-0.341431,2.650069,0.388611,2.796824,110.694702,1.553702,1.942788,0.699175,3.430801
1776194164.061166,232.081909,551.912415,775.171265,783.994324,77.402252,29.602497,2,3.417665,1.673251,0.401088,2.649275,0.388331,2.702982,106.106026,1.553702,1.942788,0.699175,3.430801
1776194164.851498,227.778946,557.47583,790.29657,785.254761,75.920868,29.007011,2,3.43822,1.706705,-0.070365,2.717213,0.388752,2.757379,118.205505,1.553702,1.942788,0.699175,3.430801
1776194165.616623,222.400253,536.385254,765.087708,758.785522,78.422379,29.31003,2,3.197864,1.689512,3.5557,2.446647,0.375748,2.729304,111.728981,1.553702,1.942788,0.699175,3.430801
1776194166.395611,220.248795,556.182922,778.952576,776.431702,77.026512,28.366795,2,2.989368,1.744239,-0.58035,2.328576,0.384167,2.819541,109.692886,1.553702,1.942788,0.699175,3.430801
1776194167.163257,226.703217,548.468018,767.608582,775.171265,78.164841,29.245564,2,3.590976,1.69314,0.007072,2.756464,0.38384,2.735207,104.71714,1.553702,1.942788,0.699175,3.430801
1776194167.94982,223.475998,559.257874,786.515198,782.733887,76.285873,28.550699,2,3.419145,1.733285,-1.433048,2.68921,0.387348,2.801276,110.598785,1.553702,1.942788,0.699175,3.430801
1776194168.721246,222.400253,547.729248,771.389954,770.129517,77.78167,28.878292,2,3.324891,1.714118,-0.661982,2.564788,0.38122,2.769561,102.812042,1.553702,1.942788,0.699175,3.430801
1776194169.496454,221.324524,552.586304,775.171265,773.910828,77.402252,28.598196,2,3.529227,1.730479,-0.670297,2.735755,0.382997,2.796613,111.917831,1.553702,1.942788,0.699175,3.430801
1776194170.276703,226.703217,559.812012,780.213013,786.515198,76.902077,28.823753,2,3.507864,1.717279,-0.816077,2.736881,0.389313,2.774769,100.060364,1.553702,1.942788,0.699175,3.430801
1776194171.04687,225.627487,543.241577,770.129517,768.86908,77.908974,29.345373,2,3.333943,1.68753,-1.326396,2.567568,0.380753,2.726083,96.302887,1.553702,1.942788,0.699175,3.430801
1776194171.829652,221.324524,556.367615,782.733887,777.692139,76.654404,28.459145,2,3.092317,1.73872,2.61131,2.420461,0.384821,2.810327,106.640327,1.553702,1.942788,0.699175,3.430801
1776194172.593515,228.854675,543.795715,763.827271,772.650391,78.551788,29.619434,2,2.749588,1.672319,3.165545,2.10021,0.382718,2.701481,93.08474,1.553702,1.942788,0.699175,3.430801
1776194173.368723,225.627487,545.762451,775.171265,771.389954,77.402252,29.249472,2,2.969873,1.692919,-0.545047,2.30216,0.381969,2.734848,105.67128,1.553702,1.942788,0.699175,3.430801
1776194174.147712,237.460571,555.356873,778.952576,792.817444,77.026512,29.951483,2,3.296713,1.654264,0.127534,2.567983,0.392822,2.672531,93.006493,1.553702,1.942788,0.699175,3.430801
1776194174.924192,226.703217,537.124023,776.431702,763.827271,77.276596,29.679907,2,3.141767,1.669001,-1.273274,2.439368,0.378368,2.696139,104.021034,1.553702,1.942788,0.699175,3.430801
1776194175.690577,234.233368,540.937866,766.348145,775.171265,78.293396,30.216984,2,3.040419,1.640112,3.463674,2.330019,0.384169,2.650035,108.784599,1.553702,1.942788,0.699175,3.430801
1776194176.460742,226.703217,534.603149,770.129517,761.306396,77.908974,29.778183,2,2.986578,1.663637,0.169556,2.300051,0.377152,2.687525,115.12532,1.553702,1.942788,0.699175,3.430801
1776194177.243513,225.627487,555.845947,782.733887,781.47345,76.654404,28.872061,2,3.261321,1.714478,-1.948528,2.552747,0.386833,2.770154,104.586807,1.553702,1.942788,0.699175,3.430801
1776194178.013679,235.309097,546.164368,770.129517,781.47345,77.908974,30.110952,2,3.424689,1.645734,1.833228,2.637454,0.387256,2.658951,113.295128,1.553702,1.942788,0.699175,3.430801
1776194178.807805,218.097321,555.813477,794.077881,773.910828,75.559341,28.181194,2,3.484238,1.755439,-1.37046,2.766756,0.382857,2.838322,111.005615,1.553702,1.942788,0.699175,3.430801
1776194179.569148,221.324524,543.763184,761.306396,765.087708,78.811897,28.927994,2,3.186699,1.711248,2.874767,2.426054,0.378741,2.764839,111.54277,1.553702,1.942788,0.699175,3.430801
1776194180.334272,225.627487,544.502014,765.087708,770.129517,78.422379,29.297342,2,2.95083,1.690225,-1.373653,2.257644,0.381361,2.730463,105.835693,1.553702,1.942788,0.699175,3.430801
1776194181.112001,225.627487,552.064636,777.692139,777.692139,77.151352,29.012442,2,3.309081,1.706394,-1.982235,2.573446,0.385009,2.756869,95.025375,1.553702,1.942788,0.699175,3.430801
1776194181.89225,220.248795,553.662048,780.213013,773.910828,76.902077,28.459194,2,3.36044,1.738718,-2.178983,2.621859,0.38295,2.810322,107.065887,1.553702,1.942788,0.699175,3.430801
1776194182.657374,217.021576,544.28479,765.087708,761.306396,78.422379,28.50647,2,3.363791,1.735906,-0.651699,2.573595,0.376729,2.805638,102.194405,1.553702,1.942788,0.699175,3.430801
1776194183.416208,220.248795,542.318054,758.785522,762.566833,79.07373,28.882557,2,3.435464,1.713871,-0.068954,2.606781,0.377478,2.769155,114.800003,1.553702,1.942788,0.699175,3.430801
1776194184.180072,218.097321,543.209106,763.827271,761.306396,78.551788,28.647772,2,3.426261,1.72756,0.360736,2.617072,0.376776,2.79177,105.450966,1.553702,1.942788,0.699175,3.430801
1776194184.942674,227.778946,546.131897,762.566833,773.910828,78.681625,29.432196,2,3.4267,1.68268,0.142828,2.613088,0.383279,2.718218,98.839897,1.553702,1.942788,0.699175,3.430801
1776194185.722924,223.475998,551.695251,780.213013,775.171265,76.902077,28.829241,2,3.261186,1.71696,-1.843881,2.54442,0.383699,2.774244,103.370903,1.553702,1.942788,0.699175,3.430801
1776194186.49309,226.703217,547.207642,770.129517,773.910828,77.908974,29.293198,2,3.085845,1.690458,-2.133954,2.376501,0.383232,2.730841,111.34726,1.553702,1.942788,0.699175,3.430801
1776194187.250652,232.081909,531.745361,757.525085,763.827271,79.205299,30.384081,2,3.075799,1.631333,-1.162093,2.329995,0.378603,2.636164,96.658333,1.553702,1.942788,0.699175,3.430801
1776194188.030913,231.006149,547.946411,780.213013,778.952576,76.902077,29.655996,2,3.001654,1.670312,-0.322425,2.34193,0.385852,2.698247,97.338303,1.553702,1.942788,0.699175,3.430801
1776194188.807381,227.778946,544.87146,776.431702,772.650391,77.276596,29.480209,2,3.065734,1.680011,2.679318,2.380333,0.382671,2.713897,97.951347,1.553702,1.942788,0.699175,3.430801
1776194189.581329,232.081909,546.870667,773.910828,778.952576,77.528313,29.7941,2,2.920134,1.662772,-0.174418,2.259924,0.385899,2.686137,101.734406,1.553702,1.942788,0.699175,3.430801
1776194190.345192,224.551743,530.452454,763.827271,755.004211,78.551788,29.741787,2,3.08706,1.665619,3.178538,2.357981,0.374018,2.690706,104.206749,1.553702,1.942788,0.699175,3.430801
1776194191.098973,232.081909,530.484924,753.743774,762.566833,79.602646,30.434305,2,2.988854,1.628712,0.493522,2.25283,0.377995,2.632037,105.719322,1.553702,1.942788,0.699175,3.430801
1776194191.86789,228.854675,536.233032,768.86908,765.087708,78.03669,29.912216,2,3.119264,1.656378,2.711318,2.398306,0.37907,2.675907,104.975815,1.553702,1.942788,0.699175,3.430801
1776194192.640576,225.627487,543.241577,772.650391,768.86908,77.654785,29.345373,2,3.04864,1.68753,-0.48528,2.355533,0.380753,2.726083,113.086319,1.553702,1.942788,0.699175,3.430801
1776194193.405701,233.157639,540.753174,765.087708,773.910828,78.422379,30.127197,2,3.216659,1.64487,-0.275317,2.461026,0.383514,2.657579,103.836487,1.553702,1.942788,0.699175,3.430801
1776194194.175866,228.854675,536.233032,770.129517,765.087708,77.908974,29.912216,2,3.264802,1.656378,-0.143718,2.51432,0.37907,2.675907,102.06163,1.553702,1.942788,0.699175,3.430801
1776194194.948554,232.081909,544.349792,772.650391,776.431702,77.654785,29.890833,2,3.433702,1.657532,-0.003582,2.653052,0.384683,2.67775,105.08049,1.553702,1.942788,0.699175,3.430801
1776194195.731323,231.006149,550.467285,782.733887,781.47345,76.654404,29.560333,2,3.320949,1.675576,-0.465308,2.599419,0.387068,2.706731,99.352455,1.553702,1.942788,0.699175,3.430801
1776194196.510324,227.778946,547.392334,778.952576,775.171265,77.026512,29.384338,2,3.160894,1.68535,-1.267595,2.462186,0.383887,2.722545,93.089844,1.553702,1.942788,0.699175,3.430801
1776194197.286793,227.778946,548.652771,776.431702,776.431702,77.276596,29.336637,2,3.174276,1.688019,-0.906135,2.464609,0.384495,2.726878,96.513878,1.553702,1.942788,0.699175,3.430801
1776194198.068302,229.93042,554.063904,781.47345,783.994324,76.778038,29.328072,2,3.169568,1.6885,-0.456436,2.476933,0.388237,2.727658,109.127563,1.553702,1.942788,0.699175,3.430801
1776194198.84351,231.006149,545.425537,775.171265,776.431702,77.402252,29.752281,2,3.021959,1.665047,-0.852568,2.342536,0.384636,2.689788,92.282928,1.553702,1.942788,0.699175,3.430801
1776194199.608647,235.309097,534.820435,765.087708,770.129517,78.422379,30.554482,2,3.047574,1.622478,-0.959183,2.331661,0.381784,2.622241,106.801804,1.553702,1.942788,0.699175,3.430801
1776194200.381333,232.081909,536.78717,772.650391,768.86908,77.654785,30.184841,2,3.056962,1.641812,-0.928334,2.361963,0.381035,2.652728,92.700211,1.553702,1.942788,0.699175,3.430801
1776194201.145196,237.460571,532.668945,763.827271,770.129517,78.551788,30.833849,2,3.227963,1.608173,-0.412706,2.465606,0.381878,2.599888,91.702812,1.553702,1.942788,0.699175,3.430801
1776194201.940571,232.081909,556.954163,795.338318,789.036072,75.43959,29.413345,2,3.138968,1.683731,-1.530049,2.496542,0.390763,2.71992,94.577972,1.553702,1.942788,0.699175,3.430801
1776194202.713258,231.006149,540.383789,772.650391,771.389954,77.654785,29.946741,2,3.147449,1.654519,-0.476074,2.431877,0.382204,2.672938,90.896492,1.553702,1.942788,0.699175,3.430801
1776194203.492259,222.400253,546.468811,778.952576,768.86908,77.026512,28.925632,2,3.28261,1.711384,-2.595569,2.556998,0.380612,2.765062,102.000961,1.553702,1.942788,0.699175,3.430801
1776194204.259904,231.006149,546.685974,767.608582,777.692139,78.164841,29.704062,2,3.294051,1.667679,0.055405,2.528542,0.385244,2.694015,83.793266,1.553702,1.942788,0.699175,3.430801
1776194205.042674,233.157639,552.097107,782.733887,785.254761,76.654404,29.691973,2,3.227744,1.668341,-0.266816,2.526465,0.388986,2.695077,100.785728,1.553702,1.942788,0.699175,3.430801
1776194205.819143,223.475998,541.611694,776.431702,765.087708,77.276596,29.2092,2,3.269178,1.695194,-1.223011,2.538293,0.378835,2.738554,93.383011,1.553702,1.942788,0.699175,3.430801
1776194206.583006,224.551743,540.53595,763.827271,765.087708,78.551788,29.349804,2,3.227595,1.687282,2.735484,2.465325,0.378882,2.72568,102.28228,1.553702,1.942788,0.699175,3.430801
1776194207.37083,223.475998,563.039185,787.775635,786.515198,76.163818,28.413435,2,2.973309,1.741447,-1.224681,2.3423,0.389172,2.814877,99.876312,1.553702,1.942788,0.699175,3.430801
1776194208.143517,223.475998,549.174377,772.650391,772.650391,77.654785,28.9233,2,3.430769,1.711519,0.16629,2.650785,0.382483,2.765284,116.914635,1.553702,1.942788,0.699175,3.430801
1776194208.923766,217.021576,555.628784,780.213013,772.650391,76.902077,28.08794,2,3.459342,1.761122,-2.03558,2.699024,0.382201,2.847893,102.851242,1.553702,1.942788,0.699175,3.430801
1776194209.680068,225.627487,540.720642,756.264648,766.348145,79.337303,29.441906,2,3.570713,1.68214,0.159348,2.700404,0.379537,2.717342,99.018089,1.553702,1.942788,0.699175,3.430801
1776194210.456535,217.021576,549.326538,776.431702,766.348145,77.276596,28.318926,2,3.457192,1.747114,-0.801636,2.684274,0.379161,2.824352,109.509033,1.553702,1.942788,0.699175,3.430801
1776194211.226713,223.475998,554.216125,770.129517,777.692139,77.908974,28.735792,2,3.501785,1.722402,-0.796773,2.696828,0.384915,2.783229,114.367462,1.553702,1.942788,0.699175,3.430801
1776194212.005702,225.627487,555.845947,778.952576,781.47345,77.026512,28.872061,2,3.452377,1.714478,0.063424,2.689238,0.386833,2.770154,95.956306,1.553702,1.942788,0.699175,3.430801
1776194212.778389,229.93042,547.761719,772.650391,777.692139,77.654785,29.565737,2,3.371788,1.675277,-0.000649,2.605213,0.385197,2.70625,94.834587,1.553702,1.942788,0.699175,3.430801
1776194213.553597,227.778946,544.87146,775.171265,772.650391,77.402252,29.480209,2,3.165945,1.680011,2.960037,2.454149,0.382671,2.713897,93.120972,1.553702,1.942788,0.699175,3.430801
1776194214.326283,227.778946,544.87146,772.650391,772.650391,77.654785,29.480209,2,3.115122,1.680011,-0.706084,2.4069,0.382671,2.713897,121.382965,1.553702,1.942788,0.699175,3.430801
1776194215.093928,228.854675,540.014404,767.608582,768.86908,78.164841,29.765102,2,3.420594,1.664349,-0.261322,2.625677,0.380894,2.688667,110.360489,1.553702,1.942788,0.699175,3.430801
1776194215.864107,224.551743,540.53595,770.129517,765.087708,77.908974,29.349804,2,3.455127,1.687282,-2.125082,2.660895,0.378882,2.72568,97.872078,1.553702,1.942788,0.699175,3.430801
1776194216.634272,227.778946,546.131897,770.129517,773.910828,77.908974,29.432196,2,3.690801,1.68268,-0.488027,2.842395,0.383279,2.718218,112.946304,1.553702,1.942788,0.699175,3.430801
1776194217.40948,217.021576,545.545288,775.171265,762.566833,77.402252,28.459352,2,3.772894,1.738708,-0.225758,2.924639,0.377337,2.810306,119.591919,1.553702,1.942788,0.699175,3.430801
1776194218.179646,217.021576,553.10791,770.129517,770.129517,77.908974,28.17988,2,3.562143,1.755519,-0.799669,2.743312,0.380985,2.838457,106.593842,1.553702,1.942788,0.699175,3.430801
1776194218.939728,213.794373,542.470276,760.045959,756.264648,78.942596,28.269783,2,3.625887,1.750075,-0.668181,2.755841,0.374156,2.829314,114.835098,1.553702,1.942788,0.699175,3.430801
1776194219.714948,215.945847,561.746277,775.171265,777.692139,77.402252,27.767525,2,3.671169,1.78094,1.500464,2.845785,0.384587,2.881483,114.135704,1.553702,1.942788,0.699175,3.430801
1776194220.491416,215.945847,560.48584,776.431702,776.431702,77.276596,27.812599,2,3.742877,1.778125,-0.366192,2.906088,0.383979,2.87669,131.354706,1.553702,1.942788,0.699175,3.430801
1776194221.275446,218.097321,568.417847,783.994324,786.515198,76.531166,27.729574,2,3.683978,1.783318,-1.297144,2.888218,0.388937,2.885535,112.031921,1.553702,1.942788,0.699175,3.430801
1776194222.043092,211.642914,548.403076,767.608582,760.045959,78.164841,27.846067,2,3.64149,1.77604,-1.342136,2.795238,0.375886,2.873146,112.522995,1.553702,1.942788,0.699175,3.430801
1776194222.804434,217.021576,550.587036,761.306396,767.608582,78.811897,28.272427,2,3.405293,1.749915,3.1602,2.592472,0.379769,2.829046,95.142113,1.553702,1.942788,0.699175,3.430801
1776194223.568311,228.854675,548.837463,763.827271,777.692139,78.551788,29.427412,2,2.986468,1.682947,-0.186334,2.281146,0.38515,2.71865,86.27755,1.553702,1.942788,0.699175,3.430801
1776194224.339736,226.703217,542.165894,771.389954,768.86908,77.78167,29.485283,2,3.257293,1.679729,-0.893291,2.512643,0.3808,2.713442,97.762596,1.553702,1.942788,0.699175,3.430801
1776194225.122506,220.248795,554.922485,782.733887,775.171265,76.654404,28.41292,2,3.260647,1.741478,-0.55559,2.552219,0.383558,2.814929,96.580315,1.553702,1.942788,0.699175,3.430801
1776194225.900235,224.551743,558.182129,777.692139,782.733887,77.151352,28.688133,2,3.445093,1.725191,-0.385941,2.679221,0.387395,2.787844,119.905701,1.553702,1.942788,0.699175,3.430801
1776194226.66914,218.097321,543.209106,768.86908,761.306396,78.03669,28.647772,2,3.347541,1.72756,-0.180395,2.573821,0.376776,2.79177,110.46582,1.553702,1.942788,0.699175,3.430801
1776194227.433005,214.870117,545.175842,763.827271,760.045959,78.551788,28.270674,2,3.544302,1.750021,-0.741646,2.707235,0.376027,2.829224,116.953979,1.553702,1.942788,0.699175,3.430801
1776194228.176713,218.097321,529.344238,743.660217,747.441589,80.682007,29.17918,2,3.558869,1.696892,-0.744765,2.646589,0.370088,2.741325,112.120163,1.553702,1.942788,0.699175,3.430801
1776194228.946878,218.097321,552.032227,770.129517,770.129517,77.908974,28.319565,2,3.573288,1.747075,-0.325766,2.751895,0.381032,2.824287,123.271957,1.553702,1.942788,0.699175,3.430801
1776194229.723347,221.324524,558.888489,776.431702,780.213013,77.276596,28.367191,2,3.540072,1.744215,-9.2e-05,2.748624,0.386038,2.819502,118.470444,1.553702,1.942788,0.699175,3.430801
1776194230.489731,222.400253,545.208313,766.348145,767.608582,78.293396,28.973133,2,3.579822,1.70865,0.302306,2.74339,0.380004,2.76057,102.479752,1.553702,1.942788,0.699175,3.430801
1776194231.271242,217.021576,558.149658,781.47345,775.171265,76.778038,27.996597,2,3.169046,1.766726,3.273831,2.476525,0.383418,2.857357,105.476814,1.553702,1.942788,0.699175,3.430801
1776194232.057805,210.567169,568.385376,786.515198,778.952576,76.285873,27.032093,2,2.969779,1.828205,-1.1602,2.335776,0.38496,2.962937,112.665314,1.553702,1.942788,0.699175,3.430801
1776194232.812845,219.17305,545.914673,755.004211,765.087708,79.469757,28.646788,2,3.459021,1.727618,0.062013,2.611575,0.378647,2.791866,93.665062,1.553702,1.942788,0.699175,3.430801
1776194233.593095,220.248795,561.22467,780.213013,781.47345,76.902077,28.183784,2,3.419562,1.755282,0.135515,2.667987,0.386599,2.838058,110.414162,1.553702,1.942788,0.699175,3.430801
1776194234.375865,215.945847,561.746277,782.733887,777.692139,76.654404,27.767525,2,3.372322,1.78094,-0.514421,2.639631,0.384587,2.881483,107.869637,1.553702,1.942788,0.699175,3.430801
1776194235.159895,213.794373,567.679077,783.994324,781.47345,76.531166,27.357855,2,3.474412,1.806955,-1.589964,2.723919,0.386317,2.926082,116.260162,1.553702,1.942788,0.699175,3.430801
1776194235.916209,219.17305,543.393799,756.264648,762.566833,79.337303,28.741488,2,3.587573,1.722069,-0.423212,2.713155,0.377431,2.78268,112.84996,1.553702,1.942788,0.699175,3.430801
1776194236.688896,212.718643,552.36908,772.650391,765.087708,77.654785,27.803171,2,3.492358,1.778713,-0.759242,2.698372,0.378365,2.877691,115.468597,1.553702,1.942788,0.699175,3.430801
1776194237.45402,208.415695,551.630249,765.087708,760.045959,78.422379,27.421459,2,3.604165,1.802865,-0.862034,2.757503,0.375745,2.919032,110.030823,1.553702,1.942788,0.699175,3.430801
1776194238.222925,207.339966,560.268616,768.86908,767.608582,78.03669,27.01116,2,3.554755,1.829587,-1.518133,2.733141,0.379347,2.965349,112.614349,1.553702,1.942788,0.699175,3.430801
1776194238.983007,209.491425,553.075439,760.045959,762.566833,78.942596,27.471876,2,3.627033,1.799637,-0.767929,2.756711,0.377008,2.913477,118.390671,1.553702,1.942788,0.699175,3.430801
1776194239.744351,214.870117,552.738464,761.306396,767.608582,78.811897,27.992147,2,3.825098,1.766999,-0.313553,2.912071,0.379675,2.85782,119.462402,1.553702,1.942788,0.699175,3.430801
1776194240.515789,215.945847,556.704529,771.389954,772.650391,77.78167,27.948713,2,3.735094,1.769678,-0.497605,2.881214,0.382155,2.862353,110.871628,1.553702,1.942788,0.699175,3.430801
1776194241.280912,213.794373,548.772461,765.087708,762.566833,78.422379,28.03615,2,3.728474,1.764295,-0.932863,2.85261,0.377196,2.853248,126.485535,1.553702,1.942788,0.699175,3.430801
1776194242.046037,212.718643,551.108643,765.087708,763.827271,78.422379,27.849051,2,3.634387,1.775855,-0.970357,2.780625,0.377757,2.872831,117.61972,1.553702,1.942788,0.699175,3.430801
1776194242.802338,212.718643,543.546021,756.264648,756.264648,79.337303,28.127539,2,3.541301,1.758704,-0.843621,2.67816,0.374109,2.843818,118.482742,1.553702,1.942788,0.699175,3.430801
1776194243.5599,212.718643,544.806458,757.525085,757.525085,79.205299,28.08074,2,3.527596,1.761562,0.192275,2.672243,0.374717,2.848636,97.317909,1.553702,1.942788,0.699175,3.430801
1776194244.340149,210.567169,567.125,780.213013,777.692139,76.902077,27.075901,2,3.693878,1.825317,-0.622892,2.882011,0.384352,2.957907,129.270538,1.553702,1.942788,0.699175,3.430801
1776194245.09645,209.491425,545.512817,756.264648,755.004211,79.337303,27.747053,2,3.304369,1.782222,3.204264,2.498977,0.37336,2.883667,96.951332,1.553702,1.942788,0.699175,3.430801
1776194245.867888,213.794373,562.637329,771.389954,776.431702,77.78167,27.535503,2,3.199736,1.795579,-0.944371,2.468244,0.383885,2.906508,111.939194,1.553702,1.942788,0.699175,3.430801
1776194246.630491,213.794373,548.772461,762.566833,762.566833,78.681625,28.03615,2,3.438787,1.764295,-1.601361,2.622304,0.377196,2.853248,109.434402,1.553702,1.942788,0.699175,3.430801
1776194247.386793,212.718643,542.285583,756.264648,755.004211,79.337303,28.1745,2,3.443221,1.755846,-2.342655,2.603986,0.373501,2.839006,105.444168,1.553702,1.942788,0.699175,3.430801
1776194248.154437,210.567169,554.520508,767.608582,765.087708,78.164841,27.521965,2,3.46104,1.796441,-2.420649,2.656724,0.378271,2.907987,113.140137,1.553702,1.942788,0.699175,3.430801
1776194248.909477,222.400253,546.468811,755.004211,768.86908,79.469757,28.925632,2,3.637075,1.711384,-0.836123,2.746007,0.380612,2.765062,120.166916,1.553702,1.942788,0.699175,3.430801
1776194249.679644,212.718643,546.066895,770.129517,758.785522,77.908974,28.034094,2,3.589685,1.764421,-2.440472,2.764523,0.375325,2.853461,120.208969,1.553702,1.942788,0.699175,3.430801
1776194250.462426,204.112747,568.537659,782.733887,772.650391,76.654404,26.417219,2,3.475746,1.869741,-1.805607,2.720584,0.381638,3.036087,108.975998,1.553702,1.942788,0.699175,3.430801
1776194251.216206,220.248795,552.401611,753.743774,772.650391,79.602646,28.505621,2,3.610643,1.735957,-0.2954,2.7215,0.382342,2.805722,111.811676,1.553702,1.942788,0.699175,3.430801
1776194251.986372,215.945847,549.141846,770.129517,765.087708,77.908974,28.224977,2,3.569768,1.752784,-1.177833,2.749184,0.378506,2.83386,104.365448,1.553702,1.942788,0.699175,3.430801
1776194252.747715,222.400253,546.468811,761.306396,768.86908,78.811897,28.925632,2,3.551127,1.711384,0.154596,2.703496,0.380612,2.765062,130.00322,1.553702,1.942788,0.699175,3.430801
1776194253.529225,214.870117,557.780273,781.47345,772.650391,76.778038,27.809488,2,3.424814,1.778319,-1.137704,2.676401,0.382108,2.87702,114.694763,1.553702,1.942788,0.699175,3.430801
1776194254.29939,209.491425,554.335815,770.129517,763.827271,77.908974,27.426544,2,3.425541,1.802539,-1.436687,2.63811,0.377616,2.91847,108.766693,1.553702,1.942788,0.699175,3.430801
1776194255.073349,218.097321,565.896973,773.910828,783.994324,77.528313,27.818737,2,3.401918,1.777742,-1.138892,2.632781,0.387721,2.87604,110.896332,1.553702,1.942788,0.699175,3.430801
1776194255.842255,218.097321,550.771729,768.86908,768.86908,78.03669,28.36599,2,3.322098,1.744287,-0.912891,2.554258,0.380424,2.819622,112.014282,1.553702,1.942788,0.699175,3.430801
1776194256.612421,212.718643,551.108643,770.129517,763.827271,77.908974,27.849051,2,3.314788,1.775855,-2.165136,2.552816,0.377757,2.872831,104.000366,1.553702,1.942788,0.699175,3.430801
1776194257.377546,219.17305,553.477356,765.087708,772.650391,78.422379,28.366392,2,3.444636,1.744263,-1.657712,2.635448,0.382295,2.819582,113.351288,1.553702,1.942788,0.699175,3.430801
1776194258.126284,223.475998,530.267761,748.702026,753.743774,80.138687,29.648802,2,3.356403,1.670706,-1.017947,2.512946,0.373363,2.698883,102.066315,1.553702,1.942788,0.699175,3.430801
1776194258.893928,213.794373,542.470276,767.608582,756.264648,78.164841,28.269783,2,3.452901,1.750075,-0.273646,2.650476,0.374156,2.829314,114.362854,1.553702,1.942788,0.699175,3.430801
1776194259.665367,203.037018,555.748535,771.389954,758.785522,77.78167,26.758156,2,3.580469,1.846474,-2.288345,2.761938,0.374903,2.994931,110.194519,1.553702,1.942788,0.699175,3.430801
1776194260.42797,215.945847,561.746277,762.566833,777.692139,78.681625,27.767525,2,3.625444,1.78094,-0.460594,2.764643,0.384587,2.881483,124.054794,1.553702,1.942788,0.699175,3.430801
1776194261.190574,217.021576,546.805664,762.566833,763.827271,78.681625,28.41239,2,3.770947,1.74151,-0.942812,2.875599,0.377945,2.814981,117.110123,1.553702,1.942788,0.699175,3.430801
1776194261.951916,210.567169,543.176636,761.306396,753.743774,78.811897,27.936172,2,3.711234,1.770453,-1.445187,2.825386,0.372799,2.863666,120.913086,1.553702,1.942788,0.699175,3.430801
1776194262.710738,217.021576,549.326538,758.785522,766.348145,79.07373,28.318926,2,3.617678,1.747114,-0.95703,2.745042,0.379161,2.824352,117.593689,1.553702,1.942788,0.699175,3.430801
1776194263.463258,215.945847,535.277039,752.483337,751.2229,79.735985,28.745907,2,3.727735,1.721811,-0.047906,2.805058,0.371818,2.782253,110.066452,1.553702,1.942788,0.699175,3.430801
1776194264.229654,214.870117,550.21759,766.348145,765.087708,78.293396,28.084377,2,3.386761,1.76134,3.130353,2.595438,0.378459,2.84826,112.736183,1.553702,1.942788,0.699175,3.430801
1776194264.984695,214.870117,540.134094,755.004211,755.004211,79.469757,28.459459,2,3.24706,1.738702,-1.353161,2.451544,0.373595,2.810296,102.717636,1.553702,1.942788,0.699175,3.430801
1776194265.754861,211.642914,554.7052,770.129517,766.348145,77.908974,27.617069,2,3.812957,1.790405,-1.268523,2.936471,0.378926,2.897642,108.000031,1.553702,1.942788,0.699175,3.430801
1776194266.523766,210.567169,557.041382,768.86908,767.608582,78.03669,27.43158,2,3.741153,1.802216,-1.744987,2.876457,0.379488,2.917914,114.241928,1.553702,1.942788,0.699175,3.430801
1776194267.282588,209.491425,548.033691,758.785522,757.525085,79.07373,27.654716,2,3.286805,1.788027,3.04861,2.49398,0.374576,2.893575,116.352745,1.553702,1.942788,0.699175,3.430801
1776194268.050233,215.945847,559.225403,767.608582,775.171265,78.164841,27.857824,2,2.903892,1.775309,3.197248,2.229053,0.383371,2.871904,102.382805,1.553702,1.942788,0.699175,3.430801
1776194268.807795,224.551743,543.056824,757.525085,767.608582,79.205299,29.253418,2,3.161705,1.692697,0.509151,2.395071,0.380098,2.734486,112.387947,1.553702,1.942788,0.699175,3.430801
1776194269.590577,222.400253,557.812744,782.733887,780.213013,76.654404,28.50507,2,3.415313,1.73599,-1.740569,2.673281,0.386085,2.805776,103.916649,1.553702,1.942788,0.699175,3.430801
1776194270.365784,220.248795,552.401611,775.171265,772.650391,77.402252,28.505621,2,3.466792,1.735957,-0.911369,2.687357,0.382342,2.805722,125.442413,1.553702,1.942788,0.699175,3.430801
1776194271.118305,222.400253,532.603943,752.483337,755.004211,79.735985,29.456823,2,3.203073,1.68131,4.269598,2.410259,0.373924,2.715999,106.074821,1.553702,1.942788,0.699175,3.430801
1776194271.889731,220.248795,548.6203,771.389954,768.86908,77.78167,28.645813,2,3.078629,1.727675,-1.542039,2.374823,0.380518,2.79196,105.618317,1.553702,1.942788,0.699175,3.430801
1776194272.67124,218.097321,560.855225,781.47345,778.952576,76.778038,27.998793,2,3.181468,1.76659,3.050095,2.486233,0.385289,2.857128,104.050911,1.553702,1.942788,0.699175,3.430801
1776194273.440158,219.17305,550.956482,768.86908,770.129517,78.03669,28.459246,2,2.819251,1.738715,2.674158,2.167634,0.381079,2.810317,89.528572,1.553702,1.942788,0.699175,3.430801
1776194274.206542,219.17305,547.17511,766.348145,766.348145,78.293396,28.59967,2,3.00019,1.730392,-1.188301,2.29919,0.379255,2.796469,95.584549,1.553702,1.942788,0.699175,3.430801
1776194274.974188,215.945847,547.881409,767.608582,763.827271,78.164841,28.271557,2,3.412734,1.749968,-2.043227,2.619643,0.377898,2.829134,97.224365,1.553702,1.942788,0.699175,3.430801
1776194275.719145,222.400253,530.083069,744.920654,752.483337,80.545494,29.555506,2,3.253138,1.675842,3.385755,2.423329,0.372708,2.707161,94.156776,1.553702,1.942788,0.699175,3.430801
1776194276.499393,219.17305,557.258667,780.213013,776.431702,76.902077,28.228247,2,3.343271,1.752586,-1.304345,2.608463,0.38412,2.833528,120.924408,1.553702,1.942788,0.699175,3.430801
1776194277.272081,215.945847,552.923218,772.650391,768.86908,77.654785,28.086164,2,3.660132,1.761231,-2.51906,2.828002,0.38033,2.848076,108.673096,1.553702,1.942788,0.699175,3.430801
1776194278.029654,209.491425,540.471069,757.525085,749.962463,79.205299,27.933588,2,3.565593,1.770612,-0.235819,2.701026,0.370928,2.863936,105.613464,1.553702,1.942788,0.699175,3.430801
1776194278.780913,214.870117,542.654968,751.2229,757.525085,79.869766,28.364754,2,3.824684,1.744361,-0.163319,2.87319,0.374811,2.819746,112.998505,1.553702,1.942788,0.699175,3.430801
1776194279.547298,215.945847,551.66272,766.348145,767.608582,78.293396,28.132286,2,3.841637,1.758415,-0.038588,2.944031,0.379722,2.843331,119.923737,1.553702,1.942788,0.699175,3.430801
1776194280.319984,212.718643,556.150452,772.650391,768.86908,77.654785,27.666431,2,3.634786,1.787288,-1.848298,2.808419,0.38019,2.892313,102.732819,1.553702,1.942788,0.699175,3.430801
1776194281.08637,219.17305,554.737793,766.348145,773.910828,78.293396,28.320194,2,3.615685,1.747037,-1.528527,2.770874,0.382903,2.824224,105.975006,1.553702,1.942788,0.699175,3.430801
1776194281.856535,221.324524,551.325867,770.129517,772.650391,77.908974,28.644848,2,3.212779,1.727731,2.924065,2.474256,0.382389,2.792055,87.769127,1.553702,1.942788,0.699175,3.430801
1776194282.631754,217.021576,553.10791,775.171265,770.129517,77.402252,28.17988,2,2.991678,1.755519,-1.574039,2.319063,0.380985,2.838457,107.528397,1.553702,1.942788,0.699175,3.430801
1776194283.401921,221.324524,553.846741,770.129517,775.171265,77.908974,28.551695,2,3.391621,1.733226,-1.409513,2.611988,0.383605,2.801178,100.228294,1.553702,1.942788,0.699175,3.430801
1776194284.155701,225.627487,533.15802,753.743774,758.785522,79.602646,29.735344,2,3.545495,1.665971,0.404095,2.672395,0.375889,2.69127,90.668861,1.553702,1.942788,0.699175,3.430801
1776194284.942253,232.081909,561.995972,786.515198,794.077881,76.285873,29.226593,2,3.553267,1.694211,-1.016611,2.794699,0.393196,2.736951,104.229843,1.553702,1.942788,0.699175,3.430801
1776194285.71872,219.17305,542.133362,776.431702,761.306396,77.276596,28.789074,2,3.419422,1.719295,-1.331594,2.654948,0.376823,2.778096,107.371628,1.553702,1.942788,0.699175,3.430801
1776194286.490146,221.324524,552.586304,771.389954,773.910828,77.78167,28.598196,2,3.543114,1.730479,-0.469021,2.733123,0.382997,2.796613,117.288132,1.553702,1.942788,0.699175,3.430801
1776194287.264106,218.097321,552.032227,773.910828,770.129517,77.528313,28.319565,2,3.331966,1.747075,2.831408,2.578645,0.381032,2.824287,100.450203,1.553702,1.942788,0.699175,3.430801
1776194288.043095,210.567169,559.562378,778.952576,770.129517,77.026512,27.341785,2,3.159918,1.807991,-3.356167,2.461426,0.380704,2.92787,97.873917,1.553702,1.942788,0.699175,3.430801
1776194288.799396,224.551743,548.098633,756.264648,772.650391,79.337303,29.062527,2,3.372269,1.703528,4.059895,2.550328,0.38253,2.752172,116.03595,1.553702,1.942788,0.699175,3.430801
1776194289.559478,217.021576,534.201294,760.045959,751.2229,78.942596,28.889105,2,3.482076,1.713493,-1.212282,2.646538,0.371865,2.768532,138.54126,1.553702,1.942788,0.699175,3.430801
1776194290.3183,217.021576,541.763916,758.785522,758.785522,79.07373,28.601175,2,3.771436,1.730303,-5.05748,2.861711,0.375513,2.796321,114.164291,1.553702,1.942788,0.699175,3.430801
1776194291.088466,225.627487,554.58551,770.129517,780.213013,77.908974,28.918705,2,3.411369,1.711784,-1.026003,2.627196,0.386225,2.765719,105.688339,1.553702,1.942788,0.699175,3.430801
1776194291.862425,225.627487,548.283325,773.910828,773.910828,77.528313,29.154196,2,3.476045,1.698309,-0.535878,2.690149,0.383185,2.743638,107.721848,1.553702,1.942788,0.699175,3.430801
1776194292.642674,214.870117,552.738464,780.213013,767.608582,76.902077,27.992147,2,3.493143,1.766999,-0.242612,2.725396,0.379675,2.85782,116.944504,1.553702,1.942788,0.699175,3.430801
1776194293.420403,209.491425,561.89856,777.692139,771.389954,77.151352,27.157656,2,3.552905,1.819954,-1.721971,2.763066,0.381265,2.948581,107.727821,1.553702,1.942788,0.699175,3.430801
1776194294.181746,213.794373,552.553772,761.306396,766.348145,78.811897,27.897814,2,3.647143,1.772827,-1.706491,2.776593,0.37902,2.867691,104.40564,1.553702,1.942788,0.699175,3.430801
1776194294.94687,214.870117,551.478027,765.087708,766.348145,78.422379,28.038185,2,3.379148,1.76417,3.185035,2.585345,0.379067,2.853037,101.313461,1.553702,1.942788,0.699175,3.430801
1776194295.714527,203.037018,550.706787,767.608582,753.743774,78.164841,26.93714,2,3.2422,1.834495,-3.421539,2.48874,0.37247,2.973921,113.661026,1.553702,1.942788,0.699175,3.430801
1776194296.460744,213.794373,544.99115,746.181152,758.785522,80.409431,28.175863,2,3.770002,1.755763,-1.788123,2.813104,0.375372,2.838867,111.924072,1.553702,1.942788,0.699175,3.430801
1776194297.217046,218.097321,543.209106,756.264648,761.306396,79.337303,28.647772,2,3.620145,1.72756,-1.976481,2.737787,0.376776,2.79177,135.794998,1.553702,1.942788,0.699175,3.430801
1776194297.977128,219.17305,542.133362,760.045959,761.306396,78.942596,28.789074,2,3.423958,1.719295,3.108154,2.602365,0.376823,2.778096,110.555443,1.553702,1.942788,0.699175,3.430801
1776194298.738471,214.870117,541.394531,761.306396,756.264648,78.811897,28.412025,2,3.03772,1.741532,-1.659531,2.312636,0.374203,2.815017,105.422348,1.553702,1.942788,0.699175,3.430801
1776194299.504855,218.097321,552.032227,766.348145,770.129517,78.293396,28.319565,2,3.31473,1.747075,3.349041,2.540237,0.381032,2.824287,124.387566,1.553702,1.942788,0.699175,3.430801
1776194300.281323,210.567169,557.041382,776.431702,767.608582,77.276596,27.43158,2,3.119269,1.802216,-2.177498,2.421899,0.379488,2.917914,112.471924,1.553702,1.942788,0.699175,3.430801
1776194301.060325,207.339966,567.831299,778.952576,775.171265,77.026512,26.747631,2,3.477525,1.847183,-1.857801,2.708827,0.382995,2.996179,116.202148,1.553702,1.942788,0.699175,3.430801
1776194301.838053,210.567169,570.90625,777.692139,781.47345,77.151352,26.944891,2,3.605927,1.83398,-1.684366,2.804301,0.386176,2.97302,115.750854,1.553702,1.942788,0.699175,3.430801
1776194302.614522,219.17305,567.342163,776.431702,786.515198,77.276596,27.866346,2,3.753496,1.774779,-1.022699,2.914334,0.388984,2.871005,131.079971,1.553702,1.942788,0.699175,3.430801
1776194303.384687,219.17305,550.956482,770.129517,770.129517,77.908974,28.459246,2,3.649301,1.738715,-1.684552,2.810434,0.381079,2.810317,108.4823,1.553702,1.942788,0.699175,3.430801
1776194304.161167,212.718643,556.150452,776.431702,768.86908,77.276596,27.666431,2,3.580269,1.787288,-2.616654,2.779835,0.38019,2.892313,120.636185,1.553702,1.942788,0.699175,3.430801
1776194304.916208,225.627487,544.502014,755.004211,770.129517,79.469757,29.297342,2,3.556253,1.690225,-0.601844,2.684986,0.381361,2.730463,103.052811,1.553702,1.942788,0.699175,3.430801
1776194305.695197,225.627487,553.325073,778.952576,778.952576,77.026512,28.965496,2,3.562013,1.709089,-1.114391,2.774639,0.385617,2.761291,123.950958,1.553702,1.942788,0.699175,3.430801
1776194306.477966,219.17305,555.99823,782.733887,775.171265,76.654404,28.274145,2,3.227796,1.749812,-2.240569,2.526506,0.383512,2.828873,114.596832,1.553702,1.942788,0.699175,3.430801
1776194307.249393,221.324524,552.586304,771.389954,773.910828,77.78167,28.598196,2,3.283297,1.730479,-1.937057,2.532702,0.382997,2.796613,106.639229,1.553702,1.942788,0.699175,3.430801
1776194308.033436,225.627487,563.408569,783.994324,789.036072,76.531166,28.595331,2,3.185677,1.730648,-1.447897,2.497552,0.390482,2.796894,94.813477,1.553702,1.942788,0.699175,3.430801
1776194308.797299,219.17305,537.091614,763.827271,756.264648,78.551788,28.981001,2,3.416034,1.708198,-1.040369,2.60926,0.374391,2.759828,107.88974,1.553702,1.942788,0.699175,3.430801
1776194309.554861,225.627487,539.460205,757.525085,765.087708,79.205299,29.490408,2,3.622839,1.679445,-2.033575,2.744392,0.378929,2.712982,113.725555,1.553702,1.942788,0.699175,3.430801
1776194310.319985,219.17305,538.352051,765.087708,757.525085,78.422379,28.932777,2,3.332347,1.710972,-0.776839,2.549538,0.374999,2.764385,107.558197,1.553702,1.942788,0.699175,3.430801
1776194311.08763,213.794373,547.512024,767.608582,761.306396,78.164841,28.082567,2,3.437106,1.761451,-1.370572,2.638352,0.376588,2.848447,119.073883,1.553702,1.942788,0.699175,3.430801
1776194311.856535,213.794373,555.074707,768.86908,768.86908,78.03669,27.806341,2,3.433155,1.778515,-1.803492,2.639647,0.380237,2.877355,112.700623,1.553702,1.942788,0.699175,3.430801
1776194312.611577,213.794373,541.209839,755.004211,755.004211,79.469757,28.316978,2,3.359048,1.747231,2.859064,2.536095,0.373548,2.824548,119.198471,1.553702,1.942788,0.699175,3.430801
1776194313.383015,217.021576,558.149658,771.389954,775.171265,77.78167,27.996597,2,3.249809,1.766726,-1.310545,2.50687,0.383418,2.857357,127.966415,1.553702,1.942788,0.699175,3.430801
1776194314.143097,217.021576,543.024414,760.045959,760.045959,78.942596,28.553745,2,3.577024,1.733105,-0.321831,2.718703,0.376121,2.800976,112.795837,1.553702,1.942788,0.699175,3.430801
1776194314.920826,206.264236,558.823486,777.692139,765.087708,77.151352,26.959553,2,3.582122,1.833006,-2.28055,2.785788,0.378084,2.971318,106.939484,1.553702,1.942788,0.699175,3.430801
1776194315.674605,214.870117,548.957153,753.743774,763.827271,79.602646,28.130722,2,3.80773,1.75851,-0.776839,2.870053,0.377851,2.843491,117.283356,1.553702,1.942788,0.699175,3.430801
1776194316.432166,215.945847,542.839661,757.525085,758.785522,79.205299,28.459406,2,3.919126,1.738705,-0.122559,2.968836,0.375466,2.810301,135.710159,1.553702,1.942788,0.699175,3.430801
1776194317.213677,209.491425,564.419434,781.47345,773.910828,76.778038,27.069193,2,3.66942,1.825759,-1.179578,2.867554,0.382481,2.958675,116.063141,1.553702,1.942788,0.699175,3.430801
1776194317.977552,213.794373,555.074707,763.827271,768.86908,78.551788,27.806341,2,3.708658,1.778515,-1.182028,2.832774,0.380237,2.877355,124.653915,1.553702,1.942788,0.699175,3.430801
1776194318.748979,217.021576,558.149658,771.389954,775.171265,77.78167,27.996597,2,3.661472,1.766726,-0.611756,2.824423,0.383418,2.857357,127.343079,1.553702,1.942788,0.699175,3.430801
1776194319.517884,211.642914,550.92395,768.86908,762.566833,78.03669,27.754015,2,3.548542,1.781786,-1.614947,2.728364,0.377102,2.882923,119.024155,1.553702,1.942788,0.699175,3.430801
1776194320.279227,213.794373,550.032898,761.306396,763.827271,78.811897,27.989885,2,3.729024,1.767139,-1.503172,2.83893,0.377804,2.858056,124.029236,1.553702,1.942788,0.699175,3.430801
1776194321.051914,209.491425,558.117188,772.650391,767.608582,77.654785,27.291437,2,3.584951,1.811247,-1.388205,2.769914,0.379441,2.933494,114.966858,1.553702,1.942788,0.699175,3.430801
1776194321.822079,211.642914,561.007446,770.129517,772.650391,77.908974,27.391809,2,3.571944,1.804769,-1.591486,2.75086,0.381967,2.922312,109.606415,1.553702,1.942788,0.699175,3.430801
1776194322.597299,208.415695,562.974243,775.171265,771.389954,77.402252,27.018202,2,3.649643,1.829122,-1.199067,2.829099,0.381218,2.964537,122.927567,1.553702,1.942788,0.699175,3.430801
1776194323.353601,219.17305,549.696045,756.264648,768.86908,79.337303,28.505901,2,3.306786,1.73594,4.092525,2.500805,0.380471,2.805694,103.159645,1.553702,1.942788,0.699175,3.430801
1776194324.13511,222.400253,562.854492,781.47345,785.254761,76.778038,28.32205,2,2.678291,1.746926,3.322758,2.093013,0.388517,2.824037,95.736931,1.553702,1.942788,0.699175,3.430801
1776194324.902755,231.006149,546.685974,767.608582,777.692139,78.164841,29.704062,2,2.982268,1.667679,-0.260839,2.289214,0.385244,2.694015,97.499825,1.553702,1.942788,0.699175,3.430801
1776194325.695609,220.248795,559.964233,792.817444,780.213013,75.679466,28.229317,2,3.342181,1.752521,-1.214881,2.649739,0.385991,2.833419,110.621338,1.553702,1.942788,0.699175,3.430801
1776194326.467047,214.870117,550.21759,771.389954,765.087708,77.78167,28.084377,2,3.289484,1.76134,-1.160497,2.537475,0.378459,2.84826,106.070442,1.553702,1.942788,0.699175,3.430801
1776194327.240995,213.794373,558.856018,773.910828,772.650391,77.528313,27.670261,2,3.406736,1.787047,-0.761507,2.63651,0.382061,2.8919,110.209991,1.553702,1.942788,0.699175,3.430801
1776194328.008639,218.097321,554.553101,767.608582,772.650391,78.164841,28.227169,2,3.358481,1.752651,-0.781701,2.577999,0.382248,2.833637,110.141663,1.553702,1.942788,0.699175,3.430801
1776194328.780066,219.17305,553.477356,771.389954,772.650391,77.78167,28.366392,2,3.305183,1.744263,-0.100656,2.549585,0.382295,2.819582,110.096664,1.553702,1.942788,0.699175,3.430801
1776194329.565357,223.475998,566.820557,785.254761,790.29657,76.408325,28.277487,2,3.428653,1.74961,-0.792875,2.692366,0.390996,2.828535,103.704491,1.553702,1.942788,0.699175,3.430801
1776194330.3494,220.248795,559.964233,783.994324,780.213013,76.531166,28.229317,2,3.105239,1.752521,2.813775,2.43449,0.385991,2.833419,92.211403,1.553702,1.942788,0.699175,3.430801
1776194331.115785,225.627487,547.022888,766.348145,772.650391,78.293396,29.201757,2,3.053049,1.695614,0.212581,2.339699,0.382577,2.73924,92.271385,1.553702,1.942788,0.699175,3.430801
1776194331.893513,219.17305,550.956482,777.692139,770.129517,77.151352,28.459246,2,3.397551,1.738715,-0.818081,2.642249,0.381079,2.810317,108.804779,1.553702,1.942788,0.699175,3.430801
1776194332.677544,215.945847,564.267151,783.994324,780.213013,76.531166,27.677807,2,3.393169,1.786572,-1.991627,2.660226,0.385803,2.891088,108.074356,1.553702,1.942788,0.699175,3.430801
1776194333.451503,219.17305,558.519104,773.910828,777.692139,77.528313,28.182495,2,3.405813,1.75536,-0.3359,2.635795,0.384728,2.838189,102.90358,1.553702,1.942788,0.699175,3.430801
1776194334.231752,215.945847,560.48584,780.213013,776.431702,76.902077,27.812599,2,3.320245,1.778125,-1.31422,2.590498,0.383979,2.87669,99.860329,1.553702,1.942788,0.699175,3.430801
1776194335.013263,214.870117,565.342896,781.47345,780.213013,76.778038,27.53993,2,3.268964,1.795297,-0.911852,2.554609,0.385756,2.906025,103.090485,1.553702,1.942788,0.699175,3.430801
1776194335.773344,222.400253,546.468811,760.045959,768.86908,78.942596,28.925632,2,3.385808,1.711384,0.378629,2.57337,0.380612,2.765062,96.592476,1.553702,1.942788,0.699175,3.430801
1776194336.547291,226.703217,552.24939,773.910828,778.952576,77.528313,29.103598,2,3.477056,1.701186,-0.815408,2.690931,0.385664,2.748339,108.749344,1.553702,1.942788,0.699175,3.430801
1776194337.313676,215.945847,537.797913,766.348145,753.743774,78.293396,28.649769,2,3.395096,1.727442,-0.894256,2.601826,0.373034,2.791575,101.389,1.553702,1.942788,0.699175,3.430801
1776194338.076291,212.718643,546.066895,762.566833,758.785522,78.681625,28.034094,2,3.458831,1.764421,-0.881634,2.63759,0.375325,2.853461,103.350143,1.553702,1.942788,0.699175,3.430801
1776194338.841416,217.021576,553.10791,765.087708,770.129517,78.422379,28.17988,2,3.465941,1.755519,-0.195615,2.651748,0.380985,2.838457,110.163544,1.553702,1.942788,0.699175,3.430801
1776194339.601498,218.097321,543.209106,760.045959,761.306396,78.942596,28.647772,2,3.429574,1.72756,-0.688116,2.606634,0.376776,2.79177,107.781387,1.553702,1.942788,0.699175,3.430801
1776194340.370403,214.870117,550.21759,768.86908,765.087708,78.03669,28.084377,2,3.284369,1.76134,2.859807,2.52525,0.378459,2.84826,103.305351,1.553702,1.942788,0.699175,3.430801
1776194341.149393,210.567169,563.343628,778.952576,773.910828,77.026512,27.208195,2,2.955903,1.816654,2.658752,2.302509,0.382528,2.942856,103.682053,1.553702,1.942788,0.699175,3.430801
1776194341.922091,213.794373,562.637329,772.650391,776.431702,77.654785,27.535503,2,3.087807,1.795579,-1.634882,2.385795,0.383885,2.906508,100.623474,1.553702,1.942788,0.699175,3.430801
1776194342.682173,215.945847,546.620972,760.045959,762.566833,78.942596,28.318287,2,3.591051,1.747152,-1.370312,2.729364,0.37729,2.824416,106.580742,1.553702,1.942788,0.699175,3.430801
1776194343.443516,208.415695,544.067627,761.306396,752.483337,78.811897,27.69705,2,3.441823,1.785361,-1.623448,2.620282,0.372097,2.88902,102.661209,1.553702,1.942788,0.699175,3.430801
1776194344.198557,212.718643,547.327332,755.004211,760.045959,79.469757,27.987602,2,3.253065,1.767279,2.895147,2.456077,0.375933,2.858293,101.050362,1.553702,1.942788,0.699175,3.430801
1776194344.975025,213.794373,563.897766,776.431702,777.692139,77.276596,27.490875,2,3.00522,1.798423,-1.456547,2.333348,0.384493,2.911391,105.503723,1.553702,1.942788,0.699175,3.430801
1776194345.733847,220.248795,546.099365,758.785522,766.348145,79.07373,28.740046,2,3.520876,1.722153,-0.450274,2.67159,0.379302,2.782819,111.378036,1.553702,1.942788,0.699175,3.430801
1776194346.510315,217.021576,555.628784,776.431702,772.650391,77.276596,28.08794,2,3.478169,1.761122,-0.814777,2.700561,0.382201,2.847893,96.699455,1.553702,1.942788,0.699175,3.430801
1776194347.284274,215.945847,556.704529,773.910828,772.650391,77.528313,27.948713,2,3.468363,1.769678,-1.040852,2.684204,0.382155,2.862353,96.28096,1.553702,1.942788,0.699175,3.430801
1776194348.043096,215.945847,542.839661,758.785522,758.785522,79.07373,28.459406,2,3.460479,1.738705,-0.970914,2.625761,0.375466,2.810301,110.821411,1.553702,1.942788,0.699175,3.430801
1776194348.8057,212.718643,546.066895,762.566833,758.785522,78.681625,28.034094,2,3.469368,1.764421,-1.957326,2.645625,0.375325,2.853461,92.160263,1.553702,1.942788,0.699175,3.430801
1776194349.593511,214.870117,575.426453,787.775635,790.29657,76.163818,27.188543,2,3.377927,1.817936,-1.807501,2.661049,0.39062,2.945079,104.24897,1.553702,1.942788,0.699175,3.430801
1776194350.367458,213.794373,558.856018,773.910828,772.650391,77.528313,27.670261,2,3.347246,1.787047,-0.939657,2.59047,0.382061,2.8919,93.954285,1.553702,1.942788,0.699175,3.430801
1776194351.119991,224.551743,540.53595,752.483337,765.087708,79.735985,29.349804,2,3.516656,1.687282,-0.375324,2.646225,0.378882,2.72568,115.830215,1.553702,1.942788,0.699175,3.430801
1776194351.9015,222.400253,556.552307,781.47345,778.952576,76.778038,28.551193,2,3.136483,1.733256,3.228319,2.451078,0.385476,2.801227,106.060852,1.553702,1.942788,0.699175,3.430801
1776194352.671666,219.17305,547.17511,770.129517,766.348145,77.908974,28.59967,2,3.239218,1.730392,-1.191123,2.494618,0.379255,2.796469,106.89608,1.553702,1.942788,0.699175,3.430801
1776194353.453176,217.021576,561.93103,781.47345,778.952576,76.778038,27.860693,2,3.505124,1.775131,-1.3702,2.739161,0.385242,2.871602,105.361504,1.553702,1.942788,0.699175,3.430801
1776194354.205695,222.400253,536.385254,752.483337,758.785522,79.735985,29.31003,2,3.10388,1.689512,3.737525,2.335618,0.375748,2.729304,81.558937,1.553702,1.942788,0.699175,3.430801
1776194354.979643,224.551743,551.879944,773.910828,776.431702,77.528313,28.92099,2,2.729637,1.711652,2.612498,2.112496,0.384354,2.765503,92.328728,1.553702,1.942788,0.699175,3.430801
1776194355.759904,215.945847,554.183655,780.213013,770.129517,76.902077,28.040197,2,2.974454,1.764046,-1.611161,2.320708,0.380938,2.852829,105.922318,1.553702,1.942788,0.699175,3.430801
1776194356.521246,218.097321,545.72998,761.306396,763.827271,78.811897,28.553226,2,3.184873,1.733135,3.005697,2.424664,0.377992,2.801027,89.399879,1.553702,1.942788,0.699175,3.430801
1776194357.292673,217.021576,553.10791,771.389954,770.129517,77.78167,28.17988,2,2.981534,1.755519,-1.094085,2.299926,0.380985,2.838457,104.691208,1.553702,1.942788,0.699175,3.430801
1776194358.06536,211.642914,554.7052,772.650391,766.348145,77.654785,27.617069,2,3.360894,1.790405,-2.124042,2.596796,0.378926,2.897642,110.170685,1.553702,1.942788,0.699175,3.430801
1776194358.825443,214.870117,548.957153,760.045959,763.827271,78.942596,28.130722,2,3.448189,1.75851,-0.573223,2.620782,0.377851,2.843491,109.144714,1.553702,1.942788,0.699175,3.430801
1776194359.583016,219.17305,543.393799,757.525085,762.566833,79.205299,28.741488,2,3.164515,1.722069,3.132321,2.3972,0.377431,2.78268,88.437981,1.553702,1.942788,0.699175,3.430801
1776194360.354442,222.400253,552.770996,771.389954,775.171265,77.78167,28.690466,2,3.010518,1.725054,0.026339,2.322284,0.383652,2.787618,98.108009,1.553702,1.942788,0.699175,3.430801
1776194361.122087,223.475998,545.393066,767.608582,768.86908,78.164841,29.065546,2,3.189434,1.703356,3.014718,2.448236,0.380659,2.75189,93.662453,1.553702,1.942788,0.699175,3.430801
1776194361.88343,221.324524,537.460999,761.306396,758.785522,78.811897,29.168261,2,3.141179,1.697511,-0.954951,2.3914,0.375701,2.742335,93.180267,1.553702,1.942788,0.699175,3.430801
1776194362.659898,217.021576,554.368408,776.431702,771.389954,77.276596,28.133833,2,3.4724,1.75832,-1.258537,2.696082,0.381593,2.843172,99.89624,1.553702,1.942788,0.699175,3.430801
1776194363.426282,212.718643,548.587769,766.348145,761.306396,78.293396,27.941265,2,3.543114,1.770138,-1.394961,2.715259,0.376541,2.863132,111.872284,1.553702,1.942788,0.699175,3.430801
1776194364.186377,210.567169,546.957886,760.045959,757.525085,78.942596,27.796724,2,3.244461,1.779115,2.749999,2.465939,0.374623,2.878376,95.816948,1.553702,1.942788,0.699175,3.430801
1776194364.94772,212.718643,551.108643,761.306396,763.827271,78.811897,27.849051,2,2.830616,1.775855,3.095422,2.154966,0.377757,2.872831,102.338081,1.553702,1.942788,0.699175,3.430801
1776194365.700239,224.551743,541.796387,752.483337,766.348145,79.735985,29.301531,2,2.749867,1.689989,3.537473,2.06923,0.37949,2.73008,82.74099,1.553702,1.942788,0.699175,3.430801
1776194366.469144,219.17305,543.393799,768.86908,762.566833,78.03669,28.741488,2,2.890152,1.722069,-1.274128,2.222149,0.377431,2.78268,110.391266,1.553702,1.942788,0.699175,3.430801
1776194367.239311,220.248795,551.141174,770.129517,771.389954,77.908974,28.552198,2,3.185044,1.733196,3.035877,2.452897,0.381734,2.801128,100.00457,1.553702,1.942788,0.699175,3.430801
1776194368.008216,217.021576,548.066162,768.86908,765.087708,78.03669,28.365582,2,3.031781,1.744312,-0.784597,2.331043,0.378553,2.819663,106.356506,1.553702,1.942788,0.699175,3.430801
1776194368.787218,221.324524,562.6698,778.952576,783.994324,77.026512,28.230371,2,3.384612,1.752457,0.105521,2.636452,0.387862,2.833312,117.714897,1.553702,1.942788,0.699175,3.430801
1776194369.557383,217.021576,548.066162,770.129517,765.087708,77.908974,28.365582,2,3.277328,1.744312,2.729248,2.523967,0.378553,2.819663,96.020569,1.553702,1.942788,0.699175,3.430801
1776194370.340153,215.945847,565.527588,782.733887,781.47345,76.654404,27.633167,2,3.057789,1.789387,-0.369681,2.393435,0.386411,2.895901,112.813721,1.553702,1.942788,0.699175,3.430801
1776194371.098975,219.17305,543.393799,758.785522,762.566833,79.07373,28.741488,2,3.517684,1.722069,0.592639,2.669167,0.377431,2.78268,119.991112,1.553702,1.942788,0.699175,3.430801
1776194371.871662,212.718643,552.36908,772.650391,765.087708,77.654785,27.803171,2,3.539747,1.778713,-0.207643,2.734987,0.378365,2.877691,106.24176,1.553702,1.942788,0.699175,3.430801
1776194372.631745,212.718643,547.327332,760.045959,760.045959,78.942596,27.987602,2,3.616159,1.767279,-0.802787,2.748447,0.375933,2.858293,122.372711,1.553702,1.942788,0.699175,3.430801
1776194373.391839,221.324524,548.804993,760.045959,770.129517,78.942596,28.738611,2,3.429356,1.722237,-0.347668,2.606468,0.381173,2.782957,101.390381,1.553702,1.942788,0.699175,3.430801
1776194374.145618,218.097321,531.865112,753.743774,749.962463,79.602646,29.081097,2,3.476747,1.702469,-0.460408,2.620577,0.371304,2.750437,110.305038,1.553702,1.942788,0.699175,3.430801
1776194374.905701,219.17305,542.133362,760.045959,761.306396,78.942596,28.789074,2,3.409736,1.719295,-0.686706,2.591556,0.376823,2.778096,103.232903,1.553702,1.942788,0.699175,3.430801
1776194375.677127,223.475998,552.955688,771.389954,776.431702,77.78167,28.782442,2,3.368301,1.719681,0.247142,2.598274,0.384307,2.778733,102.535294,1.553702,1.942788,0.699175,3.430801
1776194376.43595,215.945847,534.016602,758.785522,749.962463,79.07373,28.79422,2,3.573317,1.718995,-0.173193,2.711381,0.37121,2.777602,120.029465,1.553702,1.942788,0.699175,3.430801
1776194377.193511,212.718643,541.025146,757.525085,753.743774,79.205299,28.221613,2,3.794558,1.752987,-0.580981,2.874473,0.372893,2.834202,122.309082,1.553702,1.942788,0.699175,3.430801
1776194377.948551,208.415695,541.546753,755.004211,749.962463,79.469757,27.79015,2,3.908586,1.779526,-1.833487,2.950999,0.370881,2.879074,109.589935,1.553702,1.942788,0.699175,3.430801
1776194378.703604,212.718643,547.327332,755.004211,760.045959,79.469757,27.987602,2,3.764344,1.767279,-1.073817,2.842096,0.375933,2.858293,113.100983,1.553702,1.942788,0.699175,3.430801
1776194379.451082,215.945847,535.277039,747.441589,751.2229,80.273834,28.745907,2,3.727041,1.721811,0.060677,2.785746,0.371818,2.782253,97.814873,1.553702,1.942788,0.699175,3.430801
1776194380.222508,217.021576,555.628784,771.389954,772.650391,77.78167,28.08794,2,3.690951,1.761122,-0.331074,2.847162,0.382201,2.847893,112.141632,1.553702,1.942788,0.699175,3.430801
1776194380.977549,215.945847,537.797913,755.004211,753.743774,79.469757,28.649769,2,3.756833,1.727442,-1.722787,2.836425,0.373034,2.791575,112.336395,1.553702,1.942788,0.699175,3.430801
1776194381.713682,217.021576,520.336426,736.097534,737.357971,81.510941,29.432323,2,3.816507,1.682673,0.025448,2.809322,0.365176,2.718206,86.164116,1.553702,1.942788,0.699175,3.430801
1776194382.478807,217.021576,548.066162,765.087708,765.087708,78.422379,28.365582,2,3.673042,1.744312,-1.307056,2.810199,0.378553,2.819663,99.109779,1.553702,1.942788,0.699175,3.430801
1776194383.232587,222.400253,537.645691,753.743774,760.045959,79.602646,29.261421,2,3.346544,1.692246,3.719669,2.522437,0.376356,2.733752,112.573433,1.553702,1.942788,0.699175,3.430801
1776194383.991409,213.794373,534.907654,758.785522,748.702026,79.07373,28.555334,2,2.87817,1.733011,2.318898,2.183914,0.370508,2.80082,92.451477,1.553702,1.942788,0.699175,3.430801
1776194384.754024,217.021576,549.326538,762.566833,766.348145,78.681625,28.318926,2,3.001035,1.747114,2.832225,2.28849,0.379161,2.824352,91.665276,1.553702,1.942788,0.699175,3.430801
1776194385.527971,214.870117,556.519836,773.910828,771.389954,77.528313,27.854929,2,3.193166,1.775489,-1.403351,2.471226,0.381499,2.87221,111.092926,1.553702,1.942788,0.699175,3.430801
1776194386.295617,229.93042,555.324341,767.608582,785.254761,78.164841,29.280996,2,3.508603,1.691144,-0.486171,2.693234,0.388845,2.731958,101.863998,1.553702,1.942788,0.699175,3.430801
1776194387.075866,223.475998,549.174377,780.213013,772.650391,76.902077,28.9233,2,3.339093,1.711519,-0.953837,2.605204,0.382483,2.765284,93.12825,1.553702,1.942788,0.699175,3.430801
1776194387.828385,219.17305,528.268555,752.483337,747.441589,79.735985,29.323101,2,3.418856,1.688778,-0.535729,2.572632,0.370135,2.728111,106.137787,1.553702,1.942788,0.699175,3.430801
1776194388.578384,220.248795,530.974121,749.962463,751.2229,80.004005,29.318703,2,3.138327,1.689025,2.981196,2.353627,0.372006,2.728512,88.172829,1.553702,1.942788,0.699175,3.430801
1776194389.357385,215.945847,557.964966,778.952576,773.910828,77.026512,27.903196,2,2.903883,1.772493,-0.673898,2.261987,0.382763,2.867125,99.93531,1.553702,1.942788,0.699175,3.430801
1776194390.116208,218.097321,543.209106,758.785522,761.306396,79.07373,28.647772,2,3.169714,1.72756,3.8026,2.405133,0.376776,2.79177,119.778633,1.553702,1.942788,0.699175,3.430801
1776194390.882592,213.794373,547.512024,766.348145,761.306396,78.293396,28.082567,2,2.927148,1.761451,3.248514,2.243214,0.376588,2.848447,111.112999,1.553702,1.942788,0.699175,3.430801
1776194391.650236,222.400253,555.29187,767.608582,777.692139,78.164841,28.597467,2,2.853333,1.730522,3.335639,2.190243,0.384868,2.796684,96.166588,1.553702,1.942788,0.699175,3.430801
1776194392.425444,213.794373,551.293335,775.171265,765.087708,77.402252,27.943771,2,3.042876,1.769983,-2.268076,2.35875,0.378412,2.86287,107.826523,1.553702,1.942788,0.699175,3.430801
1776194393.186787,219.17305,548.435547,761.306396,767.608582,78.811897,28.552711,2,3.449802,1.733166,-0.383082,2.626356,0.379863,2.801078,108.779152,1.553702,1.942788,0.699175,3.430801
1776194393.958225,215.945847,551.66272,771.389954,767.608582,77.78167,28.132286,2,3.451813,1.758415,-1.256644,2.662694,0.379722,2.843331,111.82959,1.553702,1.942788,0.699175,3.430801
1776194394.729652,213.794373,555.074707,771.389954,768.86908,77.78167,27.806341,2,3.42824,1.778515,-1.06435,2.64451,0.380237,2.877355,103.754387,1.553702,1.942788,0.699175,3.430801
1776194395.490994,213.794373,547.512024,761.306396,761.306396,78.811897,28.082567,2,3.430007,1.761451,3.576823,2.611286,0.376588,2.848447,104.272255,1.553702,1.942788,0.699175,3.430801
1776194396.2599,211.642914,554.7052,768.86908,766.348145,78.03669,27.617069,2,3.282519,1.790405,-1.188153,2.523828,0.378926,2.897642,123.464447,1.553702,1.942788,0.699175,3.430801
1776194397.019982,206.264236,547.479553,760.045959,753.743774,78.942596,27.365299,2,3.728377,1.806476,-0.868567,2.833738,0.372611,2.925254,131.567123,1.553702,1.942788,0.699175,3.430801
1776194397.776284,213.794373,551.293335,756.264648,765.087708,79.337303,27.943771,2,3.76748,1.769983,0.714882,2.849212,0.378412,2.86287,136.198593,1.553702,1.942788,0.699175,3.430801
1776194398.533845,214.870117,543.915405,757.525085,758.785522,79.205299,28.317636,2,3.733341,1.747191,0.067173,2.8281,0.375419,2.824481,106.480232,1.553702,1.942788,0.699175,3.430801
1776194399.307804,220.248795,559.964233,773.910828,780.213013,77.528313,28.229317,2,3.553736,1.752521,0.070032,2.750275,0.385991,2.833419,116.771843,1.553702,1.942788,0.699175,3.430801
1776194400.085533,214.870117,556.519836,777.692139,771.389954,77.151352,27.854929,2,3.442366,1.775489,-0.708014,2.677101,0.381499,2.87221,126.155563,1.553702,1.942788,0.699175,3.430801
1776194400.862001,217.021576,561.93103,776.431702,778.952576,77.276596,27.860693,2,3.39067,1.775131,-1.364409,2.632623,0.385242,2.871602,126.429916,1.553702,1.942788,0.699175,3.430801
1776194401.624603,211.642914,544.621704,762.566833,756.264648,78.681625,27.985298,2,3.504753,1.767421,-0.072035,2.672608,0.374062,2.858533,127.504196,1.553702,1.942788,0.699175,3.430801
1776194402.39477,213.794373,558.856018,770.129517,772.650391,77.908974,27.670261,2,3.648016,1.787047,0.178911,2.809445,0.382061,2.8919,132.811752,1.553702,1.942788,0.699175,3.430801
1776194403.159906,212.718643,551.108643,765.087708,763.827271,78.422379,27.849051,2,3.638521,1.775855,-0.508779,2.783787,0.377757,2.872831,129.874802,1.553702,1.942788,0.699175,3.430801
1776194403.92251,215.945847,550.402283,762.566833,766.348145,78.681625,28.178558,2,3.557309,1.755599,-0.072443,2.712686,0.379114,2.838592,127.016724,1.553702,1.942788,0.699175,3.430801
1776194404.690154,213.794373,551.293335,767.608582,765.087708,78.164841,27.943771,2,3.473502,1.769983,-0.154261,2.66629,0.378412,2.86287,120.842407,1.553702,1.942788,0.699175,3.430801
1776194405.452757,210.567169,548.218384,762.566833,758.785522,78.681625,27.750551,2,3.462253,1.782003,-1.134437,2.640199,0.375231,2.883293,122.215836,1.553702,1.942788,0.699175,3.430801
1776194406.205277,213.794373,542.470276,752.483337,756.264648,79.735985,28.269783,2,3.641904,1.750075,0.172601,2.740472,0.374156,2.829314,113.719696,1.553702,1.942788,0.699175,3.430801
1776194406.976703,213.794373,557.595581,771.389954,771.389954,77.78167,27.715471,2,3.762134,1.784203,-0.549056,2.902072,0.381453,2.887045,131.213318,1.553702,1.942788,0.699175,3.430801
1776194407.734265,215.945847,544.100098,757.525085,760.045959,79.205299,28.412209,2,3.701128,1.741521,-0.221749,2.803698,0.376074,2.814999,131.848694,1.553702,1.942788,0.699175,3.430801
1776194408.512005,213.794373,561.376892,777.692139,775.171265,77.151352,27.580276,2,3.475023,1.792735,-0.775279,2.702498,0.383277,2.901632,106.434341,1.553702,1.942788,0.699175,3.430801
1776194409.277129,220.248795,552.401611,765.087708,772.650391,78.422379,28.505621,2,3.614057,1.735957,0.356578,2.765071,0.382342,2.805722,94.096901,1.553702,1.942788,0.699175,3.430801
1776194410.049816,212.718643,551.108643,772.650391,763.827271,77.654785,27.849051,2,3.560194,1.775855,0.228395,2.750785,0.377757,2.872831,103.345238,1.553702,1.942788,0.699175,3.430801
1776194410.817461,209.491425,554.335815,767.608582,763.827271,78.164841,27.426544,2,3.565019,1.802539,-1.827918,2.736539,0.377616,2.91847,99.510178,1.553702,1.942788,0.699175,3.430801
1776194411.569981,212.718643,543.546021,752.483337,756.264648,79.735985,28.127539,2,3.39265,1.758704,2.696431,2.552912,0.374109,2.843818,97.666748,1.553702,1.942788,0.699175,3.430801
1776194412.327542,212.718643,544.806458,757.525085,757.525085,79.205299,28.08074,2,3.217064,1.761562,-1.123301,2.437006,0.374717,2.848636,123.243484,1.553702,1.942788,0.699175,3.430801
1776194413.081334,212.718643,541.025146,753.743774,753.743774,79.602646,28.221613,2,3.353711,1.752987,2.874247,2.527839,0.372893,2.834202,98.030434,1.553702,1.942788,0.699175,3.430801
1776194413.836375,221.324524,543.763184,755.004211,765.087708,79.469757,28.927994,2,2.932767,1.711248,3.433754,2.214252,0.378741,2.764839,106.144096,1.553702,1.942788,0.699175,3.430801
1776194414.60528,218.097321,546.990356,768.86908,765.087708,78.03669,28.506187,2,3.021995,1.735923,3.544007,2.323518,0.3786,2.805666,120.954224,1.553702,1.942788,0.699175,3.430801
1776194415.377967,217.021576,554.368408,772.650391,771.389954,77.654785,28.133833,2,3.148585,1.75832,-1.724681,2.432756,0.381593,2.843172,110.992142,1.553702,1.942788,0.699175,3.430801
1776194416.134268,220.248795,539.79718,756.264648,760.045959,79.337303,28.978352,2,3.591013,1.70835,-0.696766,2.715756,0.376262,2.760078,105.187698,1.553702,1.942788,0.699175,3.430801
1776194416.896871,218.097321,541.948608,762.566833,760.045959,78.681625,28.69528,2,3.673852,1.724772,-0.638224,2.801557,0.376168,2.787151,123.221558,1.553702,1.942788,0.699175,3.430801
1776194417.675873,220.248795,561.22467,778.952576,781.47345,77.026512,28.183784,2,3.575235,1.755282,0.050951,2.784939,0.386599,2.838058,110.803688,1.553702,1.942788,0.699175,3.430801
1776194418.438476,204.112747,539.547485,762.566833,743.660217,78.681625,27.447044,2,3.469855,1.801225,-0.517205,2.645996,0.367653,2.916209,102.757614,1.553702,1.942788,0.699175,3.430801
1776194419.209902,223.475998,570.601868,771.389954,794.077881,77.78167,28.14283,2,3.615567,1.757772,-0.049168,2.789012,0.39282,2.842249,105.404205,1.553702,1.942788,0.699175,3.430801
1776194419.98637,217.021576,551.847534,776.431702,768.86908,77.276596,28.226078,2,3.763481,1.752717,-0.373505,2.922086,0.380377,2.833748,110.697632,1.553702,1.942788,0.699175,3.430801
1776194420.772922,211.642914,568.570068,786.515198,780.213013,76.285873,27.126301,2,3.563451,1.822007,-1.311696,2.802708,0.385615,2.952148,107.055435,1.553702,1.942788,0.699175,3.430801
1776194421.535525,223.475998,552.955688,762.566833,776.431702,78.681625,28.782442,2,3.484919,1.719681,-1.133212,2.657483,0.384307,2.778733,96.096016,1.553702,1.942788,0.699175,3.430801
1776194422.293099,219.17305,533.310303,757.525085,752.483337,79.205299,29.126633,2,3.394646,1.699875,-0.488918,2.57153,0.372567,2.746196,92.181076,1.553702,1.942788,0.699175,3.430801
1776194423.063264,215.945847,550.402283,770.129517,766.348145,77.908974,28.178558,2,3.607644,1.755599,-0.84429,2.778353,0.379114,2.838592,114.601654,1.553702,1.942788,0.699175,3.430801
1776194423.83217,214.870117,552.738464,768.86908,767.608582,78.03669,27.992147,2,3.48872,1.766999,2.620888,2.682369,0.379675,2.85782,98.959511,1.553702,1.942788,0.699175,3.430801
1776194424.596033,217.021576,549.326538,763.827271,766.348145,78.551788,28.318926,2,3.161452,1.747114,-1.379295,2.414803,0.379161,2.824352,108.543999,1.553702,1.942788,0.699175,3.430801
1776194425.353595,225.627487,541.981079,757.525085,767.608582,79.205299,29.39356,2,3.503553,1.684835,0.020882,2.654029,0.380145,2.72171,104.152321,1.553702,1.942788,0.699175,3.430801
1776194426.109896,228.854675,531.191284,756.264648,760.045959,79.337303,30.110636,2,3.467425,1.645751,1.058041,2.622291,0.376638,2.658978,87.573143,1.553702,1.942788,0.699175,3.430801
1776194426.872511,227.778946,533.527466,762.566833,761.306396,78.681625,29.919485,2,3.559459,1.655986,1.593306,2.714325,0.377199,2.675281,106.033615,1.553702,1.942788,0.699175,3.430801
1776194427.646459,222.400253,545.208313,773.910828,767.608582,77.528313,28.973133,2,3.401819,1.70865,-1.032091,2.632704,0.380004,2.76057,108.782959,1.553702,1.942788,0.699175,3.430801
1776194428.425447,215.945847,555.444092,778.952576,771.389954,77.026512,27.994383,2,3.296837,1.766862,-0.735039,2.568079,0.381546,2.857587,108.791969,1.553702,1.942788,0.699175,3.430801
1776194429.191831,214.870117,550.21759,766.348145,765.087708,78.293396,28.084377,2,3.418533,1.76134,-1.006885,2.619786,0.378459,2.84826,111.371826,1.553702,1.942788,0.699175,3.430801
1776194429.970821,222.400253,565.375366,778.952576,787.775635,77.026512,28.231421,2,3.361578,1.752393,-0.843399,2.61851,0.389733,2.833205,107.229187,1.553702,1.942788,0.699175,3.430801
1776194430.742259,227.778946,549.913208,771.389954,777.692139,77.78167,29.289091,2,3.316454,1.690689,-0.447044,2.558279,0.385103,2.731217,98.894623,1.553702,1.942788,0.699175,3.430801
1776194431.509904,215.945847,537.797913,767.608582,753.743774,78.164841,28.649769,2,3.516792,1.727442,1.426516,2.699519,0.373034,2.791575,133.856033,1.553702,1.942788,0.699175,3.430801
1776194432.262424,217.021576,536.722168,752.483337,753.743774,79.735985,28.792486,2,3.675034,1.719096,-2.341616,2.765402,0.373081,2.777768,118.967911,1.553702,1.942788,0.699175,3.430801
1776194433.00486,227.778946,527.225281,742.39978,755.004211,80.818993,30.169228,2,3.791673,1.642639,0.094792,2.814938,0.374159,2.65404,99.212807,1.553702,1.942788,0.699175,3.430801
1776194433.78511,220.248795,551.141174,780.213013,771.389954,76.902077,28.552198,2,3.585131,1.733196,-1.55455,2.797166,0.381734,2.801128,118.267273,1.553702,1.942788,0.699175,3.430801
1776194434.550233,228.854675,546.316589,765.087708,775.171265,78.422379,29.523109,2,3.501561,1.677633,0.034691,2.679001,0.383934,2.710053,110.815224,1.553702,1.942788,0.699175,3.430801
1776194435.319139,224.551743,539.275513,768.86908,763.827271,78.03669,29.398235,2,3.274982,1.684574,-1.305311,2.518033,0.378274,2.721287,127.115677,1.553702,1.942788,0.699175,3.430801
1776194436.099401,222.400253,555.29187,780.213013,777.692139,76.902077,28.597467,2,3.166866,1.730522,-1.241683,2.47083,0.384868,2.796684,114.368057,1.553702,1.942788,0.699175,3.430801
1776194436.864524,220.248795,542.318054,765.087708,762.566833,78.422379,28.882557,2,3.257616,1.713871,-0.123227,2.492362,0.377478,2.769155,111.64209,1.553702,1.942788,0.699175,3.430801
1776194437.635951,225.627487,552.064636,771.389954,777.692139,77.78167,29.012442,2,3.406309,1.706394,1.432493,2.627593,0.385009,2.756869,106.426285,1.553702,1.942788,0.699175,3.430801
1776194438.394773,214.870117,531.311035,758.785522,746.181152,79.07373,28.795973,2,3.579175,1.718893,0.036882,2.715827,0.369339,2.777433,140.656387,1.553702,1.942788,0.699175,3.430801
1776194439.163679,221.324524,555.107178,768.86908,776.431702,78.03669,28.505342,2,3.519311,1.735973,-0.651922,2.70589,0.384214,2.805749,124.871735,1.553702,1.942788,0.699175,3.430801
1776194439.938898,220.248795,553.662048,775.171265,773.910828,77.402252,28.459194,2,3.332867,1.738718,-1.255827,2.583543,0.38295,2.810322,114.127716,1.553702,1.942788,0.699175,3.430801
1776194440.702761,227.778946,544.87146,763.827271,772.650391,78.551788,29.480209,2,3.459987,1.680011,-0.144089,2.642833,0.382671,2.713897,113.6203,1.553702,1.942788,0.699175,3.430801
1776194441.443938,229.93042,513.729797,741.139282,743.660217,80.956444,30.918747,2,3.428172,1.603877,0.677463,2.540753,0.36878,2.593209,98.657982,1.553702,1.942788,0.699175,3.430801
1776194442.211582,231.006149,537.862915,767.608582,768.86908,78.164841,30.044926,2,3.216374,1.649255,3.53365,2.468916,0.380988,2.664549,81.108772,1.553702,1.942788,0.699175,3.430801
1776194442.984269,221.324524,539.981873,772.650391,761.306396,77.654785,29.071676,2,2.925619,1.703006,2.686743,2.260481,0.376917,2.751317,88.109322,1.553702,1.942788,0.699175,3.430801
1776194443.749393,223.475998,544.132568,765.087708,767.608582,78.422379,29.113276,2,3.164308,1.700635,-0.514161,2.420973,0.380051,2.747438,115.995636,1.553702,1.942788,0.699175,3.430801
1776194444.518298,220.248795,544.838928,768.86908,765.087708,78.03669,28.787392,2,3.38741,1.719393,-0.769265,2.604475,0.378694,2.778258,110.983566,1.553702,1.942788,0.699175,3.430801
1776194445.290997,215.945847,551.66272,772.650391,767.608582,77.654785,28.132286,2,3.500405,1.758415,-1.48257,2.70459,0.379722,2.843331,108.624786,1.553702,1.942788,0.699175,3.430801
1776194446.059903,219.17305,553.477356,768.86908,772.650391,78.03669,28.366392,2,3.475766,1.744263,-1.815073,2.672409,0.382295,2.819582,97.900795,1.553702,1.942788,0.699175,3.430801
1776194446.821245,228.854675,543.795715,761.306396,772.650391,78.811897,29.619434,2,3.254458,1.672319,-0.887908,2.47764,0.382718,2.701481,95.446045,1.553702,1.942788,0.699175,3.430801
1776194447.58637,222.400253,535.124817,765.087708,757.525085,78.422379,29.358799,2,3.395367,1.686778,-0.762027,2.597754,0.37514,2.724863,103.413925,1.553702,1.942788,0.699175,3.430801
1776194448.359056,217.021576,549.326538,772.650391,766.348145,77.654785,28.318926,2,3.197792,1.747114,2.505252,2.470775,0.379161,2.824352,117.255165,1.553702,1.942788,0.699175,3.430801
1776194449.117879,221.324524,542.502747,758.785522,763.827271,79.07373,28.975729,2,3.100916,1.708501,-1.403536,2.35293,0.378133,2.760325,105.913338,1.553702,1.942788,0.699175,3.430801
1776194449.89814,220.248795,558.703796,780.213013,778.952576,76.902077,28.274996,2,3.298639,1.74976,-0.787158,2.573641,0.385383,2.828786,100.664772,1.553702,1.942788,0.699175,3.430801
1776194450.667045,222.400253,548.989685,768.86908,771.389954,78.03669,28.831106,2,3.307782,1.716852,0.203969,2.543252,0.381828,2.774065,102.97081,1.553702,1.942788,0.699175,3.430801
1776194451.43469,222.400253,545.208313,767.608582,767.608582,78.164841,28.973133,2,3.422974,1.70865,-1.052545,2.627504,0.380004,2.76057,105.329323,1.553702,1.942788,0.699175,3.430801
1776194452.183428,222.400253,526.301758,748.702026,748.702026,80.138687,29.704777,2,3.594312,1.66764,1.708385,2.691068,0.370884,2.693952,112.910164,1.553702,1.942788,0.699175,3.430801
1776194452.96998,215.945847,563.006714,786.515198,778.952576,76.285873,27.722591,2,3.657545,1.783756,-1.564573,2.876714,0.385195,2.886282,103.789513,1.553702,1.942788,0.699175,3.430801
1776194453.7225,220.248795,537.276306,752.483337,757.525085,79.735985,29.074785,2,3.351017,1.702829,2.71529,2.521585,0.375046,2.751027,86.903015,1.553702,1.942788,0.699175,3.430801
1776194454.492678,223.475998,550.434814,770.129517,773.910828,77.908974,28.876194,2,3.080223,1.714239,-0.757869,2.372171,0.383091,2.769761,108.390015,1.553702,1.942788,0.699175,3.430801
1776194455.271667,217.021576,554.368408,778.952576,771.389954,77.026512,28.133833,2,3.327616,1.75832,-1.714881,2.592055,0.381593,2.843172,92.335785,1.553702,1.942788,0.699175,3.430801
1776194456.03553,223.475998,547.91394,763.827271,771.389954,78.551788,28.97056,2,3.267807,1.708798,3.810025,2.496041,0.381875,2.760813,98.887505,1.553702,1.942788,0.699175,3.430801
1776194456.810738,224.551743,551.879944,775.171265,776.431702,77.402252,28.92099,2,3.102395,1.711652,0.235857,2.404887,0.384354,2.765503,107.51046,1.553702,1.942788,0.699175,3.430801
1776194457.587206,224.551743,551.879944,776.431702,776.431702,77.276596,28.92099,2,3.348569,1.711652,-0.859547,2.599936,0.384354,2.765503,92.223038,1.553702,1.942788,0.699175,3.430801
1776194458.351082,226.703217,539.644897,763.827271,766.348145,78.551788,29.582273,2,3.087569,1.674365,3.138446,2.358369,0.379584,2.704779,98.602287,1.553702,1.942788,0.699175,3.430801
1776194459.123768,224.551743,545.577759,772.650391,770.129517,77.654785,29.15766,2,3.126744,1.698113,-0.669147,2.41588,0.381314,2.743317,105.63269,1.553702,1.942788,0.699175,3.430801
1776194459.896455,225.627487,548.283325,772.650391,773.910828,77.654785,29.154196,2,3.608933,1.698309,0.606931,2.788443,0.383185,2.743638,102.297661,1.553702,1.942788,0.699175,3.430801
1776194460.676704,222.400253,554.031433,780.213013,776.431702,76.902077,28.64389,2,3.322533,1.727788,-1.543858,2.592284,0.38426,2.792148,93.390335,1.553702,1.942788,0.699175,3.430801
1776194461.450652,217.021576,550.587036,773.910828,767.608582,77.528313,28.272427,2,3.400368,1.749915,-1.72327,2.631582,0.379769,2.829046,104.477654,1.553702,1.942788,0.699175,3.430801
1776194462.215788,215.945847,547.881409,765.087708,763.827271,78.422379,28.271557,2,3.179377,1.749968,3.431823,2.432502,0.377898,2.829134,87.71624,1.553702,1.942788,0.699175,3.430801
1776194462.979651,213.794373,547.512024,763.827271,761.306396,78.551788,28.082567,2,2.90487,1.761451,3.443999,2.218819,0.376588,2.848447,94.204369,1.553702,1.942788,0.699175,3.430801
1776194463.746036,213.794373,552.553772,766.348145,766.348145,78.293396,27.897814,2,3.095227,1.772827,-0.67594,2.372022,0.37902,2.867691,95.374054,1.553702,1.942788,0.699175,3.430801
1776194464.508639,218.097321,549.51123,762.566833,767.608582,78.681625,28.412569,2,3.414809,1.741499,-1.043153,2.60402,0.379816,2.814963,97.431381,1.553702,1.942788,0.699175,3.430801
1776194465.278806,223.475998,552.955688,770.129517,776.431702,77.908974,28.782442,2,3.547794,1.719681,0.24781,2.732261,0.384307,2.778733,104.783226,1.553702,1.942788,0.699175,3.430801
1776194466.062836,215.945847,559.225403,783.994324,775.171265,76.531166,27.857824,2,3.450401,1.775309,-1.016537,2.705095,0.383371,2.871904,100.542458,1.553702,1.942788,0.699175,3.430801
1776194466.811586,217.021576,532.940918,748.702026,749.962463,80.138687,28.937658,2,3.464796,1.710691,-0.813367,2.5941,0.371257,2.763923,93.355247,1.553702,1.942788,0.699175,3.430801
1776194467.57293,221.324524,545.023621,761.306396,766.348145,78.811897,28.880415,2,3.550685,1.713995,-0.316671,2.703159,0.379349,2.769359,116.500351,1.553702,1.942788,0.699175,3.430801
1776194468.339314,215.945847,544.100098,766.348145,760.045959,78.293396,28.412209,2,3.379663,1.741521,-1.763882,2.589998,0.376074,2.814999,98.884827,1.553702,1.942788,0.699175,3.430801
1776194469.100657,221.324524,546.284058,761.306396,767.608582,78.811897,28.832993,2,3.565975,1.716742,-0.706491,2.714799,0.379957,2.773885,103.579422,1.553702,1.942788,0.699175,3.430801
1776194469.874604,220.248795,552.401611,773.910828,772.650391,77.528313,28.505621,2,3.400634,1.735957,-1.214139,2.631787,0.382342,2.805722,94.14447,1.553702,1.942788,0.699175,3.430801
1776194470.640988,217.021576,545.545288,766.348145,762.566833,78.293396,28.459352,2,3.421459,1.738708,-0.71284,2.622029,0.377337,2.810306,107.76667,1.553702,1.942788,0.699175,3.430801
1776194471.409906,217.021576,551.847534,768.86908,768.86908,78.03669,28.226078,2,3.431338,1.752717,-1.365115,2.63825,0.380377,2.833748,103.552872,1.553702,1.942788,0.699175,3.430801
1776194472.163686,220.248795,537.276306,753.743774,757.525085,79.602646,29.074785,2,3.490371,1.702829,-0.052323,2.630846,0.375046,2.751027,98.157547,1.553702,1.942788,0.699175,3.430801
1776194472.925028,213.794373,539.949402,761.306396,753.743774,78.811897,28.36433,2,3.527316,1.744387,-0.484315,2.685368,0.37294,2.819788,104.242332,1.553702,1.942788,0.699175,3.430801
1776194473.690153,217.021576,551.847534,765.087708,768.86908,78.422379,28.226078,2,3.4956,1.752717,-0.737452,2.674441,0.380377,2.833748,108.531235,1.553702,1.942788,0.699175,3.430801
1776194474.462839,223.475998,556.737,772.650391,780.213013,77.654785,28.642946,2,3.546873,1.727843,-0.243392,2.740493,0.386131,2.79224,109.110489,1.553702,1.942788,0.699175,3.430801
1776194475.234266,214.870117,546.436279,771.389954,761.306396,77.78167,28.223869,2,3.462001,1.752851,-2.422802,2.670552,0.376635,2.833972,92.100349,1.553702,1.942788,0.699175,3.430801
1776194476.000663,213.794373,551.293335,766.348145,765.087708,78.293396,27.943771,2,3.39766,1.769983,-1.058559,2.603791,0.378412,2.86287,97.834991,1.553702,1.942788,0.699175,3.430801
1776194476.769568,217.021576,555.628784,768.86908,772.650391,78.03669,28.08794,2,3.473502,1.761122,-0.456028,2.670668,0.382201,2.847893,97.141418,1.553702,1.942788,0.699175,3.430801
1776194477.538474,215.945847,551.66272,768.86908,767.608582,78.03669,28.132286,2,3.426583,1.758415,-0.695281,2.634594,0.379722,2.843331,106.251823,1.553702,1.942788,0.699175,3.430801
1776194478.303597,211.642914,548.403076,765.087708,760.045959,78.422379,27.846067,2,3.469059,1.77604,-2.136701,2.654134,0.375886,2.873146,111.725586,1.553702,1.942788,0.699175,3.430801
1776194479.057378,223.475998,544.132568,753.743774,767.608582,79.602646,29.113276,2,3.655859,1.700635,0.405283,2.755581,0.380051,2.747438,104.769524,1.553702,1.942788,0.699175,3.430801
1776194479.814939,226.703217,534.603149,757.525085,761.306396,79.205299,29.778183,2,3.241199,1.663637,3.598799,2.455289,0.377152,2.687525,99.620201,1.553702,1.942788,0.699175,3.430801
1776194480.591419,221.324524,548.804993,776.431702,770.129517,77.276596,28.738611,2,3.101567,1.722237,-0.06372,2.408154,0.381173,2.782957,95.719551,1.553702,1.942788,0.699175,3.430801
1776194481.365367,222.400253,552.770996,773.910828,775.171265,77.528313,28.690466,2,3.612734,1.725054,-1.635884,2.795933,0.383652,2.787618,97.110794,1.553702,1.942788,0.699175,3.430801
1776194482.125449,219.17305,537.091614,760.045959,756.264648,78.942596,28.981001,2,3.464014,1.708198,-1.57493,2.63281,0.374391,2.759828,101.759895,1.553702,1.942788,0.699175,3.430801
1776194482.888052,215.945847,542.839661,762.566833,758.785522,78.681625,28.459406,2,3.456722,1.738705,-0.771382,2.635982,0.375466,2.810301,114.547699,1.553702,1.942788,0.699175,3.430801
1776194483.640572,217.021576,536.722168,752.483337,753.743774,79.735985,28.792486,2,3.198313,1.719096,3.135217,2.406677,0.373081,2.777768,92.734383,1.553702,1.942788,0.699175,3.430801
1776194484.406956,215.945847,549.141846,766.348145,765.087708,78.293396,28.224977,2,3.04056,1.752784,-1.606001,2.330128,0.378506,2.83386,101.207657,1.553702,1.942788,0.699175,3.430801
1776194485.164518,218.097321,541.948608,757.525085,760.045959,79.205299,28.69528,2,3.320151,1.724772,-0.900938,2.515098,0.376168,2.787151,90.786674,1.553702,1.942788,0.699175,3.430801
1776194485.930914,218.097321,548.250854,766.348145,766.348145,78.293396,28.459301,2,3.479453,1.738711,-1.100619,2.666472,0.379208,2.810311,97.87989,1.553702,1.942788,0.699175,3.430801
1776194486.698559,217.021576,549.326538,767.608582,766.348145,78.164841,28.318926,2,3.296024,1.747114,2.806276,2.530056,0.379161,2.824352,100.547165,1.553702,1.942788,0.699175,3.430801
1776194487.447298,219.17305,532.049866,748.702026,751.2229,80.138687,29.175503,2,3.119294,1.697101,-1.010449,2.335421,0.371959,2.741665,98.645828,1.553702,1.942788,0.699175,3.430801
1776194488.226286,218.097321,559.594849,778.952576,777.692139,77.026512,28.044172,2,3.27854,1.763803,2.314666,2.553827,0.384681,2.852417,113.093178,1.553702,1.942788,0.699175,3.430801
1776194488.971244,217.021576,526.638672,744.920654,743.660217,80.545494,29.182894,2,3.342379,1.696682,-0.561641,2.489807,0.368217,2.740982,107.868286,1.553702,1.942788,0.699175,3.430801
1776194489.737628,220.248795,549.880737,766.348145,770.129517,78.293396,28.598928,2,3.54634,1.730436,-1.391063,2.717731,0.381126,2.796541,116.213165,1.553702,1.942788,0.699175,3.430801
1776194490.510315,218.097321,552.032227,772.650391,770.129517,77.654785,28.319565,2,3.194723,1.747075,3.234816,2.468404,0.381032,2.824287,112.872978,1.553702,1.942788,0.699175,3.430801
1776194491.276712,221.324524,548.804993,766.348145,770.129517,78.293396,28.738611,2,3.304468,1.722237,-1.021066,2.532372,0.381173,2.782957,111.510529,1.553702,1.942788,0.699175,3.430801
1776194492.039315,220.248795,541.057617,762.566833,761.306396,78.681625,28.930374,2,3.186925,1.711111,2.884864,2.430243,0.37687,2.764613,93.952148,1.553702,1.942788,0.699175,3.430801
1776194492.789314,226.703217,530.821899,749.962463,757.525085,80.004005,29.926828,2,2.820603,1.655591,3.079199,2.115347,0.375328,2.674649,112.051682,1.553702,1.942788,0.699175,3.430801
1776194493.56074,217.021576,543.024414,771.389954,760.045959,77.78167,28.553745,2,2.972463,1.733105,-3.196058,2.292928,0.376121,2.800976,102.828308,1.553702,1.942788,0.699175,3.430801
1776194494.31704,220.248795,539.79718,756.264648,760.045959,79.337303,28.978352,2,3.066772,1.70835,2.812624,2.319291,0.376262,2.760078,95.715584,1.553702,1.942788,0.699175,3.430801
1776194495.0683,222.400253,531.343506,751.2229,753.743774,79.869766,29.506081,2,2.820434,1.678576,-1.412594,2.118775,0.373316,2.711577,94.646385,1.553702,1.942788,0.699175,3.430801
1776194495.832163,218.097321,540.688232,763.827271,758.785522,78.551788,28.742949,2,3.209747,1.721984,-1.33731,2.451692,0.37556,2.782538,108.570244,1.553702,1.942788,0.699175,3.430801
1776194496.582175,224.551743,532.973328,749.962463,757.525085,80.004005,29.642811,2,3.612001,1.671035,0.148954,2.708865,0.375234,2.699412,98.368744,1.553702,1.942788,0.699175,3.430801
1776194497.346038,215.945847,537.797913,763.827271,753.743774,78.551788,28.649769,2,3.488337,1.727442,-1.460742,2.664487,0.373034,2.791575,111.709167,1.553702,1.942788,0.699175,3.430801
1776194498.092255,220.248795,530.974121,746.181152,751.2229,80.409431,29.318703,2,3.416393,1.689025,-0.803641,2.549248,0.372006,2.728512,115.984344,1.553702,1.942788,0.699175,3.430801
1776194498.864943,222.400253,552.770996,772.650391,775.171265,77.654785,28.690466,2,3.385025,1.725054,-1.013752,2.615441,0.383652,2.787618,120.305984,1.553702,1.942788,0.699175,3.430801
1776194499.622504,222.400253,535.124817,757.525085,757.525085,79.205299,29.358799,2,3.212705,1.686778,-1.150548,2.433705,0.37514,2.724863,117.03183,1.553702,1.942788,0.699175,3.430801
1776194500.388889,226.703217,544.686768,766.348145,771.389954,78.293396,29.388926,2,3.253291,1.685094,-1.30687,2.493154,0.382016,2.722129,108.147316,1.553702,1.942788,0.699175,3.430801
1776194501.154013,221.324524,537.460999,765.087708,758.785522,78.422379,29.168261,2,3.213272,1.697511,-0.673861,2.458435,0.375701,2.742335,120.35347,1.553702,1.942788,0.699175,3.430801
1776194501.934274,219.17305,558.519104,780.213013,777.692139,76.902077,28.182495,2,3.289547,1.75536,-1.671485,2.566547,0.384728,2.838189,111.670868,1.553702,1.942788,0.699175,3.430801
1776194502.698138,224.551743,545.577759,763.827271,770.129517,78.551788,29.15766,2,3.321075,1.698113,-1.231252,2.536728,0.381314,2.743317,113.12381,1.553702,1.942788,0.699175,3.430801
1776194503.448136,220.248795,524.671875,749.962463,744.920654,80.004005,29.566748,2,3.398255,1.675222,0.189677,2.548564,0.368966,2.70616,90.710945,1.553702,1.942788,0.699175,3.430801
1776194504.224605,225.627487,557.106384,776.431702,782.733887,77.276596,28.825569,2,3.479446,1.717173,-0.043117,2.701552,0.387441,2.774596,119.758835,1.553702,1.942788,0.699175,3.430801
1776194504.977124,231.006149,527.779358,752.483337,758.785522,79.735985,30.444197,2,3.60956,1.628198,0.488994,2.716134,0.376124,2.631227,83.78064,1.553702,1.942788,0.699175,3.430801
1776194505.767469,210.567169,555.781006,790.29657,766.348145,75.920868,27.476698,2,3.418782,1.799329,-2.591374,2.701851,0.37888,2.912947,97.352951,1.553702,1.942788,0.699175,3.430801
1776194506.517469,221.324524,541.24231,749.962463,762.566833,80.004005,29.023624,2,3.548827,1.705753,-0.618178,2.661487,0.377525,2.755818,106.648117,1.553702,1.942788,0.699175,3.430801
1776194507.290155,215.945847,550.402283,772.650391,766.348145,77.654785,28.178558,2,3.473364,1.755599,-2.043004,2.683696,0.379114,2.838592,105.895142,1.553702,1.942788,0.699175,3.430801
1776194508.055279,217.021576,549.326538,765.087708,766.348145,78.422379,28.318926,2,3.432037,1.747114,-1.756123,2.625809,0.379161,2.824352,108.310097,1.553702,1.942788,0.699175,3.430801
1776194508.820403,219.17305,548.435547,765.087708,767.608582,78.422379,28.552711,2,3.516597,1.733166,-0.399342,2.690505,0.379863,2.801078,103.848282,1.553702,1.942788,0.699175,3.430801
1776194509.581746,232.081909,544.349792,761.306396,776.431702,78.811897,29.890833,2,3.19057,1.657532,3.887685,2.429002,0.384683,2.67775,118.179543,1.553702,1.942788,0.699175,3.430801
1776194510.362007,219.17305,545.914673,780.213013,765.087708,76.902077,28.646788,2,2.851576,1.727618,-0.715884,2.224837,0.378647,2.791866,107.464081,1.553702,1.942788,0.699175,3.430801
1776194511.135955,218.097321,554.553101,773.910828,772.650391,77.528313,28.227169,2,3.325283,1.752651,-2.75913,2.573473,0.382248,2.833637,97.469154,1.553702,1.942788,0.699175,3.430801
1776194511.892255,219.17305,538.352051,756.264648,757.525085,79.337303,28.932777,2,3.344547,1.710972,-1.488138,2.529363,0.374999,2.764385,104.932541,1.553702,1.942788,0.699175,3.430801
1776194512.652338,220.248795,541.057617,760.045959,761.306396,78.942596,28.930374,2,3.20603,1.711111,2.95974,2.43673,0.37687,2.764613,95.803398,1.553702,1.942788,0.699175,3.430801
1776194513.41242,215.945847,539.05835,760.045959,755.004211,78.942596,28.601938,2,3.074334,1.730258,-2.292837,2.336635,0.373642,2.796247,84.579163,1.553702,1.942788,0.699175,3.430801
1776194514.152336,219.17305,524.487183,739.878845,743.660217,81.09436,29.472202,2,3.629342,1.680456,-0.313924,2.685273,0.368311,2.714616,108.650925,1.553702,1.942788,0.699175,3.430801
1776194514.913678,220.248795,542.318054,761.306396,762.566833,78.811897,28.882557,2,3.25,1.713871,-0.013011,2.474245,0.377478,2.769155,95.58474,1.553702,1.942788,0.699175,3.430801
1776194515.669979,223.475998,536.569946,756.264648,760.045959,79.337303,29.40296,2,3.371322,1.68431,-1.78352,2.549611,0.376403,2.720859,96.659813,1.553702,1.942788,0.699175,3.430801
1776194516.421251,227.778946,528.485718,751.2229,756.264648,79.869766,30.118946,2,3.301333,1.645309,0.109196,2.480037,0.374767,2.658276,92.064964,1.553702,1.942788,0.699175,3.430801
1776194517.195198,215.945847,544.100098,773.910828,760.045959,77.528313,28.412209,2,3.395941,1.741521,-1.637741,2.628156,0.376074,2.814999,104.990974,1.553702,1.942788,0.699175,3.430801
1776194517.950238,218.097321,539.427734,755.004211,757.525085,79.469757,28.790771,2,3.482576,1.719196,-1.12575,2.62936,0.374952,2.777933,101.171577,1.553702,1.942788,0.699175,3.430801
1776194518.704019,213.794373,534.907654,753.743774,748.702026,79.602646,28.555334,2,3.477102,1.733011,3.163021,2.620844,0.370508,2.80082,108.428413,1.553702,1.942788,0.699175,3.430801
1776194519.470403,215.945847,552.923218,766.348145,768.86908,78.293396,28.086164,2,3.301086,1.761231,-0.514013,2.529781,0.38033,2.848076,110.027298,1.553702,1.942788,0.699175,3.430801
1776194520.239309,220.248795,553.662048,768.86908,773.910828,78.03669,28.459194,2,3.560669,1.738718,-0.746175,2.737688,0.38295,2.810322,120.025909,1.553702,1.942788,0.699175,3.430801
1776194521.000651,223.475998,541.611694,761.306396,765.087708,78.811897,29.2092,2,3.463532,1.695194,-0.340243,2.636809,0.378835,2.738554,116.05423,1.553702,1.942788,0.699175,3.430801
1776194521.738057,227.778946,514.62085,737.357971,742.39978,81.371605,30.68144,2,2.978197,1.615945,3.129203,2.195997,0.368078,2.612011,101.683693,1.553702,1.942788,0.699175,3.430801
1776194522.505703,227.778946,539.829651,767.608582,767.608582,78.164841,29.673841,2,2.822353,1.669333,0.030534,2.166462,0.380239,2.696674,100.786285,1.553702,1.942788,0.699175,3.430801
1776194523.277129,218.097321,541.948608,771.389954,760.045959,77.78167,28.69528,2,3.317335,1.724772,-1.018838,2.558959,0.376168,2.787151,98.065414,1.553702,1.942788,0.699175,3.430801
1776194524.046035,221.324524,551.325867,768.86908,772.650391,78.03669,28.644848,2,3.364738,1.727731,-2.094716,2.587043,0.382389,2.792055,97.204849,1.553702,1.942788,0.699175,3.430801
1776194524.802335,222.400253,535.124817,756.264648,757.525085,79.337303,29.358799,2,3.291676,1.686778,3.233219,2.489378,0.37514,2.724863,109.416672,1.553702,1.942788,0.699175,3.430801
1776194525.556116,224.551743,531.712891,753.743774,756.264648,79.602646,29.692217,2,3.246208,1.668327,0.360551,2.446809,0.374626,2.695056,100.93055,1.553702,1.942788,0.699175,3.430801
1776194526.330063,219.17305,548.435547,773.910828,767.608582,77.528313,28.552711,2,3.55742,1.733166,-1.349264,2.753125,0.379863,2.801078,106.698334,1.553702,1.942788,0.699175,3.430801
1776194527.106543,217.021576,556.889282,776.431702,773.910828,77.276596,28.042194,2,3.369472,1.763924,-1.231698,2.616164,0.38281,2.852622,99.545959,1.553702,1.942788,0.699175,3.430801
1776194527.865365,219.17305,542.133362,758.785522,761.306396,79.07373,28.789074,2,3.424598,1.719295,-0.73812,2.598535,0.376823,2.778096,111.724243,1.553702,1.942788,0.699175,3.430801
1776194528.627968,222.400253,543.947876,762.566833,766.348145,78.681625,29.020786,2,3.670982,1.705916,0.282223,2.799369,0.379396,2.756084,103.389977,1.553702,1.942788,0.699175,3.430801
1776194529.41578,219.17305,564.821289,787.775635,783.994324,76.163818,27.95595,2,3.454152,1.769231,-0.396335,2.721097,0.387768,2.861596,107.087357,1.553702,1.942788,0.699175,3.430801
1776194530.194769,221.324524,560.148926,778.952576,781.47345,77.026512,28.32144,2,3.367326,1.746962,-1.729655,2.622987,0.386646,2.824098,100.93161,1.553702,1.942788,0.699175,3.430801
1776194530.947301,223.475998,531.528198,752.483337,755.004211,79.735985,29.599306,2,3.537074,1.673427,-0.742574,2.661589,0.373971,2.703265,108.581085,1.553702,1.942788,0.699175,3.430801
1776194531.712424,215.945847,540.318787,765.087708,756.264648,78.422379,28.55427,2,3.487708,1.733074,-1.558819,2.668403,0.37425,2.800925,97.884201,1.553702,1.942788,0.699175,3.430801
1776194532.477549,220.248795,549.880737,765.087708,770.129517,78.422379,28.598928,2,3.518291,1.730436,-1.214361,2.691801,0.381126,2.796541,107.442947,1.553702,1.942788,0.699175,3.430801
1776194533.245194,225.627487,548.283325,767.608582,773.910828,78.164841,29.154196,2,3.325973,1.698309,-1.498421,2.553045,0.383185,2.743638,88.815781,1.553702,1.942788,0.699175,3.430801
1776194534.010318,217.021576,537.982666,765.087708,755.004211,78.422379,28.744421,2,3.403991,1.721898,-3.401345,2.604352,0.373689,2.782396,98.527725,1.553702,1.942788,0.699175,3.430801
1776194534.783005,225.627487,557.106384,772.650391,782.733887,77.654785,28.825569,2,3.495929,1.717173,-1.21644,2.701131,0.387441,2.774596,91.007271,1.553702,1.942788,0.699175,3.430801
1776194535.538057,218.097321,528.083862,755.004211,746.181152,79.469757,29.228466,2,3.402036,1.694105,-0.154855,2.568552,0.36948,2.736779,99.55188,1.553702,1.942788,0.699175,3.430801
1776194536.294359,217.021576,537.982666,756.264648,755.004211,79.337303,28.744421,2,3.378608,1.721898,-2.844066,2.555122,0.373689,2.782396,100.275787,1.553702,1.942788,0.699175,3.430801
1776194537.039315,220.248795,528.453247,744.920654,748.702026,80.545494,29.417416,2,3.214544,1.683504,2.969391,2.39458,0.37079,2.719552,101.848549,1.553702,1.942788,0.699175,3.430801
1776194537.809482,225.627487,550.804199,770.129517,776.431702,77.908974,29.059542,2,2.905818,1.703699,2.623932,2.237857,0.384401,2.752452,93.445419,1.553702,1.942788,0.699175,3.430801
1776194538.567043,223.475998,531.528198,757.525085,755.004211,79.205299,29.599306,2,3.183448,1.673427,-1.455545,2.411541,0.373971,2.703265,104.305496,1.553702,1.942788,0.699175,3.430801
1776194539.327125,221.324524,536.200562,760.045959,757.525085,78.942596,29.216789,2,3.512095,1.694764,-1.591932,2.669353,0.375093,2.737854,99.855232,1.553702,1.942788,0.699175,3.430801
1776194540.083426,232.081909,536.78717,756.264648,768.86908,79.337303,30.184841,2,3.674292,1.641812,-1.102289,2.778737,0.381035,2.652728,106.628777,1.553702,1.942788,0.699175,3.430801
1776194540.842248,222.400253,525.041321,758.785522,747.441589,79.07373,29.754868,2,3.554835,1.664906,0.106412,2.697357,0.370276,2.689561,97.313332,1.553702,1.942788,0.699175,3.430801
1776194541.597301,229.93042,533.896851,755.004211,763.827271,79.469757,30.102411,2,3.207513,1.646188,3.085955,2.421686,0.378509,2.659673,89.900955,1.553702,1.942788,0.699175,3.430801
1776194542.368727,225.627487,540.720642,771.389954,766.348145,77.78167,29.441906,2,3.115179,1.68214,-0.857765,2.403018,0.379537,2.717342,106.497383,1.553702,1.942788,0.699175,3.430801
1776194543.140153,218.097321,544.469482,771.389954,762.566833,77.78167,28.600422,2,3.406765,1.730348,-2.185702,2.627944,0.377384,2.796395,94.204559,1.553702,1.942788,0.699175,3.430801
1776194543.892673,221.324524,534.940125,752.483337,756.264648,79.735985,29.265488,2,3.712225,1.692017,-0.589,2.793387,0.374485,2.733379,110.149307,1.553702,1.942788,0.699175,3.430801
1776194544.654015,222.400253,540.166565,761.306396,762.566833,78.811897,29.16469,2,3.770375,1.697714,-0.658901,2.870411,0.377572,2.742665,105.09697,1.553702,1.942788,0.699175,3.430801
1776194545.41914,224.551743,543.056824,765.087708,767.608582,78.422379,29.253418,2,3.202742,1.692697,3.123894,2.450378,0.380098,2.734486,91.845604,1.553702,1.942788,0.699175,3.430801
1776194546.189318,223.475998,545.393066,770.129517,768.86908,77.908974,29.065546,2,3.161228,1.703356,-0.908511,2.434556,0.380659,2.75189,106.221436,1.553702,1.942788,0.699175,3.430801
1776194546.973348,217.021576,559.410156,783.994324,776.431702,76.531166,27.951149,2,3.449466,1.769527,-2.92102,2.704361,0.384026,2.862098,99.832588,1.553702,1.942788,0.699175,3.430801
1776194547.727129,232.081909,539.308044,753.743774,771.389954,79.602646,30.086199,2,3.465341,1.647052,-1.244319,2.611979,0.382251,2.661046,101.20108,1.553702,1.942788,0.699175,3.430801
1776194548.499815,229.93042,540.199097,772.650391,770.129517,77.654785,29.856071,2,2.872572,1.659411,2.92451,2.219494,0.381549,2.680755,79.604622,1.553702,1.942788,0.699175,3.430801
1776194549.267461,217.021576,535.461792,767.608582,752.483337,78.164841,28.840715,2,2.768457,1.716294,-1.896075,2.125091,0.372473,2.773146,92.956024,1.553702,1.942788,0.699175,3.430801
1776194550.037626,214.870117,552.738464,770.129517,767.608582,77.908974,27.992147,2,3.397022,1.766999,-3.055588,2.616147,0.379675,2.85782,101.902176,1.553702,1.942788,0.699175,3.430801
1776194550.79772,229.93042,547.761719,760.045959,777.692139,78.942596,29.565737,2,3.380799,1.675277,-0.635291,2.569562,0.385197,2.70625,94.552612,1.553702,1.942788,0.699175,3.430801
1776194551.583012,218.097321,553.292603,785.254761,771.389954,76.408325,28.273291,2,3.159474,1.749863,2.610308,2.480992,0.38164,2.828959,98.113777,1.553702,1.942788,0.699175,3.430801
1776194552.350657,218.097321,549.51123,767.608582,767.608582,78.164841,28.412569,2,3.15117,1.741499,-1.335046,2.418865,0.379816,2.814963,103.090393,1.553702,1.942788,0.699175,3.430801
1776194553.118301,214.870117,548.957153,767.608582,763.827271,78.164841,28.130722,2,3.337801,1.75851,-1.825654,2.562124,0.377851,2.843491,95.549622,1.553702,1.942788,0.699175,3.430801
1776194553.885947,219.17305,553.477356,767.608582,772.650391,78.164841,28.366392,2,3.177166,1.744263,3.117584,2.43882,0.382295,2.819582,93.099998,1.553702,1.942788,0.699175,3.430801
1776194554.652343,221.324524,547.544556,766.348145,768.86908,78.293396,28.785723,2,3.079068,1.71949,-1.285896,2.359638,0.380565,2.778418,103.786331,1.553702,1.942788,0.699175,3.430801
1776194555.419989,224.551743,546.838196,767.608582,771.389954,78.164841,29.110018,2,3.372998,1.700821,-0.763846,2.589142,0.381922,2.747741,117.143005,1.553702,1.942788,0.699175,3.430801
1776194556.186373,224.551743,541.796387,766.348145,766.348145,78.293396,29.301531,2,3.420377,1.689989,-0.228951,2.621199,0.37949,2.73008,97.139107,1.553702,1.942788,0.699175,3.430801
1776194556.966622,219.17305,554.737793,780.213013,773.910828,76.902077,28.320194,2,3.389175,1.747037,-1.297181,2.644278,0.382903,2.824224,95.852287,1.553702,1.942788,0.699175,3.430801
1776194557.720403,224.551743,535.494202,753.743774,760.045959,79.602646,29.544497,2,2.996002,1.67645,2.746361,2.258218,0.37645,2.708143,68.848351,1.553702,1.942788,0.699175,3.430801
1776194558.493089,220.248795,547.359802,772.650391,767.608582,77.654785,28.692854,2,2.886978,1.724914,-1.917457,2.230624,0.37991,2.787386,98.032845,1.553702,1.942788,0.699175,3.430801
1776194559.259485,222.400253,546.468811,766.348145,768.86908,78.293396,28.925632,2,3.402218,1.711384,-1.271084,2.607284,0.380612,2.765062,87.802307,1.553702,1.942788,0.699175,3.430801
1776194560.040996,220.248795,558.703796,781.47345,778.952576,76.778038,28.274996,2,3.085382,1.74976,2.878368,2.411144,0.385383,2.828786,81.115166,1.553702,1.942788,0.699175,3.430801
1776194560.792255,223.475998,531.528198,751.2229,755.004211,79.869766,29.599306,2,2.853206,1.673427,2.15014,2.143394,0.373971,2.703265,80.20993,1.553702,1.942788,0.699175,3.430801
1776194561.557379,224.551743,541.796387,765.087708,766.348145,78.422379,29.301531,2,2.694292,1.689989,2.779325,2.06137,0.37949,2.73008,84.719513,1.553702,1.942788,0.699175,3.430801
1776194562.316201,228.854675,534.972595,758.785522,763.827271,79.07373,29.961575,2,2.803633,1.653721,3.066318,2.127356,0.378462,2.671665,93.035133,1.553702,1.942788,0.699175,3.430801
1776194563.096451,212.718643,548.587769,780.213013,761.306396,76.902077,27.941265,2,2.868036,1.770138,2.909884,2.237679,0.376541,2.863132,122.7742,1.553702,1.942788,0.699175,3.430801
1776194563.859066,220.248795,551.141174,762.566833,771.389954,78.681625,28.552198,2,3.020373,1.733196,-2.127086,2.303236,0.381734,2.801128,94.393356,1.553702,1.942788,0.699175,3.430801
1776194564.624189,215.945847,544.100098,765.087708,760.045959,78.422379,28.412209,2,3.486766,1.741521,-2.593267,2.667681,0.376074,2.814999,105.945984,1.553702,1.942788,0.699175,3.430801
1776194565.372928,218.097321,533.12561,748.702026,751.2229,80.138687,29.032305,2,3.434597,1.705256,-1.025966,2.57149,0.371912,2.755003,107.593246,1.553702,1.942788,0.699175,3.430801
1776194566.139313,212.718643,547.327332,766.348145,760.045959,78.293396,27.987602,2,3.527928,1.767279,-0.698028,2.703621,0.375933,2.858293,112.274261,1.553702,1.942788,0.699175,3.430801
1776194566.901915,224.551743,551.879944,762.566833,776.431702,78.681625,28.92099,2,3.486846,1.711652,-1.139597,2.658953,0.384354,2.765503,107.294113,1.553702,1.942788,0.699175,3.430801
1776194567.66704,217.021576,539.243042,765.087708,756.264648,78.422379,28.696514,2,3.361034,1.724699,-1.750963,2.571486,0.374297,2.787031,98.204918,1.553702,1.942788,0.699175,3.430801
1776194568.439726,209.491425,554.335815,772.650391,763.827271,77.654785,27.426544,2,3.289709,1.802539,-0.993558,2.541795,0.377616,2.91847,103.827377,1.553702,1.942788,0.699175,3.430801
1776194569.197301,228.854675,551.358337,757.525085,780.213013,79.205299,29.332335,2,3.184592,1.68826,2.70742,2.412408,0.386366,2.72727,105.543877,1.553702,1.942788,0.699175,3.430801
1776194569.973768,232.081909,548.131104,776.431702,780.213013,77.276596,29.745966,2,3.12581,1.665391,-0.606744,2.426978,0.386507,2.69034,102.507339,1.553702,1.942788,0.699175,3.430801
1776194570.754017,222.400253,546.468811,780.213013,768.86908,76.902077,28.925632,2,3.211684,1.711384,2.698436,2.505798,0.380612,2.765062,108.387222,1.553702,1.942788,0.699175,3.430801
1776194571.533007,221.324524,556.367615,778.952576,777.692139,77.026512,28.459145,2,3.089781,1.73872,-1.240236,2.406793,0.384821,2.810327,97.716461,1.553702,1.942788,0.699175,3.430801
1776194572.300651,222.400253,546.468811,767.608582,768.86908,78.164841,28.925632,2,3.314587,1.711384,-1.190826,2.544305,0.380612,2.765062,96.466026,1.553702,1.942788,0.699175,3.430801
1776194573.056964,226.703217,534.603149,756.264648,761.306396,79.337303,29.778183,2,3.14915,1.663637,3.705637,2.381591,0.377152,2.687525,87.615547,1.553702,1.942788,0.699175,3.430801
1776194573.832172,228.854675,548.837463,775.171265,777.692139,77.402252,29.427412,2,3.061378,1.682947,-0.981753,2.373092,0.38515,2.71865,104.623001,1.553702,1.942788,0.699175,3.430801
1776194574.609901,222.400253,547.729248,777.692139,770.129517,77.151352,28.878292,2,3.319362,1.714118,-1.649843,2.581442,0.38122,2.769561,101.606224,1.553702,1.942788,0.699175,3.430801
1776194575.402755,220.248795,570.047791,792.817444,790.29657,75.679466,27.869133,2,3.277295,1.774606,-1.865894,2.598296,0.390855,2.870711,102.560379,1.553702,1.942788,0.699175,3.430801
1776194576.181743,222.400253,559.073181,778.952576,781.47345,77.026512,28.459093,2,3.291523,1.738724,-0.734408,2.56394,0.386693,2.810332,101.580688,1.553702,1.942788,0.699175,3.430801
1776194576.962005,226.703217,558.551514,780.213013,785.254761,76.902077,28.870022,2,3.320019,1.714597,-0.876957,2.590322,0.388705,2.770349,94.561676,1.553702,1.942788,0.699175,3.430801
1776194577.732171,226.703217,543.42627,770.129517,770.129517,77.908974,29.437023,2,3.27697,1.682412,-0.504732,2.523691,0.381408,2.717783,102.386093,1.553702,1.942788,0.699175,3.430801
1776194578.504857,224.551743,545.577759,772.650391,770.129517,77.654785,29.15766,2,3.498061,1.698113,-0.712654,2.702779,0.381314,2.743317,105.305222,1.553702,1.942788,0.699175,3.430801
1776194579.304014,217.021576,573.275024,799.119629,790.29657,75.082626,27.460777,2,3.301599,1.800346,-2.519765,2.638373,0.390714,2.914697,91.252304,1.553702,1.942788,0.699175,3.430801
1776194580.064108,221.324524,543.763184,760.045959,765.087708,78.942596,28.927994,2,3.43974,1.711248,-0.186483,2.61436,0.378741,2.764839,106.353294,1.553702,1.942788,0.699175,3.430801
1776194580.846878,220.248795,561.22467,782.733887,781.47345,76.654404,28.183784,2,3.315056,1.755282,-0.768337,2.594807,0.386599,2.838058,91.12368,1.553702,1.942788,0.699175,3.430801
1776194581.623347,221.324524,556.367615,776.431702,777.692139,77.276596,28.459145,2,3.363423,1.73872,-0.88672,2.611468,0.384821,2.810327,88.992981,1.553702,1.942788,0.699175,3.430801
1776194582.383429,223.475998,539.09082,760.045959,762.566833,78.942596,29.305759,2,3.392027,1.689752,-0.877737,2.578097,0.377619,2.729693,99.641464,1.553702,1.942788,0.699175,3.430801
1776194583.147293,221.324524,539.981873,763.827271,761.306396,78.551788,29.071676,2,3.311272,1.703006,-0.250222,2.52924,0.376917,2.751317,94.163635,1.553702,1.942788,0.699175,3.430801
1776194583.936377,214.870117,566.603333,789.036072,781.47345,76.042152,27.49551,2,3.24977,1.798127,-2.389318,2.564186,0.386364,2.910883,93.226166,1.553702,1.942788,0.699175,3.430801
1776194584.701501,221.324524,551.325867,765.087708,772.650391,78.422379,28.644848,2,3.515779,1.727731,-0.305311,2.689879,0.382389,2.792055,103.032196,1.553702,1.942788,0.699175,3.430801
1776194585.472928,223.475998,550.434814,771.389954,773.910828,77.78167,28.876194,2,3.442861,1.714239,-0.325469,2.655788,0.383091,2.769761,98.463425,1.553702,1.942788,0.699175,3.430801
1776194586.241833,225.627487,545.762451,768.86908,771.389954,78.03669,29.249472,2,3.429651,1.692919,-0.102401,2.636952,0.381969,2.734848,105.998901,1.553702,1.942788,0.699175,3.430801
1776194587.008217,219.17305,539.612488,766.348145,758.785522,78.293396,28.884718,2,3.263867,1.713746,-1.734964,2.501258,0.375607,2.768949,97.657974,1.553702,1.942788,0.699175,3.430801
1776194587.772081,222.400253,545.208313,763.827271,767.608582,78.551788,28.973133,2,3.068188,1.70865,2.697434,2.343565,0.380004,2.76057,81.891228,1.553702,1.942788,0.699175,3.430801
1776194588.532175,221.324524,537.460999,760.045959,758.785522,78.942596,29.168261,2,2.939771,1.697511,-0.533836,2.234361,0.375701,2.742335,108.570679,1.553702,1.942788,0.699175,3.430801
1776194589.307383,219.17305,553.477356,775.171265,772.650391,77.402252,28.366392,2,3.06602,1.744263,2.984277,2.376691,0.382295,2.819582,99.152763,1.553702,1.942788,0.699175,3.430801
1776194590.077549,224.551743,551.879944,770.129517,776.431702,77.908974,28.92099,2,2.996936,1.711652,-0.023665,2.308029,0.384354,2.765503,110.987,1.553702,1.942788,0.699175,3.430801
1776194590.852756,222.400253,550.250122,775.171265,772.650391,77.402252,28.784073,2,3.307779,1.719586,-1.06216,2.564095,0.382436,2.778577,107.572197,1.553702,1.942788,0.699175,3.430801
1776194591.61536,235.309097,542.383057,762.566833,777.692139,78.681625,30.257359,2,2.982629,1.637982,3.749441,2.274454,0.385432,2.646663,73.668846,1.553702,1.942788,0.699175,3.430801
1776194592.371661,232.081909,520.401428,756.264648,752.483337,79.337303,30.842131,2,2.576992,1.607753,2.999052,1.948888,0.37313,2.599235,77.598183,1.553702,1.942788,0.699175,3.430801
1776194593.139317,235.309097,536.080872,767.608582,771.389954,78.164841,30.504557,2,2.512469,1.625062,3.09479,1.928593,0.382392,2.626297,81.686913,1.553702,1.942788,0.699175,3.430801
1776194593.914526,229.93042,538.93866,775.171265,768.86908,77.402252,29.905016,2,2.794547,1.656766,-1.255753,2.166252,0.380941,2.676527,104.734573,1.553702,1.942788,0.699175,3.430801
1776194594.679649,232.081909,535.526672,765.087708,767.608582,78.422379,30.234409,2,3.125471,1.639192,-0.96631,2.391259,0.380427,2.648578,93.581139,1.553702,1.942788,0.699175,3.430801
1776194595.463681,221.324524,550.06543,783.994324,771.389954,76.531166,28.691652,2,3.162568,1.724984,-2.461855,2.479435,0.381781,2.787503,99.439049,1.553702,1.942788,0.699175,3.430801
1776194596.223763,222.400253,538.906128,760.045959,761.306396,78.942596,29.212975,2,2.947497,1.69498,2.363853,2.240233,0.376964,2.738205,82.980469,1.553702,1.942788,0.699175,3.430801
1776194596.980063,229.93042,535.157288,756.264648,765.087708,79.337303,30.05282,2,2.914447,1.648833,0.028492,2.204093,0.379117,2.663878,90.60009,1.553702,1.942788,0.699175,3.430801
1776194597.755284,223.475998,544.132568,775.171265,767.608582,77.402252,29.113276,2,3.296746,1.700635,-2.576488,2.555543,0.380051,2.747438,96.569092,1.553702,1.942788,0.699175,3.430801
1776194598.49898,226.703217,520.738403,743.660217,747.441589,80.682007,30.330559,2,3.284727,1.634134,-1.973215,2.442721,0.370463,2.640583,90.42215,1.553702,1.942788,0.699175,3.430801
1776194599.257802,231.006149,532.821106,758.785522,763.827271,79.07373,30.243244,2,3.029996,1.638726,2.594271,2.299117,0.378556,2.64784,84.890709,1.553702,1.942788,0.699175,3.430801
1776194600.022926,220.248795,532.234558,765.087708,752.483337,78.422379,29.26959,2,2.967988,1.691786,-0.975331,2.270771,0.372614,2.733002,94.725777,1.553702,1.942788,0.699175,3.430801
1776194600.786789,229.93042,545.240845,763.827271,775.171265,78.551788,29.661888,2,3.519265,1.669988,-0.890692,2.688111,0.383981,2.697728,101.458191,1.553702,1.942788,0.699175,3.430801
1776194601.559477,228.854675,542.535278,772.650391,771.389954,77.654785,29.667833,2,3.090952,1.669662,3.006959,2.388226,0.38211,2.697203,89.541618,1.553702,1.942788,0.699175,3.430801
1776194602.324613,223.475998,535.309509,765.087708,758.785522,78.422379,29.451799,2,2.989952,1.681589,-1.874915,2.287576,0.375795,2.716451,90.630241,1.553702,1.942788,0.699175,3.430801
1776194603.088476,223.475998,540.351257,763.827271,763.827271,78.551788,29.257399,2,3.113611,1.692473,2.968834,2.378261,0.378227,2.73412,84.174843,1.553702,1.942788,0.699175,3.430801
1776194603.849819,219.17305,537.091614,761.306396,756.264648,78.811897,28.981001,2,2.706919,1.708198,2.712505,2.060795,0.374391,2.759828,96.381302,1.553702,1.942788,0.699175,3.430801
1776194604.60612,220.248795,537.276306,756.264648,757.525085,79.337303,29.074785,2,2.858067,1.702829,-1.234816,2.161455,0.375046,2.751027,103.712875,1.553702,1.942788,0.699175,3.430801
1776194605.364942,206.264236,536.135559,758.785522,742.39978,79.07373,27.783445,2,3.36985,1.779945,-2.450978,2.556993,0.367139,2.879787,100.111404,1.553702,1.942788,0.699175,3.430801
1776194606.121243,218.097321,552.032227,756.264648,770.129517,79.337303,28.319565,2,3.493126,1.747075,-1.133398,2.641727,0.381032,2.824287,103.400238,1.553702,1.942788,0.699175,3.430801
1776194606.859898,222.400253,521.259949,738.618408,743.660217,81.232742,29.906166,2,3.356561,1.656704,-1.736003,2.479218,0.368451,2.676428,92.892197,1.553702,1.942788,0.699175,3.430801
1776194607.622501,231.006149,541.644226,762.566833,772.650391,78.681625,29.89789,2,3.301443,1.657151,0.354128,2.51757,0.382812,2.677141,88.508034,1.553702,1.942788,0.699175,3.430801
1776194608.372499,239.61203,520.43396,749.962463,760.045959,80.004005,31.525993,2,3.389978,1.573825,-0.620888,2.542356,0.377107,2.546926,89.241508,1.553702,1.942788,0.699175,3.430801
1776194609.14772,221.324524,532.41925,775.171265,753.743774,77.402252,29.363363,2,3.274516,1.686523,-1.427257,2.538311,0.373269,2.724448,97.972916,1.553702,1.942788,0.699175,3.430801
1776194609.915364,226.703217,547.207642,767.608582,773.910828,78.164841,29.293198,2,3.011696,1.690458,2.585547,2.311804,0.383232,2.730841,77.956123,1.553702,1.942788,0.699175,3.430801
1776194610.688051,219.17305,544.654236,772.650391,763.827271,77.654785,28.694061,2,2.946696,1.724843,-1.630984,2.276766,0.378039,2.787269,101.562164,1.553702,1.942788,0.699175,3.430801
1776194611.453175,222.400253,546.468811,765.087708,768.86908,78.422379,28.925632,2,3.377809,1.711384,-0.978486,2.58432,0.380612,2.765062,101.561111,1.553702,1.942788,0.699175,3.430801
1776194612.22082,219.17305,544.654236,767.608582,763.827271,78.164841,28.694061,2,3.299013,1.724843,-1.230175,2.532351,0.378039,2.787269,96.438034,1.553702,1.942788,0.699175,3.430801
1776194612.99352,225.627487,554.58551,772.650391,780.213013,77.654785,28.918705,2,3.26953,1.711784,-1.692978,2.526204,0.386225,2.765719,96.785568,1.553702,1.942788,0.699175,3.430801
1776194613.761164,217.021576,540.50354,767.608582,757.525085,78.164841,28.648764,2,3.324589,1.727501,-1.610864,2.551983,0.374905,2.791673,103.569756,1.553702,1.942788,0.699175,3.430801
1776194614.53385,221.324524,556.367615,772.650391,777.692139,77.654785,28.459145,2,3.341496,1.73872,-2.226166,2.581808,0.384821,2.810327,100.798302,1.553702,1.942788,0.699175,3.430801
1776194615.292673,223.475998,537.830383,758.785522,761.306396,79.07373,29.354277,2,3.249087,1.687031,-1.826062,2.46536,0.377011,2.725274,91.21788,1.553702,1.942788,0.699175,3.430801
1776194616.064099,229.93042,549.022156,771.389954,778.952576,77.78167,29.517899,2,3.124317,1.677922,2.906061,2.410067,0.385805,2.710519,107.32782,1.553702,1.942788,0.699175,3.430801
1776194616.850662,220.248795,554.922485,786.515198,775.171265,76.285873,28.41292,2,2.956341,1.741478,-0.716032,2.325207,0.383558,2.814929,112.699554,1.553702,1.942788,0.699175,3.430801
1776194617.598141,232.081909,529.224487,747.441589,761.306396,80.273834,30.484692,2,3.570673,1.626093,0.254121,2.668869,0.377387,2.627916,76.745926,1.553702,1.942788,0.699175,3.430801
1776194618.373348,221.324524,541.24231,775.171265,762.566833,77.402252,29.023624,2,3.555525,1.705753,-1.554661,2.75614,0.377525,2.755818,96.350128,1.553702,1.942788,0.699175,3.430801
1776194619.142254,220.248795,547.359802,768.86908,767.608582,78.03669,28.692854,2,3.504958,1.724914,-0.826248,2.694854,0.37991,2.787386,99.372253,1.553702,1.942788,0.699175,3.430801
1776194619.917461,218.097321,554.553101,775.171265,772.650391,77.402252,28.227169,2,3.435615,1.752651,-1.754899,2.66319,0.382248,2.833637,99.964783,1.553702,1.942788,0.699175,3.430801
1776194620.687628,217.021576,551.847534,770.129517,768.86908,77.908974,28.226078,2,3.369152,1.752717,-0.78998,2.594683,0.380377,2.833748,104.348206,1.553702,1.942788,0.699175,3.430801
1776194621.469149,215.945847,564.267151,781.47345,780.213013,76.778038,27.677807,2,3.317962,1.786572,-1.966012,2.592899,0.385803,2.891088,95.221153,1.553702,1.942788,0.699175,3.430801
1776194622.249398,220.248795,565.005981,780.213013,785.254761,76.902077,28.048069,2,3.375478,1.763564,-1.123931,2.633592,0.388423,2.852013,95.006104,1.553702,1.942788,0.699175,3.430801
1776194623.022086,220.248795,552.401611,772.650391,772.650391,77.654785,28.505621,2,3.328637,1.735957,-1.08113,2.571872,0.382342,2.805722,95.611855,1.553702,1.942788,0.699175,3.430801
1776194623.792251,218.097321,549.51123,770.129517,767.608582,77.908974,28.412569,2,3.312906,1.741499,-1.49456,2.551367,0.379816,2.814963,99.074265,1.553702,1.942788,0.699175,3.430801
1776194624.551073,223.475998,541.611694,758.785522,765.087708,79.07373,29.2092,2,3.426224,1.695194,-0.535506,2.59977,0.378835,2.738554,94.112915,1.553702,1.942788,0.699175,3.430801
1776194625.323772,222.400253,548.989685,772.650391,771.389954,77.654785,28.831106,2,3.070319,1.716852,2.642233,2.372283,0.381828,2.774065,88.707863,1.553702,1.942788,0.699175,3.430801
1776194626.104021,228.854675,558.920959,780.213013,787.775635,76.902077,29.050743,2,2.731269,1.704202,2.987321,2.130971,0.390015,2.753275,106.840279,1.553702,1.942788,0.699175,3.430801
1776194626.883011,225.627487,549.543762,778.952576,775.171265,77.026512,29.106792,2,2.622123,1.701004,2.153036,2.042509,0.383793,2.748042,87.890175,1.553702,1.942788,0.699175,3.430801
1776194627.656957,223.475998,547.91394,773.910828,771.389954,77.528313,28.97056,2,2.635479,1.708798,2.731326,2.039626,0.381875,2.760813,96.068764,1.553702,1.942788,0.699175,3.430801
1776194628.425862,228.854675,546.316589,768.86908,775.171265,78.03669,29.523109,2,2.885851,1.677633,-1.285153,2.218841,0.383934,2.710053,95.543953,1.553702,1.942788,0.699175,3.430801
1776194629.187206,220.248795,530.974121,761.306396,751.2229,78.811897,29.318703,2,2.738865,1.689025,2.917495,2.085115,0.372006,2.728512,93.714165,1.553702,1.942788,0.699175,3.430801
1776194629.953602,225.627487,547.022888,766.348145,772.650391,78.293396,29.201757,2,2.672619,1.695614,-2.323018,2.048156,0.382577,2.73924,87.224747,1.553702,1.942788,0.699175,3.430801
1776194630.725028,232.081909,546.870667,771.389954,778.952576,77.78167,29.7941,2,3.308438,1.662772,-0.359918,2.552095,0.385899,2.686137,99.572311,1.553702,1.942788,0.699175,3.430801
1776194631.497715,220.248795,538.536743,772.650391,758.785522,77.654785,29.026487,2,3.336076,1.705589,-2.120367,2.57762,0.375654,2.755549,94.729698,1.553702,1.942788,0.699175,3.430801
1776194632.252756,224.551743,535.494202,755.004211,760.045959,79.469757,29.544497,2,3.324003,1.67645,-2.660978,2.509636,0.37645,2.708143,93.699905,1.553702,1.942788,0.699175,3.430801
1776194633.019141,220.248795,541.057617,766.348145,761.306396,78.293396,28.930374,2,3.086875,1.711111,2.620442,2.365621,0.37687,2.764613,97.826759,1.553702,1.942788,0.699175,3.430801
1776194633.77292,217.021576,532.940918,753.743774,749.962463,79.602646,28.937658,2,2.755722,1.710691,2.952649,2.077108,0.371257,2.763923,76.52784,1.553702,1.942788,0.699175,3.430801
1776194634.536796,219.17305,547.17511,763.827271,766.348145,78.551788,28.59967,2,3.120798,1.730392,-1.426515,2.38375,0.379255,2.796469,94.138809,1.553702,1.942788,0.699175,3.430801
1776194635.284274,229.93042,530.11554,747.441589,760.045959,80.273834,30.252174,2,3.122259,1.638255,2.710723,2.333706,0.376685,2.647095,85.106468,1.553702,1.942788,0.699175,3.430801
1776194636.048138,220.248795,532.234558,763.827271,752.483337,78.551788,29.26959,2,2.734125,1.691786,-1.027599,2.088399,0.372614,2.733002,90.283379,1.553702,1.942788,0.699175,3.430801
1776194636.803179,220.248795,534.755432,755.004211,755.004211,79.469757,29.171864,2,3.093002,1.697307,3.335305,2.335229,0.37383,2.742002,98.935265,1.553702,1.942788,0.699175,3.430801
1776194637.562,221.324524,538.721436,758.785522,760.045959,79.07373,29.119888,2,2.956068,1.700259,-1.790721,2.243021,0.376309,2.746823,93.263596,1.553702,1.942788,0.699175,3.430801
1776194638.328384,231.006149,546.685974,766.348145,777.692139,78.293396,29.704062,2,3.409723,1.667679,-1.28842,2.613035,0.385244,2.694015,93.133606,1.553702,1.942788,0.699175,3.430801
1776194639.098551,220.248795,537.276306,770.129517,757.525085,77.908974,29.074785,2,3.245325,1.702829,-1.845662,2.49932,0.375046,2.751027,94.649971,1.553702,1.942788,0.699175,3.430801
1776194639.864947,218.097321,545.72998,766.348145,763.827271,78.293396,28.553226,2,3.311857,1.733135,-0.468761,2.538035,0.377992,2.801027,90.429466,1.553702,1.942788,0.699175,3.430801
1776194640.626291,219.17305,543.393799,761.306396,762.566833,78.811897,28.741488,2,3.438875,1.722069,-1.023516,2.618037,0.377431,2.78268,106.209511,1.553702,1.942788,0.699175,3.430801
1776194641.373768,220.248795,528.453247,747.441589,748.702026,80.273834,29.417416,2,3.25355,1.683504,-1.144646,2.431838,0.37079,2.719552,86.495117,1.553702,1.942788,0.699175,3.430801
1776194642.142673,215.945847,547.881409,768.86908,763.827271,78.03669,28.271557,2,3.189018,1.749968,3.514569,2.451937,0.377898,2.829134,111.452736,1.553702,1.942788,0.699175,3.430801
1776194642.895193,221.324524,537.460999,752.483337,758.785522,79.735985,29.168261,2,2.85582,1.697511,2.717294,2.148957,0.375701,2.742335,98.878181,1.553702,1.942788,0.699175,3.430801
1776194643.661577,221.324524,545.023621,766.348145,766.348145,78.293396,28.880415,2,2.686449,1.713995,3.155857,2.058755,0.379349,2.769359,81.818047,1.553702,1.942788,0.699175,3.430801
1776194644.431744,219.17305,548.435547,770.129517,767.608582,77.908974,28.552711,2,2.799101,1.733166,2.414525,2.15567,0.379863,2.801078,91.565353,1.553702,1.942788,0.699175,3.430801
1776194645.180494,228.854675,531.191284,748.702026,760.045959,80.138687,30.110636,2,2.389233,1.645751,3.564313,1.788823,0.376638,2.658978,90.44735,1.553702,1.942788,0.699175,3.430801
1776194645.95192,226.703217,542.165894,771.389954,768.86908,77.78167,29.485283,2,2.536833,1.679729,-1.336308,1.956887,0.3808,2.713442,100.245163,1.553702,1.942788,0.699175,3.430801
1776194646.708222,221.324524,528.637939,756.264648,749.962463,79.337303,29.511414,2,3.302032,1.678281,-0.088109,2.49721,0.371445,2.7111,100.28212,1.553702,1.942788,0.699175,3.430801
1776194647.464522,215.945847,534.016602,756.264648,749.962463,79.337303,28.79422,2,3.184838,1.718995,2.874395,2.40858,0.37121,2.777602,112.534767,1.553702,1.942788,0.699175,3.430801
1776194648.222084,209.491425,540.471069,757.525085,749.962463,79.205299,27.933588,2,3.118132,1.770612,-1.244319,2.362063,0.370928,2.863936,97.172356,1.553702,1.942788,0.699175,3.430801
1776194648.974603,219.17305,544.654236,752.483337,763.827271,79.735985,28.694061,2,3.459028,1.724843,-0.753674,2.602861,0.378039,2.787269,107.723824,1.553702,1.942788,0.699175,3.430801
1776194649.74729,222.400253,554.031433,772.650391,776.431702,77.654785,28.64389,2,3.301833,1.727788,-1.550615,2.551162,0.38426,2.792148,94.195557,1.553702,1.942788,0.699175,3.430801
1776194650.503604,219.17305,533.310303,756.264648,752.483337,79.337303,29.126633,2,3.181567,1.699875,2.606818,2.406107,0.372567,2.746196,73.851433,1.553702,1.942788,0.699175,3.430801
1776194651.244779,223.475998,522.705139,741.139282,746.181152,80.956444,29.949295,2,2.852697,1.654381,1.995786,2.114246,0.369714,2.672719,68.722832,1.553702,1.942788,0.699175,3.430801
1776194652.013684,221.324524,545.023621,768.86908,766.348145,78.03669,28.880415,2,2.913604,1.713995,-1.553139,2.24018,0.379349,2.769359,98.701866,1.553702,1.942788,0.699175,3.430801
1776194652.772506,221.324524,537.460999,758.785522,758.785522,79.07373,29.168261,2,3.271437,1.697511,-2.183512,2.482319,0.375701,2.742335,89.470406,1.553702,1.942788,0.699175,3.430801
1776194653.523765,219.17305,529.528992,751.2229,748.702026,79.869766,29.273737,2,3.328403,1.691553,-2.342841,2.500372,0.370743,2.732623,93.175537,1.553702,1.942788,0.699175,3.430801
1776194654.302755,218.097321,559.594849,778.952576,777.692139,77.026512,28.044172,2,3.217408,1.763803,2.695615,2.506208,0.384681,2.852417,92.785179,1.553702,1.942788,0.699175,3.430801
1776194655.062837,219.17305,542.133362,760.045959,761.306396,78.942596,28.789074,2,2.983644,1.719295,-1.723976,2.267706,0.376823,2.778096,93.641647,1.553702,1.942788,0.699175,3.430801
1776194655.804013,223.475998,522.705139,741.139282,746.181152,80.956444,29.949295,2,3.447341,1.654381,-1.284262,2.55496,0.369714,2.672719,95.445061,1.553702,1.942788,0.699175,3.430801
1776194656.565368,215.945847,536.537476,761.306396,752.483337,78.811897,28.69776,2,3.019834,1.724627,2.686,2.299019,0.372426,2.786911,77.892639,1.553702,1.942788,0.699175,3.430801
1776194657.344356,215.945847,563.006714,778.952576,778.952576,77.026512,27.722591,2,3.107853,1.783756,-2.702778,2.42087,0.385195,2.886282,100.443726,1.553702,1.942788,0.699175,3.430801
1776194658.084272,221.324524,524.856628,739.878845,746.181152,81.09436,29.660965,2,3.521285,1.670039,-0.211949,2.605324,0.369621,2.697809,100.330154,1.553702,1.942788,0.699175,3.430801
1776194658.851917,221.324524,546.284058,767.608582,767.608582,78.164841,28.832993,2,3.050624,1.716742,2.879073,2.341686,0.379957,2.773885,85.925346,1.553702,1.942788,0.699175,3.430801
1776194659.611998,220.248795,538.536743,760.045959,758.785522,78.942596,29.026487,2,2.765929,1.705589,2.661982,2.102233,0.375654,2.755549,99.178368,1.553702,1.942788,0.699175,3.430801
1776194660.383425,217.021576,550.587036,771.389954,767.608582,77.78167,28.272427,2,2.941024,1.749915,-2.010671,2.268677,0.379769,2.829046,103.55114,1.553702,1.942788,0.699175,3.430801
1776194661.135957,225.627487,536.939331,752.483337,762.566833,79.735985,29.587898,2,3.551013,1.674055,-1.313144,2.672078,0.377713,2.704278,99.969513,1.553702,1.942788,0.699175,3.430801
1776194661.89982,220.248795,537.276306,763.827271,757.525085,78.551788,29.074785,2,3.052718,1.702829,3.495785,2.331749,0.375046,2.751027,77.321938,1.553702,1.942788,0.699175,3.430801
1776194662.642257,217.021576,521.596802,742.39978,738.618408,80.818993,29.382097,2,3.005078,1.685475,-5.038733,2.230969,0.365784,2.722748,100.226562,1.553702,1.942788,0.699175,3.430801
1776194663.380911,215.945847,521.412109,738.618408,737.357971,81.232742,29.286432,2,3.543846,1.690838,-2.570475,2.61755,0.365129,2.73146,107.173607,1.553702,1.942788,0.699175,3.430801
1776194664.12839,211.642914,530.756836,747.441589,742.39978,80.273834,28.507944,2,3.679128,1.735819,-1.980898,2.749933,0.367374,2.805492,105.472733,1.553702,1.942788,0.699175,3.430801
1776194664.88217,205.188492,540.992676,753.743774,746.181152,79.602646,27.498484,2,3.789801,1.797938,-2.655076,2.856539,0.368916,2.910557,109.995056,1.553702,1.942788,0.699175,3.430801
1776194665.644773,207.339966,557.747742,762.566833,765.087708,78.681625,27.100159,2,3.908407,1.823722,-1.389207,2.980422,0.378131,2.955131,112.837326,1.553702,1.942788,0.699175,3.430801
1776194666.419981,206.264236,567.646606,775.171265,773.910828,77.402252,26.652197,2,3.387803,1.853641,2.767483,2.626127,0.38234,3.00756,84.360512,1.553702,1.942788,0.699175,3.430801
1776194667.186377,212.718643,561.1922,766.348145,773.910828,78.293396,27.486197,2,3.20366,1.798722,-1.715066,2.455119,0.382622,2.911904,95.431282,1.553702,1.942788,0.699175,3.430801
1776194667.950241,211.642914,550.92395,763.827271,762.566833,78.551788,27.754015,2,3.196612,1.781786,2.04553,2.441659,0.377102,2.882923,93.355263,1.553702,1.942788,0.699175,3.430801
1776194668.719146,213.794373,557.595581,768.86908,771.389954,78.03669,27.715471,2,2.773954,1.784203,2.299372,2.132808,0.381453,2.887045,86.314796,1.553702,1.942788,0.699175,3.430801
1776194669.494354,217.021576,561.93103,775.171265,778.952576,77.402252,27.860693,2,2.73639,1.775131,2.803752,2.121171,0.385242,2.871602,97.628975,1.553702,1.942788,0.699175,3.430801
1776194670.241832,218.097321,530.604736,747.441589,748.702026,80.273834,29.130056,2,3.10351,1.69968,-2.250592,2.319693,0.370696,2.745878,89.87233,1.553702,1.942788,0.699175,3.430801
1776194671.006956,213.794373,546.251587,765.087708,760.045959,78.422379,28.129137,2,3.491037,1.758607,-2.351156,2.67095,0.37598,2.843654,90.163849,1.553702,1.942788,0.699175,3.430801
1776194671.74309,215.945847,522.672546,736.097534,738.618408,81.510941,29.236456,2,3.113367,1.693654,3.302489,2.291742,0.365738,2.736044,93.467384,1.553702,1.942788,0.699175,3.430801
1776194672.51957,214.870117,560.301147,776.431702,775.171265,77.276596,27.719051,2,2.847661,1.783978,-2.059561,2.211015,0.383324,2.886661,105.44593,1.553702,1.942788,0.699175,3.430801
1776194673.288475,218.097321,554.553101,768.86908,772.650391,78.03669,28.227169,2,3.380345,1.752651,-0.944631,2.599043,0.382248,2.833637,105.042618,1.553702,1.942788,0.699175,3.430801
1776194674.0536,215.945847,546.620972,765.087708,762.566833,78.422379,28.318287,2,3.347772,1.747152,2.911518,2.561339,0.37729,2.824416,107.050438,1.553702,1.942788,0.699175,3.430801
1776194674.840151,217.021576,570.754028,786.515198,787.775635,76.285873,27.548653,2,2.919081,1.794743,2.987173,2.295902,0.389498,2.905073,83.613609,1.553702,1.942788,0.699175,3.430801
1776194675.609057,217.021576,551.847534,768.86908,768.86908,78.03669,28.226078,2,2.831307,1.752717,2.643681,2.176904,0.380377,2.833748,89.938026,1.553702,1.942788,0.699175,3.430801
1776194676.37166,211.642914,544.621704,762.566833,756.264648,78.681625,27.985298,2,3.042178,1.767421,-0.278843,2.319864,0.374062,2.858533,101.152214,1.553702,1.942788,0.699175,3.430801
1776194677.143098,206.264236,558.823486,771.389954,765.087708,77.78167,26.959553,2,3.5385,1.833006,-1.804494,2.729563,0.378084,2.971318,99.87796,1.553702,1.942788,0.699175,3.430801
1776194677.908223,215.945847,560.48584,765.087708,776.431702,78.422379,27.812599,2,3.58212,1.778125,-0.609714,2.740636,0.383979,2.87669,110.00383,1.553702,1.942788,0.699175,3.430801
1776194678.673346,215.945847,549.141846,765.087708,765.087708,78.422379,28.224977,2,3.489158,1.752784,-0.640229,2.669512,0.378506,2.83386,101.782623,1.553702,1.942788,0.699175,3.430801
1776194679.453596,218.097321,564.636597,780.213013,782.733887,76.902077,27.863533,2,3.200977,1.774954,2.939731,2.497444,0.387113,2.871302,94.156578,1.553702,1.942788,0.699175,3.430801
1776194680.230064,214.870117,557.780273,776.431702,772.650391,77.276596,27.809488,2,2.923493,1.778319,2.746064,2.269893,0.382108,2.87702,93.068367,1.553702,1.942788,0.699175,3.430801
1776194681.000242,217.021576,555.628784,770.129517,772.650391,77.908974,28.08794,2,2.954635,1.761122,2.670706,2.275451,0.382201,2.847893,88.567024,1.553702,1.942788,0.699175,3.430801
1776194681.771668,215.945847,554.183655,771.389954,770.129517,77.78167,28.040197,2,3.027894,1.764046,-1.528861,2.335687,0.380938,2.852829,98.529121,1.553702,1.942788,0.699175,3.430801
1776194682.526709,222.400253,540.166565,755.004211,762.566833,79.469757,29.16469,2,3.378139,1.697714,-0.190641,2.550509,0.377572,2.742665,97.054581,1.553702,1.942788,0.699175,3.430801
1776194683.295614,222.400253,546.468811,768.86908,768.86908,78.03669,28.925632,2,3.343214,1.711384,0.156898,2.570494,0.380612,2.765062,104.31189,1.553702,1.942788,0.699175,3.430801
1776194684.073343,223.475998,555.476562,777.692139,778.952576,77.151352,28.689295,2,3.334891,1.725122,-0.795325,2.593518,0.385523,2.787732,100.620239,1.553702,1.942788,0.699175,3.430801
1776194684.837206,225.627487,540.720642,763.827271,766.348145,78.551788,29.441906,2,3.208928,1.68214,-0.622298,2.451067,0.379537,2.717342,101.479187,1.553702,1.942788,0.699175,3.430801
1776194685.59352,221.324524,529.898376,756.264648,751.2229,79.337303,29.461897,2,2.997184,1.681028,-1.043859,2.266665,0.372053,2.715543,97.335381,1.553702,1.942788,0.699175,3.430801
1776194686.347299,226.703217,533.342773,753.743774,760.045959,79.602646,29.827568,2,2.911347,1.660955,2.732923,2.19441,0.376544,2.683227,87.555695,1.553702,1.942788,0.699175,3.430801
1776194687.122507,222.400253,547.729248,775.171265,770.129517,77.402252,28.878292,2,2.905566,1.714118,-0.266964,2.252311,0.38122,2.769561,103.31501,1.553702,1.942788,0.699175,3.430801
1776194687.880069,219.17305,534.57074,757.525085,753.743774,79.205299,29.077927,2,3.084664,1.702649,2.635365,2.33671,0.373175,2.750733,73.609169,1.553702,1.942788,0.699175,3.430801
1776194688.647713,215.945847,547.881409,767.608582,763.827271,78.164841,28.271557,2,2.82588,1.749968,3.266778,2.16917,0.377898,2.829134,102.104538,1.553702,1.942788,0.699175,3.430801
1776194689.415359,218.097321,552.032227,767.608582,770.129517,78.164841,28.319565,2,3.162892,1.747075,-0.253563,2.427863,0.381032,2.824287,104.088196,1.553702,1.942788,0.699175,3.430801
1776194690.189318,219.17305,555.99823,773.910828,775.171265,77.528313,28.274145,2,3.372359,1.749812,-1.179912,2.609905,0.383512,2.828873,112.338348,1.553702,1.942788,0.699175,3.430801
1776194690.955702,220.248795,547.359802,766.348145,767.608582,78.293396,28.692854,2,3.593877,1.724914,-0.220004,2.754161,0.37991,2.787386,121.036133,1.553702,1.942788,0.699175,3.430801
1776194691.725868,223.475998,550.434814,770.129517,773.910828,77.908974,28.876194,2,3.453436,1.714239,-0.102587,2.659593,0.383091,2.769761,100.842361,1.553702,1.942788,0.699175,3.430801
1776194692.503597,214.870117,552.738464,777.692139,767.608582,77.151352,27.992147,2,3.309916,1.766999,-0.740533,2.574096,0.379675,2.85782,97.778244,1.553702,1.942788,0.699175,3.430801
1776194693.262419,227.778946,546.131897,758.785522,773.910828,79.07373,29.432196,2,3.157651,1.68268,3.135105,2.39598,0.383279,2.718218,97.545326,1.553702,1.942788,0.699175,3.430801
1776194694.059066,219.17305,567.342163,796.598755,786.515198,75.320229,27.866346,2,2.9918,1.774779,-1.570141,2.383264,0.388984,2.871005,95.047585,1.553702,1.942788,0.699175,3.430801
1776194694.830492,220.248795,552.401611,771.389954,772.650391,77.78167,28.505621,2,3.470362,1.735957,-1.106707,2.677002,0.382342,2.805722,110.134476,1.553702,1.942788,0.699175,3.430801
1776194695.609481,220.248795,558.703796,778.952576,778.952576,77.026512,28.274996,2,3.338962,1.74976,-1.481307,2.600893,0.385383,2.828786,92.94487,1.553702,1.942788,0.699175,3.430801
1776194696.374605,218.097321,544.469482,765.087708,762.566833,78.422379,28.600422,2,3.220626,1.730348,2.707754,2.464061,0.377384,2.796395,85.097374,1.553702,1.942788,0.699175,3.430801
1776194697.138468,212.718643,544.806458,763.827271,757.525085,78.551788,28.08074,2,3.118397,1.761562,-0.22238,2.381917,0.374717,2.848636,96.266365,1.553702,1.942788,0.699175,3.430801
1776194697.901072,213.794373,550.032898,762.566833,763.827271,78.681625,27.989885,2,3.465197,1.767139,-0.902126,2.642444,0.377804,2.858056,101.416306,1.553702,1.942788,0.699175,3.430801
1776194698.664948,219.17305,550.956482,763.827271,770.129517,78.551788,28.459246,2,3.3211,1.738715,3.264253,2.536747,0.381079,2.810317,92.169197,1.553702,1.942788,0.699175,3.430801
1776194699.426291,213.794373,541.209839,761.306396,755.004211,78.811897,28.316978,2,3.125715,1.747231,-1.581315,2.379627,0.373548,2.824548,103.857056,1.553702,1.942788,0.699175,3.430801
1776194700.182592,223.475998,544.132568,756.264648,767.608582,79.337303,29.113276,2,3.424836,1.700635,-1.507627,2.590082,0.380051,2.747438,100.710434,1.553702,1.942788,0.699175,3.430801
1776194700.946455,218.097321,539.427734,763.827271,757.525085,78.551788,28.790771,2,3.411511,1.719196,-1.01572,2.605805,0.374952,2.777933,94.068695,1.553702,1.942788,0.699175,3.430801
1776194701.707798,218.097321,543.209106,761.306396,761.306396,78.811897,28.647772,2,3.205771,1.72756,2.883119,2.440574,0.376776,2.79177,67.953697,1.553702,1.942788,0.699175,3.430801
1776194702.474182,215.945847,547.881409,766.348145,763.827271,78.293396,28.271557,2,3.173995,1.749968,-2.351231,2.432385,0.377898,2.829134,96.540825,1.553702,1.942788,0.699175,3.430801
1776194703.201494,234.233368,514.468628,727.274475,748.702026,82.499802,31.285259,2,3.498418,1.585599,5.642045,2.54431,0.3714,2.564968,86.110023,1.553702,1.942788,0.699175,3.430801
1776194703.998141,206.264236,557.563049,796.598755,763.827271,75.320229,27.004042,2,3.122812,1.830058,-3.132357,2.487628,0.377476,2.96617,109.725449,1.553702,1.942788,0.699175,3.430801
1776194704.741837,218.097321,539.427734,743.660217,757.525085,80.682007,28.790771,2,3.356226,1.719196,2.970951,2.495892,0.374952,2.777933,86.990456,1.553702,1.942788,0.699175,3.430801
1776194705.495618,214.870117,535.092346,753.743774,749.962463,79.602646,28.650782,2,2.890071,1.727383,2.486022,2.178373,0.371163,2.791476,82.822548,1.553702,1.942788,0.699175,3.430801
1776194706.2557,217.021576,545.545288,760.045959,762.566833,78.942596,28.459352,2,3.133838,1.738708,-2.22353,2.381861,0.377337,2.810306,103.624542,1.553702,1.942788,0.699175,3.430801
1776194707.012001,213.794373,538.688965,756.264648,752.483337,79.337303,28.411842,2,3.526456,1.741543,-1.523367,2.666934,0.372332,2.815036,112.849594,1.553702,1.942788,0.699175,3.430801
1776194707.76326,215.945847,537.797913,751.2229,753.743774,79.869766,28.649769,2,3.401091,1.727442,-1.592303,2.554977,0.373034,2.791575,99.139778,1.553702,1.942788,0.699175,3.430801
1776194708.540988,214.870117,561.561584,777.692139,776.431702,77.151352,27.674051,2,3.501603,1.786808,-2.477594,2.723169,0.383932,2.891492,106.801239,1.553702,1.942788,0.699175,3.430801
1776194709.278383,223.475998,523.965576,737.357971,747.441589,81.371605,29.89879,2,3.76564,1.657102,-0.561307,2.776625,0.370323,2.677064,108.485374,1.553702,1.942788,0.699175,3.430801
1776194710.048561,212.718643,544.806458,770.129517,757.525085,77.908974,28.08074,2,3.623835,1.761562,-1.986764,2.790822,0.374717,2.848636,98.577049,1.553702,1.942788,0.699175,3.430801
1776194710.780913,220.248795,520.890503,732.316223,741.139282,81.931816,29.717598,2,3.752069,1.66694,-1.185889,2.747701,0.367141,2.692826,96.947372,1.553702,1.942788,0.699175,3.430801
1776194711.547298,222.400253,546.468811,766.348145,768.86908,78.293396,28.925632,2,3.654768,1.711384,-0.572629,2.800825,0.380612,2.765062,104.00116,1.553702,1.942788,0.699175,3.430801
1776194712.322505,231.006149,554.248596,775.171265,785.254761,77.402252,29.417988,2,3.467113,1.683472,0.478377,2.687606,0.388892,2.719501,92.028198,1.553702,1.942788,0.699175,3.430801
1776194713.083849,218.097321,528.083862,761.306396,746.181152,78.811897,29.228466,2,3.151155,1.694105,2.584768,2.398994,0.36948,2.736779,78.208382,1.553702,1.942788,0.699175,3.430801
1776194713.851493,212.718643,548.587769,767.608582,761.306396,78.164841,27.941265,2,3.182076,1.770138,-1.257943,2.442589,0.376541,2.863132,105.31955,1.553702,1.942788,0.699175,3.430801
1776194714.588888,221.324524,526.117065,737.357971,747.441589,81.371605,29.610947,2,3.626621,1.672786,-0.11454,2.674118,0.370229,2.702233,121.712204,1.553702,1.942788,0.699175,3.430801
1776194715.364108,224.551743,554.400818,775.171265,778.952576,77.402252,28.827396,2,3.265747,1.717067,-0.480825,2.531513,0.38557,2.774421,96.141792,1.553702,1.942788,0.699175,3.430801
1776194716.135534,221.324524,546.284058,771.389954,767.608582,77.78167,28.832993,2,3.07536,1.716742,3.308726,2.372302,0.379957,2.773885,109.263557,1.553702,1.942788,0.699175,3.430801
1776194716.90444,222.400253,547.729248,768.86908,770.129517,78.03669,28.878292,2,2.90604,1.714118,3.068099,2.234364,0.38122,2.769561,99.737183,1.553702,1.942788,0.699175,3.430801
1776194717.673345,218.097321,545.72998,768.86908,763.827271,78.03669,28.553226,2,2.874619,1.733135,2.896446,2.210206,0.377992,2.801027,99.592751,1.553702,1.942788,0.699175,3.430801
1776194718.430906,218.097321,539.427734,757.525085,757.525085,79.205299,28.790771,2,2.79021,1.719196,2.643718,2.113654,0.374952,2.777933,67.976463,1.553702,1.942788,0.699175,3.430801
1776194719.189728,212.718643,539.764709,758.785522,752.483337,79.07373,28.268887,2,3.022025,1.750129,0.387576,2.293069,0.372285,2.829405,96.575233,1.553702,1.942788,0.699175,3.430801
1776194719.953604,221.324524,552.586304,763.827271,773.910828,78.551788,28.598196,2,3.51748,1.730479,0.778993,2.686747,0.382997,2.796613,82.618004,1.553702,1.942788,0.699175,3.430801
1776194720.718728,215.945847,542.839661,765.087708,758.785522,78.422379,28.459406,2,3.432335,1.738705,-0.557446,2.626037,0.375466,2.810301,105.708084,1.553702,1.942788,0.699175,3.430801
1776194721.498977,218.097321,564.636597,780.213013,782.733887,76.902077,27.863533,2,3.381685,1.774954,0.291577,2.638435,0.387113,2.871302,108.645073,1.553702,1.942788,0.699175,3.430801
1776194722.26284,218.097321,545.72998,763.827271,763.827271,78.551788,28.553226,2,3.442606,1.733135,-0.215401,2.629556,0.377992,2.801027,96.856186,1.553702,1.942788,0.699175,3.430801
1776194723.031746,215.945847,550.402283,768.86908,766.348145,78.03669,28.178558,2,3.363311,1.755599,-0.045753,2.585946,0.379114,2.838592,101.445374,1.553702,1.942788,0.699175,3.430801
1776194723.799391,220.248795,552.401611,767.608582,772.650391,78.164841,28.505621,2,3.410223,1.735957,-0.140414,2.617717,0.382342,2.805722,95.496582,1.553702,1.942788,0.699175,3.430801
1776194724.570829,218.097321,550.771729,771.389954,768.86908,77.78167,28.36599,2,3.23456,1.744287,2.509595,2.495107,0.380424,2.819622,100.192375,1.553702,1.942788,0.699175,3.430801
1776194725.333433,219.17305,544.654236,762.566833,763.827271,78.681625,28.694061,2,3.082102,1.724843,2.835343,2.350309,0.378039,2.787269,92.65345,1.553702,1.942788,0.699175,3.430801
1776194726.098557,222.400253,546.468811,765.087708,768.86908,78.422379,28.925632,2,3.019779,1.711384,2.829069,2.310395,0.380612,2.765062,94.987915,1.553702,1.942788,0.699175,3.430801
1776194726.876286,224.551743,555.661255,777.692139,780.213013,77.151352,28.780825,2,2.964961,1.719775,-1.399453,2.305827,0.386178,2.778889,102.060852,1.553702,1.942788,0.699175,3.430801
1776194727.647712,223.475998,546.653503,771.389954,770.129517,77.78167,29.017977,2,3.13212,1.706077,2.71373,2.416086,0.381267,2.756349,88.071739,1.553702,1.942788,0.699175,3.430801
1776194728.404013,226.703217,533.342773,756.264648,760.045959,79.337303,29.827568,2,2.99317,1.660955,-1.091747,2.263628,0.376544,2.683227,95.537331,1.553702,1.942788,0.699175,3.430801
1776194729.176712,226.703217,545.947144,772.650391,772.650391,77.654785,29.340982,2,3.12116,1.687776,-0.44916,2.411566,0.382624,2.726482,98.989479,1.553702,1.942788,0.699175,3.430801
1776194729.950659,224.551743,546.838196,773.910828,771.389954,77.528313,29.110018,2,3.238737,1.700821,-1.037214,2.506493,0.381922,2.747741,94.529968,1.553702,1.942788,0.699175,3.430801
1776194730.724606,223.475998,549.174377,773.910828,772.650391,77.528313,28.9233,2,3.075344,1.711519,2.750816,2.380042,0.382483,2.765284,80.688194,1.553702,1.942788,0.699175,3.430801
1776194731.485949,224.551743,538.015076,761.306396,762.566833,78.811897,29.446829,2,2.785156,1.681866,2.551283,2.120357,0.377666,2.716899,73.025139,1.553702,1.942788,0.699175,3.430801
1776194732.251072,222.400253,540.166565,765.087708,762.566833,78.422379,29.16469,2,2.700322,1.697714,2.717108,2.065983,0.377572,2.742665,77.296303,1.553702,1.942788,0.699175,3.430801
1776194733.027553,221.324524,553.846741,776.431702,775.171265,77.276596,28.551695,2,2.703021,1.733226,2.87447,2.098711,0.383605,2.801178,76.360146,1.553702,1.942788,0.699175,3.430801
1776194733.802761,221.324524,553.846741,775.171265,775.171265,77.402252,28.551695,2,2.899293,1.733226,-0.907546,2.247449,0.383605,2.801178,96.10936,1.553702,1.942788,0.699175,3.430801
1776194734.569146,219.17305,544.654236,766.348145,763.827271,78.293396,28.694061,2,3.295064,1.724843,-0.344884,2.525166,0.378039,2.787269,92.166641,1.553702,1.942788,0.699175,3.430801
1776194735.324186,224.551743,536.754639,755.004211,761.306396,79.469757,29.495583,2,3.441917,1.679158,-0.416753,2.598662,0.377058,2.712518,100.181114,1.553702,1.942788,0.699175,3.430801
1776194736.100653,228.854675,552.618774,776.431702,781.47345,77.276596,29.285023,2,3.182837,1.690917,-0.564648,2.471255,0.386974,2.731589,97.769531,1.553702,1.942788,0.699175,3.430801
1776194736.858215,224.551743,527.93158,757.525085,752.483337,79.205299,29.841423,2,3.073022,1.660204,3.129166,2.327892,0.372802,2.682024,86.936302,1.553702,1.942788,0.699175,3.430801
1776194737.623351,218.097321,539.427734,765.087708,757.525085,78.422379,28.790771,2,3.090883,1.719196,-0.128016,2.364797,0.374952,2.777933,100.708496,1.553702,1.942788,0.699175,3.430801
1776194738.388475,217.021576,546.805664,765.087708,763.827271,78.422379,28.41239,2,3.512965,1.74151,0.694836,2.687726,0.377945,2.814981,112.471764,1.553702,1.942788,0.699175,3.430801
1776194739.151079,220.248795,546.099365,762.566833,766.348145,78.681625,28.740046,2,3.134157,1.722153,3.191754,2.390004,0.379302,2.782819,82.589806,1.553702,1.942788,0.699175,3.430801
1776194739.926286,214.870117,553.998962,775.171265,768.86908,77.402252,27.946255,2,2.986744,1.76983,-0.996491,2.315238,0.380283,2.86261,102.661385,1.553702,1.942788,0.699175,3.430801
1776194740.68889,214.870117,547.696716,762.566833,762.566833,78.681625,28.177217,2,3.675817,1.75568,-0.744653,2.803056,0.377243,2.838728,117.579742,1.553702,1.942788,0.699175,3.430801
1776194741.448972,214.870117,545.175842,760.045959,760.045959,78.942596,28.270674,2,3.713831,1.750021,-1.925587,2.822682,0.376027,2.829224,117.620102,1.553702,1.942788,0.699175,3.430801
1776194742.215368,218.097321,552.032227,766.348145,770.129517,78.293396,28.319565,2,3.457489,1.747075,-0.010635,2.64964,0.381032,2.824287,108.515625,1.553702,1.942788,0.699175,3.430801
1776194742.981753,208.415695,546.588501,766.348145,755.004211,78.293396,27.604574,2,3.481361,1.791196,-2.156858,2.667934,0.373313,2.898995,98.984665,1.553702,1.942788,0.699175,3.430801
1776194743.743096,213.794373,553.814209,761.306396,767.608582,78.811897,27.852005,2,3.685107,1.775671,0.043489,2.805495,0.379628,2.872519,84.613716,1.553702,1.942788,0.699175,3.430801
1776194744.514523,223.475998,559.257874,771.389954,782.733887,77.78167,28.550699,2,3.565346,1.733285,0.161018,2.750272,0.387348,2.801276,90.961693,1.553702,1.942788,0.699175,3.430801
1776194745.280907,221.324524,542.502747,766.348145,763.827271,78.293396,28.975729,2,3.497506,1.708501,0.048278,2.680307,0.378133,2.760325,87.463211,1.553702,1.942788,0.699175,3.430801
1776194746.048551,220.248795,546.099365,767.608582,766.348145,78.164841,28.740046,2,3.377778,1.722153,0.12746,2.592811,0.379302,2.782819,89.737534,1.553702,1.942788,0.699175,3.430801
1776194746.81999,221.324524,551.325867,771.389954,772.650391,77.78167,28.644848,2,3.305501,1.727731,-1.27565,2.54983,0.382389,2.792055,107.530411,1.553702,1.942788,0.699175,3.430801
1776194747.588895,223.475998,547.91394,768.86908,771.389954,78.03669,28.97056,2,3.257707,1.708798,-2.575598,2.50475,0.381875,2.760813,99.222687,1.553702,1.942788,0.699175,3.430801
1776194748.351498,223.475998,539.09082,762.566833,762.566833,78.681625,29.305759,2,3.385077,1.689752,-0.502728,2.581348,0.377619,2.729693,112.118118,1.553702,1.942788,0.699175,3.430801
1776194749.102758,228.854675,528.67041,751.2229,757.525085,79.869766,30.210838,2,3.099957,1.640437,2.783149,2.328759,0.375422,2.650549,81.859612,1.553702,1.942788,0.699175,3.430801
1776194749.880486,214.870117,546.436279,777.692139,761.306396,77.151352,28.223869,2,3.020991,1.752851,-2.38813,2.349401,0.376635,2.833972,99.110481,1.553702,1.942788,0.699175,3.430801
1776194750.664517,221.324524,570.232483,783.994324,791.557007,76.531166,27.960655,2,3.11062,1.768941,2.315891,2.438708,0.39151,2.861104,78.068573,1.553702,1.942788,0.699175,3.430801
1776194751.428393,221.324524,542.502747,763.827271,763.827271,78.551788,28.975729,2,2.781679,1.708501,2.557334,2.124722,0.378133,2.760325,78.543114,1.553702,1.942788,0.699175,3.430801
1776194752.214944,220.248795,565.005981,786.515198,785.254761,76.285873,28.048069,2,2.977998,1.763564,-1.905615,2.342241,0.388423,2.852013,88.188644,1.553702,1.942788,0.699175,3.430801
1776194752.968725,219.17305,533.310303,753.743774,752.483337,79.602646,29.126633,2,3.241649,1.699875,2.82751,2.443372,0.372567,2.746196,86.565331,1.553702,1.942788,0.699175,3.430801
1776194753.745193,219.17305,557.258667,776.431702,776.431702,77.276596,28.228247,2,2.953594,1.752586,-0.630465,2.293264,0.38412,2.833528,105.949547,1.553702,1.942788,0.699175,3.430801
1776194754.511578,217.021576,546.805664,766.348145,763.827271,78.293396,28.41239,2,3.374874,1.74151,-0.907063,2.586329,0.377945,2.814981,103.161163,1.553702,1.942788,0.699175,3.430801
1776194755.281755,218.097321,553.292603,770.129517,771.389954,77.908974,28.273291,2,3.411461,1.749863,-1.94103,2.627267,0.38164,2.828959,100.132011,1.553702,1.942788,0.699175,3.430801
1776194756.0494,223.475998,550.434814,767.608582,773.910828,78.164841,28.876194,2,3.241162,1.714239,2.702037,2.487944,0.383091,2.769761,83.92968,1.553702,1.942788,0.699175,3.430801
1776194756.809483,219.17305,535.831177,760.045959,755.004211,78.942596,29.029381,2,2.699119,1.705424,2.810174,2.051454,0.373783,2.755278,79.978661,1.553702,1.942788,0.699175,3.430801
1776194757.573346,217.021576,544.28479,763.827271,761.306396,78.551788,28.50647,2,2.813615,1.735906,3.325023,2.149116,0.376729,2.805638,111.741158,1.553702,1.942788,0.699175,3.430801
1776194758.348554,221.324524,558.888489,775.171265,780.213013,77.402252,28.367191,2,3.122899,1.744215,-0.901272,2.420782,0.386038,2.819502,100.561264,1.553702,1.942788,0.699175,3.430801
1776194759.111157,223.475998,541.611694,762.566833,765.087708,78.681625,29.2092,2,3.56607,1.695194,0.221453,2.719367,0.378835,2.738554,91.506966,1.553702,1.942788,0.699175,3.430801
1776194759.888897,220.248795,553.662048,777.692139,773.910828,77.151352,28.459194,2,3.351773,1.738718,2.886609,2.606647,0.38295,2.810322,91.429192,1.553702,1.942788,0.699175,3.430801
1776194760.67545,214.870117,565.342896,786.515198,780.213013,76.285873,27.53993,2,3.030547,1.795297,-1.554067,2.383571,0.385756,2.906025,105.615616,1.553702,1.942788,0.699175,3.430801
1776194761.440573,219.17305,550.956482,765.087708,770.129517,78.422379,28.459246,2,3.287711,1.738715,-0.607821,2.515387,0.381079,2.810317,97.566544,1.553702,1.942788,0.699175,3.430801
1776194762.200655,223.475998,541.611694,760.045959,765.087708,78.942596,29.2092,2,3.272803,1.695194,-0.338313,2.48748,0.378835,2.738554,101.73262,1.553702,1.942788,0.699175,3.430801
1776194762.958217,225.627487,534.418457,757.525085,760.045959,79.205299,29.686031,2,3.396209,1.668666,0.711244,2.572713,0.376497,2.6956,103.050514,1.553702,1.942788,0.699175,3.430801
1776194763.71956,221.324524,534.940125,761.306396,756.264648,78.811897,29.265488,2,3.126878,1.692017,2.951647,2.380512,0.374485,2.733379,87.763847,1.553702,1.942788,0.699175,3.430801
1776194764.492259,223.475998,551.695251,772.650391,775.171265,77.654785,28.829241,2,2.949371,1.71696,-0.650623,2.278832,0.383699,2.774244,105.269943,1.553702,1.942788,0.699175,3.430801
1776194765.262425,222.400253,546.468811,770.129517,768.86908,77.908974,28.925632,2,3.090165,1.711384,2.676757,2.379828,0.380612,2.765062,90.369881,1.553702,1.942788,0.699175,3.430801
1776194766.017465,221.324524,532.41925,755.004211,753.743774,79.469757,29.363363,2,2.993719,1.686523,-0.055664,2.260271,0.373269,2.724448,107.36795,1.553702,1.942788,0.699175,3.430801
1776194766.78511,219.17305,545.914673,767.608582,765.087708,78.164841,28.646788,2,3.231386,1.727618,-2.378961,2.48044,0.378647,2.791866,95.782608,1.553702,1.942788,0.699175,3.430801
1776194767.543932,234.233368,542.198364,758.785522,776.431702,79.07373,30.167929,2,3.071234,1.642708,2.878813,2.330407,0.384777,2.654149,71.699959,1.553702,1.942788,0.699175,3.430801
1776194768.3204,235.309097,542.383057,776.431702,777.692139,77.276596,30.257359,2,2.617714,1.637982,2.989734,2.032476,0.385432,2.646663,92.367912,1.553702,1.942788,0.699175,3.430801
1776194769.101922,223.475998,544.132568,781.47345,767.608582,76.778038,29.113276,2,2.787315,1.700635,-1.48721,2.178213,0.380051,2.747438,91.533218,1.553702,1.942788,0.699175,3.430801
1776194769.872088,221.324524,546.284058,770.129517,767.608582,77.908974,28.832993,2,2.846146,1.716742,2.455842,2.191901,0.379957,2.773885,73.308708,1.553702,1.942788,0.699175,3.430801
1776194770.637212,224.551743,544.317322,765.087708,768.86908,78.422379,29.20546,2,2.673373,1.695405,-0.180766,2.045365,0.380706,2.738898,100.437134,1.553702,1.942788,0.699175,3.430801
1776194771.399815,223.475998,537.830383,762.566833,761.306396,78.681625,29.354277,2,3.07934,1.687031,2.611756,2.348203,0.377011,2.725274,80.39724,1.553702,1.942788,0.699175,3.430801
1776194772.143512,220.248795,519.630066,743.660217,739.878845,80.682007,29.768225,2,2.93583,1.664179,-1.894144,2.18326,0.366533,2.688394,96.649452,1.553702,1.942788,0.699175,3.430801
1776194772.89225,223.475998,529.007324,748.702026,752.483337,80.138687,29.698463,2,3.447463,1.667985,-0.976333,2.581123,0.372755,2.694506,117.301895,1.553702,1.942788,0.699175,3.430801
1776194773.615779,240.687759,502.972473,723.493164,743.660217,82.930984,32.365288,2,2.925524,1.534145,2.089631,2.116597,0.36925,2.486989,92.276756,1.553702,1.942788,0.699175,3.430801
1776194774.396029,226.703217,537.124023,780.213013,763.827271,76.902077,29.679907,2,2.708975,1.669001,-2.656932,2.113578,0.378368,2.696139,102.557098,1.553702,1.942788,0.699175,3.430801
1776194775.157384,234.233368,535.896118,761.306396,770.129517,78.811897,30.414803,2,2.938944,1.629729,3.11402,2.237437,0.381737,2.633637,94.50399,1.553702,1.942788,0.699175,3.430801
1776194775.937633,229.93042,545.240845,780.213013,775.171265,76.902077,29.661888,2,2.359864,1.669988,3.408696,1.841196,0.383981,2.697728,82.003395,1.553702,1.942788,0.699175,3.430801
1776194776.692674,219.17305,523.226746,755.004211,742.39978,79.469757,29.52224,2,2.899293,1.677681,-0.883713,2.188979,0.367703,2.710131,105.269699,1.553702,1.942788,0.699175,3.430801
1776194777.454016,219.17305,542.133362,761.306396,761.306396,78.811897,28.789074,2,3.337324,1.719295,-0.647839,2.540726,0.376823,2.778096,89.807381,1.553702,1.942788,0.699175,3.430801
1776194778.207797,220.248795,534.755432,753.743774,755.004211,79.602646,29.171864,2,3.073471,1.697307,2.601361,2.31661,0.37383,2.742002,84.381294,1.553702,1.942788,0.699175,3.430801
1776194778.961577,215.945847,532.756165,753.743774,748.702026,79.602646,28.842697,2,3.118938,1.716179,-0.69142,2.35088,0.370602,2.772957,118.960678,1.553702,1.942788,0.699175,3.430801
1776194779.736796,213.794373,558.856018,775.171265,772.650391,77.402252,27.670261,2,3.509754,1.787047,-1.262954,2.72066,0.382061,2.8919,107.008789,1.553702,1.942788,0.699175,3.430801
1776194780.494358,217.021576,544.28479,757.525085,761.306396,79.205299,28.50647,2,3.752812,1.735906,-0.571589,2.842849,0.376729,2.805638,111.825333,1.553702,1.942788,0.699175,3.430801
1776194781.256961,213.794373,544.99115,762.566833,758.785522,78.681625,28.175863,2,3.626732,1.755763,-0.764031,2.765626,0.375372,2.838867,103.023041,1.553702,1.942788,0.699175,3.430801
1776194782.019565,217.021576,549.326538,762.566833,766.348145,78.681625,28.318926,2,3.748881,1.747114,-0.185406,2.858773,0.379161,2.824352,98.955338,1.553702,1.942788,0.699175,3.430801
1776194782.768303,210.567169,530.572144,748.702026,741.139282,80.138687,28.411282,2,3.641333,1.741576,-2.752188,2.726274,0.366719,2.815092,106.020126,1.553702,1.942788,0.699175,3.430801
1776194783.509478,211.642914,530.756836,741.139282,742.39978,80.956444,28.507944,2,3.661966,1.735819,-2.649693,2.714027,0.367374,2.805492,102.033417,1.553702,1.942788,0.699175,3.430801
1776194784.26578,210.567169,544.437012,756.264648,755.004211,79.337303,27.889534,2,3.603198,1.77334,-3.066539,2.724971,0.373407,2.868562,98.336555,1.553702,1.942788,0.699175,3.430801
1776194785.032164,212.718643,556.150452,766.348145,768.86908,78.293396,27.666431,2,3.39034,1.787288,2.592006,2.598181,0.38019,2.892313,91.843834,1.553702,1.942788,0.699175,3.430801
1776194785.79604,217.021576,551.847534,763.827271,768.86908,78.551788,28.226078,2,3.170185,1.752717,-1.164617,2.421474,0.380377,2.833748,101.99675,1.553702,1.942788,0.699175,3.430801
1776194786.553601,218.097321,540.688232,757.525085,758.785522,79.205299,28.742949,2,3.3101,1.721984,2.893996,2.507484,0.37556,2.782538,97.133049,1.553702,1.942788,0.699175,3.430801
1776194787.327548,218.097321,555.813477,773.910828,773.910828,77.528313,28.181194,2,3.019162,1.755439,-1.425698,2.336562,0.382857,2.838322,112.525375,1.553702,1.942788,0.699175,3.430801
1776194788.102756,211.642914,555.965698,775.171265,767.608582,77.402252,27.571722,2,3.449458,1.793278,-2.523812,2.673921,0.379535,2.902562,114.270416,1.553702,1.942788,0.699175,3.430801
1776194788.875443,214.870117,561.561584,772.650391,776.431702,77.654785,27.674051,2,3.570606,1.786808,-2.258128,2.758831,0.383932,2.891492,104.967476,1.553702,1.942788,0.699175,3.430801
1776194789.625442,217.021576,535.461792,749.962463,752.483337,80.004005,28.840715,2,3.585153,1.716294,-3.329476,2.68873,0.372473,2.773146,104.146912,1.553702,1.942788,0.699175,3.430801
1776194790.384276,218.097321,541.948608,758.785522,760.045959,79.07373,28.69528,2,3.426544,1.724772,3.112795,2.600012,0.376168,2.787151,94.678932,1.553702,1.942788,0.699175,3.430801
1776194791.139316,218.097321,536.90686,755.004211,755.004211,79.469757,28.886902,2,3.036586,1.71362,2.597612,2.292635,0.373736,2.768741,98.247681,1.553702,1.942788,0.699175,3.430801
1776194791.914524,214.870117,556.519836,775.171265,771.389954,77.402252,27.854929,2,3.19628,1.775489,-2.136478,2.477664,0.381499,2.87221,109.480682,1.553702,1.942788,0.699175,3.430801
1776194792.668304,212.718643,538.504272,753.743774,751.2229,79.602646,28.316317,2,3.521135,1.74727,-2.119254,2.654033,0.371677,2.824614,98.570694,1.553702,1.942788,0.699175,3.430801
1776194793.434689,215.945847,554.183655,766.348145,770.129517,78.293396,28.040197,2,3.548939,1.764046,-1.99159,2.719723,0.380938,2.852829,112.116837,1.553702,1.942788,0.699175,3.430801
1776194794.197292,217.021576,546.805664,762.566833,763.827271,78.681625,28.41239,2,3.346103,1.74151,3.147021,2.551627,0.377945,2.814981,96.717949,1.553702,1.942788,0.699175,3.430801
1776194794.967457,221.324524,553.846741,770.129517,775.171265,77.908974,28.551695,2,3.047385,1.733226,-1.23114,2.346881,0.383605,2.801178,97.879089,1.553702,1.942788,0.699175,3.430801
1776194795.74898,221.324524,560.148926,781.47345,781.47345,76.778038,28.32144,2,3.234309,1.746962,-1.164432,2.527527,0.386646,2.824098,101.123672,1.553702,1.942788,0.699175,3.430801
1776194796.515364,224.551743,545.577759,766.348145,770.129517,78.293396,29.15766,2,3.214887,1.698113,-1.523887,2.463723,0.381314,2.743317,93.202682,1.553702,1.942788,0.699175,3.430801
1776194797.279227,222.400253,538.906128,763.827271,761.306396,78.551788,29.212975,2,3.179166,1.69498,-1.041372,2.428334,0.376964,2.738205,94.528854,1.553702,1.942788,0.699175,3.430801
1776194798.059477,224.551743,558.182129,780.213013,782.733887,76.902077,28.688133,2,3.294549,1.725191,-0.605927,2.57045,0.387395,2.787844,108.638275,1.553702,1.942788,0.699175,3.430801
1776194798.827122,221.324524,542.502747,767.608582,763.827271,78.164841,28.975729,2,3.182411,1.708501,-0.63466,2.442846,0.378133,2.760325,96.939079,1.553702,1.942788,0.699175,3.430801
1776194799.597301,223.475998,549.174377,770.129517,772.650391,77.908974,28.9233,2,3.246267,1.711519,-1.629648,2.500046,0.382483,2.765284,98.145279,1.553702,1.942788,0.699175,3.430801
1776194800.364945,223.475998,544.132568,767.608582,767.608582,78.164841,29.113276,2,3.27082,1.700635,-0.797441,2.51071,0.380051,2.747438,88.006706,1.553702,1.942788,0.699175,3.430801
1776194801.126288,223.475998,537.830383,761.306396,761.306396,78.811897,29.354277,2,3.186199,1.687031,2.601621,2.425674,0.377011,2.725274,77.889931,1.553702,1.942788,0.699175,3.430801
1776194801.891412,218.097321,540.688232,765.087708,758.785522,78.422379,28.742949,2,3.233575,1.721984,0.658085,2.473968,0.37556,2.782538,107.085228,1.553702,1.942788,0.699175,3.430801
1776194802.662838,217.021576,553.10791,771.389954,770.129517,77.78167,28.17988,2,3.556874,1.755519,-1.770527,2.743737,0.380985,2.838457,109.397003,1.553702,1.942788,0.699175,3.430801
1776194803.405275,220.248795,525.932373,742.39978,746.181152,80.818993,29.516798,2,3.600075,1.677983,-1.752894,2.672695,0.369574,2.710618,115.110321,1.553702,1.942788,0.699175,3.430801
1776194804.16663,229.93042,542.719971,761.306396,772.650391,78.811897,29.758661,2,3.363541,1.6647,2.333858,2.560685,0.382765,2.689229,105.315773,1.553702,1.942788,0.699175,3.430801
1776194804.938055,224.551743,540.53595,771.389954,765.087708,77.78167,29.349804,2,3.028453,1.687282,-1.921095,2.336118,0.378882,2.72568,98.400139,1.553702,1.942788,0.699175,3.430801
1776194805.696878,222.400253,533.86438,758.785522,756.264648,79.07373,29.407728,2,3.292282,1.684044,-1.043525,2.498136,0.374532,2.720428,96.017494,1.553702,1.942788,0.699175,3.430801
1776194806.464522,217.021576,544.28479,767.608582,761.306396,78.164841,28.50647,2,3.42696,1.735906,-1.344883,2.630564,0.376729,2.805638,118.179718,1.553702,1.942788,0.699175,3.430801
1776194807.223345,227.778946,543.611023,758.785522,771.389954,79.07373,29.528379,2,3.367916,1.677342,-1.227168,2.555526,0.382063,2.709582,103.166855,1.553702,1.942788,0.699175,3.430801
1776194807.99351,219.17305,540.872925,770.129517,760.045959,77.908974,28.836817,2,3.186287,1.716521,-1.208199,2.453854,0.376215,2.773519,96.639603,1.553702,1.942788,0.699175,3.430801
1776194808.767469,217.021576,554.368408,773.910828,771.389954,77.528313,28.133833,2,3.306719,1.75832,-1.447786,2.559105,0.381593,2.843172,99.376472,1.553702,1.942788,0.699175,3.430801
1776194809.52125,221.324524,537.460999,753.743774,758.785522,79.602646,29.168261,2,3.353873,1.697511,-1.273683,2.527961,0.375701,2.742335,106.385391,1.553702,1.942788,0.699175,3.430801
1776194810.27629,220.248795,533.494995,755.004211,753.743774,79.469757,29.220646,2,3.1664,1.694547,2.633546,2.390645,0.373222,2.737499,89.896072,1.553702,1.942788,0.699175,3.430801
1776194811.045195,219.17305,548.435547,768.86908,767.608582,78.03669,28.552711,2,3.033044,1.733166,0.176164,2.332014,0.379863,2.801078,93.714378,1.553702,1.942788,0.699175,3.430801
1776194811.797715,223.475998,534.049072,752.483337,757.525085,79.735985,29.500807,2,3.430044,1.678869,-0.114058,2.581051,0.375187,2.712049,109.799942,1.553702,1.942788,0.699175,3.430801
1776194812.559058,227.778946,538.569214,761.306396,766.348145,78.811897,29.722647,2,3.363381,1.666664,-0.314518,2.560564,0.379631,2.692383,102.553627,1.553702,1.942788,0.699175,3.430801
1776194813.325443,220.248795,537.276306,766.348145,757.525085,78.293396,29.074785,2,3.24153,1.702829,-1.070772,2.48414,0.375046,2.751027,100.78582,1.553702,1.942788,0.699175,3.430801
1776194814.081744,226.703217,537.124023,756.264648,763.827271,79.337303,29.679907,2,3.232403,1.669001,0.303753,2.444552,0.378368,2.696139,96.386482,1.553702,1.942788,0.699175,3.430801
1776194814.858223,220.248795,548.6203,776.431702,768.86908,77.276596,28.645813,2,3.192362,1.727675,-1.35164,2.478651,0.380518,2.79196,98.274384,1.553702,1.942788,0.699175,3.430801
1776194815.624609,222.400253,546.468811,766.348145,768.86908,78.293396,28.925632,2,3.330592,1.711384,-1.221934,2.552393,0.380612,2.765062,105.080261,1.553702,1.942788,0.699175,3.430801
1776194816.392253,222.400253,545.208313,767.608582,767.608582,78.164841,28.973133,2,3.210308,1.70865,-0.344698,2.46426,0.380004,2.76057,114.86203,1.553702,1.942788,0.699175,3.430801
1776194817.169982,223.475998,555.476562,777.692139,778.952576,77.151352,28.689295,2,3.17294,1.725122,-1.279102,2.46757,0.385523,2.787732,90.644699,1.553702,1.942788,0.699175,3.430801
1776194817.928804,222.400253,535.124817,758.785522,757.525085,79.07373,29.358799,2,3.291177,1.686778,-0.972695,2.497298,0.37514,2.724863,102.780228,1.553702,1.942788,0.699175,3.430801
1776194818.691419,219.17305,539.612488,762.566833,758.785522,78.681625,28.884718,2,3.298993,1.713746,-0.067803,2.515703,0.375607,2.768949,102.67511,1.553702,1.942788,0.699175,3.430801
1776194819.456543,221.324524,546.284058,765.087708,767.608582,78.422379,28.832993,2,3.433715,1.716742,-0.143718,2.627094,0.379957,2.773885,117.661148,1.553702,1.942788,0.699175,3.430801
1776194820.224188,225.627487,547.022888,767.608582,772.650391,78.164841,29.201757,2,3.55,1.695614,0.10901,2.72501,0.382577,2.73924,88.823036,1.553702,1.942788,0.699175,3.430801
1776194820.988052,222.400253,537.645691,763.827271,760.045959,78.551788,29.261421,2,3.614012,1.692246,-0.033317,2.760481,0.376356,2.733752,106.672318,1.553702,1.942788,0.699175,3.430801
1776194821.76452,217.021576,553.10791,776.431702,770.129517,77.276596,28.17988,2,3.402319,1.755519,-0.433161,2.641669,0.380985,2.838457,106.970825,1.553702,1.942788,0.699175,3.430801
1776194822.523341,219.17305,542.133362,758.785522,761.306396,79.07373,28.789074,2,3.14163,1.719295,3.074076,2.383823,0.376823,2.778096,96.03894,1.553702,1.942788,0.699175,3.430801
1776194823.297301,215.945847,554.183655,773.910828,770.129517,77.528313,28.040197,2,2.894435,1.764046,3.11402,2.240034,0.380938,2.852829,96.063324,1.553702,1.942788,0.699175,3.430801
1776194824.063686,211.642914,549.663452,766.348145,761.306396,78.293396,27.799965,2,3.091978,1.778913,-2.395332,2.369532,0.376494,2.878031,99.473999,1.553702,1.942788,0.699175,3.430801
1776194824.83133,219.17305,557.258667,767.608582,776.431702,78.164841,28.228247,2,3.366355,1.752586,-1.293951,2.584043,0.38412,2.833528,98.412949,1.553702,1.942788,0.699175,3.430801
1776194825.602757,215.945847,551.66272,771.389954,767.608582,77.78167,28.132286,2,3.210778,1.758415,2.877848,2.476762,0.379722,2.843331,94.759293,1.553702,1.942788,0.699175,3.430801
1776194826.375443,223.475998,557.997437,772.650391,781.47345,77.654785,28.59675,2,2.957229,1.730564,3.330442,2.284904,0.386739,2.796755,106.438194,1.553702,1.942788,0.699175,3.430801
1776194827.154433,214.870117,553.998962,778.952576,768.86908,77.026512,27.946255,2,3.040659,1.76983,-1.03558,2.368529,0.380283,2.86261,100.054749,1.553702,1.942788,0.699175,3.430801
1776194827.92209,220.248795,553.662048,767.608582,773.910828,78.164841,28.459194,2,3.125495,1.738718,2.766667,2.399157,0.38295,2.810322,81.359154,1.553702,1.942788,0.699175,3.430801
1776194828.688474,219.17305,545.914673,766.348145,765.087708,78.293396,28.646788,2,2.976434,1.727618,3.094568,2.280984,0.378647,2.791866,99.547371,1.553702,1.942788,0.699175,3.430801
1776194829.45738,223.475998,550.434814,768.86908,773.910828,78.03669,28.876194,2,3.003093,1.714239,-0.330852,2.308986,0.383091,2.769761,103.285538,1.553702,1.942788,0.699175,3.430801
1776194830.226285,215.945847,544.100098,768.86908,760.045959,78.03669,28.412209,2,3.290677,1.741521,-0.971804,2.5301,0.376074,2.814999,95.572807,1.553702,1.942788,0.699175,3.430801
1776194830.983847,223.475998,542.872131,757.525085,766.348145,79.205299,29.161158,2,3.440286,1.697914,-0.05778,2.606103,0.379443,2.742993,100.55452,1.553702,1.942788,0.699175,3.430801
1776194831.761587,220.248795,553.662048,777.692139,773.910828,77.151352,28.459194,2,3.280387,1.738718,-1.099134,2.551131,0.38295,2.810322,96.989761,1.553702,1.942788,0.699175,3.430801
1776194832.52419,220.248795,542.318054,762.566833,762.566833,78.681625,28.882557,2,3.116739,1.713871,2.397857,2.376722,0.377478,2.769155,79.488243,1.553702,1.942788,0.699175,3.430801
1776194833.293096,217.021576,548.066162,768.86908,765.087708,78.03669,28.365582,2,2.952859,1.744312,-1.509557,2.270362,0.378553,2.819663,96.735458,1.553702,1.942788,0.699175,3.430801
1776194834.05948,217.021576,549.326538,766.348145,766.348145,78.293396,28.318926,2,3.35976,1.747114,-1.053473,2.574746,0.379161,2.824352,94.164474,1.553702,1.942788,0.699175,3.430801
1776194834.824604,220.248795,548.6203,765.087708,768.86908,78.422379,28.645813,2,3.371735,1.727675,0.134142,2.579673,0.380518,2.79196,89.141747,1.553702,1.942788,0.699175,3.430801
1776194835.596031,228.854675,552.618774,771.389954,781.47345,77.78167,29.285023,2,3.473679,1.690917,0.223903,2.679561,0.386974,2.731589,84.578606,1.553702,1.942788,0.699175,3.430801
1776194836.362427,227.778946,537.308777,766.348145,765.087708,78.293396,29.77161,2,3.332479,1.663995,0.717481,2.553839,0.379023,2.688098,85.061615,1.553702,1.942788,0.699175,3.430801
1776194837.128812,224.551743,538.015076,766.348145,762.566833,78.293396,29.446829,2,3.28904,1.681866,0.951129,2.52055,0.377666,2.716899,93.592857,1.553702,1.942788,0.699175,3.430801
1776194837.898978,221.324524,545.023621,770.129517,766.348145,77.908974,28.880415,2,3.044888,1.713995,2.95844,2.344958,0.379349,2.769359,96.395836,1.553702,1.942788,0.699175,3.430801
1776194838.65906,224.551743,539.275513,760.045959,763.827271,78.942596,29.398235,2,3.06989,1.684574,0.447157,2.333258,0.378274,2.721287,85.582527,1.553702,1.942788,0.699175,3.430801
1776194839.426705,213.794373,541.209839,767.608582,755.004211,78.164841,28.316978,2,3.286626,1.747231,3.105333,2.522842,0.373548,2.824548,108.113823,1.553702,1.942788,0.699175,3.430801
1776194840.190568,219.17305,550.956482,763.827271,770.129517,78.551788,28.459246,2,3.177995,1.738715,0.106263,2.427439,0.381079,2.810317,106.312813,1.553702,1.942788,0.699175,3.430801
1776194840.963267,224.551743,554.400818,772.650391,778.952576,77.654785,28.827396,2,3.623159,1.717067,0.427445,2.799435,0.38557,2.774421,97.144524,1.553702,1.942788,0.699175,3.430801
1776194841.733433,221.324524,545.023621,770.129517,766.348145,77.908974,28.880415,2,3.499775,1.713995,-0.323056,2.69528,0.379349,2.769359,104.964478,1.553702,1.942788,0.699175,3.430801
1776194842.504859,215.945847,549.141846,771.389954,765.087708,77.78167,28.224977,2,3.36674,1.752784,-1.516982,2.597069,0.378506,2.83386,99.438034,1.553702,1.942788,0.699175,3.430801
1776194843.272505,215.945847,551.66272,767.608582,767.608582,78.164841,28.132286,2,3.381023,1.758415,-0.964529,2.595303,0.379722,2.843331,98.491196,1.553702,1.942788,0.699175,3.430801
1776194844.028805,220.248795,541.057617,756.264648,761.306396,79.337303,28.930374,2,3.393209,1.711111,-0.511526,2.566164,0.37687,2.764613,111.286026,1.553702,1.942788,0.699175,3.430801
1776194844.798972,225.627487,550.804199,770.129517,776.431702,77.908974,29.059542,2,3.280633,1.703699,-0.50618,2.526512,0.384401,2.752452,95.860703,1.553702,1.942788,0.699175,3.430801
1776194845.57041,227.778946,546.131897,771.389954,773.910828,77.78167,29.432196,2,3.082234,1.68268,3.12189,2.377604,0.383279,2.718218,103.308846,1.553702,1.942788,0.699175,3.430801
1776194846.344357,223.475998,545.393066,773.910828,768.86908,77.528313,29.065546,2,2.781009,1.703356,3.233776,2.152253,0.380659,2.75189,90.619881,1.553702,1.942788,0.699175,3.430801
1776194847.10444,228.854675,537.493469,760.045959,766.348145,78.942596,29.863018,2,3.014384,1.659035,-0.568842,2.29107,0.379678,2.680154,100.312668,1.553702,1.942788,0.699175,3.430801
1776194847.873345,225.627487,539.460205,768.86908,765.087708,78.03669,29.490408,2,3.007579,1.679445,3.621741,2.312434,0.378929,2.712982,106.346313,1.553702,1.942788,0.699175,3.430801
1776194848.647292,222.400253,547.729248,773.910828,770.129517,77.528313,28.878292,2,2.884805,1.714118,-1.43728,2.232582,0.38122,2.769561,105.455353,1.553702,1.942788,0.699175,3.430801
1776194849.406114,223.475998,536.569946,758.785522,760.045959,79.07373,29.40296,2,3.286189,1.68431,-1.384752,2.493512,0.376403,2.720859,101.506348,1.553702,1.942788,0.699175,3.430801
1776194850.164948,226.703217,535.863647,758.785522,762.566833,79.07373,29.728964,2,3.446908,1.666319,-0.650177,2.615464,0.37776,2.691829,101.512566,1.553702,1.942788,0.699175,3.430801
1776194850.95024,224.551743,558.182129,785.254761,782.733887,76.408325,28.688133,2,3.331079,1.725191,-0.194984,2.615745,0.387395,2.787844,101.514297,1.553702,1.942788,0.699175,3.430801
1776194851.726707,215.945847,550.402283,776.431702,766.348145,77.276596,28.178558,2,3.392913,1.755599,-1.970208,2.634366,0.379114,2.838592,106.779762,1.553702,1.942788,0.699175,3.430801
1776194852.480487,220.248795,538.536743,753.743774,758.785522,79.602646,29.026487,2,3.434495,1.705589,2.85654,2.588729,0.375654,2.755549,101.08532,1.553702,1.942788,0.699175,3.430801
1776194853.251914,219.17305,550.956482,771.389954,770.129517,77.78167,28.459246,2,3.126454,1.738715,-1.466533,2.411715,0.381079,2.810317,106.871292,1.553702,1.942788,0.699175,3.430801
1776194854.013256,219.17305,542.133362,761.306396,761.306396,78.811897,28.789074,2,3.224613,1.719295,2.34377,2.454919,0.376823,2.778096,75.415489,1.553702,1.942788,0.699175,3.430801
1776194854.793517,219.17305,561.039978,780.213013,780.213013,76.902077,28.091436,2,2.91479,1.760908,2.624192,2.274157,0.385944,2.847533,79.691559,1.553702,1.942788,0.699175,3.430801
1776194855.566205,221.324524,553.846741,772.650391,775.171265,77.654785,28.551695,2,2.764922,1.733226,2.842916,2.136318,0.383605,2.801178,92.289093,1.553702,1.942788,0.699175,3.430801
1776194856.323766,225.627487,536.939331,757.525085,762.566833,79.205299,29.587898,2,2.824407,1.674055,3.562085,2.139559,0.377713,2.704278,85.622856,1.553702,1.942788,0.699175,3.430801
1776194857.093932,225.627487,544.502014,770.129517,770.129517,77.908974,29.297342,2,2.800901,1.690225,3.256903,2.157056,0.381361,2.730463,112.105202,1.553702,1.942788,0.699175,3.430801
1776194857.866618,224.551743,546.838196,772.650391,771.389954,77.654785,29.110018,2,2.88093,1.700821,-0.550467,2.225952,0.381922,2.747741,95.519958,1.553702,1.942788,0.699175,3.430801
1776194858.638057,229.93042,547.761719,771.389954,777.692139,77.78167,29.565737,2,3.169981,1.675277,-0.760987,2.445291,0.385197,2.70625,106.049004,1.553702,1.942788,0.699175,3.430801
1776194859.404442,231.006149,536.602417,766.348145,767.608582,78.293396,30.094263,2,3.053477,1.646622,-1.485354,2.340026,0.38038,2.660363,92.88987,1.553702,1.942788,0.699175,3.430801
1776194860.180909,221.324524,543.763184,776.431702,765.087708,77.276596,28.927994,2,3.093444,1.711248,-2.669517,2.401848,0.378741,2.764839,87.612999,1.553702,1.942788,0.699175,3.430801
1776194860.952336,227.778946,551.173645,771.389954,778.952576,77.78167,29.241695,2,3.131568,1.693358,-0.700923,2.41566,0.385711,2.735562,92.915184,1.553702,1.942788,0.699175,3.430801
1776194861.71746,232.081909,538.047607,765.087708,770.129517,78.422379,30.135437,2,3.143464,1.644432,-0.443443,2.405026,0.381643,2.656884,94.296738,1.553702,1.942788,0.699175,3.430801
1776194862.485105,225.627487,534.418457,767.608582,760.045959,78.164841,29.686031,2,3.067493,1.668666,2.772346,2.354634,0.376497,2.6956,99.572433,1.553702,1.942788,0.699175,3.430801
1776194863.251502,218.097321,539.427734,766.348145,757.525085,78.293396,28.790771,2,2.987434,1.719196,-0.385718,2.289415,0.374952,2.777933,109.371201,1.553702,1.942788,0.699175,3.430801
1776194864.010323,231.006149,542.904663,758.785522,773.910828,79.07373,29.849195,2,3.36501,1.659783,0.445338,2.553321,0.38342,2.681351,88.892097,1.553702,1.942788,0.699175,3.430801
1776194864.790573,225.627487,548.283325,780.213013,773.910828,76.902077,29.154196,2,3.225958,1.698309,-0.329293,2.516935,0.383185,2.743638,101.39325,1.553702,1.942788,0.699175,3.430801
1776194865.575864,222.400253,559.073181,785.254761,781.47345,76.408325,28.459093,2,3.367606,1.738724,-1.052026,2.644428,0.386693,2.810332,102.42778,1.553702,1.942788,0.699175,3.430801
1776194866.333425,224.551743,535.494202,757.525085,760.045959,79.205299,29.544497,2,3.527431,1.67645,0.332003,2.672117,0.37645,2.708143,90.330269,1.553702,1.942788,0.699175,3.430801
1776194867.099823,229.93042,542.719971,766.348145,772.650391,78.293396,29.758661,2,3.501631,1.6647,-0.163876,2.683468,0.382765,2.689229,99.681084,1.553702,1.942788,0.699175,3.430801
1776194867.885113,229.93042,555.324341,785.254761,785.254761,76.408325,29.280996,2,3.261687,1.691144,-1.547199,2.561255,0.388845,2.731958,94.419655,1.553702,1.942788,0.699175,3.430801
1776194868.660321,226.703217,544.686768,775.171265,771.389954,77.402252,29.388926,2,3.171847,1.685094,-1.189267,2.458725,0.382016,2.722129,95.846436,1.553702,1.942788,0.699175,3.430801
1776194869.433008,226.703217,545.947144,772.650391,772.650391,77.654785,29.340982,2,3.233146,1.687776,-1.408993,2.498091,0.382624,2.726482,94.958809,1.553702,1.942788,0.699175,3.430801
1776194870.199392,227.778946,539.829651,766.348145,767.608582,78.293396,29.673841,2,3.358592,1.669333,-0.454617,2.57385,0.380239,2.696674,95.667686,1.553702,1.942788,0.699175,3.430801
1776194870.969571,212.718643,539.764709,770.129517,752.483337,77.908974,28.268887,2,3.337862,1.750129,-0.58577,2.570586,0.372285,2.829405,95.443748,1.553702,1.942788,0.699175,3.430801
1776194871.737215,231.006149,558.029907,767.608582,789.036072,78.164841,29.277008,2,3.189138,1.691368,-0.385904,2.44801,0.390717,2.732323,90.4245,1.553702,1.942788,0.699175,3.430801
1776194872.511162,227.778946,542.350586,773.910828,770.129517,77.528313,29.576706,2,3.13774,1.674672,-1.041335,2.428331,0.381455,2.705274,89.719666,1.553702,1.942788,0.699175,3.430801
1776194873.283849,226.703217,544.686768,772.650391,771.389954,77.654785,29.388926,2,3.112635,1.685094,2.798666,2.404979,0.382016,2.722129,88.962242,1.553702,1.942788,0.699175,3.430801
1776194874.059057,235.309097,549.945679,775.171265,785.254761,77.402252,29.965956,2,2.969285,1.653486,-0.610531,2.301704,0.38908,2.67129,100.111633,1.553702,1.942788,0.699175,3.430801
1776194874.830483,228.854675,534.972595,771.389954,763.827271,77.78167,29.961575,2,3.113032,1.653721,0.032724,2.401361,0.378462,2.671665,86.997604,1.553702,1.942788,0.699175,3.430801
1776194875.599401,222.400253,538.906128,768.86908,761.306396,78.03669,29.212975,2,3.311965,1.69498,-0.543636,2.546467,0.376964,2.738205,97.597443,1.553702,1.942788,0.699175,3.430801
1776194876.35318,226.703217,532.082275,753.743774,758.785522,79.602646,29.877113,2,3.346037,1.658273,-0.853421,2.522054,0.375936,2.678935,90.817276,1.553702,1.942788,0.699175,3.430801
1776194877.13343,228.854675,553.879211,780.213013,782.733887,76.902077,29.237864,2,3.265387,1.693574,-1.471025,2.547697,0.387582,2.735915,86.153938,1.553702,1.942788,0.699175,3.430801
1776194877.902335,235.309097,541.12262,768.86908,776.431702,78.03669,30.306477,2,3.416815,1.635398,0.863631,2.627084,0.384824,2.642579,84.797096,1.553702,1.942788,0.699175,3.430801
1776194878.672502,225.627487,533.15802,770.129517,758.785522,77.908974,29.735344,2,3.224762,1.665971,3.074225,2.483485,0.375889,2.69127,104.388657,1.553702,1.942788,0.699175,3.430801
1776194879.4225,229.93042,525.073792,749.962463,755.004211,80.004005,30.454191,2,3.156451,1.627677,-0.433606,2.367219,0.374253,2.630408,95.252068,1.553702,1.942788,0.699175,3.430801
1776194880.19772,229.93042,545.240845,775.171265,775.171265,77.402252,29.661888,2,3.410807,1.669988,0.527564,2.643959,0.383981,2.697728,92.387306,1.553702,1.942788,0.699175,3.430801
1776194880.960324,224.551743,531.712891,762.566833,756.264648,78.681625,29.692217,2,3.479768,1.668327,0.23311,2.653555,0.374626,2.695056,83.638466,1.553702,1.942788,0.699175,3.430801
1776194881.738052,220.248795,552.401611,777.692139,772.650391,77.151352,28.505621,2,3.43,1.735957,-1.269117,2.667484,0.382342,2.805722,111.778503,1.553702,1.942788,0.699175,3.430801
1776194882.498134,224.551743,540.53595,760.045959,765.087708,78.942596,29.349804,2,3.070135,1.687282,2.874952,2.333444,0.378882,2.72568,92.409996,1.553702,1.942788,0.699175,3.430801
1776194883.259477,220.248795,536.015869,761.306396,756.264648,78.811897,29.123243,2,2.925546,1.700068,-1.366674,2.227237,0.374438,2.746511,93.291107,1.553702,1.942788,0.699175,3.430801
1776194884.027121,221.324524,547.544556,767.608582,768.86908,78.164841,28.785723,2,3.398953,1.71949,-1.056072,2.609066,0.380565,2.778418,103.23941,1.553702,1.942788,0.699175,3.430801
1776194884.784695,222.400253,536.385254,757.525085,758.785522,79.205299,29.31003,2,3.314997,1.689512,-0.630205,2.511194,0.375748,2.729304,89.646065,1.553702,1.942788,0.699175,3.430801
1776194885.549819,225.627487,543.241577,765.087708,768.86908,78.422379,29.345373,2,3.493502,1.68753,-0.270714,2.672835,0.380753,2.726083,96.985962,1.553702,1.942788,0.699175,3.430801
1776194886.317464,224.551743,541.796387,767.608582,766.348145,78.164841,29.301531,2,3.528206,1.689989,-0.349747,2.708281,0.37949,2.73008,100.309845,1.553702,1.942788,0.699175,3.430801
1776194887.08511,222.400253,542.687439,767.608582,765.087708,78.164841,29.068596,2,3.400955,1.703182,-1.514792,2.610602,0.378788,2.751605,96.477386,1.553702,1.942788,0.699175,3.430801
1776194887.828806,227.778946,522.183533,743.660217,749.962463,80.682007,30.372047,2,3.602557,1.631961,-0.440028,2.679078,0.371726,2.637155,105.006531,1.553702,1.942788,0.699175,3.430801
1776194888.586368,227.778946,529.746155,757.525085,757.525085,79.205299,30.068832,2,3.652956,1.647978,-0.625528,2.767206,0.375375,2.662518,107.265823,1.553702,1.942788,0.699175,3.430801
1776194889.356546,226.703217,542.165894,770.129517,768.86908,77.908974,29.485283,2,3.569077,1.679729,-0.956881,2.748652,0.3808,2.713442,98.905106,1.553702,1.942788,0.699175,3.430801
1776194890.116627,223.475998,532.788635,760.045959,756.264648,78.942596,29.549974,2,3.565543,1.676148,-0.17234,2.709977,0.374579,2.707654,107.37558,1.553702,1.942788,0.699175,3.430801
1776194890.877971,220.248795,537.276306,761.306396,757.525085,78.811897,29.074785,2,3.328651,1.702829,3.064053,2.534123,0.375046,2.751027,87.168221,1.553702,1.942788,0.699175,3.430801
1776194891.621667,211.642914,521.933716,743.660217,733.57666,80.682007,28.850824,2,3.287329,1.715708,-0.044713,2.444655,0.363117,2.772181,110.18457,1.553702,1.942788,0.699175,3.430801
1776194892.376707,219.17305,544.654236,755.004211,763.827271,79.469757,28.694061,2,3.249765,1.724843,2.906766,2.453586,0.378039,2.787269,102.151192,1.553702,1.942788,0.699175,3.430801
1776194893.134269,222.400253,538.906128,757.525085,761.306396,79.205299,29.212975,2,3.234781,1.69498,-0.634772,2.450428,0.376964,2.738205,118.624069,1.553702,1.942788,0.699175,3.430801
1776194893.894351,210.567169,535.614014,760.045959,746.181152,78.942596,28.219309,2,3.63919,1.753127,-1.149806,2.765952,0.369151,2.834437,118.805145,1.553702,1.942788,0.699175,3.430801
1776194894.656955,203.037018,550.706787,762.566833,753.743774,78.681625,26.93714,2,3.734073,1.834495,-3.55581,2.84748,0.37247,2.973921,124.497971,1.553702,1.942788,0.699175,3.430801
1776194895.39813,215.945847,540.318787,741.139282,756.264648,80.956444,28.55427,2,3.630925,1.733074,-4.067541,2.691021,0.37425,2.800925,98.304619,1.553702,1.942788,0.699175,3.430801
1776194896.130483,224.551743,517.848022,732.316223,742.39978,81.931816,30.24674,2,3.333294,1.638542,2.561641,2.441025,0.367937,2.647549,103.699318,1.553702,1.942788,0.699175,3.430801
1776194896.884275,213.794373,527.34491,753.743774,741.139282,79.602646,28.84672,2,3.107243,1.715946,-1.540555,2.342065,0.36686,2.772573,110.433182,1.553702,1.942788,0.699175,3.430801
1776194897.643097,209.491425,544.252319,758.785522,753.743774,79.07373,27.793451,2,3.445071,1.77932,-2.129685,2.61407,0.372752,2.878724,99.822876,1.553702,1.942788,0.699175,3.430801
1776194898.417045,221.324524,566.451111,773.910828,787.775635,77.528313,28.094868,2,3.548545,1.760699,-1.137778,2.746258,0.389686,2.847179,115.544312,1.553702,1.942788,0.699175,3.430801
1776194899.190991,218.097321,552.032227,773.910828,770.129517,77.528313,28.319565,2,3.477403,1.747075,-0.727243,2.6912,0.381032,2.824287,114.668732,1.553702,1.942788,0.699175,3.430801
1776194899.951074,210.567169,540.655762,760.045959,751.2229,78.942596,28.029919,2,3.323206,1.764677,3.006959,2.525789,0.371583,2.853894,109.00013,1.553702,1.942788,0.699175,3.430801
1776194900.707375,217.021576,546.805664,756.264648,763.827271,79.337303,28.41239,2,3.380984,1.74151,-0.203114,2.556918,0.377945,2.814981,125.916229,1.553702,1.942788,0.699175,3.430801
1776194901.467469,215.945847,542.839661,760.045959,758.785522,78.942596,28.459406,2,3.77271,1.738705,-0.924733,2.867433,0.375466,2.810301,125.960754,1.553702,1.942788,0.699175,3.430801
1776194902.236375,223.475998,554.216125,768.86908,777.692139,78.03669,28.735792,2,3.454377,1.722402,-0.189156,2.655964,0.384915,2.783229,100.347916,1.553702,1.942788,0.699175,3.430801
1776194903.009061,221.324524,548.804993,772.650391,770.129517,77.654785,28.738611,2,3.440495,1.722237,-0.858062,2.6583,0.381173,2.782957,104.390793,1.553702,1.942788,0.699175,3.430801
1776194903.786789,222.400253,556.552307,777.692139,778.952576,77.151352,28.551193,2,3.486736,1.733256,-0.640303,2.711607,0.385476,2.801227,119.116714,1.553702,1.942788,0.699175,3.430801
1776194904.561998,220.248795,552.401611,775.171265,772.650391,77.402252,28.505621,2,3.218726,1.735957,3.381189,2.495064,0.382342,2.805722,102.076973,1.553702,1.942788,0.699175,3.430801
1776194905.296871,229.93042,516.250732,734.837097,746.181152,81.650749,30.814289,2,2.692888,1.609166,2.806684,1.978834,0.369996,2.601434,84.773743,1.553702,1.942788,0.699175,3.430801
1776194906.068309,220.248795,539.79718,771.389954,760.045959,77.78167,28.978352,2,2.766384,1.70835,-2.654185,2.133961,0.376262,2.760078,98.95459,1.553702,1.942788,0.699175,3.430801
1776194906.806964,224.551743,519.108459,738.618408,743.660217,81.232742,30.195475,2,3.480613,1.641249,0.173306,2.570845,0.368545,2.651836,102.568253,1.553702,1.942788,0.699175,3.430801
1776194907.569567,219.17305,537.091614,762.566833,756.264648,78.681625,28.981001,2,3.664048,1.708198,-1.091412,2.794081,0.374391,2.759828,121.059586,1.553702,1.942788,0.699175,3.430801
1776194908.320827,213.794373,531.126282,751.2229,744.920654,79.869766,28.700289,2,3.662356,1.724478,-1.267112,2.751245,0.368684,2.786665,109.785446,1.553702,1.942788,0.699175,3.430801
1776194909.088471,206.264236,552.521301,767.608582,758.785522,78.164841,27.18347,2,3.551679,1.818267,-1.039256,2.726299,0.375043,2.945653,111.064453,1.553702,1.942788,0.699175,3.430801
1776194909.852336,205.188492,557.378357,763.827271,762.566833,78.551788,26.907608,2,3.656781,1.836461,-2.628088,2.793149,0.376821,2.97736,107.861893,1.553702,1.942788,0.699175,3.430801
1776194910.61998,205.188492,562.420105,767.608582,767.608582,78.164841,26.730875,2,3.586372,1.848314,-2.502429,2.75293,0.379253,2.998168,106.424873,1.553702,1.942788,0.699175,3.430801
1776194911.382595,212.718643,558.671326,762.566833,771.389954,78.681625,27.576021,2,3.624019,1.793005,-1.659086,2.763557,0.381406,2.902094,108.616806,1.553702,1.942788,0.699175,3.430801
1776194912.137637,208.415695,541.546753,755.004211,749.962463,79.469757,27.79015,2,3.541813,1.779526,-1.678761,2.674083,0.370881,2.879074,108.030151,1.553702,1.942788,0.699175,3.430801
1776194912.892677,211.642914,547.142578,755.004211,758.785522,79.469757,27.892324,2,3.629368,1.773167,-1.630799,2.740188,0.375278,2.868268,109.699799,1.553702,1.942788,0.699175,3.430801
1776194913.648977,208.415695,544.067627,756.264648,752.483337,79.337303,27.69705,2,3.674863,1.785361,-0.953578,2.779169,0.372097,2.88902,109.008362,1.553702,1.942788,0.699175,3.430801
1776194914.416623,198.73407,557.530579,767.608582,756.264648,78.164841,26.278378,2,3.654207,1.879389,-2.934198,2.805001,0.373499,3.053288,119.338989,1.553702,1.942788,0.699175,3.430801
1776194915.176705,213.794373,563.897766,760.045959,777.692139,78.942596,27.490875,2,3.682602,1.798423,-1.318675,2.798947,0.384493,2.911391,120.423035,1.553702,1.942788,0.699175,3.430801
1776194915.930485,217.021576,540.50354,753.743774,757.525085,79.602646,28.648764,2,3.602872,1.727501,-0.380818,2.715642,0.374905,2.791673,113.331635,1.553702,1.942788,0.699175,3.430801
1776194916.686786,215.945847,539.05835,756.264648,755.004211,79.337303,28.601938,2,3.586011,1.730258,0.233073,2.711973,0.373642,2.796247,88.372948,1.553702,1.942788,0.699175,3.430801
1776194917.449401,218.097321,546.990356,762.566833,765.087708,78.681625,28.506187,2,3.455746,1.735923,-1.204746,2.635237,0.3786,2.805666,105.045799,1.553702,1.942788,0.699175,3.430801
1776194918.204442,219.17305,537.091614,755.004211,756.264648,79.469757,28.981001,2,3.552323,1.708198,-1.360809,2.682019,0.374391,2.759828,111.720306,1.553702,1.942788,0.699175,3.430801
1776194918.956962,219.17305,533.310303,752.483337,752.483337,79.735985,29.126633,2,3.162668,1.699875,2.924325,2.379855,0.372567,2.746196,92.95533,1.553702,1.942788,0.699175,3.430801
1776194919.719565,212.718643,542.285583,762.566833,755.004211,78.681625,28.1745,2,2.814403,1.755846,3.383973,2.14617,0.373501,2.839006,120.239708,1.553702,1.942788,0.699175,3.430801
1776194920.467043,211.642914,534.538208,747.441589,746.181152,80.273834,28.363476,2,3.269012,1.744438,-0.592192,2.443396,0.369198,2.819874,119.852158,1.553702,1.942788,0.699175,3.430801
1776194921.235948,220.248795,558.703796,768.86908,778.952576,78.03669,28.274996,2,3.565743,1.74976,-0.787307,2.741589,0.385383,2.828786,113.585129,1.553702,1.942788,0.699175,3.430801
1776194922.012416,215.945847,555.444092,776.431702,771.389954,77.276596,27.994383,2,3.319325,1.766862,-2.813551,2.577229,0.381546,2.857587,102.218094,1.553702,1.942788,0.699175,3.430801
1776194922.782594,211.642914,553.444824,770.129517,765.087708,77.908974,27.662569,2,3.299773,1.787532,-1.95818,2.541253,0.378318,2.892729,95.854156,1.553702,1.942788,0.699175,3.430801
1776194923.530073,214.870117,536.352783,747.441589,751.2229,80.273834,28.602711,2,3.395537,1.730213,-2.194166,2.537966,0.371771,2.796171,101.004036,1.553702,1.942788,0.699175,3.430801
1776194924.282592,212.718643,537.243835,752.483337,749.962463,79.735985,28.363905,2,3.446928,1.744412,-1.374395,2.593756,0.371069,2.819831,99.585274,1.553702,1.942788,0.699175,3.430801
1776194925.026288,223.475998,532.788635,743.660217,756.264648,80.682007,29.549974,2,3.576837,1.676148,-0.478301,2.659951,0.374579,2.707654,118.676102,1.553702,1.942788,0.699175,3.430801
1776194925.796455,210.567169,544.437012,770.129517,755.004211,77.908974,27.889534,2,3.402273,1.77334,-1.087552,2.620191,0.373407,2.868562,99.981148,1.553702,1.942788,0.699175,3.430801
1776194926.556536,212.718643,549.848206,760.045959,762.566833,78.942596,27.895081,2,3.491269,1.772996,-1.712319,2.653525,0.377149,2.867978,101.107315,1.553702,1.942788,0.699175,3.430801
1776194927.325442,215.945847,556.704529,768.86908,772.650391,78.03669,27.948713,2,3.538226,1.769678,-1.400789,2.720432,0.382155,2.862353,115.154465,1.553702,1.942788,0.699175,3.430801
1776194928.090578,219.17305,549.696045,765.087708,768.86908,78.422379,28.505901,2,3.603965,1.73594,-1.13336,2.757349,0.380471,2.805694,121.095764,1.553702,1.942788,0.699175,3.430801
1776194928.846879,218.097321,536.90686,756.264648,755.004211,79.337303,28.886902,2,3.425821,1.71362,-1.51056,2.590827,0.373736,2.768741,98.989128,1.553702,1.942788,0.699175,3.430801
1776194929.603181,218.097321,538.167358,756.264648,756.264648,79.337303,28.838757,2,3.372466,1.716408,-0.964009,2.550477,0.374344,2.773334,116.123398,1.553702,1.942788,0.699175,3.430801
1776194930.360742,220.248795,539.79718,757.525085,760.045959,79.205299,28.978352,2,3.276299,1.70835,-1.291984,2.481879,0.376262,2.760078,95.655731,1.553702,1.942788,0.699175,3.430801
1776194931.118304,221.324524,537.460999,757.525085,758.785522,79.205299,29.168261,2,3.229178,1.697511,-1.060935,2.446183,0.375701,2.742335,101.926346,1.553702,1.942788,0.699175,3.430801
1776194931.867042,215.945847,526.453918,748.702026,742.39978,80.138687,29.08754,2,3.347117,1.702101,-0.435425,2.505993,0.367562,2.749836,104.709885,1.553702,1.942788,0.699175,3.430801
1776194932.625863,211.642914,542.10083,758.785522,753.743774,79.07373,28.078894,2,3.588426,1.761675,-0.126568,2.722846,0.372846,2.848826,119.643326,1.553702,1.942788,0.699175,3.430801
1776194933.402332,212.718643,564.973511,776.431702,777.692139,77.276596,27.352551,2,3.379266,1.807297,3.15155,2.623769,0.384446,2.926672,108.261345,1.553702,1.942788,0.699175,3.430801
1776194934.161166,208.415695,545.328064,758.785522,753.743774,79.07373,27.650734,2,3.256467,1.788278,-2.226982,2.47096,0.372705,2.894004,105.462898,1.553702,1.942788,0.699175,3.430801
1776194934.926289,212.718643,557.410889,765.087708,770.129517,78.422379,27.621153,2,3.577633,1.790147,-1.382376,2.737203,0.380798,2.8972,108.407249,1.553702,1.942788,0.699175,3.430801
1776194935.682591,217.021576,544.28479,756.264648,761.306396,79.337303,28.50647,2,3.692174,1.735906,-1.7941,2.792261,0.376729,2.805638,107.296349,1.553702,1.942788,0.699175,3.430801
1776194936.446454,212.718643,546.066895,763.827271,758.785522,78.551788,28.034094,2,3.463633,1.764421,2.757349,2.645617,0.375325,2.853461,87.896614,1.553702,1.942788,0.699175,3.430801
1776194937.200235,208.415695,540.286316,753.743774,748.702026,79.602646,27.836933,2,3.015845,1.776608,2.226538,2.273175,0.370273,2.874112,90.656715,1.553702,1.942788,0.699175,3.430801
1776194937.962838,217.021576,555.628784,762.566833,772.650391,78.681625,28.08794,2,3.349092,1.761122,-1.026226,2.553907,0.382201,2.847893,105.549637,1.553702,1.942788,0.699175,3.430801
1776194938.735536,214.870117,555.259399,772.650391,770.129517,77.654785,27.900517,2,3.74803,1.772659,-1.10344,2.895917,0.380891,2.867407,116.687195,1.553702,1.942788,0.699175,3.430801
1776194939.504442,215.945847,554.183655,768.86908,770.129517,78.03669,28.040197,2,3.652793,1.764046,-0.580053,2.80852,0.380938,2.852829,104.671158,1.553702,1.942788,0.699175,3.430801
1776194940.277128,214.870117,556.519836,772.650391,771.389954,77.654785,27.854929,2,3.203249,1.775489,3.181211,2.474991,0.381499,2.87221,88.998932,1.553702,1.942788,0.699175,3.430801
1776194941.029649,222.400253,538.906128,752.483337,761.306396,79.735985,29.212975,2,3.051152,1.69498,-0.187857,2.295941,0.376964,2.738205,105.13974,1.553702,1.942788,0.699175,3.430801
1776194941.806116,224.551743,554.400818,776.431702,778.952576,77.276596,28.827396,2,3.061773,1.717067,3.017799,2.377257,0.38557,2.774421,80.440689,1.553702,1.942788,0.699175,3.430801
1776194942.578803,223.475998,547.91394,772.650391,771.389954,77.654785,28.97056,2,3.056254,1.708798,-0.486505,2.361416,0.381875,2.760813,99.312622,1.553702,1.942788,0.699175,3.430801
1776194943.341419,219.17305,538.352051,762.566833,757.525085,78.681625,28.932777,2,3.212666,1.710972,3.339686,2.449873,0.374999,2.764385,100.348061,1.553702,1.942788,0.699175,3.430801
1776194944.107803,219.17305,547.17511,766.348145,766.348145,78.293396,28.59967,2,3.159295,1.730392,-1.410589,2.42112,0.379255,2.796469,115.453522,1.553702,1.942788,0.699175,3.430801
1776194944.888053,218.097321,560.855225,780.213013,778.952576,76.902077,27.998793,2,3.417984,1.76659,-1.577343,2.666756,0.385289,2.857128,103.818817,1.553702,1.942788,0.699175,3.430801
1776194945.650656,213.794373,543.730713,762.566833,757.525085,78.681625,28.222746,2,3.335575,1.752919,2.498273,2.543599,0.374764,2.834087,97.446831,1.553702,1.942788,0.699175,3.430801
1776194946.419561,212.718643,554.889954,768.86908,767.608582,78.03669,27.711863,2,3.327997,1.78443,-0.926107,2.558794,0.379581,2.887431,119.677429,1.553702,1.942788,0.699175,3.430801
1776194947.204865,213.794373,572.720825,785.254761,786.515198,76.408325,27.182484,2,3.609221,1.818331,-0.278955,2.834157,0.388749,2.945765,115.687103,1.553702,1.942788,0.699175,3.430801
1776194947.983853,220.248795,566.266418,778.952576,786.515198,77.026512,28.00312,2,3.689981,1.766324,-0.651142,2.874321,0.389031,2.856678,109.25824,1.553702,1.942788,0.699175,3.430801
1776194948.764102,219.17305,559.779541,780.213013,778.952576,76.902077,28.136894,2,3.460613,1.758134,3.024221,2.700015,0.385336,2.842858,89.317894,1.553702,1.942788,0.699175,3.430801
1776194949.533008,198.73407,546.186584,768.86908,744.920654,78.03669,26.678556,2,3.149004,1.851853,-2.724272,2.421172,0.368026,3.004404,102.560608,1.553702,1.942788,0.699175,3.430801
1776194950.29309,217.021576,564.451904,760.045959,781.47345,78.942596,27.770821,2,3.524724,1.780734,0.326398,2.678952,0.386458,2.881131,100.647583,1.553702,1.942788,0.699175,3.430801
1776194951.065777,220.248795,556.182922,772.650391,776.431702,77.654785,28.366795,2,3.193564,1.744239,2.459629,2.467509,0.384167,2.819541,84.190384,1.553702,1.942788,0.699175,3.430801
1776194951.830913,222.400253,545.208313,765.087708,767.608582,78.422379,28.973133,2,2.848523,1.70865,2.895073,2.17937,0.380004,2.76057,81.255043,1.553702,1.942788,0.699175,3.430801
1776194952.612423,219.17305,558.519104,781.47345,777.692139,76.778038,28.182495,2,2.775317,1.75536,2.604925,2.168836,0.384728,2.838189,85.454338,1.553702,1.942788,0.699175,3.430801
1776194953.380068,220.248795,548.6203,767.608582,768.86908,78.164841,28.645813,2,3.143404,1.727675,-0.02489,2.412904,0.380518,2.79196,102.886375,1.553702,1.942788,0.699175,3.430801
1776194954.156536,219.17305,555.99823,776.431702,775.171265,77.276596,28.274145,2,3.446204,1.749812,-0.703076,2.675742,0.383512,2.828873,104.834763,1.553702,1.942788,0.699175,3.430801
1776194954.924182,222.400253,548.989685,767.608582,771.389954,78.164841,28.831106,2,3.426291,1.716852,-0.598243,2.63005,0.381828,2.774065,99.494171,1.553702,1.942788,0.699175,3.430801
1776194955.700662,223.475998,554.216125,776.431702,777.692139,77.276596,28.735792,2,3.377797,1.722402,-0.749925,2.622629,0.384915,2.783229,103.424774,1.553702,1.942788,0.699175,3.430801
1776194956.460743,229.93042,537.678162,760.045959,767.608582,78.942596,29.954124,2,3.336099,1.654122,-1.09828,2.535588,0.380333,2.672304,98.61808,1.553702,1.942788,0.699175,3.430801
1776194957.213264,229.93042,522.552917,752.483337,752.483337,79.735985,30.556213,2,3.356216,1.622389,-0.513159,2.525497,0.373037,2.6221,102.519943,1.553702,1.942788,0.699175,3.430801
1776194957.953179,233.157639,510.502563,739.878845,743.660217,81.09436,31.352711,2,2.95472,1.582282,3.467535,2.186135,0.368921,2.559873,84.917061,1.553702,1.942788,0.699175,3.430801
1776194958.730908,215.945847,541.579224,777.692139,757.525085,77.151352,28.50676,2,2.702139,1.735889,-2.486207,2.101432,0.374858,2.805609,98.432381,1.553702,1.942788,0.699175,3.430801
1776194959.488469,223.475998,542.872131,757.525085,766.348145,79.205299,29.161158,2,3.091212,1.697914,2.805088,2.341671,0.379443,2.742993,95.161095,1.553702,1.942788,0.699175,3.430801
1776194960.258634,233.157639,548.315796,770.129517,781.47345,77.908974,29.835644,2,2.80868,1.660517,-2.347667,2.163047,0.387162,2.682526,92.484726,1.553702,1.942788,0.699175,3.430801
1776194961.018729,263.278229,532.060059,760.045959,795.338318,78.942596,33.102669,2,3.172903,1.500943,-4.276836,2.411552,0.395166,2.437867,91.206161,1.553702,1.942788,0.699175,3.430801
1776194961.801499,477.627075,514.340027,782.733887,991.967102,76.654404,48.149487,3,1.517902,0.863479,4.313457,1.188113,0.412421,1.278798,26.059477,2.62296,4.685811,0.108322,3.959939
1776194962.716628,658.91687,445.229492,915.0802,1104.146362,65.568024,59.676586,3,1.125848,0.817477,0.084013,1.030241,0.53865,1.177421,24.275566,2.62296,4.685811,0.108322,3.959939
1776194963.914107,1000.0,928.474731,1197.418945,1928.474731,50.107777,51.85445,3,0.891531,0.776139,7.507009,1.067536,0.776139,0.995848,10.0,2.62296,4.685811,0.108322,3.959939
1776194965.898139,1000.0,888.140625,1983.934204,1888.140625,30.242939,52.962154,3,0.70725,0.776139,13.299582,1.403138,0.776139,0.942444,10.0,2.62296,4.685811,0.108322,3.959939
1776195064.526284,499.381836,468.636902,1175.991455,968.018738,51.020779,51.588036,3,1.244382,0.856196,3.205438,1.463382,0.427569,1.031654,12.942343,2.62296,4.685811,0.108322,3.959939
1776195065.37839,291.247375,361.661072,852.058105,652.908447,70.417732,44.607689,2,1.800035,1.125087,-2.093305,1.533734,0.327679,1.947095,74.433136,1.553702,1.942788,0.699175,3.430801
1776195066.176286,242.839249,498.300049,797.859192,741.139282,75.201241,32.765667,2,2.585171,1.515932,-3.036099,2.062603,0.368128,2.459927,84.857079,1.553702,1.942788,0.699175,3.430801
1776195066.936368,243.914993,517.391418,760.045959,761.306396,78.942596,32.039005,2,2.803723,1.549324,-2.950458,2.130958,0.377903,2.509759,91.570114,1.553702,1.942788,0.699175,3.430801
1776195067.687628,240.687759,506.753845,751.2229,747.441589,79.869766,32.201546,2,2.830749,1.541724,-1.835639,2.126523,0.371074,2.498334,91.526962,1.553702,1.942788,0.699175,3.430801
1776195068.446449,232.081909,516.620117,758.785522,748.702026,79.07373,30.9979,2,2.990923,1.599893,-0.280217,2.269469,0.371306,2.587029,101.631271,1.553702,1.942788,0.699175,3.430801
1776195069.192679,226.703217,513.175659,746.181152,739.878845,80.409431,30.640587,2,3.060002,1.618042,-0.482013,2.283316,0.366815,2.615289,96.283989,1.553702,1.942788,0.699175,3.430801
1776195069.928813,229.93042,509.948425,736.097534,739.878845,81.510941,31.076765,2,3.199326,1.595944,-1.560675,2.355016,0.366956,2.580916,100.382523,1.553702,1.942788,0.699175,3.430801
1776195070.681332,226.703217,521.998779,752.483337,748.702026,79.735985,30.279499,2,3.209188,1.636816,-1.102401,2.41486,0.371071,2.644819,92.285065,1.553702,1.942788,0.699175,3.430801
1776195071.43007,224.551743,521.629395,748.702026,746.181152,80.138687,30.093462,2,3.316364,1.646665,-1.039924,2.482969,0.369761,2.66043,104.127724,1.553702,1.942788,0.699175,3.430801
1776195072.176288,223.475998,521.444641,746.181152,744.920654,80.409431,29.999975,2,3.242108,1.65166,-1.498458,2.4192,0.369106,2.66838,97.583977,1.553702,1.942788,0.699175,3.430801
1776195072.909901,224.551743,510.285339,733.57666,734.837097,81.791046,30.558029,2,3.3121,1.622295,-0.326991,2.429679,0.364289,2.621953,105.79953,1.553702,1.942788,0.699175,3.430801
1776195073.642254,221.324524,507.210388,732.316223,728.534912,81.931816,30.3794,2,3.283264,1.631577,-0.797998,2.404388,0.361108,2.636549,105.785065,1.553702,1.942788,0.699175,3.430801
1776195074.365783,232.081909,504.015625,723.493164,736.097534,82.930984,31.52869,2,3.199664,1.573694,2.056778,2.314935,0.365226,2.546726,84.642937,1.553702,1.942788,0.699175,3.430801
1776195075.10822,226.703217,509.394318,742.39978,736.097534,80.818993,30.797985,2,3.028631,1.609995,-0.777395,2.248455,0.364991,2.602726,105.269257,1.553702,1.942788,0.699175,3.430801
1776195075.86326,223.475998,527.746887,755.004211,751.2229,79.469757,29.748293,2,3.196194,1.665265,-2.104887,2.41314,0.372147,2.690136,101.509796,1.553702,1.942788,0.699175,3.430801
1776195076.610738,226.703217,524.519653,747.441589,751.2229,80.273834,30.177889,2,3.250081,1.64218,-0.650957,2.429246,0.372288,2.653312,101.04612,1.553702,1.942788,0.699175,3.430801
1776195077.345612,235.309097,509.611572,734.837097,744.920654,81.650749,31.588476,2,3.14977,1.570798,-0.245433,2.314568,0.369623,2.542307,105.386124,1.553702,1.942788,0.699175,3.430801
1776195078.096871,229.93042,514.990234,751.2229,744.920654,79.869766,30.866432,2,3.12587,1.606522,-1.345291,2.348225,0.369388,2.597319,100.518639,1.553702,1.942788,0.699175,3.430801
1776195078.855705,240.687759,530.702209,758.785522,771.389954,79.07373,31.201828,2,3.224083,1.589722,-0.261693,2.446388,0.382627,2.571313,111.337097,1.553702,1.942788,0.699175,3.430801
1776195079.62335,234.233368,525.812622,767.608582,760.045959,78.164841,30.818316,2,3.095927,1.608962,-1.012491,2.376461,0.376873,2.601116,102.737572,1.553702,1.942788,0.699175,3.430801
1776195080.385953,234.233368,528.333496,762.566833,762.566833,78.681625,30.716436,2,3.0648,1.614154,-0.120554,2.337115,0.378089,2.609212,98.8302,1.553702,1.942788,0.699175,3.430801
1776195081.138473,229.93042,517.511169,752.483337,747.441589,79.735985,30.762327,2,3.210982,1.611811,0.715773,2.41621,0.370604,2.605556,91.745079,1.553702,1.942788,0.699175,3.430801
1776195081.904857,231.006149,536.602417,766.348145,767.608582,78.293396,30.094263,2,3.136873,1.646622,-0.540815,2.403937,0.38038,2.660363,103.119148,1.553702,1.942788,0.699175,3.430801
1776195082.653596,235.309097,518.434692,748.702026,753.743774,80.138687,31.21871,2,3.056874,1.588886,0.053549,2.288688,0.373879,2.570025,95.157066,1.553702,1.942788,0.699175,3.430801
1776195083.41872,235.309097,529.778625,765.087708,765.087708,78.422379,30.755833,2,3.069987,1.612142,-0.128981,2.348809,0.379352,2.606072,103.06897,1.553702,1.942788,0.699175,3.430801
1776195084.153593,243.914993,501.005676,734.837097,744.920654,81.650749,32.743755,2,3.069885,1.516917,0.036882,2.255865,0.369999,2.461384,78.578896,1.553702,1.942788,0.699175,3.430801
1776195084.89603,236.384842,497.191833,742.39978,733.57666,80.818993,32.223602,2,2.968414,1.540698,-0.500797,2.20375,0.364198,2.496796,102.209351,1.553702,1.942788,0.699175,3.430801
1776195085.651082,229.93042,517.511169,755.004211,747.441589,79.469757,30.762327,2,3.112658,1.611811,-1.047385,2.35007,0.370604,2.605556,99.123459,1.553702,1.942788,0.699175,3.430801
1776195086.408643,227.778946,527.225281,757.525085,755.004211,79.205299,30.169228,2,3.266658,1.642639,-0.809098,2.474576,0.374159,2.65404,101.91188,1.553702,1.942788,0.699175,3.430801
1776195087.156122,224.551743,519.108459,747.441589,743.660217,80.273834,30.195475,2,3.406979,1.641249,0.161093,2.546518,0.368545,2.651836,93.8377,1.553702,1.942788,0.699175,3.430801
1776195087.916204,227.778946,536.04834,760.045959,763.827271,78.942596,29.82074,2,3.23413,1.661325,-0.085176,2.458088,0.378415,2.68382,111.171326,1.553702,1.942788,0.699175,3.430801
1776195088.668724,233.157639,525.627869,752.483337,758.785522,79.735985,30.727737,2,3.236551,1.613576,-0.365152,2.435451,0.376218,2.60831,110.962708,1.553702,1.942788,0.699175,3.430801
1776195089.428806,235.309097,527.257751,760.045959,762.566833,78.942596,30.857504,2,3.177693,1.606974,-0.901124,2.415193,0.378136,2.598022,108.694641,1.553702,1.942788,0.699175,3.430801
1776195090.186368,232.081909,521.661865,757.525085,753.743774,79.205299,30.790558,2,3.226115,1.610373,0.283485,2.443863,0.373738,2.603314,105.361595,1.553702,1.942788,0.699175,3.430801
1776195090.926283,236.384842,508.535828,739.878845,744.920654,81.09436,31.732889,2,3.314645,1.563848,0.367789,2.452435,0.36967,2.53173,89.347115,1.553702,1.942788,0.699175,3.430801
1776195091.677541,229.93042,513.729797,751.2229,743.660217,79.869766,30.918747,2,3.313159,1.603877,-0.30546,2.488921,0.36878,2.593209,115.276016,1.553702,1.942788,0.699175,3.430801
1776195092.428814,226.703217,520.738403,751.2229,747.441589,79.869766,30.330559,2,3.293786,1.634134,-0.081501,2.474367,0.370463,2.640583,106.663757,1.553702,1.942788,0.699175,3.430801
1776195093.182593,231.006149,527.779358,753.743774,758.785522,79.602646,30.444197,2,3.222924,1.628198,-0.699327,2.429259,0.376124,2.631227,105.914406,1.553702,1.942788,0.699175,3.430801
1776195093.937633,223.475998,522.705139,755.004211,746.181152,79.469757,29.949295,2,3.173736,1.654381,-0.324949,2.396184,0.369714,2.672719,108.157326,1.553702,1.942788,0.699175,3.430801
1776195094.698977,227.778946,538.569214,761.306396,766.348145,78.811897,29.722647,2,3.167371,1.666664,-0.516723,2.41134,0.379631,2.692383,109.019501,1.553702,1.942788,0.699175,3.430801
1776195095.456538,227.778946,529.746155,757.525085,757.525085,79.205299,30.068832,2,3.09563,1.647978,-0.569956,2.345017,0.375375,2.662518,104.656868,1.553702,1.942788,0.699175,3.430801
1776195096.197714,235.309097,514.653381,741.139282,749.962463,80.956444,31.376118,2,3.168743,1.581134,-0.840355,2.34848,0.372055,2.558112,104.203163,1.553702,1.942788,0.699175,3.430801
1776195096.947712,231.006149,513.91449,749.962463,744.920654,80.004005,31.010839,2,3.203643,1.599244,0.1677,2.402612,0.369435,2.586024,89.79245,1.553702,1.942788,0.699175,3.430801
1776195097.707795,227.778946,528.485718,760.045959,756.264648,78.942596,30.118946,2,3.267491,1.645309,-0.568768,2.483443,0.374767,2.658276,109.251038,1.553702,1.942788,0.699175,3.430801
1776195098.464108,233.157639,529.40918,756.264648,762.566833,79.337303,30.575371,2,3.052705,1.6214,-0.319863,2.308653,0.378042,2.620549,108.931,1.553702,1.942788,0.699175,3.430801
1776195099.230492,225.627487,531.897583,766.348145,757.525085,78.293396,29.784819,2,3.052444,1.663276,-1.44567,2.339235,0.375281,2.686946,98.016487,1.553702,1.942788,0.699175,3.430801
1776195099.989315,223.475998,532.788635,758.785522,756.264648,79.07373,29.549974,2,3.239659,1.676148,0.05303,2.458207,0.374579,2.707654,109.356598,1.553702,1.942788,0.699175,3.430801
1776195100.739313,223.475998,526.48645,749.962463,749.962463,80.004005,29.79829,2,3.399337,1.662544,0.267374,2.549376,0.371539,2.685772,108.228111,1.553702,1.942788,0.699175,3.430801
1776195101.500657,227.778946,538.569214,761.306396,766.348145,78.811897,29.722647,2,3.302951,1.666664,0.476335,2.514558,0.379631,2.692383,124.241035,1.553702,1.942788,0.699175,3.430801
1776195102.260738,222.400253,531.343506,760.045959,753.743774,78.942596,29.506081,2,3.22914,1.678576,-0.743317,2.454294,0.373316,2.711577,115.136978,1.553702,1.942788,0.699175,3.430801
1776195103.023341,213.794373,538.688965,762.566833,752.483337,78.681625,28.411842,2,3.260517,1.741543,-1.645611,2.486362,0.372332,2.815036,106.21154,1.553702,1.942788,0.699175,3.430801
1776195103.775862,222.400253,540.166565,752.483337,762.566833,79.735985,29.16469,2,3.461423,1.697714,-0.637741,2.604663,0.377572,2.742665,116.711639,1.553702,1.942788,0.699175,3.430801
1776195104.527133,217.021576,527.899048,751.2229,744.920654,79.869766,29.133516,2,3.462919,1.699484,-0.849078,2.601424,0.368825,2.745557,127.478134,1.553702,1.942788,0.699175,3.430801
1776195105.283433,222.400253,540.166565,756.264648,762.566833,79.337303,29.16469,2,3.433873,1.697714,-0.170224,2.596916,0.377572,2.742665,118.993347,1.553702,1.942788,0.699175,3.430801
1776195106.043516,214.870117,536.352783,760.045959,751.2229,78.942596,28.602711,2,3.364202,1.730213,-0.558782,2.556948,0.371771,2.796171,113.458328,1.553702,1.942788,0.699175,3.430801
1776195106.804859,222.400253,547.729248,761.306396,770.129517,78.811897,28.878292,2,3.554354,1.714118,-0.132544,2.705953,0.38122,2.769561,121.104874,1.553702,1.942788,0.699175,3.430801
1776195107.562421,221.324524,534.940125,757.525085,756.264648,79.205299,29.265488,2,3.55388,1.692017,0.701815,2.692153,0.374485,2.733379,118.811165,1.553702,1.942788,0.699175,3.430801
1776195108.326284,217.021576,541.763916,763.827271,758.785522,78.551788,28.601175,2,3.641155,1.730303,0.311438,2.781213,0.375513,2.796321,124.9086,1.553702,1.942788,0.699175,3.430801
1776195109.087627,211.642914,543.361328,761.306396,755.004211,78.811897,28.032017,2,3.593781,1.764548,-0.871871,2.735968,0.373454,2.853677,122.373398,1.553702,1.942788,0.699175,3.430801
1776195109.84394,217.021576,545.545288,756.264648,762.566833,79.337303,28.459352,2,3.527541,1.738708,0.927779,2.667755,0.377337,2.810306,126.966179,1.553702,1.942788,0.699175,3.430801
1776195110.607803,217.021576,546.805664,763.827271,763.827271,78.551788,28.41239,2,3.545796,1.74151,0.260135,2.708376,0.377945,2.814981,121.668953,1.553702,1.942788,0.699175,3.430801
1776195111.372928,219.17305,548.435547,765.087708,767.608582,78.422379,28.552711,2,3.630322,1.733166,0.157714,2.777514,0.379863,2.801078,120.093361,1.553702,1.942788,0.699175,3.430801
1776195112.127968,223.475998,536.569946,755.004211,760.045959,79.469757,29.40296,2,3.629309,1.68431,-0.379407,2.740144,0.376403,2.720859,122.247238,1.553702,1.942788,0.699175,3.430801
1776195112.890571,218.097321,538.167358,762.566833,756.264648,78.681625,28.838757,2,3.597351,1.716408,0.275244,2.743221,0.374344,2.773334,109.095345,1.553702,1.942788,0.699175,3.430801
1776195113.66704,208.415695,556.671997,776.431702,765.087708,77.276596,27.240759,2,3.547064,1.814535,-1.509743,2.754053,0.378178,2.939184,115.195557,1.553702,1.942788,0.699175,3.430801
1776195114.420819,215.945847,546.620972,753.743774,762.566833,79.602646,28.318287,2,3.608687,1.747152,0.047239,2.720025,0.37729,2.824416,94.919685,1.553702,1.942788,0.699175,3.430801
1776195115.183434,215.945847,546.620972,762.566833,762.566833,78.681625,28.318287,2,3.552703,1.747152,-0.917495,2.709173,0.37729,2.824416,126.285645,1.553702,1.942788,0.699175,3.430801
1776195115.95108,217.021576,551.847534,767.608582,768.86908,78.164841,28.226078,2,3.457966,1.752717,-0.602661,2.654364,0.380377,2.833748,123.352356,1.553702,1.942788,0.699175,3.430801
1776195116.714943,220.248795,547.359802,763.827271,767.608582,78.551788,28.692854,2,3.426124,1.724914,-1.188524,2.616967,0.37991,2.787386,118.428101,1.553702,1.942788,0.699175,3.430801
1776195117.476286,215.945847,540.318787,761.306396,756.264648,78.811897,28.55427,2,3.443382,1.733074,-0.600433,2.621469,0.37425,2.800925,120.062561,1.553702,1.942788,0.699175,3.430801
1776195118.248973,212.718643,556.150452,772.650391,768.86908,77.654785,27.666431,2,3.46661,1.787288,-1.437021,2.678478,0.38019,2.892313,109.244995,1.553702,1.942788,0.699175,3.430801
1776195119.000233,217.021576,539.243042,751.2229,756.264648,79.869766,28.696514,2,3.602305,1.724699,0.06283,2.706134,0.374297,2.787031,113.259453,1.553702,1.942788,0.699175,3.430801
1776195119.754012,218.097321,536.90686,753.743774,755.004211,79.602646,28.886902,2,3.602082,1.71362,0.782668,2.715047,0.373736,2.768741,102.842453,1.553702,1.942788,0.699175,3.430801
1776195120.517888,217.021576,545.545288,763.827271,762.566833,78.551788,28.459352,2,3.520656,1.738708,0.427593,2.689173,0.377337,2.810306,118.276909,1.553702,1.942788,0.699175,3.430801
1776195121.27545,221.324524,541.24231,757.525085,762.566833,79.205299,29.023624,2,3.463868,1.705753,0.244432,2.623967,0.377525,2.755818,102.587624,1.553702,1.942788,0.699175,3.430801
1776195122.044355,223.475998,547.91394,768.86908,771.389954,78.03669,28.97056,2,3.425962,1.708798,0.002506,2.634116,0.381875,2.760813,103.077263,1.553702,1.942788,0.699175,3.430801
1776195122.81326,227.778946,546.131897,768.86908,773.910828,78.03669,29.432196,2,3.258764,1.68268,0.01561,2.505563,0.383279,2.718218,94.204048,1.553702,1.942788,0.699175,3.430801
1776195123.573343,217.021576,530.420044,760.045959,747.441589,78.942596,29.035255,2,3.252411,1.705088,-0.006106,2.471982,0.370041,2.754727,114.548172,1.553702,1.942788,0.699175,3.430801
1776195124.343508,219.17305,553.477356,770.129517,772.650391,77.908974,28.366392,2,3.292573,1.744263,-1.137036,2.535708,0.382295,2.819582,106.374878,1.553702,1.942788,0.699175,3.430801
1776195125.089739,224.551743,527.93158,746.181152,752.483337,80.409431,29.841423,2,3.339285,1.660204,-0.222529,2.491712,0.372802,2.682024,114.96373,1.553702,1.942788,0.699175,3.430801
1776195125.833435,221.324524,518.554321,743.660217,739.878845,80.682007,29.913616,2,3.312805,1.656303,-0.873022,2.463601,0.36658,2.675786,114.849167,1.553702,1.942788,0.699175,3.430801
1776195126.596038,214.870117,540.134094,762.566833,755.004211,78.681625,28.459459,2,3.429596,1.738702,-0.417309,2.615296,0.373595,2.810296,121.692368,1.553702,1.942788,0.699175,3.430801
1776195127.35612,219.17305,545.914673,760.045959,765.087708,78.942596,28.646788,2,3.384153,1.727618,-0.906321,2.572112,0.378647,2.791866,117.16217,1.553702,1.942788,0.699175,3.430801
1776195128.106119,223.475998,531.528198,749.962463,755.004211,80.004005,29.599306,2,3.473316,1.673427,0.622745,2.604856,0.373971,2.703265,114.797974,1.553702,1.942788,0.699175,3.430801
1776195128.863681,221.324524,533.679688,757.525085,755.004211,79.205299,29.314342,2,3.442911,1.68927,0.963713,2.608092,0.373877,2.72891,131.960648,1.553702,1.942788,0.699175,3.430801
1776195129.636367,221.324524,551.325867,772.650391,772.650391,77.654785,28.644848,2,3.5169,1.727731,0.53896,2.717334,0.382389,2.792055,126.608551,1.553702,1.942788,0.699175,3.430801
1776195130.398971,222.400253,541.427002,762.566833,763.827271,78.681625,29.116566,2,3.469036,1.700448,0.102774,2.645372,0.37818,2.747132,123.751717,1.553702,1.942788,0.699175,3.430801
1776195131.156544,223.475998,535.309509,757.525085,758.785522,79.205299,29.451799,2,3.427248,1.681589,0.91022,2.596227,0.375795,2.716451,124.007545,1.553702,1.942788,0.699175,3.430801
1776195131.931752,214.870117,550.21759,775.171265,765.087708,77.402252,28.084377,2,3.290181,1.76134,-0.674864,2.550454,0.378459,2.84826,115.180817,1.553702,1.942788,0.699175,3.430801
1776195132.686793,220.248795,541.057617,755.004211,761.306396,79.469757,28.930374,2,3.520705,1.711111,0.059489,2.658147,0.37687,2.764613,120.797058,1.553702,1.942788,0.699175,3.430801
1776195133.456958,218.097321,549.51123,770.129517,767.608582,77.908974,28.412569,2,3.455183,1.741499,0.277768,2.660939,0.379816,2.814963,110.905754,1.553702,1.942788,0.699175,3.430801
1776195134.228384,217.021576,553.10791,771.389954,770.129517,77.78167,28.17988,2,3.442039,1.755519,-1.006217,2.655155,0.380985,2.838457,121.265259,1.553702,1.942788,0.699175,3.430801
1776195135.001071,220.248795,556.182922,772.650391,776.431702,77.654785,28.366795,2,3.399403,1.744239,-0.450534,2.62655,0.384167,2.819541,121.930725,1.553702,1.942788,0.699175,3.430801
1776195135.777551,220.248795,556.182922,776.431702,776.431702,77.276596,28.366795,2,3.238202,1.744239,-0.451462,2.514243,0.384167,2.819541,102.451881,1.553702,1.942788,0.699175,3.430801
1776195136.536373,224.551743,539.275513,758.785522,763.827271,79.07373,29.398235,2,3.224201,1.684574,-1.263548,2.446477,0.378274,2.721287,113.425888,1.553702,1.942788,0.699175,3.430801
1776195137.301497,223.475998,540.351257,765.087708,763.827271,78.422379,29.257399,2,3.287485,1.692473,0.983907,2.515214,0.378227,2.73412,126.921089,1.553702,1.942788,0.699175,3.430801
1776195138.074184,220.248795,548.6203,772.650391,768.86908,77.654785,28.645813,2,3.367671,1.727675,0.944038,2.602032,0.380518,2.79196,131.62056,1.553702,1.942788,0.699175,3.430801
1776195138.835527,225.627487,541.981079,761.306396,767.608582,78.811897,29.39356,2,3.462895,1.684835,1.254158,2.636324,0.380145,2.72171,117.790619,1.553702,1.942788,0.699175,3.430801
1776195139.608226,217.021576,545.545288,772.650391,762.566833,77.654785,28.459352,2,3.35258,1.738708,-0.366266,2.590373,0.377337,2.810306,116.722992,1.553702,1.942788,0.699175,3.430801
1776195140.364526,223.475998,540.351257,756.264648,763.827271,79.337303,29.257399,2,3.545632,1.692473,1.47845,2.681436,0.378227,2.73412,114.607262,1.553702,1.942788,0.699175,3.430801
1776195141.132172,219.17305,543.393799,767.608582,762.566833,78.164841,28.741488,2,3.549974,1.722069,1.724793,2.72499,0.377431,2.78268,144.698029,1.553702,1.942788,0.699175,3.430801
1776195141.907379,217.021576,555.628784,775.171265,772.650391,77.402252,28.08794,2,3.512235,1.761122,-0.403017,2.722584,0.382201,2.847893,121.049744,1.553702,1.942788,0.699175,3.430801
1776195142.666202,218.097321,541.948608,758.785522,760.045959,79.07373,28.69528,2,3.521538,1.724772,0.385274,2.672092,0.376168,2.787151,100.218376,1.553702,1.942788,0.699175,3.430801
1776195143.436367,217.021576,551.847534,770.129517,768.86908,77.908974,28.226078,2,3.462919,1.752717,-0.168998,2.666896,0.380377,2.833748,118.004822,1.553702,1.942788,0.699175,3.430801
1776195144.191407,222.400253,538.906128,755.004211,761.306396,79.469757,29.212975,2,3.546634,1.69498,1.933124,2.677723,0.376964,2.738205,132.025116,1.553702,1.942788,0.699175,3.430801
1776195144.959065,222.400253,545.208313,767.608582,767.608582,78.164841,28.973133,2,3.512105,1.70865,1.431973,2.695922,0.380004,2.76057,129.827988,1.553702,1.942788,0.699175,3.430801
1776195145.734272,219.17305,552.216919,775.171265,771.389954,77.402252,28.412745,2,3.487475,1.741489,0.891362,2.70339,0.381687,2.814946,142.447922,1.553702,1.942788,0.699175,3.430801
1776195146.490574,225.627487,538.199768,756.264648,763.827271,79.337303,29.539072,2,3.381502,1.67675,-0.06539,2.55731,0.378321,2.708627,113.472397,1.553702,1.942788,0.699175,3.430801
1776195147.255697,226.703217,539.644897,765.087708,766.348145,78.422379,29.582273,2,3.307822,1.674365,0.792097,2.530774,0.379584,2.704779,110.205574,1.553702,1.942788,0.699175,3.430801
1776195148.014519,225.627487,531.897583,758.785522,757.525085,79.07373,29.784819,2,3.266461,1.663276,0.190865,2.478543,0.375281,2.686946,103.496048,1.553702,1.942788,0.699175,3.430801
1776195148.774602,223.475998,534.049072,760.045959,757.525085,78.942596,29.500807,2,3.28243,1.678869,0.021476,2.494797,0.375187,2.712049,108.558945,1.553702,1.942788,0.699175,3.430801
1776195149.540998,226.703217,543.42627,766.348145,770.129517,78.293396,29.437023,2,3.292913,1.682412,-0.632878,2.523518,0.381408,2.717783,111.221313,1.553702,1.942788,0.699175,3.430801
1776195150.297299,227.778946,529.746155,756.264648,757.525085,79.337303,30.068832,2,3.222852,1.647978,0.854648,2.437329,0.375375,2.662518,107.35498,1.553702,1.942788,0.699175,3.430801
1776195151.069986,223.475998,544.132568,772.650391,767.608582,77.654785,29.113276,2,3.198879,1.700635,0.162726,2.471615,0.380051,2.747438,117.342598,1.553702,1.942788,0.699175,3.430801
1776195151.831328,222.400253,537.645691,761.306396,760.045959,78.811897,29.261421,2,3.262211,1.692246,-0.668664,2.483542,0.376356,2.733752,113.175781,1.553702,1.942788,0.699175,3.430801
1776195152.581328,225.627487,528.116272,749.962463,753.743774,80.004005,29.934242,2,3.367822,1.655191,0.251485,2.52574,0.373457,2.674012,110.741127,1.553702,1.942788,0.699175,3.430801
1776195153.335108,222.400253,527.562195,753.743774,749.962463,79.602646,29.654852,2,3.47146,1.670374,-0.118586,2.616591,0.371492,2.698349,126.53476,1.553702,1.942788,0.699175,3.430801
1776195154.091409,223.475998,534.049072,756.264648,757.525085,79.337303,29.500807,2,3.42546,1.678869,0.376328,2.590554,0.375187,2.712049,115.659477,1.553702,1.942788,0.699175,3.430801
1776195154.859066,222.400253,543.947876,767.608582,766.348145,78.164841,29.020786,2,3.464075,1.705916,0.002692,2.659054,0.379396,2.756084,127.284035,1.553702,1.942788,0.699175,3.430801
1776195155.620408,223.475998,539.09082,761.306396,762.566833,78.811897,29.305759,2,3.436196,1.689752,0.561568,2.615998,0.377619,2.729693,124.878082,1.553702,1.942788,0.699175,3.430801
1776195156.389314,225.627487,545.762451,768.86908,771.389954,78.03669,29.249472,2,3.338626,1.692919,-0.528527,2.566966,0.381969,2.734848,111.088425,1.553702,1.942788,0.699175,3.430801
1776195157.140573,229.93042,526.334229,751.2229,756.264648,79.869766,30.403433,2,3.476455,1.630322,0.501095,2.611593,0.374861,2.634572,104.698502,1.553702,1.942788,0.699175,3.430801
1776195157.911999,222.400253,540.166565,771.389954,762.566833,77.78167,29.16469,2,3.377634,1.697714,1.590448,2.605473,0.377572,2.742665,141.800568,1.553702,1.942788,0.699175,3.430801
1776195158.669561,225.627487,535.678894,757.525085,761.306396,79.205299,29.636883,2,3.265594,1.67136,-0.368011,2.473769,0.377105,2.699936,112.719559,1.553702,1.942788,0.699175,3.430801
1776195159.427122,223.475998,531.528198,757.525085,755.004211,79.205299,29.599306,2,3.281951,1.673427,0.707384,2.48616,0.373971,2.703265,124.535789,1.553702,1.942788,0.699175,3.430801
1776195160.201082,225.627487,550.804199,773.910828,776.431702,77.528313,29.059542,2,3.335538,1.703699,0.34069,2.581409,0.384401,2.752452,114.39782,1.553702,1.942788,0.699175,3.430801
1776195160.964945,225.627487,538.199768,763.827271,763.827271,78.551788,29.539072,2,3.369132,1.67675,1.384531,2.573435,0.378321,2.708627,123.728615,1.553702,1.942788,0.699175,3.430801
1776195161.745194,215.945847,552.923218,780.213013,768.86908,76.902077,28.086164,2,3.269516,1.761231,-0.21555,2.550919,0.38033,2.848076,109.953003,1.553702,1.942788,0.699175,3.430801
1776195162.501496,226.703217,542.165894,756.264648,768.86908,79.337303,29.485283,2,3.22072,1.679729,3.928111,2.435716,0.3808,2.713442,116.898987,1.553702,1.942788,0.699175,3.430801
1776195163.281745,221.324524,552.586304,780.213013,773.910828,76.902077,28.598196,2,2.977794,1.730479,-0.712803,2.323314,0.382997,2.796613,100.866562,1.553702,1.942788,0.699175,3.430801
1776195164.039307,224.551743,536.754639,757.525085,761.306396,79.205299,29.495583,2,3.250144,1.679158,-0.000649,2.462066,0.377058,2.712518,110.591125,1.553702,1.942788,0.699175,3.430801
1776195164.803183,224.551743,539.275513,763.827271,763.827271,78.551788,29.398235,2,3.16857,1.684574,-0.154001,2.42024,0.378274,2.721287,112.579117,1.553702,1.942788,0.699175,3.430801
1776195165.559483,228.854675,532.451721,756.264648,761.306396,79.337303,30.060783,2,3.288898,1.648408,1.03302,2.487277,0.377246,2.663201,109.828255,1.553702,1.942788,0.699175,3.430801
1776195166.334691,227.778946,546.131897,775.171265,773.910828,77.402252,29.432196,2,3.109985,1.68268,4.235372,2.410771,0.383279,2.718218,106.617249,1.553702,1.942788,0.699175,3.430801
1776195167.099815,221.324524,536.200562,765.087708,757.525085,78.422379,29.216789,2,3.152977,1.694764,-0.592749,2.412304,0.375093,2.737854,125.054459,1.553702,1.942788,0.699175,3.430801
1776195167.859898,222.400253,538.906128,760.045959,761.306396,78.942596,29.212975,2,3.303326,1.69498,0.134847,2.51068,0.376964,2.738205,102.35984,1.553702,1.942788,0.699175,3.430801
1776195168.614938,229.93042,533.896851,755.004211,763.827271,79.469757,30.102411,2,3.431644,1.646188,-0.829997,2.590906,0.378509,2.659673,119.363022,1.553702,1.942788,0.699175,3.430801
1776195169.381334,228.854675,536.233032,766.348145,765.087708,78.293396,29.912216,2,3.141531,1.656378,3.970727,2.407507,0.37907,2.675907,111.655174,1.553702,1.942788,0.699175,3.430801
1776195170.15024,229.93042,540.199097,768.86908,770.129517,78.03669,29.856071,2,3.154558,1.659411,0.881821,2.425442,0.381549,2.680755,117.468315,1.553702,1.942788,0.699175,3.430801
1776195170.930489,227.778946,549.913208,780.213013,777.692139,76.902077,29.289091,2,3.260365,1.690689,0.278733,2.543779,0.385103,2.731217,110.342033,1.553702,1.942788,0.699175,3.430801
1776195171.691832,231.006149,534.081543,761.306396,765.087708,78.811897,30.19342,2,3.320821,1.641358,2.153927,2.528162,0.379164,2.652009,119.614799,1.553702,1.942788,0.699175,3.430801
1776195172.450654,226.703217,527.040527,758.785522,753.743774,79.07373,30.07696,2,3.426822,1.647545,3.26017,2.600223,0.373504,2.661829,110.068207,1.553702,1.942788,0.699175,3.430801
1776195173.215778,218.097321,536.90686,765.087708,755.004211,78.422379,28.886902,2,3.393718,1.71362,-0.340837,2.596492,0.373736,2.768741,120.952423,1.553702,1.942788,0.699175,3.430801
1776195173.975873,223.475998,542.872131,760.045959,766.348145,78.942596,29.161158,2,3.323419,1.697914,-0.100693,2.525951,0.379443,2.742993,117.821793,1.553702,1.942788,0.699175,3.430801
1776195174.742257,228.854675,543.795715,766.348145,772.650391,78.293396,29.619434,2,3.392546,1.672319,0.906322,2.599872,0.382718,2.701481,114.801323,1.553702,1.942788,0.699175,3.430801
1776195175.522506,221.324524,550.06543,780.213013,771.389954,76.902077,28.691652,2,3.379528,1.724984,0.227393,2.636752,0.381781,2.787503,114.577507,1.553702,1.942788,0.699175,3.430801
1776195176.297714,222.400253,554.031433,775.171265,776.431702,77.402252,28.64389,2,3.287359,1.727788,-0.28185,2.548266,0.38426,2.792148,115.657166,1.553702,1.942788,0.699175,3.430801
1776195177.061578,221.324524,541.24231,763.827271,762.566833,78.551788,29.023624,2,3.31248,1.705753,-0.201109,2.530163,0.377525,2.755818,121.420013,1.553702,1.942788,0.699175,3.430801
1776195177.824181,220.248795,541.057617,762.566833,761.306396,78.681625,28.930374,2,3.444357,1.711111,0.114764,2.626553,0.37687,2.764613,122.061569,1.553702,1.942788,0.699175,3.430801
1776195178.591838,226.703217,548.468018,767.608582,775.171265,78.164841,29.245564,2,3.5639,1.69314,0.853163,2.73568,0.38384,2.735207,139.761993,1.553702,1.942788,0.699175,3.430801
1776195179.354441,227.778946,536.04834,762.566833,763.827271,78.681625,29.82074,2,3.40199,1.661325,-0.541595,2.594245,0.378415,2.68382,122.621674,1.553702,1.942788,0.699175,3.430801
1776195180.106961,233.157639,525.627869,752.483337,758.785522,79.735985,30.727737,2,3.56673,1.613576,0.76084,2.683905,0.376218,2.60831,112.383896,1.553702,1.942788,0.699175,3.430801
1776195180.874606,231.006149,534.081543,767.608582,765.087708,78.164841,30.19342,2,3.424302,1.641358,0.931379,2.628523,0.379164,2.652009,130.232224,1.553702,1.942788,0.699175,3.430801
1776195181.635949,172.916412,520.326172,761.306396,693.242554,78.811897,24.943132,2,2.786018,1.977658,2.858025,2.121013,0.34197,3.232992,87.43219,1.553702,1.942788,0.699175,3.430801
1776195182.325446,250.369385,529.843628,689.461243,780.213013,87.024467,32.089874,2,2.390605,1.546937,-4.680689,1.64823,0.387306,2.506166,101.830597,1.553702,1.942788,0.699175,3.430801
1776195183.104435,229.93042,525.073792,778.952576,755.004211,77.026512,30.454191,2,3.38742,1.627677,-0.432455,2.638639,0.374253,2.630408,119.867432,1.553702,1.942788,0.699175,3.430801
1776195183.861997,228.854675,527.409973,757.525085,756.264648,79.205299,30.261189,2,3.637716,1.63778,0.019471,2.755661,0.374814,2.646344,136.185318,1.553702,1.942788,0.699175,3.430801
1776195184.64604,222.400253,554.031433,783.994324,776.431702,76.531166,28.64389,2,3.520496,1.727788,-0.76908,2.760049,0.38426,2.792148,120.422394,1.553702,1.942788,0.699175,3.430801
1776195185.419986,220.248795,551.141174,773.910828,771.389954,77.528313,28.552198,2,3.440344,1.733196,-2.356205,2.662519,0.381734,2.801128,124.890411,1.553702,1.942788,0.699175,3.430801
1776195186.187632,228.854675,548.837463,767.608582,777.692139,78.164841,29.427412,2,3.461155,1.682947,-0.126456,2.656812,0.38515,2.71865,124.22049,1.553702,1.942788,0.699175,3.430801
1776195186.952756,231.006149,536.602417,765.087708,767.608582,78.422379,30.094263,2,3.36591,1.646622,-0.252338,2.575216,0.38038,2.660363,125.018066,1.553702,1.942788,0.699175,3.430801
1776195187.726703,229.93042,542.719971,773.910828,772.650391,77.528313,29.758661,2,3.166214,1.6647,-0.506552,2.450367,0.382765,2.689229,120.328568,1.553702,1.942788,0.699175,3.430801
1776195188.491839,227.778946,534.787903,765.087708,762.566833,78.422379,29.870029,2,3.300265,1.658656,0.101994,2.524992,0.377807,2.679547,127.401741,1.553702,1.942788,0.699175,3.430801
1776195189.263265,231.006149,544.1651,771.389954,775.171265,77.78167,29.800659,2,3.298249,1.662415,-0.454766,2.544236,0.384028,2.685566,113.940811,1.553702,1.942788,0.699175,3.430801
1776195190.030911,236.384842,537.526001,767.608582,773.910828,78.164841,30.544197,2,3.262378,1.62301,0.840616,2.504229,0.383655,2.623075,114.96566,1.553702,1.942788,0.699175,3.430801
1776195190.817462,231.006149,549.206848,786.515198,780.213013,76.285873,29.608086,2,3.268526,1.672944,-0.298815,2.570745,0.38646,2.702487,116.948273,1.553702,1.942788,0.699175,3.430801
1776195191.59141,225.627487,541.981079,773.910828,767.608582,77.528313,29.39356,2,3.118304,1.684835,-0.736078,2.41329,0.380145,2.72171,112.134308,1.553702,1.942788,0.699175,3.430801
1776195192.340148,233.157639,524.367432,748.702026,757.525085,80.138687,30.778868,2,3.279372,1.610968,1.602216,2.455273,0.37561,2.604242,101.572838,1.553702,1.942788,0.699175,3.430801
1776195193.106544,226.703217,532.082275,766.348145,758.785522,78.293396,29.877113,2,3.361351,1.658273,0.319939,2.575965,0.375936,2.678935,112.404823,1.553702,1.942788,0.699175,3.430801
1776195193.879231,224.551743,545.577759,772.650391,770.129517,77.654785,29.15766,2,3.269227,1.698113,-0.846183,2.52597,0.381314,2.743317,111.66925,1.553702,1.942788,0.699175,3.430801
1776195194.65948,225.627487,555.845947,780.213013,781.47345,76.902077,28.872061,2,3.157265,1.714478,-0.564314,2.46334,0.386833,2.770154,103.288734,1.553702,1.942788,0.699175,3.430801
1776195195.434689,225.627487,549.543762,775.171265,775.171265,77.402252,29.106792,2,3.197747,1.701004,-1.398302,2.478802,0.383793,2.748042,105.524559,1.553702,1.942788,0.699175,3.430801
1776195196.203594,227.778946,543.611023,768.86908,771.389954,78.03669,29.528379,2,3.313547,1.677342,-0.239531,2.547683,0.382063,2.709582,120.723526,1.553702,1.942788,0.699175,3.430801
1776195196.978813,231.006149,547.946411,775.171265,778.952576,77.402252,29.655996,2,3.275209,1.670312,0.281888,2.538848,0.385852,2.698247,115.281517,1.553702,1.942788,0.699175,3.430801
1776195197.7515,225.627487,540.720642,772.650391,766.348145,77.654785,29.441906,2,3.196487,1.68214,-0.520695,2.469767,0.379537,2.717342,103.955032,1.553702,1.942788,0.699175,3.430801
1776195198.520405,229.93042,543.980408,768.86908,773.910828,78.03669,29.710194,2,3.322083,1.667344,0.107005,2.554247,0.383373,2.693476,110.974236,1.553702,1.942788,0.699175,3.430801
1776195199.28679,234.233368,537.156616,766.348145,771.389954,78.293396,30.365103,2,3.40873,1.632325,0.981346,2.612274,0.382345,2.637728,104.462883,1.553702,1.942788,0.699175,3.430801
1776195200.072081,226.703217,549.728516,785.254761,776.431702,76.408325,29.19809,2,3.286688,1.695822,-1.008556,2.580888,0.384448,2.739578,114.809296,1.553702,1.942788,0.699175,3.430801
1776195200.84478,224.551743,545.577759,772.650391,770.129517,77.654785,29.15766,2,3.299954,1.698113,-1.278917,2.549711,0.381314,2.743317,119.508209,1.553702,1.942788,0.699175,3.430801
1776195201.613685,228.854675,545.056152,768.86908,773.910828,78.03669,29.571194,2,3.376384,1.674976,0.125604,2.595997,0.383326,2.705764,100.805885,1.553702,1.942788,0.699175,3.430801
1776195202.385112,228.854675,542.535278,771.389954,771.389954,77.78167,29.667833,2,3.316601,1.669662,-0.174307,2.558393,0.38211,2.697203,118.036102,1.553702,1.942788,0.699175,3.430801
1776195203.1641,217.021576,548.066162,778.952576,765.087708,77.026512,28.365582,2,3.234892,1.744312,-0.482347,2.519827,0.378553,2.819663,103.921547,1.553702,1.942788,0.699175,3.430801
1776195203.933006,227.778946,553.694519,768.86908,781.47345,78.03669,29.147369,2,3.422177,1.698697,0.285601,2.631206,0.386927,2.744271,110.550377,1.553702,1.942788,0.699175,3.430801
1776195204.718309,220.248795,556.182922,785.254761,776.431702,76.408325,28.366795,2,3.338524,1.744239,-0.309246,2.621592,0.384167,2.819541,115.437958,1.553702,1.942788,0.699175,3.430801
1776195205.485954,220.248795,547.359802,767.608582,767.608582,78.164841,28.692854,2,3.39944,1.724914,-0.300523,2.609439,0.37991,2.787386,123.456314,1.553702,1.942788,0.699175,3.430801
1776195206.259902,228.854675,555.139648,773.910828,783.994324,77.528313,29.190859,2,3.386852,1.696231,-0.161314,2.621121,0.38819,2.740246,125.356766,1.553702,1.942788,0.699175,3.430801
1776195207.033848,229.93042,545.240845,773.910828,775.171265,77.528313,29.661888,2,3.337254,1.669988,-0.298778,2.582736,0.383981,2.697728,114.675507,1.553702,1.942788,0.699175,3.430801
1776195207.814098,218.097321,548.250854,780.213013,766.348145,76.902077,28.459301,2,3.231142,1.738711,-1.31474,2.520979,0.379208,2.810311,111.829041,1.553702,1.942788,0.699175,3.430801
1776195208.59562,229.93042,565.407898,781.47345,795.338318,76.778038,28.909763,2,3.270724,1.712299,-0.955173,2.555984,0.39371,2.766568,113.824814,1.553702,1.942788,0.699175,3.430801
1776195209.368306,246.066452,545.49054,772.650391,791.557007,77.654785,31.086386,2,3.013195,1.595464,-0.623894,2.328146,0.39259,2.580174,112.979645,1.553702,1.942788,0.699175,3.430801
1776195210.140994,252.520874,527.692139,772.650391,780.213013,77.654785,32.365631,2,2.735314,1.534129,-0.89459,2.113441,0.3874,2.486966,109.119583,1.553702,1.942788,0.699175,3.430801
1776195210.922503,300.928986,537.264282,781.47345,838.193298,76.778038,35.9021,2,2.445773,1.387313,-2.642491,1.911306,0.417483,2.276837,81.165138,1.553702,1.942788,0.699175,3.430801
1776195211.724192,466.592346,529.156067,801.640503,995.748413,74.846519,46.858456,2,2.14154,1.073142,-1.840837,1.716745,0.50072,1.888708,79.057343,1.553702,1.942788,0.699175,3.430801
1776195217.583014,238.536301,520.249207,801.640503,758.785522,74.846519,31.436592,2,2.636839,1.578176,-1.956472,2.113797,0.376452,2.55358,79.251732,1.553702,1.942788,0.699175,3.430801
1776195218.368304,229.93042,545.240845,785.254761,775.171265,76.408325,29.661888,2,3.003341,1.669988,-0.807724,2.358388,0.383981,2.697728,84.981384,1.553702,1.942788,0.699175,3.430801
1776195219.134689,239.61203,538.080078,766.348145,777.692139,78.293396,30.810654,2,2.900886,1.609351,3.398116,2.223089,0.38562,2.601722,84.60276,1.553702,1.942788,0.699175,3.430801
1776195219.912418,228.854675,536.233032,777.692139,765.087708,77.151352,29.912216,2,2.753582,1.656378,0.739123,2.141439,0.37907,2.675907,102.369728,1.553702,1.942788,0.699175,3.430801
1776195220.678814,235.309097,538.601746,766.348145,773.910828,78.293396,30.405197,2,3.10774,1.63023,1.296031,2.381611,0.383608,2.634426,99.488335,1.553702,1.942788,0.699175,3.430801
1776195221.445199,240.687759,531.962646,766.348145,772.650391,78.293396,31.150928,2,3.179483,1.592249,1.148099,2.436591,0.383235,2.575209,103.666527,1.553702,1.942788,0.699175,3.430801
1776195222.211583,240.687759,525.6604,766.348145,766.348145,78.293396,31.407103,2,3.10074,1.579617,-0.09468,2.376247,0.380195,2.555787,95.049072,1.553702,1.942788,0.699175,3.430801
1776195222.989311,221.324524,533.679688,777.692139,755.004211,77.151352,29.314342,2,3.045328,1.68927,-0.461856,2.368328,0.373877,2.72891,93.879967,1.553702,1.942788,0.699175,3.430801
1776195223.759478,244.990723,552.868469,770.129517,797.859192,77.908974,30.706009,2,3.076267,1.614687,1.38583,2.369124,0.395583,2.610045,99.02549,1.553702,1.942788,0.699175,3.430801
1776195224.529643,252.520874,526.431702,770.129517,778.952576,77.908974,32.418003,2,3.166002,1.531721,2.253748,2.438232,0.386792,2.483372,95.432457,1.553702,1.942788,0.699175,3.430801
1776195225.309905,243.914993,526.214539,780.213013,770.129517,76.902077,31.671944,2,3.119729,1.566774,1.641008,2.434053,0.38216,2.536177,111.225502,1.553702,1.942788,0.699175,3.430801
1776195226.098977,242.839249,544.936401,789.036072,787.775635,76.042152,30.825939,2,2.88212,1.608575,0.141752,2.274097,0.390625,2.600513,74.519188,1.553702,1.942788,0.699175,3.430801
1776195226.881747,235.309097,538.601746,782.733887,773.910828,76.654404,30.405197,2,2.849036,1.63023,0.072705,2.230037,0.383608,2.634426,81.553505,1.553702,1.942788,0.699175,3.430801
1776195227.658216,237.460571,541.492004,776.431702,778.952576,77.276596,30.484598,2,2.899725,1.626097,-0.409439,2.251438,0.386134,2.627924,84.496849,1.553702,1.942788,0.699175,3.430801
1776195228.427133,229.93042,530.11554,768.86908,760.045959,78.03669,30.252174,2,3.056627,1.638255,-0.64821,2.350146,0.376685,2.647095,95.648438,1.553702,1.942788,0.699175,3.430801
1776195229.183434,225.627487,525.595398,756.264648,751.2229,79.337303,30.034691,2,3.262201,1.649802,0.322797,2.467087,0.372241,2.66542,102.724617,1.553702,1.942788,0.699175,3.430801
1776195229.967465,213.794373,556.335144,783.994324,770.129517,76.531166,27.760834,2,3.67925,1.781359,-0.493076,2.884511,0.380845,2.882196,114.404938,1.553702,1.942788,0.699175,3.430801
1776195230.740151,208.415695,557.932434,772.650391,766.348145,77.654785,27.195953,2,3.888851,1.817452,0.106152,3.004722,0.378786,2.94424,122.528679,1.553702,1.942788,0.699175,3.430801
1776195231.51536,209.491425,566.940308,775.171265,776.431702,77.402252,26.981306,2,3.777932,1.831564,-0.738973,2.928544,0.383697,2.968798,116.057266,1.553702,1.942788,0.699175,3.430801
1776195232.284265,208.415695,559.192871,768.86908,767.608582,78.03669,27.151299,2,3.838209,1.82037,0.203375,2.951081,0.379394,2.949303,117.443932,1.553702,1.942788,0.699175,3.430801
1776195233.074609,214.870117,582.989075,790.29657,797.859192,75.920868,26.930832,2,3.939297,1.834915,0.126161,3.113213,0.394268,2.974655,130.784409,1.553702,1.942788,0.699175,3.430801
1776195233.840995,218.097321,552.032227,766.348145,770.129517,78.293396,28.319565,2,3.870467,1.747075,1.912855,2.966125,0.381032,2.824287,134.240677,1.553702,1.942788,0.699175,3.430801
1776195234.607379,218.097321,548.250854,766.348145,766.348145,78.293396,28.459301,2,3.709563,1.738711,-0.458589,2.842817,0.379208,2.810311,105.763054,1.553702,1.942788,0.699175,3.430801
1776195235.36242,227.778946,538.569214,755.004211,766.348145,79.469757,29.722647,2,3.586975,1.666664,0.135218,2.708181,0.379631,2.692383,98.858116,1.553702,1.942788,0.699175,3.430801
1776195236.148971,235.309097,560.029236,786.515198,795.338318,76.285873,29.586039,2,3.550255,1.674158,0.876513,2.79233,0.393945,2.704444,112.043976,1.553702,1.942788,0.699175,3.430801
1776195236.943097,238.536301,559.322876,794.077881,797.859192,75.559341,29.897043,2,3.346883,1.657196,0.731439,2.657686,0.395302,2.677214,95.523079,1.553702,1.942788,0.699175,3.430801
1776195237.733431,277.262817,558.409607,790.29657,835.672424,75.920868,33.17841,2,3.117254,1.497617,0.356578,2.463555,0.415233,2.432997,102.900673,1.553702,1.942788,0.699175,3.430801
1776195238.557795,791.862793,553.027832,824.32843,1344.890625,72.786522,58.879345,3,1.650382,0.79713,-0.035934,1.360457,0.631217,1.217283,17.363546,2.62296,4.685811,0.108322,3.959939
1776195300.180069,963.483887,580.556396,1445.72583,1544.040283,41.501644,62.400181,3,0.828971,0.779166,3.625271,1.198465,0.750714,0.948444,10.0,2.62296,4.685811,0.108322,3.959939
1776195301.814945,1000.0,905.786865,1634.791992,1905.786865,36.701916,52.471764,3,0.781897,0.776139,-3.94602,1.278239,0.776139,0.963921,10.242239,2.62296,4.685811,0.108322,3.959939
1776195303.52797,384.56488,453.628418,1712.939331,838.193298,35.027512,45.880215,3,1.307758,0.903941,2.669516,2.240111,0.347624,0.955864,11.97525,2.62296,4.685811,0.108322,3.959939
1776195304.397711,246.066452,491.291504,869.704285,737.357971,68.988968,33.371368,2,2.03239,1.48921,-2.893476,1.767578,0.366445,2.420731,69.379837,1.553702,1.942788,0.699175,3.430801
1776195305.172931,217.021576,524.117676,775.171265,741.139282,77.402252,29.282158,2,3.341637,1.691079,-2.246917,2.590341,0.367001,2.731851,93.197777,1.553702,1.942788,0.699175,3.430801
1776195305.936794,210.567169,545.69751,763.827271,756.264648,78.551788,27.843052,2,3.691222,1.776228,-2.696913,2.819456,0.374015,2.873465,105.326653,1.553702,1.942788,0.699175,3.430801
1776195306.67797,212.718643,530.941589,741.139282,743.660217,80.956444,28.604279,2,3.902659,1.73012,-0.654001,2.892414,0.368029,2.796017,122.734741,1.553702,1.942788,0.699175,3.430801
1776195307.440573,215.945847,550.402283,762.566833,766.348145,78.681625,28.178558,2,3.859205,1.755599,-0.08139,2.942902,0.379114,2.838592,120.117889,1.553702,1.942788,0.699175,3.430801
1776195308.210738,209.491425,553.075439,770.129517,762.566833,77.908974,27.471876,2,3.658818,1.799637,-1.971395,2.817764,0.377008,2.913477,104.991875,1.553702,1.942788,0.699175,3.430801
1776195308.956956,211.642914,537.059082,746.181152,748.702026,80.409431,28.267977,2,3.772541,1.750184,-0.568026,2.814999,0.370414,2.829497,109.43158,1.553702,1.942788,0.699175,3.430801
1776195309.708215,215.945847,540.318787,751.2229,756.264648,79.869766,28.55427,2,3.854136,1.733074,-1.264068,2.895316,0.37425,2.800925,108.395866,1.553702,1.942788,0.699175,3.430801
1776195310.451912,217.021576,527.899048,743.660217,744.920654,80.682007,29.133516,2,3.664784,1.699484,-0.612981,2.725354,0.368825,2.745557,112.416809,1.553702,1.942788,0.699175,3.430801
1776195311.210746,214.870117,541.394531,758.785522,756.264648,79.07373,28.412025,2,3.573197,1.741532,-0.559784,2.71129,0.374203,2.815017,99.191826,1.553702,1.942788,0.699175,3.430801
1776195311.963265,209.491425,536.689697,752.483337,746.181152,79.735985,28.075144,2,3.826633,1.761905,0.05767,2.879477,0.369104,2.849214,108.984718,1.553702,1.942788,0.699175,3.430801
1776195312.730911,211.642914,558.486572,767.608582,770.129517,78.164841,27.48147,2,3.988495,1.799024,-0.57222,3.061603,0.380751,2.912423,113.316071,1.553702,1.942788,0.699175,3.430801
1776195313.478388,204.112747,534.505676,747.441589,738.618408,80.273834,27.634398,2,3.583681,1.78931,2.701257,2.678592,0.365221,2.895768,83.658363,1.553702,1.942788,0.699175,3.430801
1776195314.23595,199.809814,552.673523,757.525085,752.483337,79.205299,26.553387,2,3.504287,1.860376,-3.253152,2.654586,0.371721,3.019467,111.015656,1.553702,1.942788,0.699175,3.430801
1776195314.98847,199.809814,552.673523,752.483337,752.483337,79.735985,26.553387,2,3.728278,1.860376,-1.437318,2.805467,0.371721,3.019467,101.770546,1.553702,1.942788,0.699175,3.430801
1776195315.747291,206.264236,560.083923,758.785522,766.348145,79.07373,26.915213,2,3.752502,1.835954,-0.079645,2.847344,0.378692,2.976473,113.037994,1.553702,1.942788,0.699175,3.430801
1776195316.499811,208.415695,546.588501,752.483337,755.004211,79.735985,27.604574,2,3.745157,1.791196,0.520362,2.818168,0.373313,2.898995,93.616798,1.553702,1.942788,0.699175,3.430801
1776195317.249822,205.188492,540.992676,749.962463,746.181152,80.004005,27.498484,2,3.590804,1.797938,3.202333,2.692968,0.368916,2.910557,97.804543,1.553702,1.942788,0.699175,3.430801
1776195318.001082,215.945847,547.881409,751.2229,763.827271,79.869766,28.271557,2,3.552084,1.749968,-0.303121,2.668407,0.377898,2.829134,107.414177,1.553702,1.942788,0.699175,3.430801
1776195318.77881,208.415695,560.453369,777.692139,768.86908,77.151352,27.106785,2,3.897988,1.823287,-0.545826,3.031435,0.380002,2.954374,119.618225,1.553702,1.942788,0.699175,3.430801
1776195319.547715,209.491425,560.638062,768.86908,770.129517,78.03669,27.202103,2,3.750301,1.817051,0.376513,2.883491,0.380657,2.943545,122.661781,1.553702,1.942788,0.699175,3.430801
1776195320.305277,210.567169,548.218384,757.525085,758.785522,79.205299,27.750551,2,3.730289,1.782003,0.460187,2.825787,0.375231,2.883293,97.796791,1.553702,1.942788,0.699175,3.430801
1776195321.062838,209.491425,546.773193,757.525085,756.264648,79.205299,27.700809,2,3.833071,1.785124,-0.185295,2.903648,0.373968,2.888617,101.905106,1.553702,1.942788,0.699175,3.430801
1776195321.81914,213.794373,547.512024,756.264648,761.306396,79.337303,28.082567,2,3.913305,1.761451,0.839576,2.959494,0.376588,2.848447,125.950401,1.553702,1.942788,0.699175,3.430801
1776195322.589317,209.491425,555.596313,770.129517,765.087708,77.908974,27.381361,2,3.975964,1.805441,-0.853013,3.062007,0.378224,2.92347,126.40744,1.553702,1.942788,0.699175,3.430801
1776195323.35192,215.945847,554.183655,762.566833,770.129517,78.681625,28.040197,2,3.873899,1.764046,0.568658,2.954107,0.380938,2.852829,129.366409,1.553702,1.942788,0.699175,3.430801
1776195324.115784,204.112747,545.849731,763.827271,749.962463,78.551788,27.216396,2,3.879189,1.81612,-3.272382,2.96303,0.370693,2.94193,114.533325,1.553702,1.942788,0.699175,3.430801
1776195324.883429,204.112747,563.49585,767.608582,767.608582,78.164841,26.590733,2,3.780142,1.857825,-0.28946,2.90167,0.379206,3.014952,118.030975,1.553702,1.942788,0.699175,3.430801
1776195325.634689,203.037018,546.925415,751.2229,749.962463,79.869766,27.072958,2,3.860556,1.825511,-0.164247,2.900138,0.370646,2.958244,113.445251,1.553702,1.942788,0.699175,3.430801
1776195326.411156,201.961288,573.209961,776.431702,775.171265,77.276596,26.053762,2,3.939526,1.895215,-0.149138,3.058773,0.38276,3.081675,123.850204,1.553702,1.942788,0.699175,3.430801
1776195327.190157,209.491425,578.28418,778.952576,787.775635,77.026512,26.592779,2,3.809355,1.857685,-0.743874,2.967307,0.389169,3.014705,116.796051,1.553702,1.942788,0.699175,3.430801
1776195327.931334,220.248795,533.494995,741.139282,753.743774,80.956444,29.220646,2,3.918554,1.694547,1.248032,2.904194,0.373222,2.737499,96.150269,1.553702,1.942788,0.699175,3.430801
1776195328.727968,205.188492,573.764099,796.598755,778.952576,75.320229,26.341591,2,3.814088,1.874984,-0.931489,3.038298,0.384725,3.045424,110.819031,1.553702,1.942788,0.699175,3.430801
1776195329.500655,204.112747,567.277222,772.650391,771.389954,77.654785,26.460384,2,3.785813,1.866762,-0.891435,2.92511,0.38103,3.030792,113.225433,1.553702,1.942788,0.699175,3.430801
1776195330.263258,208.415695,559.192871,762.566833,767.608582,78.681625,27.151299,2,3.886173,1.82037,-0.153741,2.963467,0.379394,2.949303,123.294632,1.553702,1.942788,0.699175,3.430801
1776195331.028382,214.870117,557.780273,765.087708,772.650391,78.422379,27.809488,2,3.757865,1.778319,1.161872,2.875097,0.382108,2.87702,128.52742,1.553702,1.942788,0.699175,3.430801
1776195331.798561,209.491425,554.335815,770.129517,763.827271,77.908974,27.426544,2,3.794882,1.802539,-0.269488,2.922551,0.377616,2.91847,105.418373,1.553702,1.942788,0.699175,3.430801
1776195332.576289,211.642914,568.570068,777.692139,780.213013,77.151352,27.126301,2,3.910648,1.822007,2.311622,3.04128,0.385615,2.952148,114.407753,1.553702,1.942788,0.699175,3.430801
1776195333.345194,207.339966,556.487305,768.86908,763.827271,78.03669,27.144876,2,3.913087,1.82079,-0.399379,3.008651,0.377523,2.950033,121.073669,1.553702,1.942788,0.699175,3.430801
1776195334.109058,212.718643,557.410889,763.827271,770.129517,78.551788,27.621153,2,3.931609,1.790147,0.803827,3.00307,0.380798,2.8972,93.670158,1.553702,1.942788,0.699175,3.430801
1776195334.883005,212.718643,561.1922,773.910828,773.910828,77.528313,27.486197,2,3.880803,1.798722,2.620219,3.003395,0.382622,2.911904,143.932983,1.553702,1.942788,0.699175,3.430801
1776195335.662006,213.794373,566.41864,778.952576,780.213013,77.026512,27.402052,2,3.717437,1.804111,2.132841,2.895707,0.385709,2.921178,114.18737,1.553702,1.942788,0.699175,3.430801
1776195336.42713,207.339966,550.18512,765.087708,757.525085,78.422379,27.370707,2,3.741838,1.806127,1.07263,2.862834,0.374482,2.924653,115.949921,1.553702,1.942788,0.699175,3.430801
1776195337.202338,211.642914,568.570068,775.171265,780.213013,77.402252,27.126301,2,3.861387,1.822007,1.458664,2.993236,0.385615,2.952148,132.415024,1.553702,1.942788,0.699175,3.430801
1776195337.978806,212.718643,564.973511,776.431702,777.692139,77.276596,27.352551,2,3.801031,1.807297,0.845404,2.951241,0.384446,2.926672,117.208748,1.553702,1.942788,0.699175,3.430801
1776195338.77166,209.491425,579.544678,792.817444,789.036072,75.679466,26.550299,2,3.655601,1.860588,-0.436167,2.898224,0.389777,3.019841,108.486877,1.553702,1.942788,0.699175,3.430801
1776195339.538056,209.491425,556.856689,766.348145,766.348145,78.293396,27.336327,2,3.819746,1.808344,1.308356,2.927255,0.378833,2.928478,122.751915,1.553702,1.942788,0.699175,3.430801
1776195340.324608,199.809814,575.36145,786.515198,775.171265,76.285873,25.776217,2,3.672126,1.915152,-1.079533,2.888183,0.382666,3.117737,113.553009,1.553702,1.942788,0.699175,3.430801
1776195341.097295,209.491425,574.50293,772.650391,783.994324,77.654785,26.721039,2,3.867919,1.848978,1.126308,2.988549,0.387345,2.999338,136.696609,1.553702,1.942788,0.699175,3.430801
1776195341.867461,208.415695,560.453369,770.129517,768.86908,77.908974,27.106785,2,3.470234,1.823287,3.136775,2.67253,0.380002,2.954374,103.181023,1.553702,1.942788,0.699175,3.430801
1776195342.628803,207.339966,552.705994,761.306396,760.045959,78.811897,27.279926,2,3.402058,1.811992,-0.308801,2.590008,0.375698,2.934783,111.945328,1.553702,1.942788,0.699175,3.430801
1776195343.404023,213.794373,568.939514,775.171265,782.733887,77.402252,27.313801,2,3.863211,1.809799,-0.231327,2.99465,0.386925,2.930992,112.77919,1.553702,1.942788,0.699175,3.430801
1776195344.170408,212.718643,552.36908,766.348145,765.087708,78.293396,27.803171,2,3.898212,1.778713,0.778733,2.987387,0.378365,2.877691,104.111916,1.553702,1.942788,0.699175,3.430801
1776195344.953178,209.491425,569.461182,782.733887,778.952576,76.654404,26.893988,2,3.763992,1.837368,-1.060527,2.946204,0.384913,2.97895,113.651321,1.553702,1.942788,0.699175,3.430801
1776195345.719562,205.188492,556.11792,766.348145,761.306396,78.293396,26.952156,2,3.839061,1.833497,0.618847,2.942057,0.376213,2.972177,100.93541,1.553702,1.942788,0.699175,3.430801
1776195346.504854,211.642914,581.174561,785.254761,792.817444,76.408325,26.695038,2,3.782842,1.850736,0.304978,2.970495,0.391695,3.002436,109.977684,1.553702,1.942788,0.699175,3.430801
1776195347.286375,207.339966,569.091736,781.47345,776.431702,76.778038,26.704212,2,3.792598,1.850116,1.286565,2.963815,0.383603,3.001342,148.78685,1.553702,1.942788,0.699175,3.430801
1776195348.066625,220.248795,575.089539,780.213013,795.338318,76.902077,27.692467,2,3.799465,1.785649,0.344922,2.964392,0.393287,2.889513,118.161552,1.553702,1.942788,0.699175,3.430801
1776195348.830489,219.17305,543.393799,763.827271,762.566833,78.551788,28.741488,2,3.571564,1.722069,1.399528,2.728058,0.377431,2.78268,113.576393,1.553702,1.942788,0.699175,3.430801
1776195349.604435,213.794373,553.814209,773.910828,767.608582,77.528313,27.852005,2,3.609066,1.775671,0.850936,2.793095,0.379628,2.872519,109.977821,1.553702,1.942788,0.699175,3.430801
1776195350.385946,215.945847,568.048462,781.47345,783.994324,76.778038,27.544313,2,3.7384,1.795019,1.021995,2.92146,0.387627,2.905547,125.570198,1.553702,1.942788,0.699175,3.430801
1776195351.154863,213.794373,552.553772,768.86908,766.348145,78.03669,27.897814,2,3.701099,1.772827,0.6984,2.84566,0.37902,2.867691,99.039459,1.553702,1.942788,0.699175,3.430801
1776195351.927549,208.415695,557.932434,772.650391,766.348145,77.654785,27.195953,2,3.753204,1.817452,1.612276,2.899915,0.378786,2.94424,123.255257,1.553702,1.942788,0.699175,3.430801
1776195352.704018,211.642914,568.570068,776.431702,780.213013,77.276596,27.126301,2,3.823333,1.822007,0.079832,2.968557,0.385615,2.952148,109.015892,1.553702,1.942788,0.699175,3.430801
1776195353.480486,208.415695,564.23468,776.431702,772.650391,77.276596,26.974127,2,3.697406,1.832039,-0.999646,2.870783,0.381826,2.969629,108.470985,1.553702,1.942788,0.699175,3.430801
1776195354.246871,210.567169,558.30188,766.348145,768.86908,78.293396,27.386608,2,3.862971,1.805104,-0.020584,2.960381,0.380096,2.922889,118.608154,1.553702,1.942788,0.699175,3.430801
1776195355.032174,198.73407,572.655884,785.254761,771.389954,76.408325,25.763113,2,3.869202,1.916104,-0.825209,3.038309,0.380795,3.119467,118.358948,1.553702,1.942788,0.699175,3.430801
1776195355.80486,208.415695,575.578613,772.650391,783.994324,77.654785,26.583826,2,3.900073,1.858296,-1.06461,3.013393,0.387298,3.015785,121.796722,1.553702,1.942788,0.699175,3.430801
1776195356.586371,207.339966,572.873047,781.47345,780.213013,76.778038,26.574791,2,3.802751,1.858913,-0.18871,2.971749,0.385427,3.016877,119.646332,1.553702,1.942788,0.699175,3.430801
1776195357.357796,218.097321,565.896973,771.389954,783.994324,77.78167,27.818737,2,3.816969,1.777742,0.697324,2.944372,0.387721,2.87604,117.461769,1.553702,1.942788,0.699175,3.430801
1776195358.134265,211.642914,557.226196,776.431702,768.86908,77.276596,27.526522,2,3.782171,1.796151,-0.367231,2.936597,0.380143,2.907489,119.861938,1.553702,1.942788,0.699175,3.430801
1776195358.92461,205.188492,577.54541,790.29657,782.733887,75.920868,26.214336,2,3.65852,1.883873,0.47485,2.891315,0.386549,3.06131,127.97831,1.553702,1.942788,0.699175,3.430801
1776195359.682171,211.642914,553.444824,757.525085,765.087708,79.205299,27.662569,2,3.938625,1.787532,1.975257,2.983608,0.378318,2.892729,136.35466,1.553702,1.942788,0.699175,3.430801
1776195360.469984,207.339966,575.393921,787.775635,782.733887,76.163818,26.489204,2,3.945698,1.864778,0.541076,3.108325,0.386643,3.02727,129.790405,1.553702,1.942788,0.699175,3.430801
1776195361.236368,212.718643,559.931763,766.348145,772.650391,78.293396,27.531034,2,3.942492,1.795864,1.498682,3.021322,0.382014,2.906996,115.598732,1.553702,1.942788,0.699175,3.430801
1776195362.005274,203.037018,554.488037,768.86908,757.525085,78.03669,26.802679,2,3.904316,1.843479,1.922989,3.001908,0.374294,2.989667,130.126373,1.553702,1.942788,0.699175,3.430801
1776195362.788056,213.794373,581.543945,782.733887,795.338318,76.654404,26.880936,2,3.926471,1.838239,1.986357,3.073382,0.393005,2.980475,128.320572,1.553702,1.942788,0.699175,3.430801
1776195363.570826,211.642914,568.570068,782.733887,780.213013,76.654404,27.126301,2,3.998222,1.822007,0.547313,3.129544,0.385615,2.952148,117.150322,1.553702,1.942788,0.699175,3.430801
1776195364.366201,209.491425,583.32605,795.338318,792.817444,75.43959,26.423666,2,3.960443,1.869295,1.323019,3.149892,0.391601,3.035294,170.231995,1.553702,1.942788,0.699175,3.430801
1776195365.128804,219.17305,554.737793,762.566833,773.910828,78.681625,28.320194,2,3.971811,1.747037,2.958218,3.028771,0.382903,2.824224,130.181107,1.553702,1.942788,0.699175,3.430801
1776195365.902763,207.339966,552.705994,773.910828,760.045959,77.528313,27.279926,2,3.867082,1.811992,0.037735,2.992777,0.375698,2.934783,117.577827,1.553702,1.942788,0.699175,3.430801
1776195366.677971,212.718643,568.754822,775.171265,781.47345,77.402252,27.220201,2,4.027512,1.815872,2.378182,3.122011,0.38627,2.941501,141.003479,1.553702,1.942788,0.699175,3.430801
1776195367.440574,210.567169,549.47876,762.566833,760.045959,78.681625,27.704531,2,4.04955,1.784891,2.552917,3.088053,0.375839,2.888218,128.456757,1.553702,1.942788,0.699175,3.430801
1776195368.225866,207.339966,574.133484,785.254761,781.47345,76.408325,26.531925,2,3.8741,1.861846,1.596944,3.042156,0.386035,3.02207,140.934952,1.553702,1.942788,0.699175,3.430801
1776195369.013677,208.415695,580.620361,787.775635,789.036072,76.163818,26.413961,2,4.092032,1.869966,-0.791576,3.223603,0.38973,3.036487,118.207428,1.553702,1.942788,0.699175,3.430801
1776195369.787636,203.037018,564.571533,773.910828,767.608582,77.528313,26.450592,2,4.070257,1.867437,-0.001094,3.150016,0.379159,3.031991,126.424072,1.553702,1.942788,0.699175,3.430801
1776195370.54898,211.642914,559.74707,761.306396,771.389954,78.811897,27.436565,2,4.034418,1.801897,2.460222,3.071428,0.381359,2.917364,134.517654,1.553702,1.942788,0.699175,3.430801
1776195371.326708,204.112747,564.756348,777.692139,768.86908,77.151352,26.54714,2,3.908932,1.860804,1.773832,3.039946,0.379814,3.020224,141.10025,1.553702,1.942788,0.699175,3.430801
1776195372.106957,214.870117,577.947327,780.213013,792.817444,76.902077,27.102093,2,3.786524,1.823596,0.558709,2.954295,0.391836,2.95491,113.248894,1.553702,1.942788,0.699175,3.430801
1776195372.889727,210.567169,567.125,782.733887,777.692139,76.654404,27.075901,2,3.807797,1.825317,1.147171,2.980492,0.384352,2.957907,132.404495,1.553702,1.942788,0.699175,3.430801
1776195373.667468,205.188492,566.201477,777.692139,771.389954,77.151352,26.59984,2,3.85663,1.857204,1.0903,2.999271,0.381077,3.013853,128.678726,1.553702,1.942788,0.699175,3.430801
1776195374.437633,217.021576,566.972778,770.129517,783.994324,77.908974,27.681524,2,3.959954,1.786338,2.829329,3.049678,0.387674,2.890688,144.51123,1.553702,1.942788,0.699175,3.430801
1776195375.214102,209.491425,558.117188,776.431702,767.608582,77.276596,27.291437,2,4.08436,1.811247,1.76793,3.171227,0.379441,2.933494,140.825912,1.553702,1.942788,0.699175,3.430801
1776195375.995611,214.870117,572.905518,781.47345,787.775635,76.778038,27.275547,2,3.911037,1.812276,0.924735,3.056371,0.389404,2.935274,120.598793,1.553702,1.942788,0.699175,3.430801
1776195376.77334,204.112747,560.974976,777.692139,765.087708,77.151352,26.678349,2,3.943728,1.851867,0.881264,3.067006,0.37799,3.004429,129.854141,1.553702,1.942788,0.699175,3.430801
1776195377.523351,219.17305,548.435547,749.962463,767.608582,80.004005,28.552711,2,4.042299,1.733166,1.577567,3.031572,0.379863,2.801078,121.156044,1.553702,1.942788,0.699175,3.430801
1776195378.309902,214.870117,566.603333,786.515198,781.47345,76.285873,27.49551,2,3.967403,1.798127,0.394146,3.120423,0.386364,2.910883,110.269981,1.553702,1.942788,0.699175,3.430801
1776195379.105278,206.264236,578.99054,795.338318,785.254761,75.43959,26.267174,2,3.860414,1.880172,0.337869,3.070335,0.387812,3.054687,133.453125,1.553702,1.942788,0.699175,3.430801
1776195379.865359,211.642914,554.7052,760.045959,766.348145,78.942596,27.617069,2,3.926401,1.790405,1.412707,2.984246,0.378926,2.897642,132.184006,1.553702,1.942788,0.699175,3.430801
1776195380.655704,209.491425,578.28418,790.29657,787.775635,75.920868,26.592779,2,3.955614,1.857685,0.150773,3.126108,0.389169,3.014705,123.051735,1.553702,1.942788,0.699175,3.430801
1776195381.429652,209.491425,564.419434,773.910828,773.910828,77.528313,27.069193,2,3.972252,1.825759,0.902981,3.074169,0.382481,2.958675,132.884842,1.553702,1.942788,0.699175,3.430801
1776195382.211161,209.491425,571.982056,781.47345,781.47345,76.778038,26.807234,2,3.998692,1.843173,0.977114,3.124871,0.386129,2.98913,134.978104,1.553702,1.942788,0.699175,3.430801
1776195382.991411,206.264236,570.16748,780.213013,776.431702,76.902077,26.565664,2,3.889232,1.859537,0.113576,3.034429,0.383556,3.017981,125.417702,1.553702,1.942788,0.699175,3.430801
1776195383.776702,210.567169,579.72937,785.254761,790.29657,76.408325,26.64407,2,3.852889,1.854193,0.763661,3.025499,0.390432,3.008534,140.995102,1.553702,1.942788,0.699175,3.430801
1776195384.538057,209.491425,550.554565,761.306396,760.045959,78.811897,27.562994,2,3.93602,1.793832,1.021883,2.996518,0.375792,2.903511,96.196167,1.553702,1.942788,0.699175,3.430801
1776195385.332172,210.567169,584.771118,794.077881,795.338318,75.559341,26.47517,2,3.89743,1.865744,0.373506,3.094863,0.392864,3.028984,125.577736,1.553702,1.942788,0.699175,3.430801
1776195386.118723,212.718643,576.317444,786.515198,789.036072,76.285873,26.959307,2,3.867069,1.833023,0.164768,3.041508,0.389918,2.971347,117.454056,1.553702,1.942788,0.699175,3.430801
1776195386.905275,209.491425,573.242432,786.515198,782.733887,76.285873,26.764069,2,3.931917,1.846076,2.448232,3.092512,0.386737,2.99423,139.360641,1.553702,1.942788,0.699175,3.430801
1776195387.690578,207.339966,575.393921,785.254761,782.733887,76.408325,26.489204,2,3.975736,1.864778,0.345405,3.121966,0.386643,3.02727,135.550003,1.553702,1.942788,0.699175,3.430801
1776195388.477129,212.718643,580.098816,786.515198,792.817444,76.285873,26.830721,2,3.986142,1.841598,0.518728,3.135161,0.391742,2.986364,127.965843,1.553702,1.942788,0.699175,3.430801
1776195389.268723,209.491425,578.28418,791.557007,787.775635,75.799973,26.592779,2,3.85637,1.857685,0.307317,3.052537,0.389169,3.014705,109.76638,1.553702,1.942788,0.699175,3.430801
1776195390.060316,207.339966,581.696106,791.557007,789.036072,75.799973,26.277628,2,3.722838,1.879441,0.990441,2.946838,0.389683,3.053381,97.50248,1.553702,1.942788,0.699175,3.430801
1776195390.838056,210.567169,570.90625,777.692139,781.47345,77.151352,26.944891,2,3.920095,1.83398,0.927407,3.048627,0.386176,2.97302,103.41526,1.553702,1.942788,0.699175,3.430801
1776195391.635953,200.885559,585.629639,797.859192,786.515198,75.201241,25.54122,2,3.772103,1.932371,0.284561,3.009607,0.388185,3.149156,105.233734,1.553702,1.942788,0.699175,3.430801
1776195392.423764,207.339966,587.998352,787.775635,795.338318,76.163818,26.069407,2,4.023726,1.894104,0.994933,3.169794,0.392723,3.079675,136.640091,1.553702,1.942788,0.699175,3.430801
1776195393.225442,210.567169,594.854614,801.640503,805.421814,74.846519,26.143711,2,3.911875,1.888845,2.908993,3.135918,0.397729,3.070223,161.302429,1.553702,1.942788,0.699175,3.430801
1776195393.995619,214.870117,560.301147,770.129517,775.171265,77.908974,27.719051,2,4.053889,1.783978,3.338201,3.12202,0.383324,2.886661,140.843185,1.553702,1.942788,0.699175,3.430801
1776195394.792254,208.415695,580.620361,796.598755,789.036072,75.320229,26.413961,2,3.887711,1.869966,2.970431,3.096945,0.38973,3.036487,129.571854,1.553702,1.942788,0.699175,3.430801
1776195395.583848,213.794373,584.064819,791.557007,797.859192,75.799973,26.796003,2,3.870434,1.843928,2.288346,3.063669,0.394221,2.990454,142.943665,1.553702,1.942788,0.699175,3.430801
1776195396.374181,210.567169,575.947998,790.29657,786.515198,75.920868,26.772169,2,3.794344,1.84553,1.390248,2.998657,0.388608,2.993271,113.61573,1.553702,1.942788,0.699175,3.430801
1776195397.165786,208.415695,580.620361,791.557007,789.036072,75.799973,26.413961,2,3.751676,1.869966,1.153074,2.969665,0.38973,3.036487,121.986458,1.553702,1.942788,0.699175,3.430801
1776195397.942254,213.794373,568.939514,776.431702,782.733887,77.276596,27.313801,2,3.932981,1.809799,2.990328,3.053691,0.386925,2.930992,133.213654,1.553702,1.942788,0.699175,3.430801
1776195398.754014,207.339966,596.821411,811.723999,804.161377,73.916748,25.783379,2,3.946796,1.914632,1.090523,3.203709,0.39698,3.116793,158.800995,1.553702,1.942788,0.699175,3.430801
1776195399.54562,212.718643,585.140564,791.557007,797.859192,75.799973,26.661175,2,3.966401,1.853032,2.614428,3.139633,0.394174,3.006484,171.24202,1.553702,1.942788,0.699175,3.430801
1776195400.305703,218.097321,548.250854,760.045959,766.348145,78.942596,28.459301,2,4.111256,1.738711,4.243056,3.124744,0.379208,2.810311,161.33345,1.553702,1.942788,0.699175,3.430801
1776195401.104858,201.961288,578.251709,799.119629,780.213013,75.082626,25.885403,2,4.020952,1.907258,0.833525,3.213222,0.385192,3.103417,146.847763,1.553702,1.942788,0.699175,3.430801
1776195401.866202,206.264236,560.083923,761.306396,766.348145,78.811897,26.915213,2,4.081463,1.835954,2.073817,3.107244,0.378692,2.976473,137.705154,1.553702,1.942788,0.699175,3.430801
1776195402.656534,205.188492,583.847595,790.29657,789.036072,75.920868,26.004959,2,3.917349,1.89869,0.799558,3.095867,0.389589,3.087936,144.55069,1.553702,1.942788,0.699175,3.430801
1776195403.425451,222.400253,566.635803,768.86908,789.036072,78.03669,28.186321,2,3.969665,1.755127,3.08603,3.052153,0.390341,2.837799,117.189308,1.553702,1.942788,0.699175,3.430801
1776195404.214524,210.567169,564.604126,789.036072,775.171265,76.042152,27.163956,2,3.824166,1.819542,-0.139115,3.017405,0.383136,2.947866,114.682373,1.553702,1.942788,0.699175,3.430801
1776195404.990992,215.945847,566.788025,776.431702,782.733887,77.276596,27.588669,2,3.848629,1.792203,2.93665,2.988198,0.387019,2.90072,128.268036,1.553702,1.942788,0.699175,3.430801
1776195405.754856,220.248795,548.6203,763.827271,768.86908,78.551788,28.645813,2,3.903753,1.727675,5.561749,2.981793,0.380518,2.79196,125.255569,1.553702,1.942788,0.699175,3.430801
1776195406.533845,219.17305,558.519104,778.952576,777.692139,77.026512,28.182495,2,4.006474,1.75536,4.555143,3.120853,0.384728,2.838189,131.72731,1.553702,1.942788,0.699175,3.430801
1776195407.316627,217.021576,563.191406,782.733887,780.213013,76.654404,27.815681,2,3.829965,1.777933,2.977633,2.997844,0.38585,2.876364,110.836617,1.553702,1.942788,0.699175,3.430801
1776195408.089314,218.097321,555.813477,772.650391,773.910828,77.654785,28.181194,2,3.833046,1.755439,1.948047,2.961605,0.382857,2.838322,141.892532,1.553702,1.942788,0.699175,3.430801
1776195408.869563,220.248795,562.485107,780.213013,782.733887,76.902077,28.138399,2,3.814426,1.758042,2.67401,2.976065,0.387207,2.842703,122.950806,1.553702,1.942788,0.699175,3.430801
1776195409.633426,225.627487,544.502014,763.827271,770.129517,78.551788,29.297342,2,4.008763,1.690225,3.916603,3.062002,0.381361,2.730463,136.30304,1.553702,1.942788,0.699175,3.430801
1776195410.426293,221.324524,566.451111,792.817444,787.775635,75.679466,28.094868,2,3.88362,1.760699,3.040518,3.079001,0.389686,2.847179,140.193253,1.553702,1.942788,0.699175,3.430801
1776195411.214105,210.567169,564.604126,787.775635,775.171265,76.163818,27.163956,2,3.785672,1.819542,-1.378553,2.98226,0.383136,2.947866,119.848175,1.553702,1.942788,0.699175,3.430801
1776195411.976709,211.642914,552.184326,762.566833,763.827271,78.681625,27.708218,2,3.79518,1.784659,-1.153963,2.894078,0.37771,2.887822,110.669403,1.553702,1.942788,0.699175,3.430801
1776195412.755697,210.567169,567.125,778.952576,777.692139,77.026512,27.075901,2,3.747309,1.825317,-0.123412,2.918976,0.384352,2.957907,117.958801,1.553702,1.942788,0.699175,3.430801
1776195413.529644,218.097321,564.636597,773.910828,782.733887,77.528313,27.863533,2,3.818102,1.774954,0.192647,2.954871,0.387113,2.871302,108.436081,1.553702,1.942788,0.699175,3.430801
1776195414.314948,210.567169,565.864502,785.254761,776.431702,76.408325,27.119858,2,3.729924,1.822429,0.930971,2.928941,0.383744,2.952882,116.831596,1.553702,1.942788,0.699175,3.430801
1776195415.098978,207.339966,572.873047,783.994324,780.213013,76.531166,26.574791,2,3.884188,1.858913,-0.20226,3.045182,0.385427,3.016877,125.585342,1.553702,1.942788,0.699175,3.430801
1776195415.88679,212.718643,581.359253,787.775635,794.077881,76.163818,26.788134,2,3.893723,1.844456,-0.284374,3.06738,0.39235,2.991384,120.166946,1.553702,1.942788,0.699175,3.430801
1776195416.6683,195.506866,565.799561,781.47345,761.306396,76.778038,25.680443,2,4.072368,1.922131,0.447899,3.182447,0.37579,3.130442,142.872879,1.553702,1.942788,0.699175,3.430801
1776195417.446041,214.870117,585.509949,777.692139,800.380066,77.151352,26.84601,2,3.982031,1.840574,0.472548,3.096794,0.395484,2.984568,113.353798,1.553702,1.942788,0.699175,3.430801
1776195418.238895,220.248795,578.87085,792.817444,799.119629,75.679466,27.56143,2,3.871925,1.793931,2.020992,3.06973,0.395111,2.903682,126.851784,1.553702,1.942788,0.699175,3.430801
1776195419.033009,217.021576,573.275024,794.077881,790.29657,75.559341,27.460777,2,3.814995,1.800346,0.084398,3.029403,0.390714,2.914697,105.622742,1.553702,1.942788,0.699175,3.430801
1776195419.815779,220.248795,566.266418,782.733887,786.515198,76.654404,28.00312,2,3.924526,1.766324,1.263809,3.07186,0.389031,2.856678,120.740997,1.553702,1.942788,0.699175,3.430801
1776195420.588478,217.021576,551.847534,772.650391,768.86908,77.654785,28.226078,2,3.953263,1.752717,1.564054,3.054491,0.380377,2.833748,126.426537,1.553702,1.942788,0.699175,3.430801
1776195421.392676,219.17305,587.509216,804.161377,806.682251,74.611893,27.169687,2,3.836457,1.819167,1.561827,3.085131,0.398712,2.947215,176.607437,1.553702,1.942788,0.699175,3.430801
1776195422.174185,212.718643,561.1922,781.47345,773.910828,76.778038,27.486197,2,3.859045,1.798722,1.220488,3.015741,0.382622,2.911904,143.837616,1.553702,1.942788,0.699175,3.430801
1776195422.946872,212.718643,559.931763,772.650391,772.650391,77.654785,27.531034,2,3.871814,1.795864,2.210872,2.991558,0.382014,2.906996,112.394165,1.553702,1.942788,0.699175,3.430801
1776195423.732175,208.415695,571.797302,785.254761,780.213013,76.408325,26.712666,2,3.932027,1.849544,0.39422,3.087643,0.385474,3.000335,147.435471,1.553702,1.942788,0.699175,3.430801
1776195424.511164,214.870117,571.645081,778.952576,786.515198,77.026512,27.319258,2,3.886468,1.809446,2.108601,3.027375,0.388796,2.930382,127.900642,1.553702,1.942788,0.699175,3.430801
1776195425.277549,215.945847,551.66272,766.348145,767.608582,78.293396,28.132286,2,3.963685,1.758415,1.277916,3.037563,0.379722,2.843331,131.037766,1.553702,1.942788,0.699175,3.430801
1776195426.069142,213.794373,575.241699,791.557007,789.036072,75.799973,27.09564,2,3.900311,1.824019,-0.431045,3.087319,0.389965,2.955647,124.893585,1.553702,1.942788,0.699175,3.430801
1776195426.856955,209.491425,573.242432,787.775635,782.733887,76.163818,26.764069,2,3.652156,1.846076,-0.5619,2.877079,0.386737,2.99423,126.751465,1.553702,1.942788,0.699175,3.430801
1776195427.62083,235.309097,558.768799,763.827271,794.077881,78.551788,29.633001,2,3.855712,1.671574,2.769191,2.945098,0.393337,2.70028,162.327637,1.553702,1.942788,0.699175,3.430801
1776195428.414944,204.112747,553.412354,794.077881,757.525085,75.559341,26.944685,2,4.077377,1.833994,-0.490143,3.237755,0.374341,2.973044,143.925964,1.553702,1.942788,0.699175,3.430801
1776195429.173766,201.961288,554.303345,758.785522,756.264648,79.07373,26.705107,2,4.041595,1.850055,0.83527,3.066703,0.37364,3.001235,141.610291,1.553702,1.942788,0.699175,3.430801
1776195429.933848,206.264236,558.823486,760.045959,765.087708,78.942596,26.959553,2,4.086442,1.833006,2.87718,3.105884,0.378084,2.971318,162.897018,1.553702,1.942788,0.699175,3.430801
1776195430.701494,203.037018,560.790283,767.608582,763.827271,78.164841,26.581535,2,4.065012,1.858453,1.344959,3.120338,0.377335,3.016062,162.200058,1.553702,1.942788,0.699175,3.430801
1776195431.447711,209.491425,544.252319,746.181152,753.743774,80.409431,27.793451,2,4.142763,1.77932,3.013827,3.091251,0.372752,2.878724,170.922043,1.553702,1.942788,0.699175,3.430801
1776195432.206545,222.400253,551.510559,758.785522,773.910828,79.07373,28.737194,2,4.046254,1.72232,2.61996,3.070239,0.383044,2.783094,149.955246,1.553702,1.942788,0.699175,3.430801
1776195432.994357,212.718643,563.713074,787.775635,776.431702,76.163818,27.396955,2,3.703483,1.804439,-2.794767,2.917514,0.383838,2.921742,106.362152,1.553702,1.942788,0.699175,3.430801
1776195433.739314,227.778946,534.787903,744.920654,762.566833,80.545494,29.870029,2,3.823097,1.658656,3.680097,2.847903,0.377807,2.679547,111.021088,1.553702,1.942788,0.699175,3.430801
1776195434.530908,232.081909,564.516846,791.557007,796.598755,75.799973,29.134104,2,4.073899,1.69945,2.73567,3.224724,0.394412,2.745502,129.71788,1.553702,1.942788,0.699175,3.430801
1776195435.330063,218.097321,564.636597,799.119629,782.733887,75.082626,27.863533,2,3.496693,1.774954,3.314146,2.794276,0.387113,2.871302,106.41935,1.553702,1.942788,0.699175,3.430801
1776195436.104023,212.718643,554.889954,773.910828,767.608582,77.528313,27.711863,2,3.571087,1.78443,0.535062,2.763703,0.379581,2.887431,126.773827,1.553702,1.942788,0.699175,3.430801
1776195436.884272,212.718643,567.494385,780.213013,780.213013,76.902077,27.264175,2,3.578548,1.813014,4.877847,2.79203,0.385662,2.936551,130.699509,1.553702,1.942788,0.699175,3.430801
1776195437.650657,231.006149,556.76947,766.348145,787.775635,78.293396,29.323849,2,3.617266,1.688736,3.793951,2.772085,0.390108,2.728043,146.590866,1.553702,1.942788,0.699175,3.430801
1776195438.429645,227.778946,547.392334,778.952576,775.171265,77.026512,29.384338,2,3.954719,1.68535,2.965197,3.080538,0.383887,2.722545,112.308205,1.553702,1.942788,0.699175,3.430801
1776195439.232595,209.491425,571.982056,802.90094,781.47345,74.729019,26.807234,2,3.844762,1.843173,-0.845143,3.086963,0.386129,2.98913,115.55983,1.553702,1.942788,0.699175,3.430801
1776195440.016626,220.248795,576.349976,783.994324,796.598755,76.531166,27.648649,2,3.88956,1.78841,0.9355,3.049393,0.393895,2.894229,122.864296,1.553702,1.942788,0.699175,3.430801
1776195440.783011,226.703217,547.207642,766.348145,773.910828,78.293396,29.293198,2,3.925538,1.690458,0.83063,3.008329,0.383232,2.730841,101.553932,1.553702,1.942788,0.699175,3.430801
1776195441.558218,223.475998,547.91394,775.171265,771.389954,77.402252,28.97056,2,3.844129,1.708798,2.289943,2.979858,0.381875,2.760813,141.101349,1.553702,1.942788,0.699175,3.430801
1776195442.340988,214.870117,557.780273,782.733887,772.650391,76.654404,27.809488,2,3.898489,1.778319,2.902089,3.05148,0.382108,2.87702,142.351349,1.553702,1.942788,0.699175,3.430801
1776195443.130073,210.567169,573.427124,789.036072,783.994324,76.042152,26.858252,2,3.955405,1.839755,0.627645,3.120957,0.387392,2.983132,147.134247,1.553702,1.942788,0.699175,3.430801
1776195443.920406,211.642914,579.914062,790.29657,791.557007,75.920868,26.737543,2,3.859998,1.847864,2.30932,3.050543,0.391087,2.997376,116.082573,1.553702,1.942788,0.699175,3.430801
1776195444.704436,207.339966,571.61261,783.994324,778.952576,76.531166,26.61779,2,3.894825,1.855981,2.727874,3.053521,0.384819,3.011692,119.092453,1.553702,1.942788,0.699175,3.430801
1776195445.492249,204.112747,579.881592,787.775635,783.994324,76.163818,26.034979,2,4.015933,1.896551,2.117584,3.163654,0.38711,3.08408,153.704178,1.553702,1.942788,0.699175,3.430801
1776195446.278812,212.718643,583.880127,786.515198,796.598755,76.285873,26.703362,2,4.007698,1.850173,3.024741,3.152115,0.393566,3.001443,139.280518,1.553702,1.942788,0.699175,3.430801
1776195447.055281,213.794373,563.897766,776.431702,777.692139,77.276596,27.490875,2,3.905328,1.798423,1.170298,3.03222,0.384493,2.911391,116.437988,1.553702,1.942788,0.699175,3.430801
1776195447.850655,210.567169,580.989868,795.338318,791.557007,75.43959,26.601643,2,3.986638,1.857081,1.660052,3.170726,0.39104,3.013636,113.850151,1.553702,1.942788,0.699175,3.430801
1776195448.632164,212.718643,571.275696,781.47345,783.994324,76.778038,27.132675,2,3.931325,1.821589,2.403054,3.072226,0.387486,2.951422,122.710121,1.553702,1.942788,0.699175,3.430801
1776195449.417468,211.642914,572.35144,785.254761,783.994324,76.408325,26.995464,2,3.980523,1.830626,1.671337,3.125725,0.387439,2.967161,129.406265,1.553702,1.942788,0.699175,3.430801
1776195450.185113,205.188492,554.857483,767.608582,760.045959,78.164841,26.996855,2,3.92418,1.830534,2.417383,3.012234,0.375604,2.967,124.769875,1.553702,1.942788,0.699175,3.430801
1776195450.969143,210.567169,579.72937,783.994324,790.29657,76.531166,26.64407,2,3.876344,1.854193,1.122373,3.039032,0.390432,3.008534,134.808304,1.553702,1.942788,0.699175,3.430801
1776195451.755695,215.945847,576.871582,786.515198,792.817444,76.285873,27.237776,2,3.77255,1.814729,0.656378,2.967168,0.391883,2.939519,102.580284,1.553702,1.942788,0.699175,3.430801
1776195452.538478,205.188492,564.94104,782.733887,770.129517,76.654404,26.643375,2,3.926966,1.85424,1.164136,3.073769,0.380469,3.008617,129.763702,1.553702,1.942788,0.699175,3.430801
1776195453.313685,208.415695,570.536865,775.171265,778.952576,77.402252,26.75589,2,3.610217,1.846627,4.352715,2.798536,0.384866,2.995199,114.745537,1.553702,1.942788,0.699175,3.430801
1776195454.098977,207.339966,576.654358,785.254761,783.994324,76.408325,26.446617,2,3.455778,1.867711,0.89448,2.713666,0.387251,3.032478,124.749718,1.553702,1.942788,0.699175,3.430801
1776195454.865361,209.491425,559.377686,766.348145,768.86908,78.293396,27.246696,2,3.943485,1.814149,1.475852,3.022083,0.380049,2.938516,130.710419,1.553702,1.942788,0.699175,3.430801
1776195455.655694,207.339966,580.435669,790.29657,787.775635,75.920868,26.319674,2,3.845798,1.876508,0.054069,3.039321,0.389075,3.048144,140.582443,1.553702,1.942788,0.699175,3.430801
1776195456.432174,207.339966,569.091736,776.431702,776.431702,77.276596,26.704212,2,3.851445,1.850116,0.800672,2.990384,0.383603,3.001342,118.348961,1.553702,1.942788,0.699175,3.430801
1776195457.206121,210.567169,567.125,773.910828,777.692139,77.528313,27.075901,2,3.938237,1.825317,2.014162,3.047844,0.384352,2.957907,132.006546,1.553702,1.942788,0.699175,3.430801
1776195457.990152,205.188492,572.503662,783.994324,777.692139,76.531166,26.384281,2,3.879088,1.87202,1.619849,3.041183,0.384117,3.040143,127.277428,1.553702,1.942788,0.699175,3.430801
1776195458.779224,207.339966,584.217041,789.036072,791.557007,76.042152,26.193941,2,3.876977,1.885306,1.261545,3.059075,0.390899,3.063877,113.234764,1.553702,1.942788,0.699175,3.430801
1776195459.559485,207.339966,572.873047,780.213013,780.213013,76.902077,26.574791,2,3.799329,1.858913,0.037104,2.964286,0.385427,3.016877,116.922081,1.553702,1.942788,0.699175,3.430801
1776195460.348559,210.567169,582.250244,789.036072,792.817444,76.042152,26.559349,2,3.803418,1.859969,0.845516,3.001034,0.391648,3.018745,110.309105,1.553702,1.942788,0.699175,3.430801
1776195461.146454,206.264236,586.553223,797.859192,792.817444,75.201241,26.016611,2,3.852035,1.897859,0.41345,3.073381,0.39146,3.086438,120.184517,1.553702,1.942788,0.699175,3.430801
1776195461.919141,206.264236,566.386169,772.650391,772.650391,77.654785,26.695675,2,3.916651,1.850693,0.545791,3.026202,0.381732,3.00236,111.049477,1.553702,1.942788,0.699175,3.430801
1776195462.708225,207.339966,582.956604,789.036072,790.29657,76.042152,26.235718,2,3.918076,1.882374,-0.196209,3.091503,0.390291,3.058625,130.26709,1.553702,1.942788,0.699175,3.430801
1776195463.498558,207.339966,582.956604,790.29657,790.29657,75.920868,26.235718,2,3.884548,1.882374,0.094347,3.069945,0.390291,3.058625,137.820389,1.553702,1.942788,0.699175,3.430801
1776195464.276287,207.339966,570.352173,777.692139,777.692139,77.151352,26.660931,2,3.932303,1.853048,0.647097,3.058121,0.384211,3.006513,124.588844,1.553702,1.942788,0.699175,3.430801
1776195465.051494,210.567169,568.385376,775.171265,778.952576,77.402252,27.032093,2,3.995635,1.828205,1.316189,3.097301,0.38496,2.962937,138.927948,1.553702,1.942788,0.699175,3.430801
1776195465.830484,207.339966,567.831299,778.952576,775.171265,77.026512,26.747631,2,3.945919,1.847183,0.86868,3.073683,0.382995,2.996179,151.124252,1.553702,1.942788,0.699175,3.430801
1776195466.623349,204.112747,584.92334,792.817444,789.036072,75.679466,25.868622,2,3.969225,1.908467,0.185333,3.146871,0.389542,3.105607,138.836807,1.553702,1.942788,0.699175,3.430801
1776195467.389733,213.794373,563.897766,766.348145,777.692139,78.293396,27.490875,2,4.039149,1.798423,3.715289,3.095395,0.384493,2.911391,124.152306,1.553702,1.942788,0.699175,3.430801
1776195468.168723,209.491425,564.419434,778.952576,773.910828,77.026512,27.069193,2,4.012105,1.825759,2.435017,3.125239,0.382481,2.958675,130.654129,1.553702,1.942788,0.699175,3.430801
1776195468.951493,215.945847,574.350708,782.733887,790.29657,76.654404,27.324659,2,4.011951,1.809097,1.508371,3.14029,0.390667,2.92978,160.928848,1.553702,1.942788,0.699175,3.430801
1776195469.736796,214.870117,569.124207,785.254761,783.994324,76.408325,27.407101,2,3.924343,1.803787,1.565353,3.081609,0.38758,2.920619,158.211075,1.553702,1.942788,0.699175,3.430801
1776195470.514525,211.642914,562.267944,777.692139,773.910828,77.151352,27.347195,2,3.901822,1.807643,0.125901,3.034416,0.382575,2.927268,118.288063,1.553702,1.942788,0.699175,3.430801
1776195471.289732,219.17305,564.821289,775.171265,783.994324,77.402252,27.95595,2,3.919412,1.769231,2.260913,3.038216,0.387768,2.861596,141.341324,1.553702,1.942788,0.699175,3.430801
1776195472.075024,209.491425,564.419434,785.254761,773.910828,76.408325,27.069193,2,3.946181,1.825759,0.544603,3.098758,0.382481,2.958675,120.293678,1.553702,1.942788,0.699175,3.430801
1776195472.857794,212.718643,573.79657,782.733887,786.515198,76.654404,27.045712,2,3.886162,1.827306,0.466052,3.041831,0.388702,2.961371,123.719719,1.553702,1.942788,0.699175,3.430801
1776195473.639315,212.718643,568.754822,781.47345,781.47345,76.778038,27.220201,2,3.710557,1.815872,-0.258983,2.899702,0.38627,2.941501,117.982971,1.553702,1.942788,0.699175,3.430801
1776195474.401919,198.73407,547.447083,762.566833,746.181152,78.681625,26.63349,2,3.862776,1.854913,-1.766295,2.945625,0.368634,3.009804,114.037018,1.553702,1.942788,0.699175,3.430801
1776195475.18847,205.188492,588.889404,786.515198,794.077881,76.285873,25.839844,2,3.869037,1.910543,-0.466645,3.043056,0.392022,3.109372,128.366211,1.553702,1.942788,0.699175,3.430801
1776195475.963679,205.188492,569.982788,775.171265,775.171265,77.402252,26.470085,2,3.954971,1.866094,0.229101,3.06578,0.382901,3.029605,112.565773,1.553702,1.942788,0.699175,3.430801
1776195476.761586,204.112747,592.486023,797.859192,796.598755,75.201241,25.623032,2,3.829161,1.92634,-1.974662,3.055131,0.393191,3.138124,102.501778,1.553702,1.942788,0.699175,3.430801
1776195477.534272,207.339966,569.091736,772.650391,776.431702,77.654785,26.704212,2,4.024653,1.850116,0.291874,3.10965,0.383603,3.001342,134.693161,1.553702,1.942788,0.699175,3.430801
1776195478.305699,206.264236,563.865295,771.389954,770.129517,77.78167,26.783058,2,4.138803,1.844798,0.648619,3.192631,0.380516,2.991983,117.211472,1.553702,1.942788,0.699175,3.430801
1776195479.077125,199.809814,564.017456,771.389954,763.827271,77.78167,26.159031,2,4.112465,1.887764,-0.973364,3.172314,0.377194,3.068284,134.387573,1.553702,1.942788,0.699175,3.430801
1776195479.847291,211.642914,572.35144,770.129517,783.994324,77.908974,26.995464,2,4.252736,1.830626,1.180358,3.275157,0.387439,2.967161,135.81282,1.553702,1.942788,0.699175,3.430801
1776195480.646459,210.567169,587.291992,799.119629,797.859192,75.082626,26.391521,2,4.166314,1.871519,-0.113946,3.329383,0.39408,3.03925,130.640488,1.553702,1.942788,0.699175,3.430801
1776195481.397718,223.475998,542.872131,751.2229,766.348145,79.869766,29.161158,2,4.087132,1.697914,2.391138,3.070347,0.379443,2.742993,128.641495,1.553702,1.942788,0.699175,3.430801
1776195482.18553,218.097321,563.376099,787.775635,781.47345,76.163818,27.908474,2,3.974954,1.772166,1.180581,3.131372,0.386505,2.866571,109.254875,1.553702,1.942788,0.699175,3.430801
1776195482.977124,212.718643,572.536133,791.557007,785.254761,75.799973,27.089125,2,3.932724,1.824448,-0.379333,3.112975,0.388094,2.956393,124.95256,1.553702,1.942788,0.699175,3.430801
1776195483.744768,203.037018,553.227661,767.608582,756.264648,78.164841,26.847351,2,4.023079,1.840484,-1.585732,3.08815,0.373686,2.984411,121.865402,1.553702,1.942788,0.699175,3.430801
1776195484.453173,206.264236,505.884949,708.367859,712.14917,84.701752,28.963629,2,4.153057,1.709196,-0.056258,2.941892,0.352546,2.761467,122.735306,1.553702,1.942788,0.699175,3.430801
1776195485.218309,204.112747,558.454102,765.087708,762.566833,78.422379,26.766539,2,4.163053,1.845909,-0.70716,3.1851,0.376774,2.993937,135.739105,1.553702,1.942788,0.699175,3.430801
1776195485.97461,204.112747,552.151917,756.264648,756.264648,79.337303,26.989592,2,4.048946,1.831015,-0.738862,3.062075,0.373733,2.96784,141.540985,1.553702,1.942788,0.699175,3.430801
1776195486.764943,206.264236,586.553223,790.29657,792.817444,75.920868,26.016611,2,3.886943,1.897859,-7.706635,3.071838,0.39146,3.086438,130.820953,1.553702,1.942788,0.699175,3.430801
1776195487.523765,205.188492,552.336609,758.785522,757.525085,79.07373,27.086693,2,3.912688,1.824607,-0.105705,2.968891,0.374388,2.956671,122.255753,1.553702,1.942788,0.699175,3.430801
1776195488.297713,207.339966,569.091736,773.910828,776.431702,77.528313,26.704212,2,3.926518,1.850116,0.722344,3.038775,0.383603,3.001342,149.138199,1.553702,1.942788,0.699175,3.430801
1776195489.075453,203.037018,569.613403,777.692139,772.650391,77.151352,26.277992,2,3.976887,1.879416,0.610495,3.092793,0.381591,3.053336,137.192642,1.553702,1.942788,0.699175,3.430801
1776195489.862004,209.491425,584.586426,786.515198,794.077881,76.285873,26.381721,2,4.004264,1.872198,1.892512,3.149414,0.392209,3.04046,155.954117,1.553702,1.942788,0.699175,3.430801
1776195490.646035,214.870117,575.426453,783.994324,790.29657,76.531166,27.188543,2,3.973758,1.817936,3.300633,3.115404,0.39062,2.945079,174.841629,1.553702,1.942788,0.699175,3.430801
1776195491.406117,212.718643,544.806458,760.045959,757.525085,78.942596,28.08074,2,3.901148,1.761562,1.642196,2.965052,0.374717,2.848636,135.994583,1.553702,1.942788,0.699175,3.430801
1776195492.207795,217.021576,589.660645,801.640503,806.682251,74.846519,26.902983,2,3.623663,1.836769,0.25917,2.904875,0.398618,2.9779,112.933815,1.553702,1.942788,0.699175,3.430801
1776195492.955285,218.097321,530.604736,747.441589,748.702026,80.273834,29.130056,2,3.758204,1.69968,0.973402,2.809038,0.370696,2.745878,111.057938,1.553702,1.942788,0.699175,3.430801
1776195493.716627,236.384842,546.34906,761.306396,782.733887,78.811897,30.1999,2,3.42756,1.641015,5.150955,2.609423,0.387911,2.651465,112.637772,1.553702,1.942788,0.699175,3.430801
1776195494.498137,232.081909,544.349792,781.47345,776.431702,76.778038,29.890833,2,3.383644,1.657532,2.24057,2.644228,0.384683,2.67775,116.270653,1.553702,1.942788,0.699175,3.430801
1776195495.285949,227.778946,554.954956,787.775635,782.733887,76.163818,29.100433,2,3.57692,1.701366,2.318304,2.81781,0.387535,2.748634,114.329781,1.553702,1.942788,0.699175,3.430801
1776195496.068719,220.248795,553.662048,782.733887,773.910828,76.654404,28.459194,2,3.415091,1.738718,4.827509,2.673107,0.38295,2.810322,138.271805,1.553702,1.942788,0.699175,3.430801
1776195496.838898,226.703217,550.988892,770.129517,777.692139,77.908974,29.150766,2,3.498644,1.698504,2.563237,2.694409,0.385056,2.743956,123.37043,1.553702,1.942788,0.699175,3.430801
1776195497.612844,218.097321,545.72998,773.910828,763.827271,77.528313,28.553226,2,4.060544,1.733135,1.964418,3.142498,0.377992,2.801027,114.27076,1.553702,1.942788,0.699175,3.430801
1776195498.41074,207.339966,577.914795,797.859192,785.254761,75.201241,26.404167,2,4.064317,1.870643,-0.35951,3.242753,0.387859,3.037693,117.166809,1.553702,1.942788,0.699175,3.430801
1776195499.175864,221.324524,560.148926,765.087708,781.47345,78.422379,28.32144,2,3.998961,1.746962,2.592044,3.059556,0.386646,2.824098,109.356995,1.553702,1.942788,0.699175,3.430801
1776195499.944769,220.248795,547.359802,768.86908,767.608582,78.03669,28.692854,2,4.043057,1.724914,2.513827,3.108582,0.37991,2.787386,130.329285,1.553702,1.942788,0.699175,3.430801
1776195500.731334,208.415695,564.23468,786.515198,772.650391,76.285873,26.974127,2,3.534838,1.832039,2.683884,2.780204,0.381826,2.969629,123.144539,1.553702,1.942788,0.699175,3.430801
1776195501.526708,206.264236,586.553223,795.338318,792.817444,75.43959,26.016611,2,3.319982,1.897859,-0.889764,2.640509,0.39146,3.086438,115.481323,1.553702,1.942788,0.699175,3.430801
1776195502.309478,204.112747,576.100281,782.733887,780.213013,76.654404,26.161156,2,3.856156,1.887614,-0.393996,3.018344,0.385286,3.068015,127.641998,1.553702,1.942788,0.699175,3.430801
1776195503.087207,208.415695,574.318176,777.692139,782.733887,77.151352,26.626635,2,4.053353,1.855379,0.31348,3.152261,0.38669,3.010628,118.012672,1.553702,1.942788,0.699175,3.430801
1776195503.877552,210.567169,582.250244,790.29657,792.817444,75.920868,26.559349,2,4.127817,1.859969,0.813405,3.262199,0.391648,3.018745,129.119507,1.553702,1.942788,0.699175,3.430801
1776195504.676708,206.264236,587.81366,799.119629,794.077881,75.082626,25.975317,2,4.037526,1.900807,-0.36764,3.226466,0.392068,3.091755,128.295395,1.553702,1.942788,0.699175,3.430801
1776195505.468301,207.339966,585.477478,791.557007,792.817444,75.799973,26.152294,2,4.072788,1.888239,0.796774,3.223844,0.391507,3.069136,119.396652,1.553702,1.942788,0.699175,3.430801
1776195506.261167,205.188492,585.108093,792.817444,790.29657,75.679466,25.96348,2,3.878764,1.901653,-0.93587,3.075152,0.390197,3.093284,119.616302,1.553702,1.942788,0.699175,3.430801
1776195507.047719,207.339966,581.696106,786.515198,789.036072,76.285873,26.277628,2,3.977116,1.879441,0.841952,3.128062,0.389683,3.053381,122.547546,1.553702,1.942788,0.699175,3.430801
1776195507.827968,210.567169,573.427124,780.213013,783.994324,76.902077,26.858252,2,4.050495,1.839755,1.408772,3.160249,0.387392,2.983132,108.789902,1.553702,1.942788,0.699175,3.430801
1776195508.632165,209.491425,593.409546,804.161377,802.90094,74.611893,26.091814,2,4.061774,1.892515,0.606485,3.266321,0.396466,3.076816,124.178307,1.553702,1.942788,0.699175,3.430801
1776195509.404865,205.188492,562.420105,772.650391,767.608582,77.654785,26.730875,2,4.004197,1.848314,1.105928,3.093844,0.379253,2.998168,118.182442,1.553702,1.942788,0.699175,3.430801
1776195510.17377,204.112747,563.49585,768.86908,767.608582,78.03669,26.590733,2,3.978135,1.857825,0.148471,3.058665,0.379206,3.014952,97.090912,1.553702,1.942788,0.699175,3.430801
1776195510.955279,206.264236,577.730103,781.47345,783.994324,76.778038,26.309404,2,3.957477,1.877224,1.032129,3.092663,0.387204,3.049421,119.409599,1.553702,1.942788,0.699175,3.430801
1776195511.741832,210.567169,580.989868,786.515198,791.557007,76.285873,26.601643,2,3.857428,1.857081,0.19892,3.033926,0.39104,3.013636,105.288826,1.553702,1.942788,0.699175,3.430801
1776195512.540987,210.567169,588.55249,799.119629,799.119629,75.082626,26.349894,2,3.550252,1.874406,4.039515,2.837076,0.394688,3.044395,111.410141,1.553702,1.942788,0.699175,3.430801
1776195513.321249,213.794373,570.199951,780.213013,783.994324,76.902077,27.269888,2,3.470596,1.812643,0.96156,2.707804,0.387533,2.935909,126.250053,1.553702,1.942788,0.699175,3.430801
1776195514.097717,215.945847,563.006714,776.431702,778.952576,77.276596,27.722591,2,3.83325,1.783756,0.467054,2.976257,0.385195,2.886282,89.172874,1.553702,1.942788,0.699175,3.430801
1776195514.872924,215.945847,559.225403,775.171265,775.171265,77.402252,27.857824,2,3.698756,1.775309,1.337052,2.867169,0.383371,2.871904,108.061424,1.553702,1.942788,0.699175,3.430801
1776195515.636788,219.17305,548.435547,763.827271,767.608582,78.551788,28.552711,2,3.732759,1.733166,2.018876,2.851184,0.379863,2.801078,116.40435,1.553702,1.942788,0.699175,3.430801
1776195516.406954,213.794373,550.032898,770.129517,763.827271,77.908974,27.989885,2,3.622361,1.767139,1.092007,2.789687,0.377804,2.858056,112.590172,1.553702,1.942788,0.699175,3.430801
1776195517.184694,211.642914,563.52832,777.692139,775.171265,77.151352,27.302731,2,3.670595,1.810515,0.455361,2.854593,0.383183,2.932229,119.946739,1.553702,1.942788,0.699175,3.430801
1776195517.969986,209.491425,573.242432,785.254761,782.733887,76.408325,26.764069,2,3.749698,1.846076,1.337757,2.944468,0.386737,2.99423,130.171127,1.553702,1.942788,0.699175,3.430801
1776195518.750235,208.415695,570.536865,780.213013,778.952576,76.902077,26.75589,2,3.885835,1.846627,2.566021,3.031779,0.384866,2.995199,159.426468,1.553702,1.942788,0.699175,3.430801
1776195519.539308,209.491425,580.805176,789.036072,790.29657,76.042152,26.50795,2,3.744207,1.86349,0.512492,2.954314,0.390385,3.024985,125.895988,1.553702,1.942788,0.699175,3.430801
1776195520.314528,212.718643,566.233948,775.171265,778.952576,77.402252,27.30829,2,3.721477,1.810156,0.66577,2.884782,0.385054,2.931608,127.313408,1.553702,1.942788,0.699175,3.430801
1776195521.098558,213.794373,571.460388,783.994324,785.254761,76.531166,27.226118,2,3.75511,1.815487,2.9391,2.943985,0.388141,2.940833,159.41539,1.553702,1.942788,0.699175,3.430801
1776195521.898975,204.112747,584.92334,800.380066,789.036072,74.964386,25.868622,2,3.662182,1.908467,-0.412372,2.931138,0.389542,3.105607,107.376831,1.553702,1.942788,0.699175,3.430801
1776195522.676703,206.264236,573.948792,777.692139,780.213013,77.151352,26.436913,2,3.807668,1.868381,0.975666,2.961194,0.38538,3.033668,132.806274,1.553702,1.942788,0.699175,3.430801
1776195523.451922,210.567169,569.645874,775.171265,780.213013,77.402252,26.98842,2,3.858814,1.831092,0.789758,2.991241,0.385568,2.967975,124.546089,1.553702,1.942788,0.699175,3.430801
1776195524.228391,206.264236,565.125732,776.431702,771.389954,77.276596,26.739296,2,3.854838,1.847745,1.022589,2.993018,0.381124,2.997168,136.951736,1.553702,1.942788,0.699175,3.430801
1776195525.009901,211.642914,576.13269,781.47345,787.775635,76.778038,26.865887,2,3.714875,1.839245,0.680247,2.903076,0.389263,2.982237,129.080521,1.553702,1.942788,0.699175,3.430801
1776195525.78889,213.794373,567.679077,778.952576,781.47345,77.026512,27.357855,2,3.741002,1.806955,0.538663,2.914063,0.386317,2.926082,133.388718,1.553702,1.942788,0.699175,3.430801
1776195526.552753,214.870117,550.21759,763.827271,765.087708,78.551788,28.084377,2,3.794363,1.76134,-0.04579,2.898238,0.378459,2.84826,135.300049,1.553702,1.942788,0.699175,3.430801
1776195527.338056,214.870117,570.384644,785.254761,785.254761,76.408325,27.36311,2,3.64698,1.806616,-1.272643,2.863808,0.388188,2.925497,104.874557,1.553702,1.942788,0.699175,3.430801
1776195528.105702,213.794373,552.553772,767.608582,766.348145,78.164841,27.897814,2,3.642028,1.772827,-0.087701,2.795652,0.37902,2.867691,125.216553,1.553702,1.942788,0.699175,3.430801
1776195528.885951,204.112747,564.756348,780.213013,768.86908,76.902077,26.54714,2,3.678218,1.860804,-0.117733,2.869793,0.379814,3.020224,130.722443,1.553702,1.942788,0.699175,3.430801
1776195529.654857,212.718643,566.233948,768.86908,778.952576,78.03669,27.30829,2,3.757333,1.810156,-0.189638,2.888897,0.385054,2.931608,132.885132,1.553702,1.942788,0.699175,3.430801
1776195530.41746,212.718643,549.848206,762.566833,762.566833,78.681625,27.895081,2,3.663864,1.772996,-0.80687,2.793941,0.377149,2.867978,122.485901,1.553702,1.942788,0.699175,3.430801
1776195531.171239,213.794373,541.209839,753.743774,755.004211,79.602646,28.316978,2,3.651186,1.747231,-0.619031,2.752058,0.373548,2.824548,136.058136,1.553702,1.942788,0.699175,3.430801
1776195531.94646,214.870117,561.561584,775.171265,776.431702,77.402252,27.674051,2,3.652733,1.786808,-0.511488,2.831494,0.383932,2.891492,125.293655,1.553702,1.942788,0.699175,3.430801
1776195532.717886,210.567169,555.781006,771.389954,766.348145,77.78167,27.476698,2,3.630848,1.799329,-0.57868,2.8008,0.37888,2.912947,121.827347,1.553702,1.942788,0.699175,3.430801
1776195533.485531,211.642914,557.226196,767.608582,768.86908,78.164841,27.526522,2,3.773195,1.796151,0.438693,2.896337,0.380143,2.907489,109.128662,1.553702,1.942788,0.699175,3.430801
1776195534.269562,211.642914,572.35144,783.994324,783.994324,76.531166,26.995464,2,3.774318,1.830626,1.142271,2.959044,0.387439,2.967161,124.153038,1.553702,1.942788,0.699175,3.430801
1776195535.052331,212.718643,571.275696,782.733887,783.994324,76.654404,27.132675,2,3.767568,1.821589,1.327177,2.949003,0.387486,2.951422,137.352905,1.553702,1.942788,0.699175,3.430801
1776195535.816208,221.324524,552.586304,763.827271,773.910828,78.551788,28.598196,2,3.789093,1.730479,2.221081,2.894213,0.382997,2.796613,128.178299,1.553702,1.942788,0.699175,3.430801
1776195536.610322,213.794373,571.460388,794.077881,785.254761,75.559341,27.226118,2,3.641912,1.815487,0.466794,2.891962,0.388141,2.940833,117.113213,1.553702,1.942788,0.699175,3.430801
1776195537.384269,215.945847,560.48584,773.910828,776.431702,77.528313,27.812599,2,3.775053,1.778125,2.55288,2.921554,0.383979,2.87669,141.853134,1.553702,1.942788,0.699175,3.430801
1776195538.163258,211.642914,562.267944,778.952576,773.910828,77.026512,27.347195,2,3.725954,1.807643,0.181807,2.902341,0.382575,2.927268,122.27964,1.553702,1.942788,0.699175,3.430801
1776195538.932175,214.870117,557.780273,768.86908,772.650391,78.03669,27.809488,2,3.742226,1.778319,1.765368,2.877282,0.382108,2.87702,144.294815,1.553702,1.942788,0.699175,3.430801
1776195539.704862,217.021576,558.149658,772.650391,775.171265,77.654785,27.996597,2,3.745205,1.766726,2.595607,2.893734,0.383418,2.857357,128.373993,1.553702,1.942788,0.699175,3.430801
1776195540.466205,223.475998,545.393066,761.306396,768.86908,78.811897,29.065546,2,3.730818,1.703356,1.657194,2.840295,0.380659,2.75189,130.293304,1.553702,1.942788,0.699175,3.430801
1776195541.259058,214.870117,567.86377,792.817444,782.733887,75.679466,27.451235,2,3.590477,1.800957,1.487805,2.846593,0.386972,2.915748,132.592514,1.553702,1.942788,0.699175,3.430801
1776195542.012839,215.945847,539.05835,753.743774,755.004211,79.602646,28.601938,2,3.993038,1.730258,1.32636,3.009727,0.373642,2.796247,160.280197,1.553702,1.942788,0.699175,3.430801
1776195542.803184,218.097321,574.720093,790.29657,792.817444,75.920868,27.509148,2,3.618976,1.797257,-0.159829,2.860064,0.391977,2.909389,118.855011,1.553702,1.942788,0.699175,3.430801
1776195543.587214,217.021576,565.71228,783.994324,782.733887,76.531166,27.726099,2,3.62983,1.783536,1.126086,2.845766,0.387066,2.885907,134.603775,1.553702,1.942788,0.699175,3.430801
1776195544.366204,217.021576,561.93103,778.952576,778.952576,77.026512,27.860693,2,3.565858,1.775131,1.168479,2.777634,0.385242,2.871602,117.093895,1.553702,1.942788,0.699175,3.430801
1776195545.140151,219.17305,557.258667,773.910828,776.431702,77.528313,28.228247,2,3.499129,1.752586,1.01019,2.708014,0.38412,2.833528,111.175629,1.553702,1.942788,0.699175,3.430801
1776195545.926703,226.703217,568.635132,786.515198,795.338318,76.285873,28.504,2,3.497726,1.736053,1.576639,2.751015,0.393569,2.805882,119.86982,1.553702,1.942788,0.699175,3.430801
1776195546.706964,227.778946,553.694519,780.213013,781.47345,76.902077,29.147369,2,3.337561,1.698697,1.582207,2.604008,0.386927,2.744271,111.670006,1.553702,1.942788,0.699175,3.430801
1776195547.489734,239.61203,556.986694,782.733887,796.598755,76.654404,30.079388,2,3.270882,1.647415,1.749146,2.56023,0.39474,2.661623,96.263206,1.553702,1.942788,0.699175,3.430801
1776195548.285109,232.081909,554.433289,795.338318,786.515198,75.43959,29.50762,2,3.071693,1.678491,0.254863,2.443035,0.389547,2.711439,107.421776,1.553702,1.942788,0.699175,3.430801
1776195549.07166,239.61203,555.726318,786.515198,795.338318,76.285873,30.127058,2,2.984883,1.644877,-0.936241,2.347656,0.394132,2.657591,103.026993,1.553702,1.942788,0.699175,3.430801
1776195549.853182,266.505432,546.479065,781.47345,812.984497,76.778038,32.78112,2,2.769471,1.515238,-0.42284,2.164268,0.403819,2.458901,105.622467,1.553702,1.942788,0.699175,3.430801
1776195550.654859,573.106384,533.560852,801.640503,1106.667236,74.846519,51.786697,3,1.953486,0.835624,2.977828,1.565994,0.478902,1.396231,38.332077,2.62296,4.685811,0.108322,3.959939
1776195551.675865,760.439209,455.886475,1020.957275,1216.325684,58.768375,62.519371,3,1.224314,0.801297,3.928489,1.249973,0.609338,1.069608,11.419819,2.62296,4.685811,0.108322,3.959939
1776195552.914939,913.931274,485.158203,1239.01355,1399.089478,48.425621,65.323288,3,0.781862,0.78366,1.625384,0.968738,0.716211,0.969091,10.0,2.62296,4.685811,0.108322,3.959939
1776195588.706957,221.324524,536.200562,773.910828,757.525085,77.528313,29.216789,2,3.279915,1.694764,-0.885532,2.538362,0.375093,2.737854,100.317917,1.553702,1.942788,0.699175,3.430801
1776195589.469561,219.17305,540.872925,762.566833,760.045959,78.681625,28.836817,2,3.389413,1.716521,-0.206009,2.584654,0.376215,2.773519,107.4487,1.553702,1.942788,0.699175,3.430801
1776195590.24478,220.248795,556.182922,775.171265,776.431702,77.402252,28.366795,2,3.42285,1.744239,-0.015943,2.653295,0.384167,2.819541,111.329865,1.553702,1.942788,0.699175,3.430801
1776195591.02377,218.097321,558.334351,778.952576,776.431702,77.026512,28.089699,2,3.500478,1.761014,1.18433,2.726706,0.384073,2.847712,128.230667,1.553702,1.942788,0.699175,3.430801
1776195591.802758,210.567169,559.562378,778.952576,770.129517,77.026512,27.341785,2,3.628777,1.807991,0.65764,2.826645,0.380704,2.92787,131.367661,1.553702,1.942788,0.699175,3.430801
1776195592.575445,207.339966,561.529114,772.650391,768.86908,77.654785,26.966875,2,3.588161,1.83252,-1.317784,2.772394,0.379955,2.970469,111.805161,1.553702,1.942788,0.699175,3.430801
1776195593.34309,212.718643,561.1922,767.608582,773.910828,78.164841,27.486197,2,3.841886,1.798722,1.207755,2.949064,0.382622,2.911904,182.499039,1.553702,1.942788,0.699175,3.430801
1776195594.112007,209.491425,555.596313,768.86908,765.087708,78.03669,27.381361,2,3.740062,1.805441,0.285675,2.875618,0.378224,2.92347,137.235062,1.553702,1.942788,0.699175,3.430801
1776195594.867048,209.491425,545.512817,755.004211,755.004211,79.469757,27.747053,2,3.911641,1.782222,3.399119,2.953305,0.37336,2.883667,144.547989,1.553702,1.942788,0.699175,3.430801
1776195595.638474,203.037018,560.790283,771.389954,763.827271,77.78167,26.581535,2,3.877848,1.858453,-0.290054,2.991333,0.377335,3.016062,129.254364,1.553702,1.942788,0.699175,3.430801
1776195596.402338,209.491425,561.89856,763.827271,771.389954,78.551788,27.157656,2,3.994552,1.819954,1.045011,3.051148,0.381265,2.948581,145.276505,1.553702,1.942788,0.699175,3.430801
1776195597.147295,204.112747,534.505676,744.920654,738.618408,80.545494,27.634398,2,4.124723,1.78931,0.583915,3.072592,0.365221,2.895768,110.31498,1.553702,1.942788,0.699175,3.430801
1776195597.919982,199.809814,567.798767,772.650391,767.608582,77.654785,26.03017,2,4.207332,1.896893,-0.878776,3.250797,0.379018,3.084697,149.310379,1.553702,1.942788,0.699175,3.430801
1776195598.671241,208.415695,552.890686,751.2229,761.306396,79.869766,27.376059,2,4.212154,1.805783,0.391882,3.164266,0.376353,2.924059,133.10585,1.553702,1.942788,0.699175,3.430801
1776195599.451503,196.582611,569.765503,780.213013,766.348145,76.902077,25.651867,2,3.941061,1.924224,-0.764625,3.074867,0.378269,3.134259,130.040436,1.553702,1.942788,0.699175,3.430801
1776195600.221668,203.037018,574.655151,770.129517,777.692139,77.908974,26.107634,2,4.085804,1.891394,0.527155,3.146598,0.384023,3.074802,132.970505,1.553702,1.942788,0.699175,3.430801
1776195600.998137,198.73407,572.655884,776.431702,771.389954,77.276596,25.763113,2,4.127295,1.916104,0.762139,3.204563,0.380795,3.119467,156.867767,1.553702,1.942788,0.699175,3.430801
1776195601.772084,203.037018,575.915527,773.910828,778.952576,77.528313,26.065388,2,4.175075,1.894389,1.634327,3.231136,0.384631,3.080188,158.121353,1.553702,1.942788,0.699175,3.430801
1776195602.529645,201.961288,554.303345,757.525085,756.264648,79.205299,26.705107,2,4.161467,1.850055,1.089706,3.152415,0.37364,3.001235,135.708176,1.553702,1.942788,0.699175,3.430801
1776195603.285946,204.112747,554.672791,756.264648,758.785522,79.337303,26.899927,2,4.195203,1.836972,0.895185,3.172684,0.374949,2.978256,132.416016,1.553702,1.942788,0.699175,3.430801
1776195604.051082,200.885559,560.420837,765.087708,761.306396,78.422379,26.386951,2,4.110814,1.871835,-0.188302,3.145133,0.376025,3.039814,138.287354,1.553702,1.942788,0.699175,3.430801
1776195604.813685,195.506866,560.757812,762.566833,756.264648,78.681625,25.851646,2,3.993545,1.909691,-1.076007,3.045345,0.373358,3.107826,129.000366,1.553702,1.942788,0.699175,3.430801
1776195605.573768,200.885559,565.462585,760.045959,766.348145,78.942596,26.213354,2,4.077247,1.883942,0.821757,3.098895,0.378457,3.061434,127.745308,1.553702,1.942788,0.699175,3.430801
1776195606.340152,203.037018,565.832031,766.348145,768.86908,78.293396,26.40723,2,4.196791,1.870432,-0.387723,3.216203,0.379767,3.037316,132.320328,1.553702,1.942788,0.699175,3.430801
1776195607.110318,201.961288,566.907776,770.129517,768.86908,77.908974,26.267317,2,4.01276,1.880162,-0.442367,3.090345,0.37972,3.054669,133.094757,1.553702,1.942788,0.699175,3.430801
1776195607.8704,205.188492,558.638794,760.045959,763.827271,78.942596,26.863205,2,3.925469,1.839424,0.270826,2.983537,0.377429,2.982551,110.164848,1.553702,1.942788,0.699175,3.430801
1776195608.633015,204.112747,557.193665,762.566833,761.306396,78.681625,26.810854,2,4.048506,1.84293,-0.397226,3.087256,0.376166,2.988703,131.468811,1.553702,1.942788,0.699175,3.430801
1776195609.391838,203.037018,554.488037,758.785522,757.525085,79.07373,26.802679,2,4.046111,1.843479,0.196767,3.07013,0.374294,2.989667,125.962425,1.553702,1.942788,0.699175,3.430801
1776195610.168305,201.961288,573.209961,776.431702,775.171265,77.276596,26.053762,2,4.043089,1.895215,0.222456,3.139182,0.38276,3.081675,146.800842,1.553702,1.942788,0.699175,3.430801
1776195610.938472,203.037018,568.352905,770.129517,771.389954,77.908974,26.32093,2,4.036103,1.876421,0.358769,3.108322,0.380983,3.047988,124.831284,1.553702,1.942788,0.699175,3.430801
1776195611.707377,199.809814,565.277893,768.86908,765.087708,78.03669,26.115936,2,3.818582,1.890807,-0.853793,2.93599,0.377802,3.073747,120.086502,1.553702,1.942788,0.699175,3.430801
1776195612.475021,208.415695,569.276428,767.608582,777.692139,78.164841,26.799255,2,3.782034,1.843709,0.357321,2.903121,0.384258,2.990071,128.773026,1.553702,1.942788,0.699175,3.430801
1776195613.257805,211.642914,574.872314,782.733887,786.515198,76.654404,26.908939,2,3.801303,1.836372,0.424401,2.975409,0.388655,2.977205,144.99794,1.553702,1.942788,0.699175,3.430801
1776195614.030491,206.264236,560.083923,772.650391,766.348145,77.654785,26.915213,2,3.795302,1.835954,0.637928,2.932441,0.378692,2.976473,121.791893,1.553702,1.942788,0.699175,3.430801
1776195614.801918,209.491425,565.67981,771.389954,775.171265,77.78167,27.025179,2,3.716094,1.828661,-0.662242,2.866558,0.383089,2.963733,123.092163,1.553702,1.942788,0.699175,3.430801
1776195615.582167,209.491425,570.721558,780.213013,780.213013,76.902077,26.850542,2,3.768745,1.840271,-0.073743,2.940424,0.385521,2.984036,132.51506,1.553702,1.942788,0.699175,3.430801
1776195616.349811,206.264236,557.563049,767.608582,763.827271,78.164841,27.004042,2,3.825448,1.830058,0.347187,2.936447,0.377476,2.96617,119.927887,1.553702,1.942788,0.699175,3.430801
1776195617.123771,207.339966,567.831299,773.910828,775.171265,77.528313,26.747631,2,3.848067,1.847183,0.168443,2.978061,0.382995,2.996179,112.76487,1.553702,1.942788,0.699175,3.430801
1776195617.897718,206.264236,566.386169,773.910828,772.650391,77.528313,26.695675,2,3.856622,1.850693,0.655895,2.984681,0.381732,3.00236,123.73214,1.553702,1.942788,0.699175,3.430801
1776195618.669144,204.112747,564.756348,771.389954,768.86908,77.78167,26.54714,2,3.915249,1.860804,0.550097,3.020184,0.379814,3.020224,126.011429,1.553702,1.942788,0.699175,3.430801
1776195619.443092,203.037018,569.613403,773.910828,772.650391,77.528313,26.277992,2,3.93804,1.879416,-0.167773,3.047691,0.381591,3.053336,130.507645,1.553702,1.942788,0.699175,3.430801
1776195620.209476,201.961288,563.126404,766.348145,765.087708,78.293396,26.397142,2,3.897414,1.87113,-0.055961,2.986776,0.377896,3.038558,136.671082,1.553702,1.942788,0.699175,3.430801
1776195620.978394,201.961288,566.907776,768.86908,768.86908,78.03669,26.267317,2,3.928142,1.880162,0.274612,3.020227,0.37972,3.054669,123.400841,1.553702,1.942788,0.699175,3.430801
1776195621.756122,206.264236,576.469666,777.692139,782.733887,77.151352,26.35177,2,3.961446,1.874276,0.732107,3.080786,0.386596,3.044162,128.496429,1.553702,1.942788,0.699175,3.430801
1776195622.525027,201.961288,561.865967,768.86908,763.827271,78.03669,26.440701,2,3.998441,1.868119,0.5191,3.074277,0.377288,3.033203,142.258896,1.553702,1.942788,0.699175,3.430801
1776195623.292673,204.112747,566.016785,767.608582,770.129517,78.164841,26.503691,2,3.923691,1.863783,-1.036063,3.011859,0.380422,3.025504,128.690659,1.553702,1.942788,0.699175,3.430801
1776195624.059057,205.188492,562.420105,766.348145,767.608582,78.293396,26.730875,2,3.928723,1.848314,1.276022,3.01077,0.379253,2.998168,131.177765,1.553702,1.942788,0.699175,3.430801
1776195624.829223,211.642914,566.049194,770.129517,777.692139,77.908974,27.21423,2,4.005669,1.816261,2.294583,3.084883,0.384399,2.942174,137.048569,1.553702,1.942788,0.699175,3.430801
1776195625.594359,210.567169,553.260132,765.087708,763.827271,78.422379,27.567381,2,4.016894,1.793553,-0.048463,3.073276,0.377663,2.903034,137.286072,1.553702,1.942788,0.699175,3.430801
1776195626.333014,209.491425,527.866577,738.618408,737.357971,81.232742,28.411087,2,3.850382,1.741588,-0.038365,2.843963,0.364848,2.815111,141.459244,1.553702,1.942788,0.699175,3.430801
1776195627.095618,208.415695,552.890686,762.566833,761.306396,78.681625,27.376059,2,3.962814,1.805783,1.263104,3.021911,0.376353,2.924059,131.763321,1.553702,1.942788,0.699175,3.430801
1776195627.874606,209.491425,570.721558,778.952576,780.213013,77.026512,26.850542,2,4.028955,1.840271,-0.16317,3.138365,0.385521,2.984036,137.923752,1.553702,1.942788,0.699175,3.430801
1776195628.63721,212.718643,553.629517,762.566833,766.348145,78.681625,27.757442,2,3.91659,1.781571,0.884011,2.986662,0.378973,2.882558,142.734604,1.553702,1.942788,0.699175,3.430801
1776195629.393511,213.794373,543.730713,756.264648,757.525085,79.337303,28.222746,2,3.826891,1.752919,-0.028751,2.894142,0.374764,2.834087,132.314636,1.553702,1.942788,0.699175,3.430801
1776195630.168718,217.021576,561.93103,775.171265,778.952576,77.402252,27.860693,2,3.841177,1.775131,1.181324,2.97757,0.385242,2.871602,134.111465,1.553702,1.942788,0.699175,3.430801
1776195630.955282,208.415695,568.015991,786.515198,776.431702,76.285873,26.842762,2,3.728724,1.840792,-1.233257,2.932698,0.38365,2.984949,115.314407,1.553702,1.942788,0.699175,3.430801
1776195631.720406,211.642914,557.226196,765.087708,768.86908,78.422379,27.526522,2,3.792372,1.796151,-0.266519,2.901497,0.380143,2.907489,131.374161,1.553702,1.942788,0.699175,3.430801
1776195632.491832,211.642914,559.74707,771.389954,771.389954,77.78167,27.436565,2,3.755584,1.801897,0.107562,2.89702,0.381359,2.917364,125.565826,1.553702,1.942788,0.699175,3.430801
1776195633.256956,215.945847,554.183655,765.087708,770.129517,78.422379,28.040197,2,3.772692,1.764046,0.492149,2.886441,0.380938,2.852829,118.880928,1.553702,1.942788,0.699175,3.430801
1776195634.038466,206.264236,563.865295,781.47345,770.129517,76.778038,26.783058,2,3.740364,1.844798,-0.514198,2.922995,0.380516,2.991983,125.326614,1.553702,1.942788,0.699175,3.430801
1776195634.821249,211.642914,577.393188,782.733887,789.036072,76.654404,26.822969,2,3.790925,1.842118,-0.500166,2.967285,0.389871,2.987276,129.608795,1.553702,1.942788,0.699175,3.430801
1776195635.588894,210.567169,555.781006,767.608582,766.348145,78.164841,27.476698,2,3.832199,1.799329,-0.145352,2.941629,0.37888,2.912947,122.070709,1.553702,1.942788,0.699175,3.430801
1776195636.350236,203.037018,549.446289,761.306396,752.483337,78.811897,26.98226,2,4.029864,1.8315,0.489773,3.067961,0.371862,2.968688,141.119614,1.553702,1.942788,0.699175,3.430801
1776195637.131746,207.339966,579.175232,781.47345,786.515198,76.778038,26.361851,2,3.997262,1.873576,-0.093752,3.123754,0.388467,3.042915,125.579681,1.553702,1.942788,0.699175,3.430801
1776195637.899391,208.415695,560.453369,767.608582,768.86908,78.164841,27.106785,2,3.892678,1.823287,0.663877,2.988053,0.380002,2.954374,128.889984,1.553702,1.942788,0.699175,3.430801
1776195638.670829,213.794373,563.897766,771.389954,777.692139,77.78167,27.490875,2,3.922889,1.798423,1.236005,3.026077,0.384493,2.911391,135.945663,1.553702,1.942788,0.699175,3.430801
1776195639.446037,209.491425,560.638062,775.171265,770.129517,77.402252,27.202103,2,3.772571,1.817051,-0.578383,2.924389,0.380657,2.943545,134.380768,1.553702,1.942788,0.699175,3.430801
1776195640.209901,211.642914,554.7052,763.827271,766.348145,78.551788,27.617069,2,3.628156,1.790405,0.040037,2.771285,0.378926,2.897642,109.069588,1.553702,1.942788,0.699175,3.430801
1776195640.976286,210.567169,554.520508,766.348145,765.087708,78.293396,27.521965,2,3.805766,1.796441,1.306983,2.916542,0.378271,2.907987,134.454666,1.553702,1.942788,0.699175,3.430801
1776195641.756535,207.339966,569.091736,780.213013,776.431702,76.902077,26.704212,2,3.959311,1.850116,0.231031,3.089107,0.383603,3.001342,129.213013,1.553702,1.942788,0.699175,3.430801
1776195642.534275,213.794373,571.460388,777.692139,785.254761,77.151352,27.226118,2,3.844313,1.815487,1.032278,2.989692,0.388141,2.940833,125.242332,1.553702,1.942788,0.699175,3.430801
1776195643.322088,205.188492,572.503662,787.775635,777.692139,76.163818,26.384281,2,3.839558,1.87202,-0.578717,3.02471,0.384117,3.040143,129.824921,1.553702,1.942788,0.699175,3.430801
1776195644.102337,210.567169,575.947998,780.213013,786.515198,76.902077,26.772169,2,3.82282,1.84553,0.32714,2.982614,0.388608,2.993271,129.335739,1.553702,1.942788,0.699175,3.430801
1776195644.895191,207.339966,581.696106,792.817444,789.036072,75.679466,26.277628,2,3.748827,1.879441,0.622819,2.972135,0.389683,3.053381,133.457306,1.553702,1.942788,0.699175,3.430801
1776195645.675452,209.491425,573.242432,780.213013,782.733887,76.902077,26.764069,2,3.832922,1.846076,-0.154447,2.990496,0.386737,2.99423,137.410263,1.553702,1.942788,0.699175,3.430801
1776195646.455701,203.037018,569.613403,780.213013,772.650391,76.902077,26.277992,2,3.75482,1.879416,-0.354239,2.929559,0.381591,3.053336,125.887695,1.553702,1.942788,0.699175,3.430801
1776195647.234691,206.264236,576.469666,778.952576,782.733887,77.026512,26.35177,2,3.780416,1.874276,-0.781219,2.944765,0.386596,3.044162,130.270081,1.553702,1.942788,0.699175,3.430801
1776195648.01494,204.112747,573.579407,780.213013,777.692139,76.902077,26.245958,2,3.759446,1.881656,-0.914711,2.933169,0.38407,3.057342,126.811417,1.553702,1.942788,0.699175,3.430801
1776195648.787627,208.415695,569.276428,772.650391,777.692139,77.654785,26.799255,2,3.853705,1.843709,0.641418,2.977567,0.384258,2.990071,135.256683,1.553702,1.942788,0.699175,3.430801
1776195649.57167,212.718643,576.317444,783.994324,789.036072,76.531166,26.959307,2,3.845351,1.833023,0.630429,3.014733,0.389918,2.971347,140.518188,1.553702,1.942788,0.699175,3.430801
1776195650.353179,205.188492,567.461914,781.47345,772.650391,76.778038,26.556448,2,3.851421,1.860167,0.257573,3.009784,0.381685,3.019096,131.738876,1.553702,1.942788,0.699175,3.430801
1776195651.125866,206.264236,567.646606,772.650391,773.910828,77.654785,26.652197,2,3.966273,1.853641,-0.104814,3.064543,0.38234,3.00756,129.404282,1.553702,1.942788,0.699175,3.430801
1776195651.903594,200.885559,570.504395,777.692139,771.389954,77.151352,26.042023,2,3.941548,1.89605,0.176424,3.065311,0.380889,3.083178,145.445816,1.553702,1.942788,0.699175,3.430801
1776195652.661155,203.037018,557.008911,757.525085,760.045959,79.205299,26.713783,2,4.083006,1.849468,0.2144,3.09298,0.375511,3.000202,140.610535,1.553702,1.942788,0.699175,3.430801
1776195653.427553,206.264236,563.865295,766.348145,770.129517,78.293396,26.783058,2,3.862594,1.844798,3.935721,2.960092,0.380516,2.991983,138.689468,1.553702,1.942788,0.699175,3.430801
1776195654.193937,212.718643,561.1922,766.348145,773.910828,78.293396,27.486197,2,3.685518,1.798722,0.885459,2.82439,0.382622,2.911904,130.568176,1.553702,1.942788,0.699175,3.430801
1776195654.984269,207.339966,576.654358,790.29657,783.994324,75.920868,26.446617,2,3.858002,1.867711,-0.407138,3.048966,0.387251,3.032478,127.877655,1.553702,1.942788,0.699175,3.430801
1776195655.764519,209.491425,573.242432,780.213013,782.733887,76.902077,26.764069,2,3.800691,1.846076,0.066431,2.965349,0.386737,2.99423,113.544838,1.553702,1.942788,0.699175,3.430801
1776195656.534685,207.339966,560.268616,770.129517,767.608582,77.908974,27.01116,2,3.928436,1.829587,0.020325,3.025404,0.379347,2.965349,125.990074,1.553702,1.942788,0.699175,3.430801
1776195657.313687,208.415695,571.797302,778.952576,780.213013,77.026512,26.712666,2,3.931602,1.849544,-0.176349,3.062531,0.385474,3.000335,130.450989,1.553702,1.942788,0.699175,3.430801
1776195658.088894,206.264236,566.386169,775.171265,772.650391,77.402252,26.695675,2,3.918306,1.850693,-1.411926,3.037358,0.381732,3.00236,131.332642,1.553702,1.942788,0.699175,3.430801
1776195658.852757,211.642914,558.486572,763.827271,770.129517,78.551788,27.48147,2,4.081921,1.799024,0.683106,3.117882,0.380751,2.912423,142.669998,1.553702,1.942788,0.699175,3.430801
1776195659.625444,214.870117,561.561584,772.650391,776.431702,77.654785,27.674051,2,3.819337,1.786808,0.039183,2.951012,0.383932,2.891492,142.187454,1.553702,1.942788,0.699175,3.430801
1776195660.389308,231.006149,551.727722,763.827271,782.733887,78.551788,29.51273,2,3.416322,1.678208,-1.303752,2.60948,0.387676,2.710982,132.058334,1.553702,1.942788,0.699175,3.430801
1776195661.145609,239.61203,526.736084,756.264648,766.348145,79.337303,31.266733,2,3.300482,1.586513,-0.710946,2.496037,0.380148,2.566372,121.137665,1.553702,1.942788,0.699175,3.430801
1776195661.919568,238.536301,534.114075,773.910828,772.650391,77.528313,30.872477,2,3.261135,1.606216,-2.620441,2.523828,0.383141,2.596843,108.47525,1.553702,1.942788,0.699175,3.430801
1776195662.704859,218.097321,543.209106,785.254761,761.306396,76.408325,28.647772,2,3.476681,1.72756,0.009114,2.73008,0.376776,2.79177,128.258759,1.553702,1.942788,0.699175,3.430801
1776195663.477546,214.870117,553.998962,772.650391,768.86908,77.654785,27.946255,2,3.657833,1.76983,-0.917309,2.826226,0.380283,2.86261,132.804688,1.553702,1.942788,0.699175,3.430801
1776195664.265358,221.324524,574.013794,787.775635,795.338318,76.163818,27.827723,2,3.465612,1.777182,-0.767075,2.730125,0.393334,2.875087,108.229523,1.553702,1.942788,0.699175,3.430801
1776195665.036796,215.945847,549.141846,771.389954,765.087708,77.78167,28.224977,2,3.560058,1.752784,0.476595,2.746193,0.378506,2.83386,92.113991,1.553702,1.942788,0.699175,3.430801
1776195665.813265,211.642914,559.74707,776.431702,771.389954,77.276596,27.436565,2,3.789157,1.801897,1.047683,2.942021,0.381359,2.917364,131.721756,1.553702,1.942788,0.699175,3.430801
1776195666.594774,211.642914,569.830566,781.47345,781.47345,76.778038,27.082548,2,3.832452,1.82488,0.203895,2.994959,0.386223,2.957145,125.882851,1.553702,1.942788,0.699175,3.430801
1776195667.367462,207.339966,560.268616,772.650391,767.608582,77.654785,27.01116,2,3.784477,1.829587,0.344774,2.924078,0.379347,2.965349,125.432808,1.553702,1.942788,0.699175,3.430801
1776195668.150231,209.491425,575.763306,782.733887,785.254761,76.654404,26.678148,2,3.726692,1.85188,-0.484575,2.917009,0.387953,3.004453,131.823318,1.553702,1.942788,0.699175,3.430801
1776195668.924191,211.642914,564.788818,773.910828,776.431702,77.528313,27.258408,2,3.721091,1.813388,0.304681,2.879792,0.383791,2.937199,128.609039,1.553702,1.942788,0.699175,3.430801
1776195669.695617,213.794373,560.116455,771.389954,773.910828,77.78167,27.625195,2,3.825951,1.789891,1.152702,2.9513,0.382669,2.896762,145.845566,1.553702,1.942788,0.699175,3.430801
1776195670.479648,215.945847,570.569336,783.994324,786.515198,76.531166,27.45603,2,3.657496,1.80065,1.290166,2.867456,0.388843,2.91522,129.300598,1.553702,1.942788,0.699175,3.430801
1776195671.244772,215.945847,549.141846,765.087708,765.087708,78.422379,28.224977,2,3.68718,1.752784,1.811214,2.821016,0.378506,2.83386,140.331009,1.553702,1.942788,0.699175,3.430801
1776195672.031324,213.794373,570.199951,786.515198,783.994324,76.285873,27.269888,2,3.79529,1.812643,0.546273,2.985053,0.387533,2.935909,127.524696,1.553702,1.942788,0.699175,3.430801
1776195672.805283,212.718643,559.931763,773.910828,772.650391,77.528313,27.531034,2,3.772865,1.795864,0.142643,2.919861,0.382014,2.906996,124.284752,1.553702,1.942788,0.699175,3.430801
1776195673.596877,215.945847,579.392456,791.557007,795.338318,75.799973,27.151445,2,3.622632,1.82036,0.28638,2.86752,0.393099,2.949286,115.458794,1.553702,1.942788,0.699175,3.430801
1776195674.368302,218.097321,555.813477,771.389954,773.910828,77.78167,28.181194,2,3.762121,1.755439,2.155189,2.902062,0.382857,2.838322,135.891251,1.553702,1.942788,0.699175,3.430801
1776195675.148551,208.415695,560.453369,780.213013,768.86908,76.902077,27.106785,2,3.736121,1.823287,0.781888,2.91497,0.380002,2.954374,131.457779,1.553702,1.942788,0.699175,3.430801
1776195675.927553,219.17305,572.383972,778.952576,791.557007,77.026512,27.688852,2,3.793324,1.785876,2.194019,2.95482,0.391416,2.889901,147.236832,1.553702,1.942788,0.699175,3.430801
1776195676.710323,218.097321,563.376099,782.733887,781.47345,76.654404,27.908474,2,3.551197,1.772166,-0.06101,2.779643,0.386505,2.866571,117.159836,1.553702,1.942788,0.699175,3.430801
1776195677.48301,215.945847,554.183655,772.650391,770.129517,77.654785,28.040197,2,3.515458,1.764046,0.358249,2.71622,0.380938,2.852829,102.380188,1.553702,1.942788,0.699175,3.430801
1776195678.270822,212.718643,571.275696,787.775635,783.994324,76.163818,27.132675,2,3.655158,1.821589,0.560602,2.879444,0.387486,2.951422,125.255936,1.553702,1.942788,0.699175,3.430801
1776195679.044769,215.945847,561.746277,773.910828,777.692139,77.528313,27.767525,2,3.701235,1.78094,0.793136,2.864426,0.384587,2.881483,114.982231,1.553702,1.942788,0.699175,3.430801
1776195679.826291,213.794373,565.158203,781.47345,778.952576,76.778038,27.446392,2,3.613167,1.801267,-0.199921,2.823594,0.385101,2.916281,127.8797,1.553702,1.942788,0.699175,3.430801
1776195680.609061,211.642914,568.570068,782.733887,780.213013,76.654404,27.126301,2,3.647326,1.822007,0.566022,2.854885,0.385615,2.952148,119.750763,1.553702,1.942788,0.699175,3.430801
1776195681.398133,217.021576,578.316772,789.036072,795.338318,76.042152,27.286699,2,3.635461,1.811553,1.059229,2.86851,0.393146,2.934024,120.386818,1.553702,1.942788,0.699175,3.430801
1776195682.179644,221.324524,565.190674,781.47345,786.515198,76.778038,28.139893,2,3.646088,1.757951,2.613092,2.849321,0.389078,2.84255,138.812561,1.553702,1.942788,0.699175,3.430801
1776195682.953603,215.945847,551.66272,773.910828,767.608582,77.528313,28.132286,2,3.681081,1.758415,1.783558,2.848829,0.379722,2.843331,134.02861,1.553702,1.942788,0.699175,3.430801
1776195683.731331,213.794373,561.376892,777.692139,775.171265,77.151352,27.580276,2,3.625556,1.792735,0.615989,2.819567,0.383277,2.901632,127.928703,1.553702,1.942788,0.699175,3.430801
1776195684.500237,215.945847,555.444092,768.86908,771.389954,78.03669,27.994383,2,3.552942,1.766862,0.178095,2.731748,0.381546,2.857587,112.171532,1.553702,1.942788,0.699175,3.430801
1776195685.255277,212.718643,538.504272,755.004211,751.2229,79.469757,28.316317,2,3.626223,1.74727,-0.194242,2.737814,0.371677,2.824614,128.166641,1.553702,1.942788,0.699175,3.430801
1776195686.024183,217.021576,556.889282,768.86908,773.910828,78.03669,28.042194,2,3.73223,1.763924,0.735745,2.869596,0.38281,2.852622,120.620346,1.553702,1.942788,0.699175,3.430801
1776195686.781744,212.718643,539.764709,757.525085,752.483337,79.205299,28.268887,2,3.783935,1.750129,0.612871,2.866426,0.372285,2.829405,135.499069,1.553702,1.942788,0.699175,3.430801
1776195687.550661,209.491425,555.596313,768.86908,765.087708,78.03669,27.381361,2,3.703043,1.805441,-1.774759,2.847155,0.378224,2.92347,130.110077,1.553702,1.942788,0.699175,3.430801
1776195688.309484,218.097321,550.771729,758.785522,768.86908,79.07373,28.36599,2,3.651624,1.744287,-0.07894,2.770799,0.380424,2.819622,129.999939,1.553702,1.942788,0.699175,3.430801
1776195689.090993,215.945847,563.006714,781.47345,778.952576,76.778038,27.722591,2,3.581713,1.783756,0.584398,2.799014,0.385195,2.886282,121.832787,1.553702,1.942788,0.699175,3.430801
1776195689.86116,214.870117,553.998962,770.129517,768.86908,77.908974,27.946255,2,3.593845,1.76983,0.881005,2.767726,0.380283,2.86261,135.78392,1.553702,1.942788,0.699175,3.430801
1776195690.631325,218.097321,555.813477,770.129517,773.910828,77.908974,28.181194,2,3.679724,1.755439,0.530088,2.833864,0.382857,2.838322,132.578903,1.553702,1.942788,0.699175,3.430801
1776195691.396449,222.400253,547.729248,765.087708,770.129517,78.422379,28.878292,2,3.765637,1.714118,1.805646,2.881043,0.38122,2.769561,143.657059,1.553702,1.942788,0.699175,3.430801
1776195692.170409,224.551743,551.879944,773.910828,776.431702,77.528313,28.92099,2,3.778133,1.711652,2.157639,2.923938,0.384354,2.765503,132.88855,1.553702,1.942788,0.699175,3.430801
1776195692.954439,236.384842,561.474365,783.994324,797.859192,76.531166,29.627388,2,3.644148,1.671882,2.544119,2.856991,0.395208,2.700776,149.276154,1.553702,1.942788,0.699175,3.430801
1776195693.724606,253.596603,536.699951,770.129517,790.29657,77.908974,32.088791,2,3.195167,1.546988,0.546384,2.460692,0.392311,2.506242,92.503593,1.553702,1.942788,0.699175,3.430801
1776195694.487208,275.111328,512.664307,762.566833,787.775635,78.681625,34.92255,2,2.977441,1.425001,3.454468,2.270498,0.392034,2.329031,106.937431,1.553702,1.942788,0.699175,3.430801
1776195695.271239,262.202515,506.666565,783.994324,768.86908,76.531166,34.102364,2,2.71794,1.458224,-2.588553,2.13085,0.38235,2.376041,75.525597,1.553702,1.942788,0.699175,3.430801
1776195696.056543,266.505432,523.791138,785.254761,790.29657,76.408325,33.722202,2,2.713,1.474171,-0.846034,2.130396,0.392874,2.398939,85.705055,1.553702,1.942788,0.699175,3.430801
1776195696.863261,258.975281,538.883911,806.682251,797.859192,74.378731,32.458771,2,2.806664,1.529852,-1.436909,2.264086,0.396194,2.480586,78.050751,1.553702,1.942788,0.699175,3.430801
1776195697.64477,260.051025,522.682861,781.47345,782.733887,76.778038,33.223427,2,2.899121,1.495646,-0.711132,2.265586,0.388944,2.430117,76.032761,1.553702,1.942788,0.699175,3.430801
1776195698.441418,206.264236,527.312439,796.598755,733.57666,75.320229,28.117613,2,3.264213,1.75931,0.607339,2.600268,0.362883,2.844838,80.088593,1.553702,1.942788,0.699175,3.430801
1776195699.23049,242.839249,589.051819,789.036072,831.891052,76.042152,29.191231,2,3.185678,1.69621,1.835529,2.513615,0.411906,2.740211,96.681892,1.553702,1.942788,0.699175,3.430801
1776195700.00822,239.61203,534.298828,777.692139,773.910828,77.151352,30.961195,2,3.423489,1.601738,2.944408,2.662421,0.383796,2.58989,120.954292,1.553702,1.942788,0.699175,3.430801
1776195700.827542,227.778946,577.642883,819.286682,805.421814,73.234436,28.280703,2,3.680279,1.749416,-1.223902,3.015203,0.39848,2.828209,112.97493,1.553702,1.942788,0.699175,3.430801
1776195701.611585,220.248795,554.922485,783.994324,775.171265,76.531166,28.41292,2,3.747405,1.741478,1.296143,2.937944,0.383558,2.814929,114.887489,1.553702,1.942788,0.699175,3.430801
1776195702.362845,218.097321,530.604736,751.2229,748.702026,79.869766,29.130056,2,4.115321,1.69968,4.906728,3.091523,0.370696,2.745878,109.747276,1.553702,1.942788,0.699175,3.430801
1776195703.150656,212.718643,568.754822,787.775635,781.47345,76.163818,27.220201,2,4.126266,1.815872,1.049094,3.250572,0.38627,2.941501,123.543121,1.553702,1.942788,0.699175,3.430801
1776195703.927124,217.021576,564.451904,776.431702,781.47345,77.276596,27.770821,2,4.118372,1.780734,0.734409,3.197635,0.386458,2.881131,102.884872,1.553702,1.942788,0.699175,3.430801
1776195704.71747,218.097321,573.459717,790.29657,791.557007,75.920868,27.55295,2,3.896725,1.79447,0.78883,3.079569,0.391369,2.904605,109.580994,1.553702,1.942788,0.699175,3.430801
1776195705.5015,231.006149,568.113464,783.994324,799.119629,76.531166,28.907579,2,4.090907,1.712426,4.539737,3.207247,0.395581,2.766776,123.382805,1.553702,1.942788,0.699175,3.430801
1776195706.28049,231.006149,547.946411,778.952576,778.952576,77.026512,29.655996,2,3.968507,1.670312,5.376362,3.091279,0.385852,2.698247,112.355759,1.553702,1.942788,0.699175,3.430801
1776195707.068301,224.551743,555.661255,787.775635,780.213013,76.163818,28.780825,2,3.943374,1.719775,3.918645,3.106494,0.386178,2.778889,114.413033,1.553702,1.942788,0.699175,3.430801
1776195707.825862,224.551743,532.973328,757.525085,757.525085,79.205299,29.642811,2,3.876489,1.671035,3.769524,2.936538,0.375234,2.699412,102.243462,1.553702,1.942788,0.699175,3.430801
1776195708.608645,220.248795,557.443359,782.733887,777.692139,76.654404,28.32082,2,3.797323,1.747,2.559339,2.972293,0.384775,2.824161,101.798882,1.553702,1.942788,0.699175,3.430801
1776195709.388894,223.475998,560.518311,780.213013,783.994324,76.902077,28.504797,2,3.755036,1.736006,1.667254,2.929728,0.387956,2.805803,117.781334,1.553702,1.942788,0.699175,3.430801
1776195710.165362,214.870117,551.478027,776.431702,766.348145,77.276596,28.038185,2,3.902929,1.76417,1.077715,3.030358,0.379067,2.853037,106.672951,1.553702,1.942788,0.699175,3.430801
1776195710.934268,225.627487,555.845947,768.86908,781.47345,78.03669,28.872061,2,3.868641,1.714478,1.358248,2.974478,0.386833,2.770154,113.250496,1.553702,1.942788,0.699175,3.430801
1776195711.72208,220.248795,561.22467,787.775635,781.47345,76.163818,28.183784,2,3.756292,1.755282,0.244581,2.959115,0.386599,2.838058,118.127182,1.553702,1.942788,0.699175,3.430801
1776195712.487216,226.703217,545.947144,765.087708,772.650391,78.422379,29.340982,2,3.738943,1.687776,0.753267,2.860619,0.382624,2.726482,104.889992,1.553702,1.942788,0.699175,3.430801
1776195713.271247,223.475998,556.737,783.994324,780.213013,76.531166,28.642946,2,3.70453,1.727843,0.587627,2.904331,0.386131,2.79224,97.156242,1.553702,1.942788,0.699175,3.430801
1776195714.048975,222.400253,554.031433,777.692139,776.431702,77.151352,28.64389,2,3.63827,1.727788,1.731216,2.829454,0.38426,2.792148,110.081184,1.553702,1.942788,0.699175,3.430801
1776195714.825444,218.097321,553.292603,776.431702,771.389954,77.276596,28.273291,2,3.681553,1.749863,2.006737,2.858474,0.38164,2.828959,97.533508,1.553702,1.942788,0.699175,3.430801
1776195715.581744,226.703217,539.644897,756.264648,766.348145,79.337303,29.582273,2,3.892633,1.674365,2.596016,2.943861,0.379584,2.704779,99.896034,1.553702,1.942788,0.699175,3.430801
1776195716.368308,226.703217,559.812012,786.515198,786.515198,76.285873,28.823753,2,3.985158,1.717279,2.592489,3.134388,0.389313,2.774769,144.008865,1.553702,1.942788,0.699175,3.430801
1776195717.187631,213.794373,590.367004,819.286682,804.161377,73.234436,26.586002,2,3.800977,1.858148,-2.035172,3.114089,0.397262,3.015523,110.243927,1.553702,1.942788,0.699175,3.430801
1776195717.974182,214.870117,572.905518,786.515198,787.775635,76.285873,27.275547,2,3.923053,1.812276,-0.136814,3.085541,0.389404,2.935274,118.709869,1.553702,1.942788,0.699175,3.430801
1776195718.745609,214.870117,556.519836,771.389954,771.389954,77.78167,27.854929,2,3.98974,1.775489,1.586662,3.077645,0.381499,2.87221,118.900642,1.553702,1.942788,0.699175,3.430801
1776195719.537215,214.870117,576.68689,791.557007,791.557007,75.799973,27.145248,2,3.945148,1.820766,-0.589074,3.12281,0.391228,2.949991,116.543304,1.553702,1.942788,0.699175,3.430801
1776195720.317464,220.248795,566.266418,780.213013,786.515198,76.902077,28.00312,2,3.756939,1.766324,-0.170112,2.931213,0.389031,2.856678,99.940628,1.553702,1.942788,0.699175,3.430801
1776195721.106537,225.627487,569.710815,789.036072,795.338318,76.042152,28.368744,2,3.786861,1.744122,3.577268,2.98797,0.393522,2.819346,99.964905,1.553702,1.942788,0.699175,3.430801
1776195721.906965,214.870117,572.905518,800.380066,787.775635,74.964386,27.275547,2,3.888097,1.812276,-0.044268,3.111955,0.389404,2.935274,117.351151,1.553702,1.942788,0.699175,3.430801
1776195722.693516,218.097321,572.199219,786.515198,790.29657,76.285873,27.596897,2,3.742062,1.791682,-0.613575,2.943188,0.390761,2.899827,105.784515,1.553702,1.942788,0.699175,3.430801
1776195723.473766,214.870117,561.561584,780.213013,776.431702,76.902077,27.674051,2,3.801534,1.786808,-0.237266,2.966006,0.383932,2.891492,118.868698,1.553702,1.942788,0.699175,3.430801
1776195724.264099,217.021576,575.795898,790.29657,792.817444,75.920868,27.373461,2,3.691633,1.80595,0.419352,2.917485,0.39193,2.924347,105.669746,1.553702,1.942788,0.699175,3.430801
1776195725.049402,221.324524,568.972046,785.254761,790.29657,76.408325,28.005249,2,3.822212,1.766193,5.894254,3.00141,0.390902,2.856457,121.966965,1.553702,1.942788,0.699175,3.430801
1776195725.832172,228.854675,562.702332,782.733887,791.557007,76.654404,28.911963,2,3.994661,1.712173,5.80568,3.126757,0.391839,2.766359,113.973984,1.553702,1.942788,0.699175,3.430801
1776195726.616203,228.854675,555.139648,783.994324,783.994324,76.531166,29.190859,2,4.030394,1.696231,3.646799,3.159806,0.38819,2.740246,132.506882,1.553702,1.942788,0.699175,3.430801
1776195727.402755,229.93042,557.845215,786.515198,787.775635,76.285873,29.187298,2,3.802656,1.696433,1.354573,2.990846,0.390062,2.740575,115.937401,1.553702,1.942788,0.699175,3.430801
1776195728.159055,222.400253,525.041321,756.264648,747.441589,79.337303,29.754868,2,3.723686,1.664906,1.473105,2.816092,0.370276,2.689561,119.647141,1.553702,1.942788,0.699175,3.430801
1776195728.927973,213.794373,544.99115,768.86908,758.785522,78.03669,28.175863,2,3.971556,1.755763,2.370906,3.053607,0.375372,2.838867,158.946335,1.553702,1.942788,0.699175,3.430801
1776195729.712004,205.188492,568.722351,783.994324,773.910828,76.531166,26.513195,2,4.032294,1.863131,0.139042,3.161296,0.382293,3.024347,149.22084,1.553702,1.942788,0.699175,3.430801
1776195730.487211,209.491425,570.721558,775.171265,780.213013,77.402252,26.850542,2,3.977526,1.840271,1.065911,3.083264,0.385521,2.984036,144.975784,1.553702,1.942788,0.699175,3.430801
1776195731.258638,206.264236,561.34436,771.389954,767.608582,77.78167,26.871017,2,3.865612,1.838902,0.11714,2.981894,0.3793,2.981636,120.353004,1.553702,1.942788,0.699175,3.430801
1776195732.027543,207.339966,562.789551,768.86908,770.129517,78.03669,26.922739,2,3.768089,1.835453,0.602291,2.897167,0.380563,2.975597,127.221107,1.553702,1.942788,0.699175,3.430801
1776195732.801502,211.642914,567.309692,773.910828,778.952576,77.528313,27.170193,2,3.870574,1.819134,1.134884,2.995479,0.385007,2.947158,134.250961,1.553702,1.942788,0.699175,3.430801
1776195733.569148,213.794373,556.335144,767.608582,770.129517,78.164841,27.760834,2,3.97585,1.781359,3.187893,3.051897,0.380845,2.882196,154.233734,1.553702,1.942788,0.699175,3.430801
1776195734.356959,205.188492,572.503662,787.775635,777.692139,76.163818,26.384281,2,3.951871,1.87202,0.280218,3.113188,0.384117,3.040143,142.919937,1.553702,1.942788,0.699175,3.430801
1776195735.124605,206.264236,562.604858,767.608582,768.86908,78.164841,26.826965,2,3.995803,1.84185,0.353497,3.067212,0.379908,2.986806,128.082825,1.553702,1.942788,0.699175,3.430801
1776195735.899812,209.491425,569.461182,775.171265,778.952576,77.402252,26.893988,2,3.933015,1.837368,0.64461,3.04876,0.384913,2.97895,125.593254,1.553702,1.942788,0.699175,3.430801
1776195736.66999,212.718643,561.1922,770.129517,773.910828,77.908974,27.486197,2,3.874821,1.798722,0.638893,2.984114,0.382622,2.911904,114.056625,1.553702,1.942788,0.699175,3.430801
1776195737.440156,211.642914,557.226196,770.129517,768.86908,77.908974,27.526522,2,3.826541,1.796151,1.605928,2.946932,0.380143,2.907489,124.976326,1.553702,1.942788,0.699175,3.430801
1776195738.225447,210.567169,573.427124,785.254761,783.994324,76.408325,26.858252,2,3.833426,1.839755,-0.1824,3.010216,0.387392,2.983132,125.037231,1.553702,1.942788,0.699175,3.430801
1776195739.005696,211.642914,569.830566,780.213013,781.47345,76.902077,27.082548,2,3.748846,1.82488,0.410926,2.924898,0.386223,2.957145,124.62233,1.553702,1.942788,0.699175,3.430801
1776195739.777123,212.718643,559.931763,771.389954,772.650391,77.78167,27.531034,2,3.75952,1.795864,1.263364,2.900056,0.382014,2.906996,121.622696,1.553702,1.942788,0.699175,3.430801
1776195740.559905,208.415695,569.276428,782.733887,777.692139,76.654404,26.799255,2,3.750728,1.843709,0.794361,2.935822,0.384258,2.990071,121.956963,1.553702,1.942788,0.699175,3.430801
1776195741.32881,214.870117,561.561584,768.86908,776.431702,78.03669,27.674051,2,3.815143,1.786808,2.084211,2.933346,0.383932,2.891492,127.440056,1.553702,1.942788,0.699175,3.430801
1776195742.104018,212.718643,559.931763,775.171265,772.650391,77.402252,27.531034,2,3.846734,1.795864,1.722418,2.981877,0.382014,2.906996,140.248093,1.553702,1.942788,0.699175,3.430801
1776195742.865361,219.17305,549.696045,761.306396,768.86908,78.811897,28.505901,2,3.879755,1.73594,3.768968,2.953682,0.380471,2.805694,143.956253,1.553702,1.942788,0.699175,3.430801
1776195743.64309,220.248795,558.703796,777.692139,778.952576,77.151352,28.274996,2,3.821748,1.74976,2.430265,2.972144,0.385383,2.828786,139.876205,1.553702,1.942788,0.699175,3.430801
1776195744.423351,215.945847,559.225403,780.213013,775.171265,76.902077,27.857824,2,3.823113,1.775309,2.001317,2.982843,0.383371,2.871904,140.221329,1.553702,1.942788,0.699175,3.430801
1776195745.206121,213.794373,566.41864,782.733887,780.213013,76.654404,27.402052,2,3.767054,1.804111,0.672749,2.948601,0.385709,2.921178,149.831436,1.553702,1.942788,0.699175,3.430801
1776195745.975027,221.324524,556.367615,768.86908,777.692139,78.03669,28.459145,2,3.781065,1.73872,1.678947,2.907144,0.384821,2.810327,143.371399,1.553702,1.942788,0.699175,3.430801
1776195746.761578,217.021576,564.451904,786.515198,781.47345,76.285873,27.770821,2,3.766471,1.780734,-0.873208,2.962387,0.386458,2.881131,135.187134,1.553702,1.942788,0.699175,3.430801
1776195747.539307,219.17305,561.039978,777.692139,780.213013,77.151352,28.091436,2,3.719556,1.760908,1.019136,2.892669,0.385944,2.847533,132.883347,1.553702,1.942788,0.699175,3.430801
1776195748.330912,215.945847,571.829773,791.557007,787.775635,75.799973,27.412102,2,3.610349,1.803466,-0.391435,2.857797,0.389451,2.920066,125.777924,1.553702,1.942788,0.699175,3.430801
1776195749.111161,218.097321,564.636597,780.213013,782.733887,76.902077,27.863533,2,3.641526,1.774954,0.913561,2.841166,0.387113,2.871302,115.023987,1.553702,1.942788,0.699175,3.430801
1776195749.88637,212.718643,556.150452,775.171265,768.86908,77.402252,27.666431,2,3.727799,1.787288,-0.48992,2.889683,0.38019,2.892313,129.809891,1.553702,1.942788,0.699175,3.430801
1776195750.646451,224.551743,549.35907,760.045959,773.910828,78.942596,29.015196,2,3.837605,1.706236,2.34377,2.916756,0.383138,2.756609,141.065842,1.553702,1.942788,0.699175,3.430801
1776195751.416618,223.475998,545.393066,770.129517,768.86908,77.908974,29.065546,2,3.543355,1.703356,4.980156,2.728842,0.380659,2.75189,144.806808,1.553702,1.942788,0.699175,3.430801
1776195752.206963,211.642914,564.788818,790.29657,776.431702,75.920868,27.258408,2,3.304593,1.813388,-1.498532,2.611609,0.383791,2.937199,126.370056,1.553702,1.942788,0.699175,3.430801
1776195752.984691,220.248795,567.526855,777.692139,787.775635,77.151352,27.958315,2,3.55034,1.769085,1.031238,2.761071,0.389639,2.861349,130.187027,1.553702,1.942788,0.699175,3.430801
1776195753.772503,215.945847,566.788025,787.775635,782.733887,76.163818,27.588669,2,3.66854,1.792203,0.487323,2.889986,0.387019,2.90072,134.190475,1.553702,1.942788,0.699175,3.430801
1776195754.550231,211.642914,561.007446,777.692139,772.650391,77.151352,27.391809,2,3.871228,1.804769,0.785303,3.010624,0.381967,2.922312,156.774185,1.553702,1.942788,0.699175,3.430801
1776195755.312847,220.248795,552.401611,762.566833,772.650391,78.681625,28.505621,2,3.825365,1.735957,1.434646,2.917096,0.382342,2.805722,137.452591,1.553702,1.942788,0.699175,3.430801
1776195756.07419,236.384842,543.828186,761.306396,780.213013,78.811897,30.297476,2,3.816677,1.635871,4.073742,2.90566,0.386695,2.643326,139.420639,1.553702,1.942788,0.699175,3.430801
1776195756.872085,220.248795,558.703796,797.859192,778.952576,75.201241,28.274996,2,3.52176,1.74976,-0.250482,2.809868,0.385383,2.828786,125.748123,1.553702,1.942788,0.699175,3.430801
1776195757.643512,224.551743,551.879944,771.389954,776.431702,77.78167,28.92099,2,3.496574,1.711652,0.400049,2.697222,0.384354,2.765503,119.070526,1.553702,1.942788,0.699175,3.430801
1776195758.417459,219.17305,548.435547,773.910828,767.608582,77.528313,28.552711,2,3.395797,1.733166,4.340205,2.628044,0.379863,2.801078,131.270309,1.553702,1.942788,0.699175,3.430801
1776195759.19772,218.097321,560.855225,780.213013,778.952576,76.902077,27.998793,2,3.480961,1.76659,1.400753,2.715891,0.385289,2.857128,147.013107,1.553702,1.942788,0.699175,3.430801
1776195759.974189,231.006149,560.550842,776.431702,791.557007,77.276596,29.183765,2,3.72491,1.696633,2.875101,2.892138,0.391933,2.740901,124.962959,1.553702,1.942788,0.699175,3.430801
1776195760.749396,219.17305,542.133362,775.171265,761.306396,77.402252,28.789074,2,3.496412,1.719295,-0.579496,2.710318,0.376823,2.778096,120.205383,1.553702,1.942788,0.699175,3.430801
1776195761.498134,221.324524,529.898376,748.702026,751.2229,80.138687,29.461897,2,3.542545,1.681028,-0.353348,2.652311,0.372053,2.715543,132.746918,1.553702,1.942788,0.699175,3.430801
1776195762.251914,221.324524,532.41925,753.743774,753.743774,79.602646,29.363363,2,3.740577,1.686523,0.370611,2.819437,0.373269,2.724448,110.618202,1.553702,1.942788,0.699175,3.430801
1776195763.035945,217.021576,561.93103,783.994324,778.952576,76.531166,27.860693,2,3.67252,1.775131,0.273462,2.879235,0.385242,2.871602,126.975754,1.553702,1.942788,0.699175,3.430801
1776195763.807384,218.097321,554.553101,771.389954,772.650391,77.78167,28.227169,2,3.679644,1.752651,0.189602,2.838441,0.382248,2.833637,115.616402,1.553702,1.942788,0.699175,3.430801
1776195764.575028,221.324524,550.06543,767.608582,771.389954,78.164841,28.691652,2,3.667115,1.724984,0.568732,2.814909,0.381781,2.787503,106.236984,1.553702,1.942788,0.699175,3.430801
1776195765.33259,223.475998,536.569946,757.525085,760.045959,79.205299,29.40296,2,3.709219,1.68431,2.46026,2.809827,0.376403,2.720859,125.549774,1.553702,1.942788,0.699175,3.430801
1776195766.110319,215.945847,552.923218,777.692139,768.86908,77.151352,28.086164,2,3.694054,1.761231,0.375511,2.872837,0.38033,2.848076,124.888161,1.553702,1.942788,0.699175,3.430801
1776195766.874182,215.945847,547.881409,763.827271,763.827271,78.551788,28.271557,2,3.65642,1.749968,0.046162,2.792874,0.377898,2.829134,108.062447,1.553702,1.942788,0.699175,3.430801
1776195767.655704,209.491425,564.419434,781.47345,773.910828,76.778038,27.069193,2,3.555209,1.825759,-0.853459,2.778301,0.382481,2.958675,113.639618,1.553702,1.942788,0.699175,3.430801
1776195768.42461,212.718643,559.931763,768.86908,772.650391,78.03669,27.531034,2,3.650586,1.795864,0.931157,2.806823,0.382014,2.906996,116.869125,1.553702,1.942788,0.699175,3.430801
1776195769.204859,211.642914,567.309692,780.213013,778.952576,76.902077,27.170193,2,3.754703,1.819134,0.982126,2.929468,0.385007,2.947158,130.432892,1.553702,1.942788,0.699175,3.430801
1776195769.977546,212.718643,561.1922,772.650391,773.910828,77.654785,27.486197,2,3.755673,1.798722,0.898823,2.901823,0.382622,2.911904,126.531532,1.553702,1.942788,0.699175,3.430801
1776195770.752753,217.021576,563.191406,775.171265,780.213013,77.402252,27.815681,2,3.719995,1.777933,1.053512,2.883634,0.38585,2.876364,131.370026,1.553702,1.942788,0.699175,3.430801
1776195771.524191,212.718643,553.629517,771.389954,766.348145,77.78167,27.757442,2,3.707066,1.781571,1.0276,2.859593,0.378973,2.882558,126.928703,1.553702,1.942788,0.699175,3.430801
1776195772.306962,212.718643,570.015259,782.733887,782.733887,76.654404,27.176369,2,3.722896,1.818731,0.596537,2.914037,0.386878,2.946458,130.466934,1.553702,1.942788,0.699175,3.430801
1776195773.073346,210.567169,553.260132,766.348145,763.827271,78.293396,27.567381,2,3.740906,1.793553,1.139821,2.866837,0.377663,2.903034,127.555336,1.553702,1.942788,0.699175,3.430801
1776195773.844773,219.17305,562.300415,771.389954,781.47345,77.78167,28.046127,2,3.71132,1.763683,1.467982,2.862875,0.386552,2.852214,146.900833,1.553702,1.942788,0.699175,3.430801
1776195774.617459,221.324524,553.846741,772.650391,775.171265,77.654785,28.551695,2,3.6036,1.733226,0.3483,2.784323,0.383605,2.801178,113.392548,1.553702,1.942788,0.699175,3.430801
1776195775.387637,210.567169,546.957886,770.129517,757.525085,77.908974,27.796724,2,3.503587,1.779115,-1.410812,2.698216,0.374623,2.878376,113.906464,1.553702,1.942788,0.699175,3.430801
1776195776.156543,218.097321,559.594849,768.86908,777.692139,78.03669,28.044172,2,3.649716,1.763803,0.572519,2.806154,0.384681,2.852417,124.750954,1.553702,1.942788,0.699175,3.430801
1776195776.927969,217.021576,553.10791,771.389954,770.129517,77.78167,28.17988,2,3.602785,1.755519,-0.272013,2.779152,0.380985,2.838457,124.791199,1.553702,1.942788,0.699175,3.430801
1776195777.695614,219.17305,550.956482,767.608582,770.129517,78.164841,28.459246,2,3.659919,1.738715,0.568547,2.809385,0.381079,2.810317,123.875351,1.553702,1.942788,0.699175,3.430801
1776195778.468301,218.097321,553.292603,772.650391,771.389954,77.654785,28.273291,2,3.705788,1.749863,0.78638,2.863279,0.38164,2.828959,121.583076,1.553702,1.942788,0.699175,3.430801
1776195779.246029,211.642914,558.486572,777.692139,770.129517,77.151352,27.48147,2,3.533684,1.799024,-0.977299,2.748118,0.380751,2.912423,111.054413,1.553702,1.942788,0.699175,3.430801
1776195780.016208,215.945847,559.225403,770.129517,775.171265,77.908974,27.857824,2,3.632497,1.775309,-0.733331,2.797493,0.383371,2.871904,135.083588,1.553702,1.942788,0.699175,3.430801
1776195780.792675,212.718643,559.931763,776.431702,772.650391,77.276596,27.531034,2,3.643343,1.795864,-0.361663,2.828807,0.382014,2.906996,136.927277,1.553702,1.942788,0.699175,3.430801
1776195781.56158,218.097321,557.073975,768.86908,775.171265,78.03669,28.135372,2,3.585964,1.758227,0.814407,2.757137,0.383465,2.843014,129.410141,1.553702,1.942788,0.699175,3.430801
1776195782.34057,212.718643,559.931763,778.952576,772.650391,77.026512,27.531034,2,3.57799,1.795864,-1.389467,2.787085,0.382014,2.906996,118.293427,1.553702,1.942788,0.699175,3.430801
1776195783.091829,220.248795,539.79718,751.2229,760.045959,79.869766,28.978352,2,3.574074,1.70835,0.298074,2.684927,0.376262,2.760078,122.048149,1.553702,1.942788,0.699175,3.430801
1776195783.826703,225.627487,515.51178,734.837097,741.139282,81.650749,30.443331,2,3.479762,1.628243,2.217035,2.557058,0.367376,2.631298,86.211235,1.553702,1.942788,0.699175,3.430801
1776195784.596881,222.400253,543.947876,770.129517,766.348145,77.908974,29.020786,2,3.218538,1.705916,1.110643,2.478691,0.379396,2.756084,123.050484,1.553702,1.942788,0.699175,3.430801
1776195785.388473,212.718643,567.494385,791.557007,780.213013,75.799973,27.264175,2,3.664802,1.813014,-1.765218,2.9009,0.385662,2.936551,115.842209,1.553702,1.942788,0.699175,3.430801
1776195786.162421,220.248795,562.485107,773.910828,782.733887,77.528313,28.138399,2,3.533913,1.758042,-0.337905,2.734934,0.387207,2.842703,127.536591,1.553702,1.942788,0.699175,3.430801
1776195786.931326,223.475998,549.174377,768.86908,772.650391,78.03669,28.9233,2,3.507891,1.711519,0.358026,2.697109,0.382483,2.765284,122.981758,1.553702,1.942788,0.699175,3.430801
1776195787.701493,207.339966,543.882935,770.129517,751.2229,77.908974,27.600325,2,3.623928,1.791465,-0.546123,2.790894,0.371442,2.899456,139.416565,1.553702,1.942788,0.699175,3.430801
1776195788.475452,213.794373,567.679077,773.910828,781.47345,77.528313,27.357855,2,3.7165,1.806955,-0.351974,2.87624,0.386317,2.926082,133.376526,1.553702,1.942788,0.699175,3.430801
1776195789.256961,212.718643,567.494385,781.47345,780.213013,76.778038,27.264175,2,3.738869,1.813014,-0.073371,2.921827,0.385662,2.936551,130.891037,1.553702,1.942788,0.699175,3.430801
1776195790.027128,206.264236,556.302612,770.129517,762.566833,77.908974,27.048677,2,3.803407,1.82711,-0.947192,2.929116,0.376868,2.96103,139.634613,1.553702,1.942788,0.699175,3.430801
1776195790.802335,209.491425,569.461182,775.171265,778.952576,77.402252,26.893988,2,3.817927,1.837368,-0.349339,2.959547,0.384913,2.97895,134.419159,1.553702,1.942788,0.699175,3.430801
1776195791.576282,212.718643,564.973511,773.910828,777.692139,77.528313,27.352551,2,3.785023,1.807297,-0.651142,2.92927,0.384446,2.926672,135.400314,1.553702,1.942788,0.699175,3.430801
1776195792.350242,213.794373,561.376892,773.910828,775.171265,77.528313,27.580276,2,3.779841,1.792735,-0.059451,2.92526,0.383277,2.901632,137.709167,1.553702,1.942788,0.699175,3.430801
1776195793.111584,219.17305,548.435547,761.306396,767.608582,78.811897,28.552711,2,3.712001,1.733166,0.477449,2.82597,0.379863,2.801078,121.134178,1.553702,1.942788,0.699175,3.430801
1776195793.888053,215.945847,556.704529,776.431702,772.650391,77.276596,27.948713,2,3.534814,1.769678,-1.085287,2.744542,0.382155,2.862353,125.907227,1.553702,1.942788,0.699175,3.430801
1776195794.670822,215.945847,566.788025,782.733887,782.733887,76.654404,27.588669,2,3.631383,1.792203,-0.245656,2.842407,0.387019,2.90072,134.746689,1.553702,1.942788,0.699175,3.430801
1776195795.452332,217.021576,565.71228,781.47345,782.733887,76.778038,27.726099,2,3.79559,1.783536,0.061642,2.966153,0.387066,2.885907,120.859718,1.553702,1.942788,0.699175,3.430801
1776195796.217469,215.945847,547.881409,765.087708,763.827271,78.422379,28.271557,2,3.834021,1.749968,0.79566,2.933362,0.377898,2.829134,128.057983,1.553702,1.942788,0.699175,3.430801
1776195797.00402,209.491425,569.461182,786.515198,778.952576,76.285873,26.893988,2,3.809507,1.837368,-0.385495,2.996235,0.384913,2.97895,138.40744,1.553702,1.942788,0.699175,3.430801
1776195797.777967,213.794373,565.158203,773.910828,778.952576,77.528313,27.446392,2,3.835015,1.801267,0.870091,2.967959,0.385101,2.916281,142.106766,1.553702,1.942788,0.699175,3.430801
1776195798.555696,213.794373,563.897766,777.692139,777.692139,77.151352,27.490875,2,3.78747,1.798423,1.071887,2.945486,0.384493,2.911391,148.400116,1.553702,1.942788,0.699175,3.430801
1776195799.330903,218.097321,562.115723,775.171265,780.213013,77.402252,27.953562,2,3.792511,1.769378,0.861107,2.939845,0.385897,2.861846,145.177383,1.553702,1.942788,0.699175,3.430801
1776195800.098561,221.324524,550.06543,767.608582,771.389954,78.164841,28.691652,2,3.577184,1.724984,5.524702,2.745877,0.381781,2.787503,163.392563,1.553702,1.942788,0.699175,3.430801
1776195800.87881,218.097321,558.334351,780.213013,776.431702,76.902077,28.089699,2,3.66087,1.761014,1.562569,2.856258,0.384073,2.847712,154.927322,1.553702,1.942788,0.699175,3.430801
1776195801.66158,215.945847,564.267151,782.733887,780.213013,76.654404,27.677807,2,3.872265,1.786572,-0.271419,3.030953,0.385803,2.891088,139.391983,1.553702,1.942788,0.699175,3.430801
1776195802.450653,224.551743,574.567871,789.036072,799.119629,76.042152,28.099892,2,3.595014,1.760392,-0.754342,2.836596,0.395299,2.846662,122.551361,1.553702,1.942788,0.699175,3.430801
1776195803.223351,226.703217,548.468018,772.650391,775.171265,77.654785,29.245564,2,3.460925,1.69314,0.174902,2.674085,0.38384,2.735207,126.007362,1.553702,1.942788,0.699175,3.430801
1776195803.996038,224.551743,545.577759,772.650391,770.129517,77.654785,29.15766,2,3.490606,1.698113,0.197584,2.697018,0.381314,2.743317,120.573753,1.553702,1.942788,0.699175,3.430801
1776195804.788892,218.097321,567.157471,792.817444,785.254761,75.679466,27.774084,2,3.348683,1.78053,-1.004621,2.654894,0.388329,2.880784,111.826813,1.553702,1.942788,0.699175,3.430801
1776195805.569141,220.248795,562.485107,780.213013,782.733887,76.902077,28.138399,2,3.386124,1.758042,-0.698139,2.641898,0.387207,2.842703,103.653763,1.553702,1.942788,0.699175,3.430801
1776195806.351912,226.703217,563.593384,782.733887,790.29657,76.654404,28.685841,2,3.263952,1.725325,4.392102,2.554806,0.391137,2.788067,120.508095,1.553702,1.942788,0.699175,3.430801
1776195807.127131,222.400253,547.729248,775.171265,770.129517,77.402252,28.878292,2,3.245605,1.714118,0.611014,2.5159,0.38122,2.769561,104.83857,1.553702,1.942788,0.699175,3.430801
1776195807.909901,222.400253,560.333618,782.733887,782.733887,76.654404,28.413265,2,3.567943,1.741458,0.889951,2.79275,0.387301,2.814894,129.93454,1.553702,1.942788,0.699175,3.430801
1776195808.693933,221.324524,561.409363,783.994324,782.733887,76.531166,28.275833,2,3.540249,1.74971,1.605854,2.775535,0.387254,2.828702,124.007645,1.553702,1.942788,0.699175,3.430801
1776195809.481744,219.17305,566.081726,787.775635,785.254761,76.163818,27.911076,2,3.497926,1.772005,0.472288,2.755581,0.388376,2.866297,119.876587,1.553702,1.942788,0.699175,3.430801
1776195810.270829,220.248795,570.047791,789.036072,790.29657,76.042152,27.869133,2,3.45533,1.774606,0.035471,2.72638,0.390855,2.870711,120.874687,1.553702,1.942788,0.699175,3.430801
1776195811.049818,222.400253,559.073181,778.952576,781.47345,77.026512,28.459093,2,3.509687,1.738724,0.12449,2.73388,0.386693,2.810332,122.908295,1.553702,1.942788,0.699175,3.430801
1776195811.840151,214.870117,566.603333,790.29657,781.47345,75.920868,27.49551,2,3.453022,1.798127,-1.759204,2.728911,0.386364,2.910883,110.785278,1.553702,1.942788,0.699175,3.430801
1776195812.610317,219.17305,555.99823,770.129517,775.171265,77.908974,28.274145,2,3.518017,1.749812,-1.152701,2.709329,0.383512,2.828873,114.893219,1.553702,1.942788,0.699175,3.430801
1776195813.389318,220.248795,559.964233,778.952576,780.213013,77.026512,28.229317,2,3.537764,1.752521,-0.116545,2.755751,0.385991,2.833419,128.901611,1.553702,1.942788,0.699175,3.430801
1776195814.170827,219.17305,561.039978,781.47345,780.213013,76.778038,28.091436,2,3.605866,1.760908,0.423287,2.817888,0.385944,2.847533,122.481812,1.553702,1.942788,0.699175,3.430801
1776195814.956119,215.945847,565.527588,785.254761,781.47345,76.408325,27.633167,2,3.609936,1.789387,-0.197211,2.834719,0.386411,2.895901,127.517792,1.553702,1.942788,0.699175,3.430801
1776195815.743931,219.17305,572.383972,787.775635,791.557007,76.163818,27.688852,2,3.554623,1.785876,-0.965791,2.800245,0.391416,2.889901,125.426056,1.553702,1.942788,0.699175,3.430801
1776195816.52166,225.627487,559.627258,777.692139,785.254761,77.151352,28.73303,2,3.4426,1.722563,0.457885,2.677283,0.388658,2.783496,111.920631,1.553702,1.942788,0.699175,3.430801
1776195817.301921,222.400253,554.031433,780.213013,776.431702,76.902077,28.64389,2,3.435944,1.727788,-0.91111,2.680768,0.38426,2.792148,127.576752,1.553702,1.942788,0.699175,3.430801
1776195818.069566,237.460571,547.794189,767.608582,785.254761,78.164841,30.239941,2,3.558998,1.6389,1.644721,2.731917,0.389174,2.648116,120.302773,1.553702,1.942788,0.699175,3.430801
1776195818.823346,241.763519,517.021973,753.743774,758.785522,79.602646,31.861904,2,3.395898,1.557693,1.331743,2.559637,0.376593,2.522397,102.122566,1.553702,1.942788,0.699175,3.430801
1776195819.592251,232.081909,525.443176,768.86908,757.525085,78.03669,30.636862,2,3.393162,1.618233,1.561159,2.608898,0.375563,2.615589,111.946594,1.553702,1.942788,0.699175,3.430801
1776195820.380063,217.021576,553.10791,787.775635,770.129517,76.163818,28.17988,2,3.562148,1.755519,-0.745285,2.806174,0.380985,2.838457,136.148865,1.553702,1.942788,0.699175,3.430801
1776195821.142679,227.778946,547.392334,762.566833,775.171265,78.681625,29.384338,2,3.412239,1.68535,4.665767,2.60206,0.383887,2.722545,142.122864,1.553702,1.942788,0.699175,3.430801
1776195821.911584,224.551743,540.53595,768.86908,765.087708,78.03669,29.349804,2,3.431831,1.687282,0.656452,2.638629,0.378882,2.72568,146.893219,1.553702,1.942788,0.699175,3.430801
1776195822.690574,217.021576,553.10791,778.952576,770.129517,77.026512,28.17988,2,3.613072,1.755519,-1.061343,2.814412,0.380985,2.838457,133.779327,1.553702,1.942788,0.699175,3.430801
1776195823.446874,235.309097,542.383057,756.264648,777.692139,79.337303,30.257359,2,3.739085,1.637982,1.903166,2.827738,0.385432,2.646663,163.916153,1.553702,1.942788,0.699175,3.430801
1776195824.238467,233.157639,555.878418,791.557007,789.036072,75.799973,29.549679,2,3.444618,1.676164,-0.840317,2.726612,0.39081,2.707681,113.408783,1.553702,1.942788,0.699175,3.430801
1776195825.011167,234.233368,539.67749,772.650391,773.910828,77.654785,30.266195,2,3.174358,1.637516,0.460372,2.452669,0.383561,2.645927,106.437401,1.553702,1.942788,0.699175,3.430801
1776195825.796457,233.157639,550.83667,785.254761,783.994324,76.408325,29.73971,2,3.242289,1.665733,0.528269,2.546023,0.388378,2.690888,100.454582,1.553702,1.942788,0.699175,3.430801
1776195826.591832,227.778946,561.257141,795.338318,789.036072,75.43959,28.868002,2,3.192596,1.714713,-1.009038,2.539194,0.390576,2.770541,108.00605,1.553702,1.942788,0.699175,3.430801
1776195827.379644,219.17305,558.519104,787.775635,777.692139,76.163818,28.182495,2,3.257496,1.75536,-2.257868,2.566176,0.384728,2.838189,99.038857,1.553702,1.942788,0.699175,3.430801
1776195828.154864,226.703217,557.291138,775.171265,783.994324,77.402252,28.916437,2,3.299511,1.711914,-0.44452,2.557686,0.388096,2.765934,104.125961,1.553702,1.942788,0.699175,3.430801
1776195828.930072,229.93042,549.022156,775.171265,778.952576,77.402252,29.517899,2,3.207923,1.677922,4.284633,2.48669,0.385805,2.710519,115.491295,1.553702,1.942788,0.699175,3.430801
1776195829.731748,228.854675,571.525391,801.640503,800.380066,74.846519,28.59325,2,2.946493,1.730771,-1.924845,2.362028,0.396095,2.797098,98.754807,1.553702,1.942788,0.699175,3.430801
1776195830.505695,227.778946,544.87146,773.910828,772.650391,77.528313,29.480209,2,3.29086,1.680011,-0.491108,2.546833,0.382671,2.713897,115.659576,1.553702,1.942788,0.699175,3.430801
1776195831.277122,225.627487,543.241577,771.389954,768.86908,77.78167,29.345373,2,3.400358,1.68753,-0.350118,2.623003,0.380753,2.726083,113.460495,1.553702,1.942788,0.699175,3.430801
1776195832.051081,227.778946,548.652771,773.910828,776.431702,77.528313,29.336637,2,3.74568,1.688019,1.281368,2.898822,0.384495,2.726878,161.29863,1.553702,1.942788,0.699175,3.430801
1776195832.828809,220.248795,548.6203,777.692139,768.86908,77.151352,28.645813,2,3.732246,1.727675,0.183663,2.902539,0.380518,2.79196,132.694122,1.553702,1.942788,0.699175,3.430801
1776195833.600236,223.475998,551.695251,771.389954,775.171265,77.78167,28.829241,2,3.479705,1.71696,-0.94645,2.68421,0.383699,2.774244,120.102615,1.553702,1.942788,0.699175,3.430801
1776195834.36536,225.627487,541.981079,765.087708,767.608582,78.422379,29.39356,2,3.336785,1.684835,-2.58562,2.552933,0.380145,2.72171,114.972122,1.553702,1.942788,0.699175,3.430801
1776195835.119141,238.536301,530.332764,753.743774,768.86908,79.602646,31.024307,2,3.195223,1.598569,-1.236338,2.408379,0.381317,2.584978,112.935638,1.553702,1.942788,0.699175,3.430801
1776195835.89436,229.93042,535.157288,775.171265,765.087708,77.402252,30.05282,2,3.241419,1.648833,-0.684441,2.512655,0.379117,2.663878,113.429977,1.553702,1.942788,0.699175,3.430801
1776195836.685953,229.93042,561.626587,791.557007,791.557007,75.799973,29.047865,2,3.247145,1.704366,0.45202,2.5703,0.391886,2.753545,119.020256,1.553702,1.942788,0.699175,3.430801
1776195837.477547,239.61203,563.28894,791.557007,802.90094,75.799973,29.843287,2,3.082396,1.660103,-1.970356,2.439892,0.397781,2.681863,106.620285,1.553702,1.942788,0.699175,3.430801
1776195838.260317,249.293655,544.784241,782.733887,794.077881,76.654404,31.394106,2,2.786164,1.580253,-1.767112,2.180825,0.393947,2.556761,86.617744,1.553702,1.942788,0.699175,3.430801
1776195839.051922,292.32312,549.651489,791.557007,841.974609,75.799973,34.718758,2,2.464959,1.43311,-1.145648,1.951156,0.418931,2.340418,86.361664,1.553702,1.942788,0.699175,3.430801
1776195839.847297,565.854736,496.697021,795.338318,1062.551758,75.43959,53.254326,3,1.789144,0.83741,1.98807,1.422975,0.473852,1.328957,30.757748,2.62296,4.685811,0.108322,3.959939
1776195840.856959,631.11908,446.558044,1009.61322,1077.677124,59.428699,58.562912,3,1.531332,0.822816,12.365922,1.546054,0.519295,1.176124,24.742823,2.62296,4.685811,0.108322,3.959939
1776195841.929642,652.873901,442.449341,1072.635376,1095.323242,55.936996,59.605591,3,1.413509,0.818599,11.551984,1.51618,0.534442,1.150944,24.38917,2.62296,4.685811,0.108322,3.959939
1776195843.019985,672.211487,438.237,1090.281494,1110.448486,55.031658,60.535133,3,1.364833,0.81508,10.080865,1.488052,0.547906,1.15856,25.407381,2.62296,4.685811,0.108322,3.959939
1776195844.150661,660.125427,457.885803,1130.615601,1118.01123,53.068436,59.044617,3,1.309763,0.817255,7.774389,1.480839,0.539491,1.09457,18.930262,2.62296,4.685811,0.108322,3.959939
1776195845.288888,666.168457,478.312012,1138.178223,1144.480469,52.71582,58.207066,3,1.294296,0.816158,4.108091,1.47314,0.543699,1.015052,10.0,2.62296,4.685811,0.108322,3.959939
1776195846.410741,692.757629,456.764587,1121.79248,1149.522217,53.485828,60.264832,3,1.082372,0.811557,9.050364,1.214197,0.562212,1.074577,14.873981,2.62296,4.685811,0.108322,3.959939
1776195847.559064,697.592041,455.711426,1148.261719,1153.303467,52.252895,60.486423,3,1.173166,0.810758,8.169955,1.347101,0.565578,1.100517,19.728388,2.62296,4.685811,0.108322,3.959939
1776195848.742679,710.886658,486.532288,1183.554077,1197.418945,50.694767,59.368248,3,1.107057,0.808617,7.839962,1.310262,0.574835,1.061184,14.519747,2.62296,4.685811,0.108322,3.959939
1776195849.956544,732.641479,503.851196,1213.80481,1236.492676,49.431343,59.251583,3,1.059238,0.805281,7.415223,1.285708,0.589983,1.015428,10.0,2.62296,4.685811,0.108322,3.959939
1776195851.199399,724.181213,509.790588,1242.794922,1233.971802,48.278278,58.687012,3,1.057094,0.806555,4.598327,1.313752,0.584092,1.015933,10.0,2.62296,4.685811,0.108322,3.959939
1776195852.406962,707.260925,482.595398,1207.502441,1189.856323,49.689339,59.440868,3,1.00613,0.809193,4.425878,1.214904,0.572311,1.023153,10.410221,2.62296,4.685811,0.108322,3.959939
1776195853.596879,735.058655,483.787903,1189.856323,1218.846558,50.426258,60.307728,3,1.071592,0.804923,6.364986,1.275041,0.591666,1.064698,15.075764,2.62296,4.685811,0.108322,3.959939
1776195854.834693,749.561829,503.316589,1237.753174,1252.878418,48.47493,59.827179,3,1.035182,0.802821,6.744674,1.281299,0.601764,1.02812,11.159344,2.62296,4.685811,0.108322,3.959939
1776195856.114101,782.19397,531.185669,1279.347656,1313.379639,46.898903,59.555817,3,1.01268,0.798376,6.62263,1.29557,0.624485,0.999482,10.0,2.62296,4.685811,0.108322,3.959939
1776195857.399812,853.501343,506.514526,1285.649902,1360.015869,46.669003,62.756718,3,0.937955,0.789846,7.76353,1.205882,0.674135,1.008788,10.0,2.62296,4.685811,0.108322,3.959939
1776195858.762421,779.776794,505.873108,1362.536743,1285.649902,44.035511,60.652344,3,0.979719,0.798693,8.803168,1.334903,0.622802,0.987195,10.0,2.62296,4.685811,0.108322,3.959939
1776195860.033007,698.800598,487.274353,1270.524658,1186.074951,47.224586,58.917068,3,1.095191,0.81056,8.475271,1.391467,0.56642,1.013291,10.330132,2.62296,4.685811,0.108322,3.959939
1776195861.182589,646.830872,448.492371,1149.522217,1095.323242,52.195599,59.053879,3,1.274331,0.819742,9.929275,1.464872,0.530234,1.088112,18.342119,2.62296,4.685811,0.108322,3.959939
1776195862.290578,645.622314,461.044922,1107.927612,1106.667236,54.155163,58.339333,3,1.326914,0.819973,11.299095,1.470124,0.529393,1.079167,16.652126,2.62296,4.685811,0.108322,3.959939
1776195863.367043,657.708252,431.312744,1076.416626,1089.020996,55.740498,60.394447,3,1.304071,0.8177,11.957848,1.403723,0.537808,1.102344,18.103266,2.62296,4.685811,0.108322,3.959939
1776195864.469989,667.377075,445.592407,1102.885864,1112.969482,54.402729,59.963642,3,1.288876,0.815941,10.173738,1.421483,0.54454,1.104146,19.179268,2.62296,4.685811,0.108322,3.959939
1776195865.59057,651.665283,452.481079,1120.532104,1104.146362,53.54599,59.019829,3,1.265669,0.818826,9.421739,1.418223,0.5336,1.0991,18.869104,2.62296,4.685811,0.108322,3.959939
1776195866.697297,633.536316,454.224304,1106.667236,1087.76062,54.216839,58.242256,3,1.293692,0.822333,7.83427,1.431687,0.520978,1.13235,22.602018,2.62296,4.685811,0.108322,3.959939
1776195867.778805,637.162109,448.077637,1081.458374,1085.239746,55.480637,58.711647,3,1.283777,0.821615,8.7443,1.388352,0.523502,1.136133,22.319637,2.62296,4.685811,0.108322,3.959939
1776195868.864105,658.91687,449.010742,1085.239746,1107.927612,55.287323,59.472919,3,1.276857,0.817477,10.581212,1.385696,0.53865,1.080786,15.212172,2.62296,4.685811,0.108322,3.959939
1776195869.958217,673.420044,435.768066,1094.062866,1109.18811,54.841457,60.712879,3,1.271473,0.814867,9.839025,1.391071,0.548748,1.122196,20.7244,2.62296,4.685811,0.108322,3.959939
1776195871.076288,666.168457,444.280029,1118.01123,1110.448486,53.666725,59.990936,3,1.261638,0.816158,9.690917,1.410526,0.543699,1.117769,20.954578,2.62296,4.685811,0.108322,3.959939
1776195872.198141,652.873901,455.053711,1121.79248,1107.927612,53.485828,58.92749,3,1.222006,0.818599,7.965226,1.370837,0.534442,1.135099,22.926222,2.62296,4.685811,0.108322,3.959939
1776195873.307378,667.377075,456.936279,1109.18811,1124.313354,54.09362,59.358639,3,1.286433,0.815941,7.424173,1.426896,0.54454,1.129838,21.795311,2.62296,4.685811,0.108322,3.959939
1776195874.417887,703.635071,444.626648,1110.448486,1148.261719,54.032223,61.278282,3,1.207966,0.809775,9.542397,1.341384,0.569786,1.11754,19.511368,2.62296,4.685811,0.108322,3.959939
1776195875.591418,724.181213,470.716858,1173.470581,1194.898071,51.130383,60.60611,3,1.090331,0.806555,5.872541,1.279471,0.584092,1.060308,13.807739,2.62296,4.685811,0.108322,3.959939
1776195882.788889,652.873901,447.491089,1118.01123,1100.36499,53.666725,59.332485,3,1.298937,0.818599,11.610291,1.452226,0.534442,1.096012,18.603516,2.62296,4.685811,0.108322,3.959939
1776195883.891835,673.420044,450.893311,1102.885864,1124.313354,54.402729,59.896118,3,1.315263,0.814867,9.691104,1.450585,0.548748,1.090364,17.342842,2.62296,4.685811,0.108322,3.959939
1776195885.032595,660.125427,466.708801,1140.699097,1126.834229,52.599323,58.582298,3,1.271685,0.817255,8.654948,1.450609,0.539491,1.140432,23.484089,2.62296,4.685811,0.108322,3.959939
1776195886.159478,675.837219,467.382751,1126.834229,1143.219971,53.246517,59.116989,3,1.242164,0.814443,7.012392,1.399713,0.550431,1.109984,19.573452,2.62296,4.685811,0.108322,3.959939
1776195887.292675,639.579285,455.743958,1133.136475,1095.323242,52.950375,58.391827,3,1.191959,0.821142,5.762107,1.350652,0.525185,1.079119,16.904867,2.62296,4.685811,0.108322,3.959939
1776195888.383005,651.665283,451.220581,1090.281494,1102.885864,55.031658,59.087284,3,1.144074,0.818826,7.537117,1.247362,0.5336,1.08329,15.297277,2.62296,4.685811,0.108322,3.959939
1776195889.509899,695.174805,477.035278,1126.834229,1172.210083,53.246517,59.304626,3,1.126936,0.811156,7.15301,1.26987,0.563895,1.081383,15.754303,2.62296,4.685811,0.108322,3.959939
1776195890.678389,737.47583,475.068359,1168.428833,1212.544189,51.351009,60.820534,3,1.037468,0.804567,6.373974,1.212207,0.593349,1.062466,13.365921,2.62296,4.685811,0.108322,3.959939
1776195891.746031,1000.0,941.079224,1067.593506,1941.079224,56.201164,51.517731,3,0.532979,0.776139,3.520191,0.569005,0.776139,1.004474,10.0,2.62296,4.685811,0.108322,3.959939
1776195893.931745,704.843628,573.243652,2185.604736,1278.08728,27.452356,55.148315,3,0.336159,0.80958,5.462296,0.734712,0.570628,0.946087,10.355865,2.62296,4.685811,0.108322,3.959939
1776195895.092672,646.830872,453.534119,1160.866211,1100.36499,51.685543,58.783298,3,1.252807,0.819742,8.897126,1.454341,0.530234,1.090416,18.880426,2.62296,4.685811,0.108322,3.959939
1776195896.206963,631.11908,466.725037,1114.229858,1097.844116,53.848854,57.487129,3,1.310826,0.822816,7.742371,1.460561,0.519295,1.101655,18.923861,2.62296,4.685811,0.108322,3.959939
1776195897.297292,635.953491,459.369751,1090.281494,1095.323242,55.031658,58.060806,3,1.268999,0.821854,7.97822,1.383566,0.522661,1.132002,21.360729,2.62296,4.685811,0.108322,3.959939
1776195898.388895,640.787842,455.795898,1091.541992,1096.58374,54.968109,58.434921,3,1.27093,0.820906,11.039092,1.387273,0.526027,1.096584,17.558722,2.62296,4.685811,0.108322,3.959939
1776195899.461579,646.830872,432.106628,1072.635376,1078.9375,55.936996,59.950726,3,1.352752,0.819742,12.8341,1.45101,0.530234,1.145042,23.349817,2.62296,4.685811,0.108322,3.959939
1776195900.541837,657.708252,433.83374,1080.197998,1091.541992,55.545372,60.254967,3,1.327553,0.8177,12.721381,1.43402,0.537808,1.110791,19.524761,2.62296,4.685811,0.108322,3.959939
1776195901.656116,635.953491,455.588501,1114.229858,1091.541992,53.848854,58.261936,3,1.327636,0.821854,9.504499,1.479291,0.522661,1.092939,18.539993,2.62296,4.685811,0.108322,3.959939
1776195902.745198,635.953491,453.067505,1089.020996,1089.020996,55.095356,58.396805,3,1.349692,0.821854,11.462969,1.469843,0.522661,1.09634,18.505335,2.62296,4.685811,0.108322,3.959939
1776195903.833007,658.91687,452.792114,1087.76062,1111.708984,55.159195,59.270626,3,1.321131,0.817477,11.265354,1.437075,0.53865,1.077281,15.071341,2.62296,4.685811,0.108322,3.959939
1776195904.944776,654.082458,452.584778,1111.708984,1106.667236,53.970959,59.103806,3,1.285047,0.818373,11.667736,1.428598,0.535284,1.084924,16.743793,2.62296,4.685811,0.108322,3.959939
1776195906.050232,658.91687,451.531616,1105.406738,1110.448486,54.278664,59.33791,3,1.257397,0.817477,11.620139,1.389935,0.53865,1.073654,15.433798,2.62296,4.685811,0.108322,3.959939
1776195907.164522,641.996521,454.587219,1114.229858,1096.58374,53.848854,58.545143,3,1.301031,0.820672,9.425708,1.449648,0.526868,1.104154,19.665514,2.62296,4.685811,0.108322,3.959939
1776195908.252343,654.082458,446.282532,1087.76062,1100.36499,55.159195,59.442318,3,1.335947,0.818373,9.720463,1.45319,0.535284,1.10256,18.869507,2.62296,4.685811,0.108322,3.959939
1776195909.359059,649.248108,452.37738,1106.667236,1101.625488,54.216839,58.935463,3,1.298831,0.819282,10.504369,1.437373,0.531917,1.096929,18.730827,2.62296,4.685811,0.108322,3.959939
1776195910.455703,669.79425,448.21698,1096.58374,1118.01123,54.715385,59.909439,3,1.306659,0.815509,11.04572,1.432862,0.546223,1.107877,19.233263,2.62296,4.685811,0.108322,3.959939
1776195911.59267,663.751282,466.864319,1136.917847,1130.615601,52.774261,58.707069,3,1.24351,0.816595,10.350943,1.413769,0.542016,1.060426,14.509453,2.62296,4.685811,0.108322,3.959939
1776195912.720826,645.622314,463.565796,1128.094727,1109.18811,53.187023,58.206749,3,1.301032,0.819973,8.961013,1.467688,0.529393,1.094252,18.896416,2.62296,4.685811,0.108322,3.959939
1776195913.832595,660.125427,466.708801,1111.708984,1126.834229,53.970959,58.582298,3,1.262712,0.817255,9.929387,1.403768,0.539491,1.084512,16.7808,2.62296,4.685811,0.108322,3.959939
1776195914.958217,649.248108,464.98175,1125.573853,1114.229858,53.306141,58.26878,3,1.250284,0.819282,7.585425,1.407287,0.531917,1.1003,19.062571,2.62296,4.685811,0.108322,3.959939
1776195916.071247,661.334045,464.239807,1112.969482,1125.573853,53.909836,58.75528,3,1.222632,0.817034,9.867748,1.360753,0.540333,1.086444,17.000788,2.62296,4.685811,0.108322,3.959939
1776195917.195609,680.671631,463.808838,1124.313354,1144.480469,53.365906,59.474289,3,1.239225,0.813604,9.883588,1.393277,0.553797,1.081588,16.30876,2.62296,4.685811,0.108322,3.959939
1776195918.337629,652.873901,460.095581,1141.959595,1112.969482,52.541264,58.660538,3,1.205816,0.818599,8.524628,1.376993,0.534442,1.064846,15.103191,2.62296,4.685811,0.108322,3.959939
1776195919.449399,658.91687,459.09436,1111.708984,1118.01123,53.970959,58.93652,3,1.288581,0.817477,8.642852,1.432527,0.53865,1.124405,21.86618,2.62296,4.685811,0.108322,3.959939
1776195920.568719,656.499634,460.251099,1119.271606,1116.750732,53.606293,58.786591,3,1.304096,0.817924,7.277451,1.459638,0.536967,1.11423,20.810425,2.62296,4.685811,0.108322,3.959939
1776195921.696874,643.205139,471.024719,1128.094727,1114.229858,53.187023,57.726433,3,1.316717,0.820438,7.509518,1.485381,0.52771,1.074927,15.757847,2.62296,4.685811,0.108322,3.959939
1776195922.813686,700.009216,475.982239,1116.750732,1175.991455,53.727299,59.525024,3,1.143442,0.810363,9.584863,1.276939,0.567261,1.070967,14.194601,2.62296,4.685811,0.108322,3.959939
1776195923.977122,689.131836,462.911255,1163.387085,1152.043091,51.573547,59.818233,3,1.168511,0.812163,9.147655,1.35943,0.559688,1.078751,16.310472,2.62296,4.685811,0.108322,3.959939
1776195925.127965,658.91687,460.354736,1150.782593,1119.271606,52.138432,58.870148,3,1.218656,0.817477,8.58286,1.402408,0.53865,1.087981,17.766178,2.62296,4.685811,0.108322,3.959939
1776195926.238474,655.291077,451.37616,1110.448486,1106.667236,54.032223,59.21302,3,1.331607,0.818148,8.644537,1.47868,0.536125,1.123485,21.533396,2.62296,4.685811,0.108322,3.959939
1776195927.348971,658.91687,455.312988,1110.448486,1114.229858,54.032223,59.136528,3,1.266029,0.817477,7.668224,1.40586,0.53865,1.08293,16.455683,2.62296,4.685811,0.108322,3.959939
1776195928.465782,660.125427,457.885803,1116.750732,1118.01123,53.727299,59.044617,3,1.285587,0.817255,8.854023,1.43568,0.539491,1.089017,17.336708,2.62296,4.685811,0.108322,3.959939
1776195929.578812,678.254456,453.621521,1112.969482,1131.875977,53.909836,59.923035,3,1.25097,0.814022,10.154152,1.392291,0.552114,1.077919,15.984978,2.62296,4.685811,0.108322,3.959939
1776195930.713258,662.542664,455.468567,1134.396851,1118.01123,52.891544,59.260822,3,1.268491,0.816814,10.124306,1.438973,0.541174,1.063985,15.029976,2.62296,4.685811,0.108322,3.959939
1776195931.83385,668.585693,458.248535,1120.532104,1126.834229,53.54599,59.333103,3,1.298579,0.815725,9.876922,1.4551,0.545382,1.072484,15.572361,2.62296,4.685811,0.108322,3.959939
1776195932.964527,674.628662,462.289185,1130.615601,1136.917847,53.068436,59.338387,3,1.273077,0.814655,9.956275,1.439361,0.549589,1.056384,13.61091,2.62296,4.685811,0.108322,3.959939
1776195934.09015,681.880249,451.256226,1125.573853,1133.136475,53.306141,60.176353,3,1.246314,0.813396,10.174898,1.402818,0.554639,1.069592,15.209507,2.62296,4.685811,0.108322,3.959939
1776195935.235951,660.125427,462.927551,1145.740845,1123.052979,52.367863,58.779545,3,1.233106,0.817255,9.793975,1.41282,0.539491,1.048536,13.106083,2.62296,4.685811,0.108322,3.959939
1776195936.356544,677.045837,461.132385,1120.532104,1138.178223,53.54599,59.485046,3,1.259343,0.814232,9.799853,1.411134,0.551272,1.059116,13.691141,2.62296,4.685811,0.108322,3.959939
1776195937.507375,697.592041,474.618042,1150.782593,1172.210083,52.138432,59.510838,3,1.169619,0.810758,9.490156,1.345977,0.565578,1.032051,10.0,2.62296,4.685811,0.108322,3.959939
1776195938.677125,702.426453,472.304504,1169.689209,1174.730957,51.295677,59.794662,3,1.178585,0.80997,8.602333,1.378578,0.568945,1.061236,15.023411,2.62296,4.685811,0.108322,3.959939
1776195939.850656,718.138245,471.718079,1173.470581,1189.856323,51.130383,60.355038,3,1.072646,0.807483,8.13232,1.258718,0.579884,1.062641,14.636744,2.62296,4.685811,0.108322,3.959939
1776195941.043094,822.077759,478.697388,1192.377197,1300.775146,50.319649,63.199066,3,1.03156,0.793423,6.582374,1.230009,0.652255,1.056884,13.275444,2.62296,4.685811,0.108322,3.959939
1776195942.42335,1000.0,981.41333,1380.182983,1981.41333,43.472496,50.469025,3,0.512576,0.776139,1.442561,0.707448,0.776139,0.943773,10.0,2.62296,4.685811,0.108322,3.959939
1776195944.351921,820.869141,505.114868,1928.474731,1325.984009,31.112671,61.906414,3,0.915339,0.793566,10.479503,1.765207,0.651414,0.953936,10.0,2.62296,4.685811,0.108322,3.959939
1776195945.685528,715.721069,508.167236,1333.546631,1223.888306,44.992802,58.479279,3,1.166719,0.807858,5.797195,1.555874,0.578201,1.037953,14.52412,2.62296,4.685811,0.108322,3.959939
1776195946.939728,805.157349,542.25415,1254.138916,1347.411499,47.841591,59.755863,3,0.976242,0.795464,4.533242,1.224344,0.640474,1.005621,10.0,2.62296,4.685811,0.108322,3.959939
1776195948.008642,1000.0,1000.0,1068.854004,2400.0,56.134888,41.666664,3,0.455289,0.776139,2.641842,0.486638,0.776139,0.993579,10.0,2.62296,4.685811,0.108322,3.959939
1776195953.795619,853.501343,540.546387,1423.037842,1394.047729,42.163319,61.224686,3,0.896822,0.789846,11.344707,1.276212,0.674135,0.980397,10.0,2.62296,4.685811,0.108322,3.959939
1776195955.187206,758.022034,533.930115,1391.526855,1291.952148,43.118103,58.672607,3,0.99417,0.801632,10.678128,1.383414,0.607655,0.98996,10.0,2.62296,4.685811,0.108322,3.959939
1776195956.430074,715.721069,482.958252,1242.794922,1198.679321,48.278278,59.709137,3,1.093417,0.807858,6.905365,1.358893,0.578201,1.053892,14.824394,2.62296,4.685811,0.108322,3.959939
1776195957.648981,767.690796,505.354736,1218.846558,1273.045532,49.226868,60.303486,3,1.05031,0.800305,6.254477,1.280167,0.614387,1.041479,11.659447,2.62296,4.685811,0.108322,3.959939
1776195958.954859,794.279968,539.266663,1305.816895,1333.546631,45.94825,59.561466,3,0.983563,0.796823,1.888046,1.284353,0.6329,0.971743,10.0,2.62296,4.685811,0.108322,3.959939
1776195960.400657,852.292725,653.934326,1445.72583,1506.227051,41.501644,56.58461,3,0.877941,0.789979,5.660247,1.269262,0.673293,0.954692,10.0,2.62296,4.685811,0.108322,3.959939
1776195972.67419,748.353271,505.785645,1305.816895,1254.138916,45.94825,59.670685,3,0.947571,0.802993,4.683334,1.237354,0.600922,1.017354,10.662388,2.62296,4.685811,0.108322,3.959939
1776195973.910743,772.525208,489.176331,1236.492676,1261.701538,48.524345,61.22884,3,0.991256,0.799654,6.000652,1.225681,0.617753,1.031714,10.986116,2.62296,4.685811,0.108322,3.959939
1776195975.187631,789.445557,505.027466,1276.826782,1294.473022,46.991497,60.985863,3,0.9477,0.797438,5.131403,1.210049,0.629534,1.016084,10.039974,2.62296,4.685811,0.108322,3.959939