timestamp,gct_ms,swing_time,stride_time,gait_cycle_time,cadence,gct_pct,activity_type,speed_mps,vgrf_average,fsa_deg,stride_len_m,vgrf_impulse_bws,vgrf_active_peak_bw,lr_instantaneous_bwps,vgrf_curve_bn_output_0,vgrf_curve_bn_output_1,vgrf_curve_bn_output_2,vgrf_curve_bn_output_3
1773773562.656962,720.95929,401.061707,1027.272461,1122.020996,58.407093,64.255417,3,1.356714,0.807048,16.706457,1.393715,0.581849,1.204416,28.098162,5.217613,3.302011,0.468735,3.811238
1773773563.805224,659.993164,424.627075,1148.201416,1084.620239,52.255642,60.850163,3,1.390578,0.81728,20.72986,1.596663,0.539399,1.137842,26.647705,5.217613,3.302011,0.468735,3.811238
1773773564.873685,659.993164,408.420044,1068.413208,1068.413208,56.158047,61.773212,3,1.479263,0.81728,21.210413,1.580465,0.539399,1.181032,29.805466,5.217613,3.302011,0.468735,3.811238
1773773565.937173,693.464783,404.86908,1063.426514,1098.333862,56.421387,63.13789,3,1.44644,0.811439,21.630741,1.538183,0.562705,1.201377,31.218353,5.217613,3.302011,0.468735,3.811238
1773773567.036802,686.292297,405.808044,1099.580444,1092.100342,54.566265,62.841503,3,1.381801,0.812643,19.183599,1.519402,0.557711,1.140351,24.938202,5.217613,3.302011,0.468735,3.811238
1773773568.14143,671.947266,417.65979,1104.567261,1089.607056,54.319916,61.66877,3,1.389153,0.815127,19.476362,1.534413,0.547722,1.164597,28.211349,5.217613,3.302011,0.468735,3.811238
1773773569.241071,656.406982,426.966553,1099.580444,1083.373535,54.566265,60.589165,3,1.504374,0.817941,18.143414,1.65418,0.536902,1.157022,26.906391,5.217613,3.302011,0.468735,3.811238
1773773570.334468,651.625305,436.735046,1093.347168,1088.360352,54.877354,59.872204,3,1.498358,0.818834,17.430029,1.638225,0.533573,1.159477,28.023621,5.217613,3.302011,0.468735,3.811238
1773773571.474003,584.682068,484.977966,1139.474609,1069.660034,52.655846,54.660553,3,1.368997,0.832865,2.9735,1.559937,0.486961,1.123131,25.092484,5.217613,3.302011,0.468735,3.811238
1773773572.445222,676.728943,390.437683,971.171448,1067.166626,61.781059,63.413612,3,1.486117,0.814287,19.954618,1.443274,0.551052,1.226007,29.186787,5.217613,3.302011,0.468735,3.811238
1773773573.547357,645.648193,424.011841,1102.073853,1069.660034,54.442814,60.360126,3,1.432334,0.819968,16.739719,1.578538,0.529411,1.149315,27.574841,5.217613,3.302011,0.468735,3.811238
1773773574.614573,652.82074,421.825989,1067.166626,1074.646729,56.223648,60.747475,3,1.446419,0.818609,18.766273,1.54357,0.534405,1.194241,31.347748,5.217613,3.302011,0.468735,3.811238
1773773575.669333,661.188599,402.237915,1054.699707,1063.426514,56.888229,62.175297,3,1.401714,0.817061,19.506029,1.478388,0.540231,1.229084,34.896912,5.217613,3.302011,0.468735,3.811238
1773773576.691667,662.384033,361.148376,1022.285767,1023.53241,58.692005,64.715492,3,1.584248,0.816843,19.200047,1.619554,0.541064,1.265216,40.082626,5.217613,3.302011,0.468735,3.811238
1773773577.766363,667.16571,412.467834,1074.646729,1079.633545,55.832302,61.79557,3,1.495614,0.815979,21.975912,1.607257,0.544393,1.193686,32.584099,5.217613,3.302011,0.468735,3.811238
1773773578.728856,579.900452,291.535828,962.444641,871.436279,62.341248,66.545364,3,1.195442,0.833992,-1.331108,1.150547,0.483632,1.160174,24.732594,5.217613,3.302011,0.468735,3.811238
1773773579.716283,664.774841,411.118591,987.378418,1075.893433,60.766975,61.788166,3,1.582836,0.816409,22.009102,1.562858,0.542728,1.357546,43.348381,5.217613,3.302011,0.468735,3.811238
1773773580.804704,637.280273,422.40625,1088.360352,1059.686523,55.128799,60.138565,3,1.632233,0.821592,17.526295,1.776458,0.523585,1.189305,32.760075,5.217613,3.302011,0.468735,3.811238
1773773581.861945,638.475708,419.963989,1057.193115,1058.439697,56.754059,60.32235,3,1.666256,0.821358,23.04077,1.761554,0.524417,1.200138,32.581024,5.217613,3.302011,0.468735,3.811238
1773773582.905486,632.498657,404.747314,1043.479492,1037.245972,57.499931,60.978657,3,1.619451,0.82254,23.141441,1.689864,0.520255,1.203309,32.553711,5.217613,3.302011,0.468735,3.811238
1773773583.925327,643.257385,387.755188,1019.792358,1031.012573,58.835506,62.390839,3,1.665329,0.820428,23.349459,1.69829,0.527746,1.278505,41.537079,5.217613,3.302011,0.468735,3.811238
1773773584.997541,613.37207,427.614014,1072.15332,1040.986084,55.962147,58.922215,3,1.682667,0.826477,21.112888,1.804077,0.506938,1.195492,34.337952,5.217613,3.302011,0.468735,3.811238
1773773585.998682,621.73999,388.078857,1001.09198,1009.818848,59.934551,61.569458,3,1.774313,0.824724,24.212297,1.77625,0.512764,1.275571,40.901924,5.217613,3.302011,0.468735,3.811238
1773773587.023509,613.37207,402.680237,1024.779175,1016.052307,58.549198,60.368156,3,1.665269,0.826477,21.528624,1.706533,0.506938,1.236565,36.973419,5.217613,3.302011,0.468735,3.811238
1773773588.034624,602.613342,397.231995,1011.065552,999.845337,59.343334,60.270657,3,1.745692,0.828801,16.84543,1.765009,0.499447,1.281248,43.481674,5.217613,3.302011,0.468735,3.811238
1773773589.038257,632.498657,402.254028,1003.585388,1034.752686,59.785645,61.125587,3,1.700483,0.82254,23.696964,1.70658,0.520255,1.263853,38.045177,5.217613,3.302011,0.468735,3.811238
1773773590.063097,638.475708,392.536865,1024.779175,1031.012573,58.549198,61.927055,3,1.62737,0.821358,23.072992,1.667695,0.524417,1.238905,36.3736,5.217613,3.302011,0.468735,3.811238
1773773591.101639,650.429871,400.529724,1038.492798,1050.959595,57.776039,61.889141,3,1.614531,0.819059,24.087696,1.676679,0.53274,1.227702,35.833683,5.217613,3.302011,0.468735,3.811238
1773773592.153894,630.107849,400.904724,1052.206299,1031.012573,57.023037,61.115437,3,1.643832,0.823019,24.486095,1.72965,0.518591,1.216443,34.983223,5.217613,3.302011,0.468735,3.811238
1773773593.171253,642.061951,387.703918,1017.299011,1029.765869,58.97971,62.350285,3,1.68099,0.820659,25.203888,1.710069,0.526914,1.245761,37.616772,5.217613,3.302011,0.468735,3.811238
1773773594.198575,651.625305,385.620667,1027.272461,1037.245972,58.407093,62.822639,3,1.639491,0.818834,23.97402,1.684204,0.533573,1.231639,35.912956,5.217613,3.302011,0.468735,3.811238
1773773595.240856,651.625305,390.607483,1042.232788,1042.232788,57.568714,62.522049,3,1.613178,0.818834,23.936945,1.681308,0.533573,1.207981,33.774593,5.217613,3.302011,0.468735,3.811238
1773773596.298109,643.257385,405.208923,1057.193115,1048.466309,56.754059,61.352222,3,1.573406,0.820428,20.196785,1.663394,0.527746,1.213668,35.327751,5.217613,3.302011,0.468735,3.811238
1773773597.345378,659.993164,404.680054,1047.219604,1064.673218,57.294575,61.990208,3,1.585882,0.81728,23.466429,1.660767,0.539399,1.199722,33.089226,5.217613,3.302011,0.468735,3.811238
1773773598.393893,662.384033,388.575562,1048.466309,1050.959595,57.226444,63.026596,3,1.582156,0.816843,22.8239,1.658837,0.541064,1.214615,34.712631,5.217613,3.302011,0.468735,3.811238
1773773599.449901,665.970276,393.716248,1055.946411,1059.686523,56.821064,62.84597,3,1.553544,0.816194,23.060659,1.64046,0.543561,1.204635,33.422169,5.217613,3.302011,0.468735,3.811238
1773773600.507142,663.579407,391.1203,1057.193115,1054.699707,56.754059,62.916428,3,1.528941,0.816626,23.08107,1.616386,0.541896,1.206645,33.693329,5.217613,3.302011,0.468735,3.811238
1773773601.556915,663.579407,386.133484,1049.712891,1049.712891,57.158485,63.215321,3,1.576741,0.816626,24.106586,1.655126,0.541896,1.194506,32.55722,5.217613,3.302011,0.468735,3.811238
1773773602.612911,652.82074,391.905457,1055.946411,1044.726196,56.821064,62.487255,3,1.613719,0.818609,24.194815,1.704001,0.534405,1.226961,36.905975,5.217613,3.302011,0.468735,3.811238
1773773603.656438,675.533569,391.633057,1043.479492,1067.166626,57.499931,63.301598,3,1.561881,0.814496,23.690186,1.629791,0.550219,1.235034,35.98307,5.217613,3.302011,0.468735,3.811238
1773773604.727406,662.384033,394.809082,1070.906616,1057.193115,56.027294,62.654972,3,1.563172,0.816843,22.500099,1.674012,0.541064,1.212266,35.268936,5.217613,3.302011,0.468735,3.811238
1773773605.790881,670.751892,401.401428,1063.426514,1072.15332,56.421387,62.561192,3,1.571029,0.815339,22.740005,1.670674,0.54689,1.212855,34.574196,5.217613,3.302011,0.468735,3.811238
1773773606.856862,687.487732,395.885803,1065.919922,1083.373535,56.289406,63.45805,3,1.509111,0.812441,22.583254,1.608591,0.558543,1.197976,31.957664,5.217613,3.302011,0.468735,3.811238
1773773607.93405,706.614319,390.472839,1077.140137,1097.087158,55.70306,64.408218,3,1.41892,0.809296,17.053371,1.528376,0.57186,1.15764,26.213259,5.217613,3.302011,0.468735,3.811238
1773773609.122206,449.888824,508.815765,1188.095459,958.70459,50.500992,46.926743,2,1.044638,1.071644,-18.490978,1.24113,0.482121,1.887058,26.121374,1.988487,1.593557,1.435427,3.587249
1773773609.923877,424.352814,347.348236,801.621643,771.70105,74.848282,54.989273,2,1.024679,0.920921,-20.6103,0.821405,0.390795,1.730812,36.54451,1.988487,1.593557,1.435427,3.587249
1773773610.683148,395.624786,329.948761,759.234192,725.573547,79.027,54.525799,2,1.01813,0.928378,-19.657047,0.772999,0.367289,1.738088,34.928146,1.988487,1.593557,1.435427,3.587249
1773773611.401278,386.048828,320.824341,718.093384,706.873169,83.554596,54.61359,2,1.090787,0.926956,-19.574396,0.783287,0.35785,1.736697,37.647125,1.988487,1.593557,1.435427,3.587249
1773773612.111928,355.19278,319.266449,710.61322,674.459229,84.43412,52.663345,2,1.166028,0.959666,-18.307062,0.828595,0.340866,1.769134,41.555443,1.988487,1.593557,1.435427,3.587249
1773773612.765229,313.696777,290.947876,653.265503,604.644653,91.846268,51.881184,2,1.194795,0.973476,-18.195332,0.780519,0.305376,1.783101,43.045998,1.988487,1.593557,1.435427,3.587249
1773773613.362418,301.992798,281.458069,597.16449,583.450867,100.474831,51.759766,2,1.360428,0.975657,-18.531551,0.812399,0.294641,1.785322,53.241295,1.988487,1.593557,1.435427,3.587249
1773773614.0045,639.671143,335.240417,642.045288,974.91156,93.451355,65.613243,3,1.566862,0.821124,-3.373183,1.005996,0.525249,1.347075,14.395861,5.217613,3.302011,0.468735,3.811238
1773773615.147763,887.121765,514.157776,1143.2146,1401.279541,52.483585,63.307976,3,1.391178,0.7863,26.607321,1.590415,0.697544,1.148419,22.797218,5.217613,3.302011,0.468735,3.811238
1773773616.420707,503.394043,369.288879,1272.870361,872.682922,47.137558,57.683498,3,0.745146,0.854921,-18.378527,0.948475,0.430362,0.984614,10.0,5.217613,3.302011,0.468735,3.811238
1773773617.212391,356.256805,308.228973,791.648132,664.485779,75.791245,53.613907,2,1.049588,0.943426,-21.3561,0.830905,0.336102,1.752915,40.825134,1.988487,1.593557,1.435427,3.587249
1773773617.87442,366.89679,307.562439,661.992371,674.459229,90.635483,54.398663,2,1.152759,0.930446,-19.236561,0.763118,0.341377,1.740114,39.657715,1.988487,1.593557,1.435427,3.587249
1773773618.571356,381.792786,332.560547,696.899658,714.353333,86.095612,53.44593,2,1.134337,0.946253,-18.668802,0.790519,0.361273,1.755723,36.07618,1.988487,1.593557,1.435427,3.587249
1773773619.277019,399.880829,326.939423,705.626526,726.820251,85.030815,55.017841,2,1.111187,0.920465,-20.468498,0.784083,0.368077,1.730369,35.994011,1.988487,1.593557,1.435427,3.587249
1773773620.011356,365.832794,328.573517,734.300354,694.406311,81.710434,52.682816,2,1.127712,0.959328,-19.589083,0.828079,0.350954,1.768793,42.026283,1.988487,1.593557,1.435427,3.587249
1773773620.703305,340.296783,321.695587,691.912964,661.992371,86.71611,51.404942,2,1.150548,0.98209,-20.65983,0.796079,0.334202,1.791895,42.758583,1.988487,1.593557,1.435427,3.587249
1773773621.377789,273.264801,322.652985,674.459229,595.917786,88.960159,45.856125,2,1.270928,1.095645,-20.602772,0.857189,0.299401,1.91372,48.678558,1.988487,1.593557,1.435427,3.587249
1773773621.958783,601.417908,306.172363,580.95752,907.590271,103.277779,66.265358,3,1.537508,0.829065,-4.967372,0.893227,0.498614,1.411983,11.567356,5.217613,3.302011,0.468735,3.811238
1773773622.978624,639.671143,420.015381,1019.792358,1059.686523,58.835506,60.364185,3,1.673562,0.821124,19.47151,1.706686,0.525249,1.217229,33.863716,5.217613,3.302011,0.468735,3.811238
1773773624.034631,667.16571,417.454529,1055.946411,1084.620239,56.821064,61.511456,3,1.525761,0.815979,18.941916,1.611122,0.544393,1.211912,33.443611,5.217613,3.302011,0.468735,3.811238
1773773625.1193,644.45282,416.480286,1084.620239,1060.933105,55.318901,60.743965,3,1.463246,0.820198,19.775311,1.587067,0.528579,1.203641,31.253735,5.217613,3.302011,0.468735,3.811238
1773773626.171567,608.590393,406.21521,1052.206299,1014.805603,57.023037,59.97113,3,1.523315,0.8275,13.147866,1.602841,0.503608,1.195995,31.20512,5.217613,3.302011,0.468735,3.811238
1773773627.049273,275.392822,270.657349,877.669739,546.050171,68.362846,50.433613,2,1.042982,1.000164,-17.452797,0.915394,0.275438,1.810552,58.25399,1.988487,1.593557,1.435427,3.587249
1773773627.601581,259.4328,274.150513,552.28363,533.583313,108.639832,48.620861,2,1.416418,1.035826,-17.64325,0.782264,0.268727,1.848179,55.865646,1.988487,1.593557,1.435427,3.587249
1773773628.137694,264.752808,277.557312,536.07666,542.31012,111.924294,48.81945,2,1.452759,1.03179,-19.300117,0.77879,0.273169,1.843866,53.805397,1.988487,1.593557,1.435427,3.587249
1773773628.688756,265.816803,286.466827,551.036926,552.28363,108.885628,48.130489,2,1.429264,1.045934,-19.26193,0.787577,0.278027,1.859041,58.240692,1.988487,1.593557,1.435427,3.587249
1773773629.258517,289.224823,307.939667,569.737305,597.16449,105.311691,48.433025,2,1.365112,1.039674,-18.92149,0.777755,0.300699,1.852303,48.936256,1.988487,1.593557,1.435427,3.587249
1773773629.889379,312.632782,345.619537,630.825134,658.252319,95.113518,47.49437,2,1.326792,1.059358,-20.383865,0.836974,0.33119,1.8736,48.255554,1.988487,1.593557,1.435427,3.587249
1773773630.566368,638.475708,357.629517,676.952637,996.105225,88.632492,64.097214,3,2.084058,0.821358,19.602186,1.410808,0.524417,1.671499,48.896126,5.217613,3.302011,0.468735,3.811238
1773773631.558782,662.384033,354.914978,992.365173,1017.299011,60.461613,65.11203,3,0.858851,0.816843,3.42231,0.852294,0.541064,1.163574,23.026638,5.217613,3.302011,0.468735,3.811238
1773773632.573636,442.440796,380.374573,1014.805603,822.815369,59.124626,53.77158,2,0.1,0.940787,-19.635529,0.101481,0.416243,1.750302,29.718149,1.988487,1.593557,1.435427,3.587249
1773773633.374059,414.776794,353.184204,800.374939,767.960999,74.964867,54.010136,2,0.982015,0.936825,-19.020662,0.78598,0.388573,1.746387,29.14395,1.988487,1.593557,1.435427,3.587249
1773773634.12959,386.048828,335.784668,755.494141,721.833496,79.418221,53.481697,2,1.055812,0.94565,-20.221243,0.797659,0.365067,1.755123,35.019524,1.988487,1.593557,1.435427,3.587249
1773773634.845227,364.768799,325.897461,715.599976,690.66626,83.845726,52.814049,2,1.117001,0.957052,-19.415594,0.799326,0.349103,1.766508,38.589966,1.988487,1.593557,1.435427,3.587249
1773773635.548396,358.384827,337.268188,703.133118,695.653015,85.332352,51.517754,2,1.093128,0.980035,-19.726772,0.768615,0.35123,1.789792,36.300018,1.988487,1.593557,1.435427,3.587249
1773773636.250319,308.376801,334.915192,701.886414,643.291992,85.483917,47.937298,2,1.138697,1.049973,-20.670259,0.799236,0.323787,1.863405,39.016998,1.988487,1.593557,1.435427,3.587249
1773773636.864962,275.392822,300.577942,614.618103,575.970764,97.621597,47.813683,2,1.301492,1.052575,-18.500746,0.799921,0.289872,1.866224,47.545547,1.988487,1.593557,1.435427,3.587249
1773773637.469643,257.30481,326.146057,604.644653,583.450867,99.231834,44.10051,2,1.333224,1.137524,-20.125156,0.806127,0.29269,1.961414,50.306328,1.988487,1.593557,1.435427,3.587249
1773773638.019457,249.856812,291.206604,549.790222,541.063416,109.13253,46.178841,2,1.420044,1.088293,-19.388201,0.780726,0.271918,1.905501,62.169647,1.988487,1.593557,1.435427,3.587249
1773773638.558051,265.816803,291.453583,538.570068,557.270386,111.40612,47.699791,2,1.470094,1.054984,-17.983988,0.791749,0.280433,1.868839,70.927475,1.988487,1.593557,1.435427,3.587249
1773773639.100398,338.168793,288.91629,542.31012,627.085083,110.637802,53.927101,2,1.382593,0.9382,-18.693365,0.749794,0.31727,1.747744,57.919365,1.988487,1.593557,1.435427,3.587249
1773773639.803555,606.199524,352.505066,703.133118,958.70459,85.332352,63.231106,3,2.327604,0.828017,23.477467,1.636616,0.501944,1.649248,54.30521,5.217613,3.302011,0.468735,3.811238
1773773640.797228,636.084961,388.694214,993.611877,1024.779175,60.38575,62.070442,3,1.768821,0.821828,24.398458,1.757522,0.522752,1.266413,39.126286,5.217613,3.302011,0.468735,3.811238
1773773641.83951,643.257385,406.455505,1042.232788,1049.712891,57.568714,61.279362,3,1.660192,0.820428,23.349234,1.730307,0.527746,1.227377,36.231407,5.217613,3.302011,0.468735,3.811238
1773773642.900491,625.326233,416.906555,1060.933105,1042.232788,56.553989,59.998711,3,1.600029,0.823988,18.550665,1.697524,0.515261,1.234667,37.834377,5.217613,3.302011,0.468735,3.811238
1773773643.906631,643.257385,381.52179,1006.078796,1024.779175,59.637474,62.770344,3,1.623723,0.820428,22.381609,1.633593,0.527746,1.280691,39.8946,5.217613,3.302011,0.468735,3.811238
1773773644.953899,675.533569,405.346558,1047.219604,1080.880127,57.294575,62.498474,3,1.544347,0.814496,22.936131,1.617271,0.550219,1.201627,31.779366,5.217613,3.302011,0.468735,3.811238
1773773646.043567,656.406982,413.253052,1089.607056,1069.660034,55.065723,61.365944,3,1.400661,0.817941,16.482738,1.52617,0.536902,1.176103,30.022453,5.217613,3.302011,0.468735,3.811238
1773773647.026007,876.363037,335.419556,982.391663,1211.782593,61.075436,72.320152,3,1.002268,0.787405,7.589241,0.98462,0.690053,1.22591,28.035965,5.217613,3.302011,0.468735,3.811238
1773773648.348806,578.705078,433.607178,1322.738037,1012.312256,45.360455,57.16666,3,1.221559,0.834276,9.502565,1.615803,0.4828,1.074706,26.872423,5.217613,3.302011,0.468735,3.811238
1773773649.342466,603.808777,415.983582,993.611877,1019.792358,60.38575,59.208988,3,1.704436,0.828539,16.087265,1.693548,0.500279,1.254508,35.839661,5.217613,3.302011,0.468735,3.811238
1773773650.339867,634.889526,394.876343,997.351929,1029.765869,60.159306,61.653774,3,1.750271,0.822064,24.338232,1.745636,0.52192,1.265977,39.264252,5.217613,3.302011,0.468735,3.811238
1773773651.389641,599.0271,413.285156,1049.712891,1012.312256,57.158485,59.174145,3,1.691209,0.829594,19.29994,1.775284,0.49695,1.232923,38.807598,5.217613,3.302011,0.468735,3.811238
1773773652.375821,624.130798,388.181458,986.131775,1012.312256,60.843796,61.653976,3,1.777916,0.824232,25.714962,1.75326,0.514429,1.290163,41.827602,5.217613,3.302011,0.468735,3.811238
1773773653.403142,609.785828,402.526428,1027.272461,1012.312256,58.407093,60.236931,3,1.778265,0.827242,25.0571,1.826763,0.504441,1.265653,42.097599,5.217613,3.302011,0.468735,3.811238
1773773654.413009,621.73999,400.545776,1009.818848,1022.285767,59.416599,60.818611,3,1.744824,0.824724,24.337492,1.761956,0.512764,1.236048,36.529305,5.217613,3.302011,0.468735,3.811238
1773773655.442836,622.935425,408.077148,1029.765869,1031.012573,58.265671,60.419769,3,1.717001,0.824478,24.654884,1.768109,0.513596,1.236539,37.467209,5.217613,3.302011,0.468735,3.811238
1773773656.471404,621.73999,405.532471,1028.519165,1027.272461,58.336296,60.52338,3,1.717554,0.824724,24.430794,1.766537,0.512764,1.219725,35.458042,5.217613,3.302011,0.468735,3.811238
1773773657.491245,632.498657,398.513916,1019.792358,1031.012573,58.835506,61.347328,3,1.705106,0.82254,25.618511,1.738855,0.520255,1.264537,40.113369,5.217613,3.302011,0.468735,3.811238
1773773658.517332,624.130798,393.168213,1026.025757,1017.299011,58.478065,61.351753,3,1.694603,0.824232,24.613327,1.738706,0.514429,1.233184,36.71682,5.217613,3.302011,0.468735,3.811238
1773773659.547146,646.843628,406.609375,1029.765869,1053.453003,58.265671,61.402233,3,1.699573,0.81974,23.434093,1.750162,0.530243,1.269933,40.531593,5.217613,3.302011,0.468735,3.811238
1773773660.596908,625.326233,401.946228,1049.712891,1027.272461,57.158485,60.872482,3,1.710011,0.823988,23.01247,1.795021,0.515261,1.301296,43.883541,5.217613,3.302011,0.468735,3.811238
1773773661.621748,638.475708,400.01709,1024.779175,1038.492798,58.549198,61.480991,3,1.717579,0.821358,23.568066,1.760139,0.524417,1.261821,39.491623,5.217613,3.302011,0.468735,3.811238
1773773662.656549,644.45282,396.533264,1034.752686,1040.986084,57.984871,61.907917,3,1.642845,0.820198,23.87805,1.699938,0.528579,1.249344,38.393951,5.217613,3.302011,0.468735,3.811238
1773773663.706311,613.37207,403.926941,1049.712891,1017.299011,57.158485,60.294174,3,1.614135,0.826477,19.184526,1.694378,0.506938,1.232678,38.06546,5.217613,3.302011,0.468735,3.811238
1773773664.726164,620.544556,406.727905,1019.792358,1027.272461,58.835506,60.407005,3,1.748101,0.824972,21.941319,1.7827,0.511932,1.287553,43.228268,5.217613,3.302011,0.468735,3.811238
1773773665.749744,624.130798,403.141663,1023.53241,1027.272461,58.620518,60.756111,3,1.75019,0.824232,23.230005,1.791376,0.514429,1.293833,44.579132,5.217613,3.302011,0.468735,3.811238
1773773666.758366,632.498657,384.800354,1008.572205,1017.299011,59.49004,62.174313,3,1.70648,0.82254,24.448761,1.721108,0.520255,1.276371,41.311203,5.217613,3.302011,0.468735,3.811238
1773773667.790673,620.544556,399.247803,1032.259277,1019.792358,58.124931,60.85009,3,1.709638,0.824972,24.463057,1.76479,0.511932,1.258502,40.390579,5.217613,3.302011,0.468735,3.811238
1773773668.8205,626.521606,409.477661,1029.765869,1035.999268,58.265671,60.475098,3,1.707613,0.823744,24.057732,1.758442,0.516093,1.228703,35.99387,5.217613,3.302011,0.468735,3.811238
1773773669.846575,630.107849,399.65802,1026.025757,1029.765869,58.478065,61.18943,3,1.711999,0.823019,24.970501,1.756555,0.518591,1.284776,42.154747,5.217613,3.302011,0.468735,3.811238
1773773670.891349,620.544556,414.20813,1044.726196,1034.752686,57.431316,59.970325,3,1.699344,0.824972,24.041801,1.775349,0.511932,1.246695,39.133381,5.217613,3.302011,0.468735,3.811238
1773773671.908709,642.061951,397.677429,1017.299011,1039.73938,58.97971,61.752201,3,1.704715,0.820659,25.252707,1.734205,0.526914,1.257351,38.734055,5.217613,3.302011,0.468735,3.811238
1773773672.94725,654.016174,396.94342,1038.492798,1050.959595,57.776039,62.230385,3,1.662359,0.818386,24.971464,1.726348,0.535237,1.260448,39.600246,5.217613,3.302011,0.468735,3.811238
1773773674.010725,657.602417,409.564209,1063.426514,1067.166626,56.421387,61.621346,3,1.64507,0.81772,23.611664,1.749411,0.537734,1.213336,35.178608,5.217613,3.302011,0.468735,3.811238
1773773675.08668,697.051025,419.983276,1075.893433,1117.034302,55.767605,62.401939,3,1.611221,0.810847,22.293344,1.733502,0.565202,1.226522,35.05336,5.217613,3.302011,0.468735,3.811238
1773773676.222475,754.430847,441.144836,1135.734497,1195.575684,52.82925,63.101887,3,1.289741,0.802133,20.913614,1.464803,0.605154,1.125358,22.265984,5.217613,3.302011,0.468735,3.811238
1773773677.211149,778.339111,235.219849,988.625122,1013.55896,60.690346,76.792679,3,0.568733,0.798882,-5.327806,0.562264,0.621801,1.029166,10.0,5.217613,3.302011,0.468735,3.811238
1773773678.533947,681.51062,540.245483,1322.738037,1221.756104,45.360455,55.781235,3,1.449081,0.813459,12.976298,1.916754,0.554381,1.067004,20.534609,5.217613,3.302011,0.468735,3.811238
1773773679.683456,665.970276,467.270813,1149.44812,1133.241089,52.198963,58.766865,3,1.411182,0.816194,14.229019,1.622081,0.543561,1.129802,24.817844,5.217613,3.302011,0.468735,3.811238
1773773680.771878,665.970276,422.390076,1088.360352,1088.360352,55.128799,61.190235,3,1.483951,0.816194,21.804457,1.615074,0.543561,1.309636,45.680981,5.217613,3.302011,0.468735,3.811238
1773773681.8553,654.016174,416.890442,1083.373535,1070.906616,55.382561,61.071259,3,1.527658,0.818386,18.806202,1.655025,0.535237,1.232188,36.44553,5.217613,3.302011,0.468735,3.811238
1773773682.953694,695.855591,446.112427,1098.333862,1141.968018,54.628197,60.934769,3,1.573376,0.811044,21.789604,1.728092,0.564369,1.161836,27.549961,5.217613,3.302011,0.468735,3.811238
1773773684.025897,753.235474,378.759033,1072.15332,1131.994507,55.962147,66.540558,3,1.304433,0.802301,9.65554,1.398552,0.604322,1.15938,25.41637,5.217613,3.302011,0.468735,3.811238
1773773698.273798,697.051025,419.983276,1117.034302,1117.034302,53.713661,62.401939,3,1.42832,0.810847,21.318718,1.595482,0.565202,1.176352,30.230652,5.217613,3.302011,0.468735,3.811238
1773773699.455721,625.326233,481.734436,1181.862183,1107.060669,50.767342,56.485271,3,1.451418,0.823988,14.520521,1.715376,0.515261,1.081899,18.925999,5.217613,3.302011,0.468735,3.811238
1773773727.791925,699.441833,487.407043,1186.848877,1186.848877,50.554035,58.932678,3,1.316772,0.810455,12.801582,1.562809,0.566866,1.104818,20.391016,5.217613,3.302011,0.468735,3.811238
1773773782.440856,835.718994,545.613525,1328.971558,1381.33252,45.147694,60.500927,3,1.021241,0.791837,3.875602,1.357201,0.661753,1.032099,14.024654,5.217613,3.302011,0.468735,3.811238
1773773783.821015,1000.0,560.855713,1380.085693,1560.855713,43.475563,64.067421,3,0.91916,0.776139,16.268648,1.26852,0.776139,0.978334,10.0,5.217613,3.302011,0.468735,3.811238
1773773785.534052,949.283264,701.33429,1712.952026,1650.617554,35.027252,57.510792,3,0.825884,0.780406,4.483053,1.4147,0.740826,0.951058,10.0,5.217613,3.302011,0.468735,3.811238
1773773816.231607,928.961243,655.581604,1777.779907,1584.542847,33.749958,58.62645,3,0.797964,0.782246,4.066134,1.418604,0.726676,0.957277,10.0,5.217613,3.302011,0.468735,3.811238
1773773817.833689,995.90448,675.906799,1601.996582,1671.811279,37.453262,59.570389,3,0.779355,0.776467,4.35597,1.248524,0.773287,0.958684,10.0,5.217613,3.302011,0.468735,3.811238
1773773911.201792,710.200623,516.542297,1280.350586,1226.74292,46.862164,57.893192,3,1.26962,0.808726,6.780442,1.625558,0.574358,1.038609,14.388227,5.217613,3.302011,0.468735,3.811238
1773773912.358781,731.718018,447.650635,1156.928223,1179.368652,51.861473,62.043198,3,1.263056,0.805419,14.637159,1.461265,0.58934,1.095196,20.207565,5.217613,3.302011,0.468735,3.811238
1773773913.53821,724.545532,447.343018,1179.368652,1171.88855,50.874676,61.827171,3,1.214448,0.806499,15.461071,1.432282,0.584346,1.086862,19.671721,5.217613,3.302011,0.468735,3.811238
1773773914.72138,723.350098,458.512085,1183.108765,1181.862183,50.713848,61.204266,3,1.167401,0.806682,14.148939,1.381163,0.583513,1.066439,16.490948,5.217613,3.302011,0.468735,3.811238
1773773915.883356,750.844666,439.744202,1161.915039,1190.588867,51.638889,63.06498,3,1.146255,0.802639,15.920993,1.331851,0.602657,1.080215,17.742958,5.217613,3.302011,0.468735,3.811238
1773773917.082733,765.189514,449.086487,1199.315796,1214.276001,50.028526,63.016109,3,1.110864,0.800645,15.450959,1.332276,0.612645,1.063675,16.778248,5.217613,3.302011,0.468735,3.811238
1773773918.292082,750.844666,443.484314,1209.289307,1194.328979,49.615917,62.867493,3,1.097924,0.802639,14.610084,1.327707,0.602657,1.056313,15.374718,5.217613,3.302011,0.468735,3.811238
1773773919.589947,732.913391,546.190491,1297.804199,1279.103882,46.231934,57.298977,3,1.038798,0.805241,4.1071,1.348156,0.590172,1.021393,12.282656,5.217613,3.302011,0.468735,3.811238
1773773920.872864,765.189514,551.315125,1282.843994,1316.504639,46.77108,58.122814,3,0.978825,0.800645,3.277818,1.25568,0.612645,1.015583,10.475323,5.217613,3.302011,0.468735,3.811238
1773773922.093435,847.673157,458.857849,1220.509521,1306.531006,49.159798,64.879677,3,1.024754,0.79049,17.275425,1.250722,0.670077,1.033437,11.911228,5.217613,3.302011,0.468735,3.811238
1773773923.547148,787.902405,603.403625,1453.640503,1391.30603,41.275681,56.630413,3,0.852346,0.797636,3.514317,1.239005,0.62846,0.982862,10.0,5.217613,3.302011,0.468735,3.811238
1773773924.96346,981.559448,636.644043,1416.239746,1618.203491,42.365707,60.657356,3,0.820965,0.777639,3.666142,1.162683,0.763299,0.982195,10.0,5.217613,3.302011,0.468735,3.811238
1773773943.000235,797.465698,506.571899,1719.185425,1304.037598,34.900249,61.153584,3,0.682845,0.796421,17.804167,1.173938,0.635118,0.994654,16.592171,5.217613,3.302011,0.468735,3.811238
1773773944.284387,703.028015,482.574158,1284.090576,1185.602173,46.725677,59.297127,3,1.29661,0.809873,20.952171,1.664965,0.569363,1.069002,19.706751,5.217613,3.302011,0.468735,3.811238
1773773945.389015,278.584808,399.614532,1104.567261,678.199341,54.319916,41.077129,2,1.576067,1.218035,-5.324021,1.740872,0.339326,2.057291,77.1931,1.988487,1.593557,1.435427,3.587249
1773773946.184439,644.45282,516.215515,795.388184,1160.668335,75.434868,55.524288,3,1.991654,0.820198,6.007201,1.584138,0.528579,2.086328,99.354149,5.217613,3.302011,0.468735,3.811238
1773773947.201799,682.706055,374.487061,1017.299011,1057.193115,58.97971,64.577232,3,1.494825,0.813254,14.082119,1.520684,0.555214,1.210295,30.667168,5.217613,3.302011,0.468735,3.811238
1773773948.322622,712.59137,439.350159,1120.774292,1151.941528,53.53442,61.860031,3,1.222622,0.808348,14.219574,1.370283,0.576022,1.163042,26.596836,5.217613,3.302011,0.468735,3.811238
1773773949.463404,787.902405,431.360291,1140.721191,1219.262695,52.598305,64.621216,3,1.224652,0.797636,14.21887,1.396987,0.62846,1.093769,17.840984,5.217613,3.302011,0.468735,3.811238
1773773986.870985,809.419861,437.270081,1191.835571,1246.689941,50.342514,64.925514,3,1.041133,0.794942,15.622379,1.240859,0.643442,1.049817,13.567427,5.217613,3.302011,0.468735,3.811238
1773773988.101529,864.408936,423.421875,1230.483032,1287.830811,48.761337,67.121307,3,0.737855,0.788666,3.373862,0.907918,0.68173,1.063194,15.943684,5.217613,3.302011,0.468735,3.811238
1773773989.444287,818.983154,476.327759,1342.685181,1295.310913,44.686573,63.226765,3,0.662886,0.79379,14.037931,0.890047,0.650101,1.011723,11.349512,5.217613,3.302011,0.468735,3.811238
1773773990.854367,706.614319,586.203186,1410.006348,1292.817505,42.553001,54.656929,3,0.897708,0.809296,3.732999,1.265774,0.57186,0.992837,10.0,5.217613,3.302011,0.468735,3.811238
1773773992.012602,758.01709,453.765503,1158.175049,1211.782593,51.805641,62.553883,3,1.134334,0.801633,15.435477,1.313757,0.607651,1.072476,16.248924,5.217613,3.302011,0.468735,3.811238
1773773993.233172,718.568481,460.800171,1220.509521,1179.368652,49.159798,60.92823,3,1.20255,0.807416,13.861474,1.467724,0.580184,1.073843,19.041302,5.217613,3.302011,0.468735,3.811238
1773773994.367721,631.303284,412.176208,1134.487915,1043.479492,52.887299,60.499828,3,1.311864,0.822779,18.893431,1.488294,0.519423,1.135291,25.76683,5.217613,3.302011,0.468735,3.811238
1773773995.375095,270.072815,375.712585,1007.3255,645.7854,59.563667,41.820831,2,1.699021,1.197151,-2.224019,1.711467,0.323318,2.031892,62.207443,1.988487,1.593557,1.435427,3.587249
1773773996.149326,233.896805,497.910217,774.194458,731.807007,77.499908,31.961542,2,2.836836,1.552973,-0.811579,2.196263,0.363235,2.515262,93.309708,1.988487,1.593557,1.435427,3.587249
1773773996.908596,208.360794,520.95282,759.234192,729.313599,79.027,28.569439,2,3.340584,1.732177,-1.74618,2.536286,0.360918,2.799433,97.380615,1.988487,1.593557,1.435427,3.587249
1773773997.656647,213.680801,540.56665,748.013916,754.247437,80.21241,28.330332,2,3.829055,1.746428,1.000198,2.864186,0.373178,2.823203,122.100304,1.988487,1.593557,1.435427,3.587249
1773773998.405957,200.912796,533.387573,749.26062,734.300354,80.078941,27.361118,2,3.686517,1.806745,-0.249475,2.762162,0.362998,2.925718,120.613663,1.988487,1.593557,1.435427,3.587249
1773773999.14528,201.976791,538.557007,739.287109,740.533813,81.159264,27.274487,2,3.930451,1.812345,-0.058508,2.905731,0.366052,2.935393,129.084564,1.988487,1.593557,1.435427,3.587249
1773773999.899563,198.784805,551.722595,754.247437,750.507385,79.549492,26.486721,2,3.930264,1.864949,-0.186835,2.964392,0.370724,3.027573,123.698624,1.988487,1.593557,1.435427,3.587249
1773774000.642627,205.168793,545.338623,743.027161,750.507385,80.750748,27.337345,2,4.068226,1.808278,-1.072529,3.022802,0.371002,2.928365,120.711975,1.988487,1.593557,1.435427,3.587249
1773774001.375717,201.976791,527.336792,733.053711,729.313599,81.849388,27.694094,2,4.238299,1.785547,0.250725,3.106901,0.360639,2.889338,122.898209,1.988487,1.593557,1.435427,3.587249
1773774002.118781,201.976791,541.050354,743.027161,743.027161,80.750748,27.182964,2,4.162189,1.8183,-1.945188,3.092619,0.367254,2.94571,116.876785,1.988487,1.593557,1.435427,3.587249
1773774002.868079,205.168793,547.831909,749.26062,753.000732,80.078941,27.246824,2,4.032532,1.814141,-1.880749,3.021417,0.372205,2.938501,124.67984,1.988487,1.593557,1.435427,3.587249
1773774003.609896,205.168793,536.611694,741.780518,741.780518,80.886459,27.658962,2,3.812861,1.787759,-1.732558,2.828306,0.366792,2.893117,105.644958,1.988487,1.593557,1.435427,3.587249
1773774004.345479,208.360794,530.926331,735.547058,739.287109,81.571938,28.184015,2,3.933391,1.755268,-0.278445,2.893194,0.365729,2.838034,118.390198,1.988487,1.593557,1.435427,3.587249
1773774005.102268,203.040817,547.466553,756.740784,750.507385,79.287384,27.053806,2,3.860325,1.826772,-1.871203,2.921266,0.370909,2.960441,112.283691,1.988487,1.593557,1.435427,3.587249
1773774005.835358,206.232788,530.560974,733.053711,736.793762,81.849388,27.99057,2,3.958102,1.767097,-0.962781,2.901501,0.364433,2.857984,123.233002,1.988487,1.593557,1.435427,3.587249
1773774006.598369,203.040817,556.193359,762.974243,759.234192,78.63961,26.742844,2,3.88452,1.847506,-1.338031,2.963789,0.375119,2.996747,128.586227,1.988487,1.593557,1.435427,3.587249
1773774007.3539,205.168793,552.818726,755.494141,757.987488,79.418221,27.06757,2,3.841579,1.825866,-1.458831,2.902291,0.374611,2.958861,115.430969,1.988487,1.593557,1.435427,3.587249
1773774008.114417,199.848801,554.398621,760.480896,754.247437,78.897446,26.496452,2,3.884171,1.86428,-1.425014,2.953837,0.372574,3.026386,117.79213,1.988487,1.593557,1.435427,3.587249
1773774008.863715,206.232788,550.507996,749.26062,756.740784,80.078941,27.252766,2,3.928521,1.813755,-1.126467,2.943486,0.374056,2.937833,115.619232,1.988487,1.593557,1.435427,3.587249
1773774009.596804,210.4888,527.551636,733.053711,738.040466,81.849388,28.519955,2,4.068552,1.735106,-1.304141,2.982467,0.36522,2.804306,137.14447,1.988487,1.593557,1.435427,3.587249
1773774010.332388,214.744797,525.789001,735.547058,740.533813,81.571938,28.99865,2,3.950009,1.707185,0.080944,2.905417,0.366609,2.758166,129.834915,1.988487,1.593557,1.435427,3.587249
1773774011.071711,209.424805,523.628906,739.287109,733.053711,81.159264,28.568823,2,3.983795,1.732213,-0.501575,2.945168,0.362768,2.799494,138.92099,1.988487,1.593557,1.435427,3.587249
1773774011.818528,212.616806,537.890564,746.767273,750.507385,80.346313,28.329742,2,3.947931,1.746463,-0.640661,2.948185,0.371327,2.823262,139.504471,1.988487,1.593557,1.435427,3.587249
1773774012.567825,207.296799,535.730347,749.26062,743.027161,80.078941,27.898952,2,3.773378,1.772756,-1.758701,2.827243,0.367487,2.867571,108.210464,1.988487,1.593557,1.435427,3.587249
1773774013.308394,212.616806,534.150452,740.533813,746.767273,81.022636,28.471628,2,3.737848,1.737977,-1.384919,2.768003,0.369523,2.809088,109.243881,1.988487,1.593557,1.435427,3.587249
1773774014.063925,211.552795,542.694641,755.494141,754.247437,79.418221,28.048197,2,3.85993,1.763556,-0.743726,2.916154,0.373085,2.852,122.901901,1.988487,1.593557,1.435427,3.587249
1773774014.818209,212.616806,542.877319,754.247437,755.494141,79.549492,28.142748,2,3.822052,1.757777,-1.739167,2.882773,0.373733,2.842257,113.303711,1.988487,1.593557,1.435427,3.587249
1773774015.56626,209.424805,534.84906,748.013916,744.273865,80.21241,28.138138,2,3.797851,1.758058,-1.694776,2.840845,0.368181,2.84273,118.918869,1.988487,1.593557,1.435427,3.587249
1773774016.328024,204.104813,551.389343,761.727539,755.494141,78.768318,27.016068,2,3.756184,1.829263,-2.197215,2.861188,0.373361,2.964783,108.075516,1.988487,1.593557,1.435427,3.587249
1773774017.088553,204.104813,556.376099,760.480896,760.480896,78.897446,26.838913,2,3.868937,1.841049,-1.777206,2.942253,0.375767,2.985401,114.915878,1.988487,1.593557,1.435427,3.587249
1773774017.84907,211.552795,557.654907,760.480896,769.207703,78.897446,27.502689,2,3.966185,1.797669,-2.749259,3.016207,0.380302,2.910096,113.816284,1.988487,1.593557,1.435427,3.587249
1773774018.605848,209.424805,544.822632,756.740784,754.247437,79.287384,27.76606,2,3.883753,1.781032,-2.161122,2.938994,0.372992,2.881639,104.028427,1.988487,1.593557,1.435427,3.587249
1773774019.363872,209.424805,548.562683,757.987488,757.987488,79.156982,27.629059,2,3.831271,1.789647,-1.861803,2.904056,0.374796,2.896345,112.332489,1.988487,1.593557,1.435427,3.587249
1773774020.121896,207.296799,548.197327,757.987488,755.494141,79.156982,27.438572,2,3.879951,1.801768,-1.778162,2.940955,0.373501,2.917143,122.277206,1.988487,1.593557,1.435427,3.587249
1773774020.863713,215.808792,535.945312,741.780518,751.754089,80.886459,28.707365,2,3.933621,1.724064,-2.809586,2.917883,0.372068,2.785979,104.535217,1.988487,1.593557,1.435427,3.587249
1773774021.632969,209.424805,552.302734,769.207703,761.727539,78.002342,27.493399,2,3.921648,1.798262,-0.625753,3.016562,0.376601,2.911114,123.455185,1.988487,1.593557,1.435427,3.587249
1773774022.388499,216.872803,547.348145,755.494141,764.220947,79.418221,28.378286,2,3.905097,1.74355,-1.312917,2.950278,0.378129,2.81839,119.451843,1.988487,1.593557,1.435427,3.587249
1773774023.141537,215.808792,535.945312,753.000732,751.754089,79.681198,28.707365,2,3.900306,1.724064,-0.414886,2.936934,0.372068,2.785979,124.41806,1.988487,1.593557,1.435427,3.587249
1773774023.917015,206.232788,557.988159,775.441101,764.220947,77.375313,26.986015,2,3.859088,1.831252,-1.41936,2.992496,0.377664,2.968253,123.698273,1.988487,1.593557,1.435427,3.587249
1773774024.668805,212.616806,546.617371,751.754089,759.234192,79.813332,28.004112,2,3.856431,1.766263,-1.409189,2.899088,0.375537,2.856575,119.183228,1.988487,1.593557,1.435427,3.587249
1773774025.420596,212.616806,539.137268,751.754089,751.754089,79.813332,28.282761,2,3.889407,1.749292,-0.921988,2.923878,0.371929,2.828001,121.366699,1.988487,1.593557,1.435427,3.587249
1773774026.168658,212.616806,535.397095,748.013916,748.013916,80.21241,28.424177,2,3.696477,1.740806,-2.03386,2.765016,0.370125,2.813806,98.181564,1.988487,1.593557,1.435427,3.587249
1773774026.916708,213.680801,535.579834,748.013916,749.26062,80.21241,28.518888,2,3.740097,1.73517,-2.018035,2.797645,0.370772,2.804411,112.494141,1.988487,1.593557,1.435427,3.587249
1773774027.667252,213.680801,536.826599,750.507385,750.507385,79.945915,28.471512,2,3.821256,1.737984,-1.370012,2.867881,0.371374,2.809099,118.258484,1.988487,1.593557,1.435427,3.587249
1773774028.407823,198.784805,524.29541,740.533813,723.0802,81.022636,27.49139,2,3.366039,1.79839,-9.556787,2.492666,0.357493,2.911335,113.198578,1.988487,1.593557,1.435427,3.587249
1773774029.167094,220.064789,564.103271,759.234192,784.16803,79.027,28.063473,2,3.941165,1.762619,0.224178,2.992267,0.38789,2.85042,130.753738,1.988487,1.593557,1.435427,3.587249
1773774029.92761,219.000793,540.233398,760.480896,759.234192,78.897446,28.844959,2,3.791474,1.716048,-1.977389,2.883344,0.375816,2.772741,117.948212,1.988487,1.593557,1.435427,3.587249
1773774030.690621,215.808792,543.425415,762.974243,759.234192,78.63961,28.424534,2,3.684903,1.740784,0.405011,2.811486,0.375677,2.81377,126.661598,1.988487,1.593557,1.435427,3.587249
1773774031.437437,220.064789,531.689331,746.767273,751.754089,80.346313,29.273506,2,3.885895,1.691565,0.207141,2.901859,0.372254,2.732644,112.768188,1.988487,1.593557,1.435427,3.587249
1773774032.202941,214.744797,544.48938,765.467651,759.234192,78.383453,28.284395,2,3.882591,1.749193,-1.412714,2.971997,0.37563,2.827836,125.657852,1.988487,1.593557,1.435427,3.587249
1773774032.964705,215.808792,547.165466,761.727539,762.974243,78.768318,28.2852,2,3.911005,1.749145,-0.948057,2.97912,0.377481,2.827754,127.665375,1.988487,1.593557,1.435427,3.587249
1773774033.707768,221.128799,528.131836,743.027161,749.26062,80.750748,29.512936,2,3.938025,1.678197,-0.914792,2.926059,0.371098,2.710963,115.860077,1.988487,1.593557,1.435427,3.587249
1773774034.478259,206.232788,546.767944,770.454346,753.000732,77.876129,27.388126,2,3.834879,1.805006,-0.996083,2.954599,0.372251,2.92272,123.058228,1.988487,1.593557,1.435427,3.587249
1773774035.236283,204.104813,551.389343,757.987488,755.494141,79.156982,27.016068,2,3.899941,1.829263,-0.593552,2.956107,0.373361,2.964783,130.571701,1.988487,1.593557,1.435427,3.587249
1773774035.99058,200.912796,549.594604,754.247437,750.507385,79.549492,26.770262,2,3.973072,1.845659,-0.336935,2.996679,0.370816,2.993497,136.840866,1.988487,1.593557,1.435427,3.587249
1773774036.731149,208.360794,540.899841,740.533813,749.26062,81.022636,27.808853,2,4.112454,1.778358,-0.784886,3.045411,0.37054,2.877088,139.697876,1.988487,1.593557,1.435427,3.587249
1773774037.476707,213.680801,538.073303,745.520569,751.754089,80.480675,28.424295,2,4.024052,1.740799,-1.213266,3.000014,0.371975,2.813794,119.992249,1.988487,1.593557,1.435427,3.587249
1773774038.234731,215.808792,544.672119,757.987488,760.480896,79.156982,28.377937,2,3.85991,1.743571,-1.679319,2.925763,0.376278,2.818425,103.356964,1.988487,1.593557,1.435427,3.587249
1773774038.997742,207.296799,545.703918,762.974243,753.000732,78.63961,27.529427,2,3.855305,1.795966,-1.422371,2.941499,0.372298,2.907171,115.208115,1.988487,1.593557,1.435427,3.587249
1773774039.757012,210.4888,552.485474,759.234192,762.974243,79.027,27.587929,2,3.817054,1.79225,-1.646052,2.898038,0.377249,2.900801,110.093384,1.988487,1.593557,1.435427,3.587249
1773774040.51753,211.552795,550.174744,760.480896,761.727539,78.897446,27.772764,2,3.829615,1.780613,-1.757452,2.912349,0.376694,2.880925,110.501038,1.988487,1.593557,1.435427,3.587249
1773774041.270579,210.4888,541.265259,753.000732,751.754089,79.681198,27.999687,2,3.835743,1.766536,-2.391376,2.888317,0.371836,2.857035,111.248642,1.988487,1.593557,1.435427,3.587249
1773774042.024863,213.680801,544.306702,754.247437,757.987488,79.549492,28.190544,2,3.888336,1.754871,-0.457184,2.932767,0.374982,2.837368,125.400009,1.988487,1.593557,1.435427,3.587249
1773774042.782887,214.744797,544.48938,757.987488,759.234192,79.156982,28.284395,2,3.941069,1.749193,-1.290446,2.987281,0.37563,2.827836,126.903595,1.988487,1.593557,1.435427,3.587249
1773774043.532184,209.424805,533.602356,749.26062,743.027161,80.078941,28.18535,2,3.819,1.755186,-1.650863,2.861427,0.36758,2.837898,121.877335,1.988487,1.593557,1.435427,3.587249
1773774044.282728,214.744797,541.995972,750.507385,756.740784,79.945915,28.37759,2,3.924762,1.743592,-0.553016,2.945563,0.374427,2.81846,126.809479,1.988487,1.593557,1.435427,3.587249
1773774045.046985,211.552795,548.928101,764.220947,760.480896,78.51133,27.818293,2,3.832739,1.77777,-1.44352,2.92906,0.376092,2.876087,122.353851,1.988487,1.593557,1.435427,3.587249
1773774045.805021,222.192795,548.261536,757.987488,770.454346,79.156982,28.83919,2,3.832319,1.716383,0.58096,2.90485,0.381368,2.773293,114.94104,1.988487,1.593557,1.435427,3.587249
1773774046.568032,220.064789,540.416138,762.974243,760.480896,78.63961,28.937584,2,3.767406,1.710695,-0.828763,2.874434,0.376464,2.76393,120.821075,1.988487,1.593557,1.435427,3.587249
1773774047.328549,220.064789,540.416138,760.480896,760.480896,78.897446,28.937584,2,3.695547,1.710695,-0.957273,2.810393,0.376464,2.76393,109.837311,1.988487,1.593557,1.435427,3.587249
1773774048.086573,225.384796,538.836182,757.987488,764.220947,79.156982,29.492098,2,3.631608,1.679351,-1.367405,2.752713,0.3785,2.71283,114.034821,1.988487,1.593557,1.435427,3.587249
1773774048.843351,226.448807,531.538696,756.740784,757.987488,79.287384,29.875008,2,3.612471,1.658387,1.448001,2.733704,0.37554,2.679117,112.724251,1.988487,1.593557,1.435427,3.587249
1773774049.605115,222.192795,534.547974,761.727539,756.740784,78.768318,29.361811,2,3.720576,1.686609,-0.160582,2.834065,0.374752,2.724589,108.171028,1.988487,1.593557,1.435427,3.587249
1773774050.369384,220.064789,541.66272,764.220947,761.727539,78.51133,28.890223,2,3.885507,1.713428,0.72647,2.969386,0.377065,2.768425,123.74485,1.988487,1.593557,1.435427,3.587249
1773774051.122421,224.320801,533.666687,753.000732,757.987488,79.681198,29.594261,2,3.818407,1.673705,-1.380293,2.875263,0.375447,2.703713,116.926697,1.988487,1.593557,1.435427,3.587249
1773774051.881692,220.064789,534.182617,759.234192,754.247437,79.027,29.176735,2,3.798862,1.697031,-1.525583,2.884226,0.373457,2.741551,112.710419,1.988487,1.593557,1.435427,3.587249
1773774052.638469,213.680801,535.579834,756.740784,749.26062,79.287384,28.518888,2,3.867187,1.73517,-0.480096,2.926458,0.370772,2.804411,116.083954,1.988487,1.593557,1.435427,3.587249
1773774053.396493,214.744797,544.48938,757.987488,759.234192,79.156982,28.284395,2,3.958449,1.749193,-1.005777,3.000455,0.37563,2.827836,126.155029,1.988487,1.593557,1.435427,3.587249
1773774054.155763,210.4888,543.758667,759.234192,754.247437,79.027,27.907127,2,3.74589,1.77225,-1.043449,2.844007,0.373039,2.866712,112.439362,1.988487,1.593557,1.435427,3.587249
1773774054.912553,213.680801,546.80011,756.740784,760.480896,79.287384,28.098116,2,3.652152,1.7605,-2.025122,2.763732,0.376185,2.846844,104.7817,1.988487,1.593557,1.435427,3.587249
1773774055.659357,212.616806,532.903748,746.767273,745.520569,80.346313,28.519239,2,3.755615,1.735149,-1.076935,2.80457,0.368922,2.804377,116.716064,1.988487,1.593557,1.435427,3.587249
1773774056.416134,212.616806,544.123962,756.740784,756.740784,79.287384,28.096384,2,3.747633,1.760606,-0.303412,2.835987,0.374334,2.847023,129.720978,1.988487,1.593557,1.435427,3.587249
1773774057.167924,210.4888,538.771851,751.754089,749.26062,79.813332,28.092867,2,3.821158,1.760821,-0.520521,2.872571,0.370633,2.847385,126.794785,1.988487,1.593557,1.435427,3.587249
1773774057.923455,215.808792,545.918762,755.494141,761.727539,79.418221,28.331493,2,3.796752,1.746358,-1.832209,2.868424,0.376879,2.823086,130.249847,1.988487,1.593557,1.435427,3.587249
1773774058.671505,208.360794,530.926331,748.013916,739.287109,80.21241,28.184015,2,3.820944,1.755268,-1.125695,2.858119,0.365729,2.838034,127.738113,1.988487,1.593557,1.435427,3.587249
1773774059.425789,216.872803,547.348145,754.247437,764.220947,79.549492,28.378286,2,3.904002,1.74355,3.295687,2.944583,0.378129,2.81839,146.008347,1.988487,1.593557,1.435427,3.587249
1773774060.162632,206.232788,518.094116,736.793762,724.326904,81.433914,28.472338,2,4.158697,1.737935,-1.010183,3.064102,0.358419,2.809017,121.983978,1.988487,1.593557,1.435427,3.587249
1773774060.921902,210.4888,553.732178,759.234192,764.220947,79.027,27.542925,2,4.093163,1.795107,-1.352388,3.107669,0.37785,2.905698,113.894501,1.988487,1.593557,1.435427,3.587249
1773774061.68616,200.912796,552.087952,764.220947,753.000732,78.51133,26.68162,2,4.166512,1.851645,-0.061189,3.184136,0.372019,3.004038,141.238373,1.988487,1.593557,1.435427,3.587249
1773774062.442937,197.720795,555.279907,756.740784,753.000732,79.287384,26.257715,2,4.101464,1.880833,-0.782499,3.103745,0.37188,3.05587,134.105072,1.988487,1.593557,1.435427,3.587249
1773774063.186001,210.4888,547.498657,743.027161,757.987488,80.750748,27.769428,2,4.27515,1.780821,-0.015989,3.176553,0.374843,2.88128,128.899796,1.988487,1.593557,1.435427,3.587249
1773774063.949012,205.168793,551.572021,762.974243,756.740784,78.63961,27.112162,2,4.26291,1.822934,-0.121111,3.252491,0.374009,2.95376,127.942947,1.988487,1.593557,1.435427,3.587249
1773774064.713281,201.976791,558.504089,764.220947,760.480896,78.51133,26.559088,2,4.164454,1.859987,0.345419,3.182563,0.375674,3.018777,138.787354,1.988487,1.593557,1.435427,3.587249
1773774065.470058,208.360794,555.860168,756.740784,764.220947,79.287384,27.264469,2,4.127714,1.812995,-0.988924,3.12361,0.377757,2.936518,125.611404,1.988487,1.593557,1.435427,3.587249
1773774066.228082,210.4888,549.992065,757.987488,760.480896,79.156982,27.678383,2,4.019699,1.786535,-0.612572,3.046882,0.376046,2.891026,126.544662,1.988487,1.593557,1.435427,3.587249
1773774066.99982,203.040817,559.933411,771.70105,762.974243,77.750313,26.611752,2,4.09323,1.856392,-0.425791,3.15875,0.376923,3.012418,130.151703,1.988487,1.593557,1.435427,3.587249
1773774067.752857,210.4888,551.23877,753.000732,761.727539,79.681198,27.633083,2,4.183581,1.789393,0.395023,3.15024,0.376647,2.89591,114.58905,1.988487,1.593557,1.435427,3.587249
1773774068.524595,203.040817,559.933411,771.70105,762.974243,77.750313,26.611752,2,4.079141,1.856392,-1.603277,3.147877,0.376923,3.012418,105.242294,1.988487,1.593557,1.435427,3.587249
1773774069.283877,205.168793,556.558716,759.234192,761.727539,79.027,26.934668,2,4.212214,1.834659,-0.965608,3.198057,0.376415,2.974208,125.297852,1.988487,1.593557,1.435427,3.587249
1773774070.044395,208.360794,555.860168,760.480896,764.220947,78.897446,27.264469,2,4.261258,1.812995,-0.573762,3.240605,0.377757,2.936518,134.435349,1.988487,1.593557,1.435427,3.587249
1773774070.783718,212.616806,531.657043,739.287109,744.273865,81.159264,28.567013,2,4.20654,1.73232,-0.551841,3.109841,0.36832,2.799672,129.330994,1.988487,1.593557,1.435427,3.587249
1773774071.534262,206.232788,536.794373,750.507385,743.027161,79.945915,27.755753,2,4.035725,1.781677,-0.349859,3.028841,0.36744,2.882738,125.898544,1.988487,1.593557,1.435427,3.587249
1773774072.288546,203.040817,547.466553,754.247437,750.507385,79.549492,27.053806,2,4.0357,1.826772,-0.291296,3.043916,0.370909,2.960441,136.190704,1.988487,1.593557,1.435427,3.587249
1773774073.037843,203.040817,546.219788,749.26062,749.26062,80.078941,27.098824,2,4.015867,1.82381,-0.390909,3.008931,0.370308,2.955284,122.363251,1.988487,1.593557,1.435427,3.587249
1773774073.789633,209.424805,549.809387,751.754089,759.234192,79.813332,27.583689,2,4.037174,1.792519,-0.831884,3.034962,0.375398,2.901261,132.399384,1.988487,1.593557,1.435427,3.587249
1773774074.531463,215.808792,533.451843,741.780518,749.26062,80.886459,28.802902,2,3.948931,1.71849,-1.170491,2.92924,0.370865,2.776768,112.621201,1.988487,1.593557,1.435427,3.587249
1773774075.300707,206.232788,551.7547,769.207703,757.987488,78.002342,27.207941,2,3.969384,1.816671,-1.103151,3.053281,0.374657,2.942885,119.671356,1.988487,1.593557,1.435427,3.587249
1773774076.053744,206.232788,546.767944,753.000732,753.000732,79.681198,27.388126,2,4.052139,1.805006,-0.01867,3.051263,0.372251,2.92272,140.554703,1.988487,1.593557,1.435427,3.587249
1773774076.810522,201.976791,549.777283,756.740784,751.754089,79.287384,26.867401,2,4.095535,1.839143,0.27874,3.099259,0.371464,2.982059,169.733856,1.988487,1.593557,1.435427,3.587249
1773774077.563558,200.912796,550.841309,753.000732,751.754089,79.681198,26.725868,2,4.17443,1.848652,0.196824,3.143349,0.371418,2.998764,163.210098,1.988487,1.593557,1.435427,3.587249
1773774078.311609,217.936798,550.02417,748.013916,767.960999,80.21241,28.37863,2,4.173962,1.74353,-0.131502,3.122182,0.379979,2.818356,131.461838,1.988487,1.593557,1.435427,3.587249
1773774079.060906,213.680801,530.593079,749.26062,744.273865,80.078941,28.709969,2,4.093102,1.723912,-1.415872,3.0668,0.368367,2.785727,137.752579,1.988487,1.593557,1.435427,3.587249
1773774079.805229,231.768814,533.698853,744.273865,765.467651,80.615486,30.278069,2,4.09208,1.636891,0.758635,3.045628,0.37938,2.644939,124.200775,1.988487,1.593557,1.435427,3.587249
1773774080.57572,222.192795,537.041382,770.454346,759.234192,77.876129,29.265383,2,3.879177,1.692023,-1.750587,2.988729,0.375955,2.733388,123.978638,1.988487,1.593557,1.435427,3.587249
1773774081.347457,211.552795,547.681396,771.70105,759.234192,77.750313,27.86397,2,3.85716,1.774927,-0.876789,2.976574,0.375491,2.871256,130.588867,1.988487,1.593557,1.435427,3.587249
1773774082.095507,225.384796,538.836182,748.013916,764.220947,80.21241,29.492098,2,3.984594,1.679351,1.203501,2.980531,0.3785,2.71283,126.799629,1.988487,1.593557,1.435427,3.587249
1773774082.865998,219.000793,543.97345,770.454346,762.974243,77.876129,28.703564,2,3.86212,1.724287,-1.064267,2.975587,0.37762,2.786348,122.479965,1.988487,1.593557,1.435427,3.587249
1773774083.617801,216.872803,532.387817,751.754089,749.26062,79.813332,28.94491,2,3.955577,1.710273,0.173508,2.973621,0.370912,2.763237,113.914726,1.988487,1.593557,1.435427,3.587249
1773774084.373332,219.000793,538.986694,755.494141,757.987488,79.418221,28.892401,2,4.013185,1.713302,1.78356,3.031938,0.375215,2.768218,126.787178,1.988487,1.593557,1.435427,3.587249
1773774085.136342,209.424805,542.329285,762.974243,751.754089,78.63961,27.858152,2,4.226049,1.775288,-0.453769,3.224366,0.371789,2.87187,136.121063,1.988487,1.593557,1.435427,3.587249
1773774085.886886,201.976791,539.803711,750.507385,741.780518,79.945915,27.228647,2,4.191912,1.815322,-1.631072,3.146061,0.366653,2.940548,134.819702,1.988487,1.593557,1.435427,3.587249
1773774086.627456,210.4888,540.018555,740.533813,750.507385,81.022636,28.0462,2,4.068602,1.763678,-0.266365,3.012938,0.371234,2.852207,124.929718,1.988487,1.593557,1.435427,3.587249
1773774087.38548,213.680801,548.046753,757.987488,761.727539,79.156982,28.05213,2,4.017763,1.763315,1.169391,3.045414,0.376786,2.851593,117.090485,1.988487,1.593557,1.435427,3.587249
1773774088.152231,215.808792,553.398926,766.714294,769.207703,78.256004,28.055984,2,4.153394,1.763078,0.592562,3.184466,0.380488,2.851194,158.168839,1.988487,1.593557,1.435427,3.587249
1773774088.91276,217.936798,545.037476,760.480896,762.974243,78.897446,28.56411,2,4.074625,1.732492,-0.320155,3.098674,0.377574,2.799957,126.723358,1.988487,1.593557,1.435427,3.587249
1773774089.683251,215.808792,552.152222,770.454346,767.960999,77.876129,28.10153,2,3.891768,1.760292,-0.494379,2.99843,0.379886,2.846493,121.30098,1.988487,1.593557,1.435427,3.587249
1773774090.441275,217.936798,542.544067,757.987488,760.480896,79.156982,28.657761,2,3.854011,1.726973,1.612605,2.921292,0.376371,2.790797,123.492638,1.988487,1.593557,1.435427,3.587249
1773774091.214259,207.296799,553.184082,772.947754,760.480896,77.624908,27.258646,2,3.810157,1.813373,-0.734656,2.945052,0.375906,2.937172,127.18515,1.988487,1.593557,1.435427,3.587249
1773774091.976024,209.424805,554.796143,761.727539,764.220947,78.768318,27.403698,2,3.91194,1.804005,0.102901,2.979833,0.377803,2.920995,129.189835,1.988487,1.593557,1.435427,3.587249
1773774092.750266,207.296799,564.404236,774.194458,771.70105,77.499908,26.86232,2,3.929821,1.839483,-1.583633,3.042446,0.381319,2.982655,127.027237,1.988487,1.593557,1.435427,3.587249
1773774093.49333,215.808792,537.191956,743.027161,753.000732,80.750748,28.659838,2,4.013019,1.726851,-1.321288,2.981782,0.37267,2.790595,122.01416,1.988487,1.593557,1.435427,3.587249
1773774094.262574,216.872803,553.581543,769.207703,770.454346,78.002342,28.148689,2,4.022132,1.757416,-1.197074,3.093855,0.381136,2.841648,119.761642,1.988487,1.593557,1.435427,3.587249
1773774095.030572,219.000793,551.453552,767.960999,770.454346,78.128967,28.424889,2,4.010459,1.740763,0.209748,3.079876,0.381229,2.813735,132.607376,1.988487,1.593557,1.435427,3.587249
1773774095.787349,222.192795,538.288086,756.740784,760.480896,79.287384,29.217407,2,4.072294,1.69473,3.796915,3.081671,0.376557,2.737797,97.910202,1.988487,1.593557,1.435427,3.587249
1773774096.557852,220.064789,547.89624,770.454346,767.960999,77.876129,28.655725,2,4.150552,1.727092,-0.218081,3.197811,0.380072,2.790995,108.913277,1.988487,1.593557,1.435427,3.587249
1773774097.312136,238.152802,537.28833,754.247437,775.441101,79.549492,30.711914,2,4.098972,1.614385,1.750625,3.091639,0.38447,2.609573,151.296341,1.988487,1.593557,1.435427,3.587249
1773774098.110054,216.872803,556.074951,797.881592,772.947754,75.199127,28.057884,2,3.705169,1.762962,-1.309869,2.956286,0.382338,2.850997,96.949821,1.988487,1.593557,1.435427,3.587249
1773774098.873065,221.128799,546.832214,762.974243,767.960999,78.63961,28.794273,2,3.994443,1.718992,1.259238,3.047657,0.380119,2.777596,131.289658,1.988487,1.593557,1.435427,3.587249
1773774099.626102,226.448807,532.7854,753.000732,759.234192,79.681198,29.825951,2,4.031441,1.661043,1.869993,3.035678,0.376141,2.683367,129.476349,1.988487,1.593557,1.435427,3.587249
1773774100.400345,215.808792,545.918762,774.194458,761.727539,77.499908,28.331493,2,3.942035,1.746358,1.019951,3.051902,0.376879,2.823086,121.166649,1.988487,1.593557,1.435427,3.587249
1773774101.173329,214.744797,556.956238,772.947754,771.70105,77.624908,27.827459,2,3.807892,1.777198,-1.25975,2.943301,0.381644,2.875115,118.878784,1.988487,1.593557,1.435427,3.587249
1773774101.933847,224.320801,547.380249,760.480896,771.70105,78.897446,29.068354,2,3.864185,1.703196,0.610848,2.938639,0.382062,2.751628,118.000984,1.988487,1.593557,1.435427,3.587249
1773774102.704337,223.256805,545.950928,770.454346,769.207703,77.876129,29.024256,2,3.845134,1.705717,-0.185219,2.962501,0.380813,2.755759,113.537537,1.988487,1.593557,1.435427,3.587249
1773774103.483555,211.552795,553.914856,779.181213,765.467651,77.003906,27.637064,2,3.783694,1.789141,-0.826156,2.948183,0.378498,2.89548,112.738892,1.988487,1.593557,1.435427,3.587249
1773774104.256551,216.872803,562.308411,772.947754,779.181213,77.624908,27.833424,2,3.916917,1.776827,-0.149567,3.027572,0.385345,2.874484,125.740128,1.988487,1.593557,1.435427,3.587249
1773774105.027042,217.936798,553.764282,770.454346,771.70105,77.876129,28.241093,2,3.9795,1.751808,-0.59458,3.066023,0.381783,2.832222,120.430771,1.988487,1.593557,1.435427,3.587249
1773774105.79504,220.064789,550.389526,767.960999,770.454346,78.128967,28.56299,2,3.965745,1.732558,-0.01419,3.045538,0.381275,2.800067,121.500839,1.988487,1.593557,1.435427,3.587249
1773774106.569271,214.744797,553.216187,774.194458,767.960999,77.499908,27.962982,2,3.752424,1.768797,-0.455642,2.905105,0.37984,2.860862,113.133301,1.988487,1.593557,1.435427,3.587249
1773774107.338527,216.872803,554.828247,769.207703,771.70105,78.002342,28.103214,2,3.803142,1.760189,-0.778901,2.925406,0.381737,2.846319,126.103943,1.988487,1.593557,1.435427,3.587249
1773774108.099044,214.744797,543.242676,760.480896,757.987488,78.897446,28.330915,2,3.853701,1.746393,-1.921322,2.930666,0.375029,2.823144,105.656723,1.988487,1.593557,1.435427,3.587249
1773774108.862055,210.4888,547.498657,762.974243,757.987488,78.63961,27.769428,2,3.924275,1.780821,-0.456707,2.994121,0.374843,2.88128,123.342621,1.988487,1.593557,1.435427,3.587249
1773774109.621326,215.808792,549.658875,759.234192,765.467651,79.027,28.193066,2,4.059559,1.754718,0.952796,3.082156,0.378684,2.83711,133.587402,1.988487,1.593557,1.435427,3.587249
1773774110.381843,212.616806,544.123962,760.480896,756.740784,78.897446,28.096384,2,3.998162,1.760606,-0.438128,3.040526,0.374334,2.847023,119.340958,1.988487,1.593557,1.435427,3.587249
1773774111.138621,217.936798,545.037476,756.740784,762.974243,79.287384,28.56411,2,4.044011,1.732492,0.371488,3.060268,0.377574,2.799957,103.930824,1.988487,1.593557,1.435427,3.587249
1773774111.907876,216.872803,551.088196,769.207703,767.960999,78.002342,28.240082,2,3.893371,1.751869,-0.390542,2.994811,0.379933,2.832325,115.069061,1.988487,1.593557,1.435427,3.587249
1773774112.663407,223.256805,539.717407,755.494141,762.974243,79.418221,29.261381,2,3.889614,1.692248,-0.008756,2.938581,0.377806,2.733755,119.453339,1.988487,1.593557,1.435427,3.587249
1773774113.432651,214.744797,544.48938,769.207703,759.234192,78.002342,28.284395,2,3.746889,1.749193,-1.133406,2.882135,0.37563,2.827836,103.035324,1.988487,1.593557,1.435427,3.587249
1773774114.203142,209.424805,554.796143,770.454346,764.220947,77.876129,27.403698,2,3.85209,1.804005,-0.753529,2.96786,0.377803,2.920995,116.665161,1.988487,1.593557,1.435427,3.587249
1773774114.958673,215.808792,547.165466,755.494141,762.974243,79.418221,28.2852,2,3.917705,1.749145,-0.242608,2.959803,0.377481,2.827754,125.862091,1.988487,1.593557,1.435427,3.587249
1773774115.722942,217.936798,548.777466,764.220947,766.714294,78.51133,28.424772,2,4.000275,1.74077,-0.595939,3.057094,0.379378,2.813746,126.487213,1.988487,1.593557,1.435427,3.587249
1773774116.48346,220.064789,542.909424,760.480896,762.974243,78.897446,28.843016,2,3.996433,1.716161,1.28729,3.039211,0.377667,2.772927,128.572372,1.988487,1.593557,1.435427,3.587249
1773774117.261431,209.424805,556.042847,777.934509,765.467651,77.127312,27.359066,2,3.84682,1.806877,-1.422958,2.992574,0.378405,2.925947,117.582794,1.988487,1.593557,1.435427,3.587249
1773774118.015715,224.320801,547.380249,754.247437,771.70105,79.549492,29.068354,2,3.884168,1.703196,-0.971079,2.929624,0.382062,2.751628,115.319473,1.988487,1.593557,1.435427,3.587249
1773774118.786206,224.320801,546.133545,770.454346,770.454346,77.876129,29.115391,2,3.689577,1.700515,-0.61136,2.842651,0.381461,2.747241,113.658478,1.988487,1.593557,1.435427,3.587249
1773774119.557955,216.872803,546.10144,771.70105,762.974243,77.750313,28.424656,2,3.723925,1.740777,0.905797,2.873757,0.377527,2.813758,128.518341,1.988487,1.593557,1.435427,3.587249
1773774120.314732,219.000793,540.233398,756.740784,759.234192,79.287384,28.844959,2,3.83545,1.716048,0.34193,2.902442,0.375816,2.772741,123.31855,1.988487,1.593557,1.435427,3.587249
1773774121.072756,216.872803,538.621338,757.987488,755.494141,79.156982,28.706085,2,3.863342,1.724139,-0.218412,2.928365,0.373919,2.786103,122.169556,1.988487,1.593557,1.435427,3.587249
1773774121.843247,216.872803,553.581543,770.454346,770.454346,77.876129,28.148689,2,3.948372,1.757416,0.181733,3.042041,0.381136,2.841648,120.687218,1.988487,1.593557,1.435427,3.587249
1773774122.600025,215.808792,539.685364,756.740784,755.494141,79.287384,28.565248,2,3.885252,1.732424,0.015404,2.940128,0.373872,2.799845,106.730972,1.988487,1.593557,1.435427,3.587249
1773774123.353074,219.000793,537.73999,753.000732,756.740784,79.681198,28.940001,2,3.901997,1.710556,0.274371,2.938206,0.374613,2.763701,115.137993,1.988487,1.593557,1.435427,3.587249
1773774124.116084,211.552795,542.694641,762.974243,754.247437,78.63961,28.048197,2,3.940715,1.763556,0.919566,3.006664,0.373085,2.852,132.781235,1.988487,1.593557,1.435427,3.587249
1773774124.884082,216.872803,557.321655,767.960999,774.194458,78.128967,28.012705,2,3.887848,1.765735,-0.299263,2.985716,0.38294,2.855681,126.672577,1.988487,1.593557,1.435427,3.587249
1773774125.645846,213.680801,544.306702,761.727539,757.987488,78.768318,28.190544,2,3.9068,1.754871,1.066362,2.975917,0.374982,2.837368,123.427971,1.988487,1.593557,1.435427,3.587249
1773774126.401377,221.128799,543.092163,755.494141,764.220947,79.418221,28.93519,2,3.96983,1.710833,1.793621,2.999183,0.378314,2.764157,136.165482,1.988487,1.593557,1.435427,3.587249
1773774127.176854,210.4888,552.485474,775.441101,762.974243,77.375313,27.587929,2,3.832318,1.79225,-0.374717,2.971737,0.377249,2.900801,121.687302,1.988487,1.593557,1.435427,3.587249
1773774127.933643,211.552795,546.434692,756.740784,757.987488,79.287384,27.9098,2,3.978878,1.772084,1.194726,3.010979,0.374889,2.866431,140.06514,1.988487,1.593557,1.435427,3.587249
1773774128.697901,212.616806,552.85083,764.220947,765.467651,78.51133,27.776066,2,3.941864,1.780406,-0.78551,3.012455,0.378544,2.880573,124.061646,1.988487,1.593557,1.435427,3.587249
1773774129.463405,215.808792,553.398926,765.467651,769.207703,78.383453,28.055984,2,3.928374,1.763078,0.016909,3.007043,0.380488,2.851194,106.497963,1.988487,1.593557,1.435427,3.587249
1773774130.221429,214.744797,541.995972,757.987488,756.740784,79.156982,28.37759,2,3.87545,1.743592,-0.332235,2.937543,0.374427,2.81846,121.272186,1.988487,1.593557,1.435427,3.587249
1773774130.984439,214.744797,548.229431,762.974243,762.974243,78.63961,28.145746,2,3.832878,1.757595,1.193771,2.924387,0.377434,2.84195,142.276047,1.988487,1.593557,1.435427,3.587249
1773774131.736242,220.064789,537.922729,751.754089,757.987488,79.813332,29.032772,2,3.889744,1.70523,2.142361,2.924131,0.375261,2.754959,119.112251,1.988487,1.593557,1.435427,3.587249
1773774132.506733,216.872803,549.841492,770.454346,766.714294,77.876129,28.286001,2,3.897053,1.749096,0.159666,3.002502,0.379331,2.827673,120.652618,1.988487,1.593557,1.435427,3.587249
1773774133.273484,212.616806,549.110718,766.714294,761.727539,78.256004,27.912449,2,3.810429,1.77192,0.622817,2.92151,0.37674,2.866153,114.312691,1.988487,1.593557,1.435427,3.587249
1773774134.032755,219.000793,547.713501,759.234192,766.714294,79.027,28.563547,2,3.801668,1.732525,-0.978019,2.886356,0.379424,2.800012,120.404602,1.988487,1.593557,1.435427,3.587249
1773774134.792025,212.616806,539.137268,759.234192,751.754089,79.027,28.282761,2,3.711622,1.749292,0.105471,2.817991,0.371929,2.828001,101.26078,1.988487,1.593557,1.435427,3.587249
1773774135.552542,214.744797,548.229431,760.480896,762.974243,78.897446,28.145746,2,3.814727,1.757595,-0.432804,2.901027,0.377434,2.84195,128.117416,1.988487,1.593557,1.435427,3.587249
1773774136.305592,217.936798,538.803955,753.000732,756.740784,79.681198,28.7994,2,3.932893,1.718694,0.554487,2.961471,0.374567,2.777104,147.127426,1.988487,1.593557,1.435427,3.587249
1773774137.061123,217.936798,537.557373,755.494141,755.494141,79.418221,28.84692,2,4.026491,1.715935,0.753384,3.04199,0.373965,2.772553,140.339737,1.988487,1.593557,1.435427,3.587249
1773774137.824134,215.808792,544.672119,762.974243,760.480896,78.63961,28.377937,2,3.812301,1.743571,-1.66577,2.908688,0.376278,2.818425,121.86615,1.988487,1.593557,1.435427,3.587249
1773774138.600857,222.192795,561.97522,776.687805,784.16803,77.251114,28.334845,2,3.648836,1.746156,0.374131,2.834006,0.387983,2.822749,115.94252,1.988487,1.593557,1.435427,3.587249
1773774139.373841,232.832794,552.581909,772.947754,785.414673,77.624908,29.644569,2,3.686698,1.670938,1.207063,2.849625,0.389049,2.699257,140.154175,1.988487,1.593557,1.435427,3.587249
1773774140.130631,248.792801,526.648315,756.740784,775.441101,79.287384,32.084038,2,3.570728,1.54721,2.298667,2.702116,0.384935,2.506577,173.072311,1.988487,1.593557,1.435427,3.587249
1773774140.907356,244.536804,527.164246,776.687805,771.70105,77.251114,31.688023,2,3.244177,1.566001,-0.249254,2.519713,0.382945,2.535001,103.220345,1.988487,1.593557,1.435427,3.587249
1773774141.65416,234.960815,500.586243,746.767273,735.547058,80.346313,31.943682,2,3.271162,1.553817,-1.438527,2.442797,0.365086,2.516537,105.703506,1.988487,1.593557,1.435427,3.587249
1773774142.409689,220.064789,517.975708,755.494141,738.040466,79.418221,29.817442,2,3.440277,1.661504,-1.910123,2.599109,0.365639,2.684107,104.702072,1.988487,1.593557,1.435427,3.587249
1773774143.170207,234.960815,542.973694,760.480896,777.934509,78.897446,30.203161,2,3.410931,1.640843,-1.276457,2.593947,0.385534,2.651192,108.236389,1.988487,1.593557,1.435427,3.587249
1773774143.939464,232.832794,533.88147,769.207703,766.714294,78.002342,30.367607,2,3.591298,1.632194,0.943102,2.762454,0.380028,2.637522,118.921837,1.988487,1.593557,1.435427,3.587249
1773774144.728655,224.320801,554.860413,789.154724,779.181213,76.030716,28.789297,2,3.522635,1.719282,-0.849581,2.779904,0.385671,2.778075,106.877182,1.988487,1.593557,1.435427,3.587249
1773774145.501638,213.680801,546.80011,772.947754,760.480896,77.624908,28.098116,2,3.646942,1.7605,-1.064708,2.818895,0.376185,2.846844,118.300446,1.988487,1.593557,1.435427,3.587249
1773774146.277116,214.744797,561.942993,775.441101,776.687805,77.375313,27.648792,2,3.713866,1.788401,-0.361646,2.879884,0.38405,2.894214,128.750427,1.988487,1.593557,1.435427,3.587249
1773774147.037633,226.448807,547.745667,760.480896,774.194458,78.897446,29.249603,2,3.806805,1.692912,1.446459,2.895003,0.383358,2.734836,127.74955,1.988487,1.593557,1.435427,3.587249
1773774147.819357,215.808792,553.398926,781.674561,769.207703,76.758286,28.055984,2,3.659306,1.763078,-0.414409,2.860387,0.380488,2.851194,129.345016,1.988487,1.593557,1.435427,3.587249
1773774148.588601,217.936798,553.764282,769.207703,771.70105,78.002342,28.241093,2,3.626218,1.751808,-0.933701,2.789315,0.381783,2.832222,122.182556,1.988487,1.593557,1.435427,3.587249
1773774149.349118,222.192795,543.274841,760.480896,765.467651,78.897446,29.027065,2,3.728668,1.705556,0.472534,2.835581,0.378962,2.755495,125.654778,1.988487,1.593557,1.435427,3.587249
1773774150.104649,224.320801,533.666687,755.494141,757.987488,79.418221,29.594261,2,3.825344,1.673705,0.589772,2.890025,0.375447,2.703713,132.321396,1.988487,1.593557,1.435427,3.587249
1773774150.880126,217.936798,550.02417,775.441101,767.960999,77.375313,28.37863,2,3.737227,1.74353,-0.561241,2.898,0.379979,2.818356,128.650299,1.988487,1.593557,1.435427,3.587249
1773774151.645643,223.256805,548.444214,765.467651,771.70105,78.383453,28.930479,2,3.842008,1.711105,0.293794,2.940933,0.382016,2.764603,111.092163,1.988487,1.593557,1.435427,3.587249
1773774152.419874,217.936798,550.02417,774.194458,767.960999,77.499908,28.37863,2,3.831383,1.74353,0.233982,2.966236,0.379979,2.818356,121.107353,1.988487,1.593557,1.435427,3.587249
1773774153.195351,219.000793,557.687012,775.441101,776.687805,77.375313,28.19676,2,3.763817,1.754494,0.033836,2.918619,0.384236,2.836734,141.253159,1.988487,1.593557,1.435427,3.587249
1773774153.952128,224.320801,538.653442,756.740784,762.974243,79.287384,29.400835,2,3.785439,1.684429,1.13965,2.864596,0.377852,2.721051,135.527664,1.988487,1.593557,1.435427,3.587249
1773774154.733852,223.256805,557.171021,781.674561,780.427856,76.758286,28.606976,2,3.725245,1.729961,0.853806,2.911929,0.386226,2.795753,119.743233,1.988487,1.593557,1.435427,3.587249
1773774155.442008,225.384796,485.228424,708.119873,710.61322,84.731415,31.716942,2,4.057337,1.564613,-0.307231,2.873081,0.35264,2.532891,136.117767,1.988487,1.593557,1.435427,3.587249
1773774156.214993,216.872803,546.10144,772.947754,762.974243,77.624908,28.424656,2,3.687492,1.740777,-0.830048,2.850239,0.377527,2.813758,129.987183,1.988487,1.593557,1.435427,3.587249
1773774156.984236,217.936798,552.517578,769.207703,770.454346,78.002342,28.286791,2,3.692472,1.749049,-0.470806,2.840278,0.381182,2.827594,119.042725,1.988487,1.593557,1.435427,3.587249
1773774157.741013,228.576797,540.63092,756.740784,769.207703,79.287384,29.715876,2,3.921223,1.667034,1.851304,2.96735,0.381045,2.692977,130.936432,1.988487,1.593557,1.435427,3.587249
1773774158.523971,224.320801,553.613708,782.921326,777.934509,76.636055,28.835434,2,3.919356,1.716601,0.862361,3.068547,0.385069,2.773652,158.958694,1.988487,1.593557,1.435427,3.587249
1773774159.289488,220.064789,540.416138,765.467651,760.480896,78.383453,28.937584,2,3.817091,1.710695,0.710351,2.92186,0.376464,2.76393,139.579773,1.988487,1.593557,1.435427,3.587249
1773774160.038785,217.936798,528.830444,749.26062,746.767273,80.078941,29.184032,2,3.733356,1.696618,0.400972,2.797257,0.369755,2.740876,133.814682,1.988487,1.593557,1.435427,3.587249
1773774160.774368,220.064789,517.975708,735.547058,738.040466,81.571938,29.817442,2,3.864286,1.661504,1.527751,2.842365,0.365639,2.684107,143.411377,1.988487,1.593557,1.435427,3.587249
1773774161.547352,215.808792,552.152222,772.947754,767.960999,77.624908,28.10153,2,3.862461,1.760292,0.598878,2.98548,0.379886,2.846493,150.347626,1.988487,1.593557,1.435427,3.587249
1773774162.284183,228.576797,523.177307,736.793762,751.754089,81.433914,30.405792,2,3.906793,1.630199,0.84503,2.878501,0.372626,2.634377,133.454361,1.988487,1.593557,1.435427,3.587249
1773774163.05218,217.936798,537.557373,767.960999,755.494141,78.128967,28.84692,2,3.89572,1.715935,0.882996,2.991761,0.373965,2.772553,159.009933,1.988487,1.593557,1.435427,3.587249
1773774163.806464,220.064789,536.676025,754.247437,756.740784,79.549492,29.080603,2,3.880044,1.702497,2.112657,2.926513,0.37466,2.750484,164.218109,1.988487,1.593557,1.435427,3.587249
1773774164.55328,223.256805,527.25061,746.767273,750.507385,80.346313,29.74745,2,3.79102,1.665311,0.896508,2.83101,0.371792,2.69021,119.487762,1.988487,1.593557,1.435427,3.587249
1773774165.330004,216.872803,552.3349,776.687805,769.207703,77.251114,28.194311,2,3.771962,1.754642,1.70326,2.929637,0.380534,2.836983,156.913589,1.988487,1.593557,1.435427,3.587249
1773774166.095508,222.192795,549.50824,765.467651,771.70105,78.383453,28.792599,2,3.871769,1.71909,0.769687,2.963714,0.381969,2.777757,141.132874,1.988487,1.593557,1.435427,3.587249
1773774166.874726,212.616806,555.344177,779.181213,767.960999,77.003906,27.685886,2,3.8676,1.786063,0.375527,3.013561,0.379747,2.890219,156.906174,1.988487,1.593557,1.435427,3.587249
1773774167.640242,220.064789,554.129639,765.467651,774.194458,78.383453,28.425003,2,3.961341,1.740757,1.065187,3.032278,0.383079,2.813724,143.699936,1.988487,1.593557,1.435427,3.587249
1773774168.404499,224.320801,544.886902,764.220947,769.207703,78.51133,29.16258,2,3.995034,1.697834,2.691028,3.053089,0.380859,2.742861,148.289398,1.988487,1.593557,1.435427,3.587249
1773774169.181224,215.808792,550.905518,776.687805,766.714294,77.251114,28.147224,2,3.934245,1.757505,2.284898,3.05568,0.379285,2.841798,140.799194,1.988487,1.593557,1.435427,3.587249
1773774169.956702,213.680801,559.266968,775.441101,772.947754,77.375313,27.64492,2,3.912831,1.788645,1.185399,3.03417,0.382199,2.894632,153.843094,1.988487,1.593557,1.435427,3.587249
1773774170.717219,221.128799,548.078918,760.480896,769.207703,78.897446,28.747606,2,3.957168,1.721712,2.730389,3.009351,0.38072,2.782089,153.736832,1.988487,1.593557,1.435427,3.587249
1773774171.490215,214.744797,550.722839,772.947754,765.467651,77.624908,28.054064,2,3.973414,1.763196,1.214149,3.071241,0.378637,2.851393,137.459091,1.988487,1.593557,1.435427,3.587249
1773774172.258213,216.872803,553.581543,767.960999,770.454346,78.128967,28.148689,2,4.01594,1.757416,1.894887,3.084085,0.381136,2.841648,143.786087,1.988487,1.593557,1.435427,3.587249
1773774173.017483,220.064789,542.909424,759.234192,762.974243,79.027,28.843016,2,3.974682,1.716161,-0.455605,3.017715,0.377667,2.772927,121.567551,1.988487,1.593557,1.435427,3.587249
1773774173.801688,210.4888,562.458984,784.16803,772.947754,76.514214,27.231956,2,3.842954,1.815107,-0.522982,3.013522,0.38206,2.940175,128.475494,1.988487,1.593557,1.435427,3.587249
1773774174.564699,223.256805,554.677734,762.974243,777.934509,78.63961,28.698662,2,3.910023,1.724574,3.839103,2.983247,0.385023,2.786823,133.697144,1.988487,1.593557,1.435427,3.587249
1773774175.335201,225.384796,547.562988,770.454346,772.947754,77.876129,29.159126,2,3.959893,1.69803,2.096355,3.050917,0.38271,2.743181,145.613968,1.988487,1.593557,1.435427,3.587249
1773774176.103199,214.744797,540.749329,767.960999,755.494141,78.128967,28.424416,2,3.929997,1.740792,1.739977,3.018085,0.373826,2.813782,167.331161,1.988487,1.593557,1.435427,3.587249
1773774176.864963,224.320801,548.626953,761.727539,772.947754,78.768318,29.021469,2,3.974367,1.705877,1.962594,3.027385,0.382664,2.75602,141.557358,1.988487,1.593557,1.435427,3.587249
1773774177.642934,215.808792,552.152222,777.934509,767.960999,77.127312,28.10153,2,3.851905,1.760292,1.433571,2.99653,0.379886,2.846493,154.558502,1.988487,1.593557,1.435427,3.587249
1773774178.425904,210.4888,566.198975,782.921326,776.687805,76.636055,27.100826,2,3.763935,1.823678,-0.436402,2.946865,0.383864,2.955055,124.005005,1.988487,1.593557,1.435427,3.587249
1773774179.188914,217.936798,553.764282,762.974243,771.70105,78.63961,28.241093,2,3.826925,1.751808,-0.349566,2.919845,0.381783,2.832222,127.228821,1.988487,1.593557,1.435427,3.587249
1773774179.961899,210.4888,553.732178,772.947754,764.220947,77.624908,27.542925,2,3.90452,1.795107,-0.523495,3.01799,0.37785,2.905698,120.794098,1.988487,1.593557,1.435427,3.587249
1773774180.722416,215.808792,550.905518,760.480896,766.714294,78.897446,28.147224,2,4.082295,1.757505,2.736447,3.104507,0.379285,2.841798,154.976425,1.988487,1.593557,1.435427,3.587249
1773774181.502881,213.680801,564.253723,780.427856,777.934509,76.880905,27.46771,2,3.949068,1.799903,0.508296,3.081963,0.384605,2.913935,149.869995,1.988487,1.593557,1.435427,3.587249
1773774182.26341,217.936798,547.530884,760.480896,765.467651,78.897446,28.471066,2,4.017572,1.738011,2.198759,3.055287,0.378776,2.809144,142.279678,1.988487,1.593557,1.435427,3.587249
1773774183.038887,214.744797,556.956238,775.441101,771.70105,77.375313,27.827459,2,4.054576,1.777198,1.859308,3.144085,0.381644,2.875115,153.809464,1.988487,1.593557,1.435427,3.587249
1773774183.806885,220.064789,554.129639,767.960999,774.194458,78.128967,28.425003,2,4.032335,1.740757,1.173393,3.096676,0.383079,2.813724,134.388916,1.988487,1.593557,1.435427,3.587249
1773774184.584856,221.128799,558.052429,777.934509,779.181213,77.127312,28.379637,2,4.061558,1.743469,1.161496,3.159626,0.385531,2.818255,135.418625,1.988487,1.593557,1.435427,3.587249
1773774185.35162,215.808792,544.672119,766.714294,760.480896,78.256004,28.377937,2,4.097341,1.743571,1.081783,3.14149,0.376278,2.818425,122.390205,1.988487,1.593557,1.435427,3.587249
1773774186.132083,206.232788,562.974915,780.427856,769.207703,76.880905,26.811066,2,4.039877,1.842916,-0.704695,3.152833,0.38007,2.988678,134.823181,1.988487,1.593557,1.435427,3.587249
1773774186.908807,203.040817,569.906921,776.687805,772.947754,77.251114,26.268375,2,4.006221,1.880088,-0.599977,3.111583,0.381735,3.054537,140.139542,1.988487,1.593557,1.435427,3.587249
1773774187.665585,215.808792,555.892273,756.740784,771.70105,79.287384,27.965338,2,4.058506,1.768651,1.006917,3.071237,0.381691,2.860615,134.177277,1.988487,1.593557,1.435427,3.587249
1773774188.443556,214.744797,561.942993,777.934509,776.687805,77.127312,27.648792,2,3.928554,1.788401,0.166348,3.056158,0.38405,2.894214,146.310226,1.988487,1.593557,1.435427,3.587249
1773774189.207826,217.936798,550.02417,764.220947,767.960999,78.51133,28.37863,2,3.95186,1.74353,-0.060014,3.020094,0.379979,2.818356,136.593369,1.988487,1.593557,1.435427,3.587249
1773774189.984549,216.872803,558.568298,776.687805,775.441101,77.251114,27.96767,2,4.071827,1.768508,1.121034,3.162539,0.383541,2.860372,173.064377,1.988487,1.593557,1.435427,3.587249
1773774190.75878,219.000793,557.687012,774.194458,776.687805,77.499908,28.19676,2,4.163643,1.754494,3.189097,3.22347,0.384236,2.836734,165.187836,1.988487,1.593557,1.435427,3.587249
1773774191.510571,215.808792,532.205139,751.754089,748.013916,79.813332,28.850906,2,4.283683,1.715704,2.474653,3.220276,0.370264,2.772173,183.556747,1.988487,1.593557,1.435427,3.587249
1773774192.277322,225.384796,552.549683,766.714294,777.934509,78.256004,28.972206,2,4.115719,1.708703,2.572871,3.155581,0.385116,2.760658,136.595169,1.988487,1.593557,1.435427,3.587249
1773774193.062786,205.168793,556.558716,785.414673,761.727539,76.392769,26.934668,2,3.91225,1.834659,-0.298639,3.072738,0.376415,2.974208,124.35553,1.988487,1.593557,1.435427,3.587249
1773774193.819562,214.744797,553.216187,756.740784,767.960999,79.287384,27.962982,2,4.00675,1.768797,1.220685,3.032071,0.37984,2.860862,160.843491,1.988487,1.593557,1.435427,3.587249
1773774194.596287,207.296799,560.664185,776.687805,767.960999,77.251114,26.993141,2,3.897769,1.83078,-1.976177,3.02735,0.379515,2.96743,108.452782,1.988487,1.593557,1.435427,3.587249
1773774195.369271,215.808792,567.112549,772.947754,782.921326,77.624908,27.564556,2,3.942921,1.793733,-0.370935,3.047672,0.387103,2.903341,130.440903,1.988487,1.593557,1.435427,3.587249
1773774196.146008,219.000793,561.427063,776.687805,780.427856,77.251114,28.061632,2,3.828175,1.762732,0.87099,2.973297,0.38604,2.85061,120.454369,1.988487,1.593557,1.435427,3.587249
1773774196.905279,221.128799,540.598755,759.234192,761.727539,79.027,29.029909,2,3.95722,1.705393,1.124485,3.004457,0.377112,2.755228,125.315315,1.988487,1.593557,1.435427,3.587249
1773774197.678262,223.256805,552.184326,772.947754,775.441101,77.624908,28.790941,2,4.038666,1.719186,2.165824,3.121678,0.38382,2.777916,121.783775,1.988487,1.593557,1.435427,3.587249
1773774198.440026,237.088791,540.845703,761.727539,777.934509,78.768318,30.476704,2,3.984149,1.626507,3.234663,3.034836,0.385627,2.628568,168.981201,1.988487,1.593557,1.435427,3.587249
1773774199.206777,217.936798,526.337036,766.714294,744.273865,78.256004,29.281801,2,4.108989,1.691099,0.814225,3.150421,0.368553,2.731884,140.528366,1.988487,1.593557,1.435427,3.587249
1773774199.994734,210.4888,568.692383,787.908081,779.181213,76.151016,27.014101,2,4.10922,1.829393,0.095007,3.237687,0.385067,2.96501,155.242691,1.988487,1.593557,1.435427,3.587249
1773774200.766471,208.360794,560.846924,771.70105,769.207703,77.750313,27.087715,2,3.96087,1.82454,-0.556137,3.056608,0.380163,2.956554,121.262146,1.988487,1.593557,1.435427,3.587249
1773774201.545689,205.168793,570.272339,779.181213,775.441101,77.003906,26.458336,2,3.974211,1.866903,-0.427333,3.09663,0.38303,3.031042,126.472412,1.988487,1.593557,1.435427,3.587249
1773774202.322413,212.616806,572.797852,776.687805,785.414673,77.251114,27.070644,2,4.159685,1.825663,0.177878,3.230776,0.388167,2.958509,127.834892,1.988487,1.593557,1.435427,3.587249
1773774203.08793,213.680801,553.033508,765.467651,766.714294,78.383453,27.869678,2,4.213052,1.774572,1.453252,3.224955,0.379192,2.870654,130.892899,1.988487,1.593557,1.435427,3.587249
1773774203.852187,214.744797,550.722839,764.220947,765.467651,78.51133,28.054064,2,4.290767,1.763196,3.468369,3.279094,0.378637,2.851393,171.742783,1.988487,1.593557,1.435427,3.587249
1773774204.626418,212.616806,559.084229,774.194458,771.70105,77.499908,27.551708,2,4.179176,1.794549,1.670655,3.235495,0.381551,2.904741,154.835831,1.988487,1.593557,1.435427,3.587249
1773774205.391922,212.616806,552.85083,765.467651,765.467651,78.383453,27.776066,2,4.169104,1.780406,0.9344,3.191314,0.378544,2.880573,150.35527,1.988487,1.593557,1.435427,3.587249
1773774206.164906,210.4888,559.965576,772.947754,770.454346,77.624908,27.320087,2,4.001139,1.809393,-0.681747,3.092672,0.380857,2.93029,126.631287,1.988487,1.593557,1.435427,3.587249
1773774206.93541,215.808792,560.879028,770.454346,776.687805,77.876129,27.785784,2,4.012369,1.779799,-0.367117,3.091347,0.384096,2.879539,127.669403,1.988487,1.593557,1.435427,3.587249
1773774207.703407,217.936798,552.517578,767.960999,770.454346,78.128967,28.286791,2,4.039315,1.749049,-1.750403,3.102037,0.381182,2.827594,121.413879,1.988487,1.593557,1.435427,3.587249
1773774208.466417,220.064789,545.402832,762.974243,765.467651,78.63961,28.749063,2,3.965385,1.721627,1.977538,3.025486,0.378869,2.781948,126.239532,1.988487,1.593557,1.435427,3.587249
1773774209.233168,222.192795,547.014893,766.714294,769.207703,78.256004,28.885931,2,4.017801,1.713676,0.733373,3.080506,0.380767,2.768834,108.450676,1.988487,1.593557,1.435427,3.587249
1773774210.002412,221.128799,546.832214,769.207703,767.960999,78.002342,28.794273,2,4.097825,1.718992,2.975036,3.152078,0.380119,2.777596,131.758499,1.988487,1.593557,1.435427,3.587249
1773774210.757955,228.576797,535.644165,755.494141,764.220947,79.418221,29.909781,2,4.163106,1.656509,2.024903,3.145203,0.37864,2.676116,144.025909,1.988487,1.593557,1.435427,3.587249
1773774211.558367,220.064789,570.33667,800.374939,790.401428,74.964867,27.842155,2,3.87238,1.776284,0.079953,3.099356,0.390897,2.87356,113.501724,1.988487,1.593557,1.435427,3.587249
1773774212.332597,221.128799,554.312317,774.194458,775.441101,77.499908,28.51652,2,3.869183,1.73531,1.194726,2.9955,0.383727,2.804645,113.259338,1.988487,1.593557,1.435427,3.587249
1773774213.104335,219.000793,550.206909,771.70105,769.207703,77.750313,28.470957,2,3.735605,1.738017,-0.310755,2.88277,0.380627,2.809155,106.242386,1.988487,1.593557,1.435427,3.587249
1773774213.857385,234.960815,536.740234,753.000732,771.70105,79.681198,30.447128,2,3.950709,1.628045,2.551722,2.974887,0.382527,2.630986,123.280632,1.988487,1.593557,1.435427,3.587249
1773774214.656549,220.064789,561.609741,799.128235,781.674561,75.081818,28.152994,2,3.856725,1.757154,1.964833,3.082018,0.386688,2.841207,121.75811,1.988487,1.593557,1.435427,3.587249
1773774215.425793,216.872803,548.594849,769.207703,765.467651,78.002342,28.332066,2,3.899108,1.746323,0.331576,2.999224,0.37873,2.823029,114.608376,1.988487,1.593557,1.435427,3.587249
1773774216.19753,217.936798,555.010986,771.70105,772.947754,77.750313,28.195541,2,3.946415,1.754568,1.343247,3.045453,0.382385,2.836858,135.4207,1.988487,1.593557,1.435427,3.587249
1773774216.964294,216.872803,548.594849,766.714294,765.467651,78.256004,28.332066,2,3.807225,1.746323,0.044704,2.919054,0.37873,2.823029,125.050446,1.988487,1.593557,1.435427,3.587249
1773774217.739772,208.360794,557.106873,775.441101,765.467651,77.375313,27.220064,2,3.843475,1.815881,-0.948424,2.980388,0.378358,2.941516,129.093872,1.988487,1.593557,1.435427,3.587249
1773774218.497796,221.128799,551.81897,757.987488,772.947754,79.156982,28.608503,2,3.930983,1.729871,1.795677,2.979635,0.382524,2.795604,144.723038,1.988487,1.593557,1.435427,3.587249
1773774219.273272,208.360794,552.120117,775.441101,760.480896,77.375313,27.398556,2,3.836528,1.804336,-0.321147,2.975002,0.375953,2.921565,127.758179,1.988487,1.593557,1.435427,3.587249
1773774220.035036,214.744797,554.462891,761.727539,769.207703,78.768318,27.91766,2,3.921388,1.771598,0.058767,2.987029,0.380441,2.865606,130.082657,1.988487,1.593557,1.435427,3.587249
1773774220.79432,213.680801,544.306702,759.234192,757.987488,79.027,28.190544,2,3.840463,1.754871,0.552541,2.915811,0.374982,2.837368,117.877228,1.988487,1.593557,1.435427,3.587249
1773774221.552344,215.808792,544.672119,757.987488,760.480896,79.156982,28.377937,2,3.9719,1.743571,1.129589,3.01065,0.376278,2.818425,136.969284,1.988487,1.593557,1.435427,3.587249
1773774222.325328,214.744797,556.956238,772.947754,771.70105,77.624908,27.827459,2,4.051517,1.777198,1.452407,3.131611,0.381644,2.875115,158.60611,1.988487,1.593557,1.435427,3.587249
1773774223.088338,215.808792,548.41217,762.974243,764.220947,78.63961,28.239056,2,4.003036,1.751932,1.252923,3.054213,0.378082,2.832429,127.272285,1.988487,1.593557,1.435427,3.587249
1773774223.851349,216.872803,547.348145,762.974243,764.220947,78.63961,28.378286,2,3.903046,1.74355,1.186391,2.977923,0.378129,2.81839,129.677841,1.988487,1.593557,1.435427,3.587249
1773774224.619359,219.000793,551.453552,767.960999,770.454346,78.128967,28.424889,2,3.933506,1.740763,1.514496,3.020779,0.381229,2.813735,132.603439,1.988487,1.593557,1.435427,3.587249
1773774225.391097,215.808792,552.152222,771.70105,767.960999,77.750313,28.10153,2,3.850329,1.760292,-0.020139,2.971303,0.379886,2.846493,124.097397,1.988487,1.593557,1.435427,3.587249
1773774226.155354,220.064789,549.142944,764.220947,769.207703,78.51133,28.609282,2,3.819539,1.729825,0.242794,2.918972,0.380674,2.795528,126.909813,1.988487,1.593557,1.435427,3.587249
1773774226.927091,215.808792,550.905518,771.70105,766.714294,77.750313,28.147224,2,3.835444,1.757505,-0.207837,2.959816,0.379285,2.841798,121.896545,1.988487,1.593557,1.435427,3.587249
1773774227.698829,211.552795,555.161499,771.70105,766.714294,77.750313,27.592129,2,3.778643,1.791984,-0.976109,2.915983,0.379099,2.900345,115.638,1.988487,1.593557,1.435427,3.587249
1773774228.463099,215.808792,553.398926,764.220947,769.207703,78.51133,28.055984,2,3.807116,1.763078,0.287809,2.909477,0.380488,2.851194,117.501228,1.988487,1.593557,1.435427,3.587249
1773774229.232343,215.808792,553.398926,769.207703,769.207703,78.002342,28.055984,2,3.859393,1.763078,-0.034458,2.968675,0.380488,2.851194,130.264236,1.988487,1.593557,1.435427,3.587249
1773774229.994107,216.872803,546.10144,761.727539,762.974243,78.768318,28.424656,2,3.794747,1.740777,-0.63585,2.890563,0.377527,2.813758,123.716599,1.988487,1.593557,1.435427,3.587249
1773774230.75213,220.064789,541.66272,757.987488,761.727539,79.156982,28.890223,2,3.890456,1.713428,0.90073,2.948917,0.377065,2.768425,116.438347,1.988487,1.593557,1.435427,3.587249
1773774231.525114,214.744797,551.969482,772.947754,766.714294,77.624908,28.008451,2,3.870664,1.765996,-0.735097,2.991821,0.379239,2.856123,122.551102,1.988487,1.593557,1.435427,3.587249
1773774232.285644,215.808792,545.918762,760.480896,761.727539,78.897446,28.331493,2,3.892505,1.746358,0.678444,2.960176,0.376879,2.823086,130.13295,1.988487,1.593557,1.435427,3.587249
1773774233.051149,213.680801,549.293457,765.467651,762.974243,78.383453,28.006294,2,3.872669,1.766129,-0.304036,2.964402,0.377388,2.856348,117.837234,1.988487,1.593557,1.435427,3.587249
1773774233.821639,214.744797,556.956238,770.454346,771.70105,77.876129,27.827459,2,3.819582,1.777198,1.253473,2.942814,0.381644,2.875115,113.301933,1.988487,1.593557,1.435427,3.587249
1773774234.58839,211.552795,551.421448,766.714294,762.974243,78.256004,27.727383,2,3.904859,1.783455,-1.279761,2.993911,0.377295,2.885769,102.976494,1.988487,1.593557,1.435427,3.587249
1773774235.353894,207.296799,553.184082,765.467651,760.480896,78.383453,27.258646,2,3.974975,1.813373,-0.944018,3.042715,0.375906,2.937172,115.490906,1.988487,1.593557,1.435427,3.587249
1773774236.123151,208.360794,562.093567,769.207703,770.454346,78.002342,27.043884,2,4.004467,1.827426,0.600457,3.080267,0.380764,2.961581,126.76577,1.988487,1.593557,1.435427,3.587249
1773774236.887408,206.232788,555.494751,764.220947,761.727539,78.51133,27.074352,2,4.004117,1.825419,-0.915269,3.06003,0.376461,2.958084,112.870911,1.988487,1.593557,1.435427,3.587249
1773774237.654158,210.4888,561.21228,766.714294,771.70105,78.256004,27.275949,2,3.934236,1.81225,-0.639816,3.016435,0.381458,2.935229,105.911079,1.988487,1.593557,1.435427,3.587249
1773774238.424649,205.168793,559.052124,770.454346,764.220947,77.876129,26.84679,2,4.004807,1.840522,-0.961496,3.085521,0.377618,2.984476,108.430725,1.988487,1.593557,1.435427,3.587249
1773774239.1914,212.616806,562.82428,766.714294,775.441101,78.256004,27.418821,2,4.023402,1.803034,-0.308075,3.0848,0.383355,2.919323,123.169098,1.988487,1.593557,1.435427,3.587249
1773774239.96315,211.552795,558.90155,771.70105,770.454346,77.750313,27.458187,2,4.053564,1.800512,-0.1445,3.12814,0.380903,2.914982,122.593521,1.988487,1.593557,1.435427,3.587249
1773774240.734888,208.360794,559.60022,771.70105,767.960999,77.750313,27.131689,2,4.042171,1.821654,-0.005158,3.119347,0.379561,2.951534,125.833282,1.988487,1.593557,1.435427,3.587249
1773774241.499144,210.4888,556.225464,764.220947,766.714294,78.51133,27.453354,2,3.992017,1.800821,0.055242,3.050783,0.379053,2.915514,116.861954,1.988487,1.593557,1.435427,3.587249
1773774242.263402,212.616806,554.097473,764.220947,766.714294,78.51133,27.730904,2,3.993743,1.783234,-0.605779,3.052102,0.379146,2.885393,119.23645,1.988487,1.593557,1.435427,3.587249
1773774243.03888,210.4888,562.458984,775.441101,772.947754,77.375313,27.231956,2,3.915187,1.815107,-0.670842,3.035997,0.38206,2.940175,122.374084,1.988487,1.593557,1.435427,3.587249
1773774243.801903,213.680801,553.033508,762.974243,766.714294,78.63961,27.869678,2,3.931054,1.774572,0.049331,2.999293,0.379192,2.870654,125.894646,1.988487,1.593557,1.435427,3.587249
1773774244.588601,205.168793,571.519043,786.661377,776.687805,76.271698,26.415863,2,3.937521,1.869835,-0.789182,3.097496,0.383632,3.036253,132.22641,1.988487,1.593557,1.435427,3.587249
1773774245.367818,215.808792,575.839355,779.181213,791.648132,77.003906,27.260696,2,3.919359,1.81324,-1.87851,3.053891,0.391313,2.936941,104.899612,1.988487,1.593557,1.435427,3.587249
1773774246.127088,228.576797,545.617676,759.234192,774.194458,79.027,29.524469,2,3.85572,1.677558,1.086777,2.927395,0.383451,2.709932,140.710938,1.988487,1.593557,1.435427,3.587249
1773774246.926266,232.832794,571.282227,799.128235,804.11499,75.081818,28.955162,2,3.437845,1.709683,-0.992779,2.747279,0.39807,2.762267,101.217285,1.988487,1.593557,1.435427,3.587249
1773774247.70299,245.600784,546.047363,776.687805,791.648132,77.251114,31.023983,2,3.424777,1.598585,1.122943,2.659982,0.392614,2.585003,107.547539,1.988487,1.593557,1.435427,3.587249
1773774248.507142,251.984802,559.610352,804.11499,811.595154,74.616196,31.048092,2,3.223202,1.597378,1.289126,2.591825,0.402515,2.583134,123.791016,1.988487,1.593557,1.435427,3.587249
1773774249.293851,267.944794,537.41687,786.661377,805.361694,76.271698,33.270119,2,2.955085,1.493609,0.790322,2.324651,0.400205,2.427142,89.422447,1.988487,1.593557,1.435427,3.587249
1773774250.105483,250.920792,540.727356,811.595154,791.648132,73.928482,31.696001,2,2.897259,1.565618,-1.75804,2.351401,0.392846,2.534419,103.948486,1.988487,1.593557,1.435427,3.587249
1773774250.888441,261.560822,533.827393,782.921326,795.388184,76.636055,32.884674,2,3.057687,1.510604,0.460233,2.393929,0.395115,2.452064,95.933784,1.988487,1.593557,1.435427,3.587249
1773774251.681384,295.608795,537.180054,792.894836,832.788879,75.672081,35.496246,2,2.679615,1.402676,0.444482,2.124653,0.414643,2.297967,71.937981,1.988487,1.593557,1.435427,3.587249
1773774252.506729,576.314209,523.266235,825.308777,1099.580444,72.700066,52.412193,3,1.769249,0.834849,-0.655763,1.460176,0.481135,1.377155,38.530087,5.217613,3.302011,0.468735,3.811238
1773774253.570205,827.351074,497.880249,1063.426514,1325.231323,56.421387,62.430691,3,1.301434,0.792804,13.634087,1.383979,0.655927,1.1691,22.298374,5.217613,3.302011,0.468735,3.811238
1773774254.869328,1000.0,520.961792,1299.050903,1520.961792,46.187565,65.747871,3,1.059304,0.776139,6.216846,1.376089,0.776139,1.037286,15.027842,5.217613,3.302011,0.468735,3.811238
1773774293.771763,245.600784,518.620178,834.035583,764.220947,71.939377,32.137405,2,2.848653,1.544714,1.739757,2.375878,0.379383,2.502823,82.202965,1.988487,1.593557,1.435427,3.587249
1773774294.569694,209.424805,546.069336,797.881592,755.494141,75.199127,27.720243,2,3.595316,1.783904,-2.935086,2.868636,0.373594,2.886534,109.641953,1.988487,1.593557,1.435427,3.587249
1773774295.345172,199.848801,564.372131,775.441101,764.220947,77.375313,26.15066,2,4.126012,1.888354,-2.663451,3.199479,0.377385,3.069343,115.764786,1.988487,1.593557,1.435427,3.587249
1773774296.129376,205.168793,585.232666,784.16803,790.401428,76.514214,25.957542,2,4.117811,1.902079,0.29328,3.229056,0.390247,3.094052,146.989731,1.988487,1.593557,1.435427,3.587249
1773774296.889893,210.4888,556.225464,760.480896,766.714294,78.897446,27.453354,2,4.292696,1.800821,0.539286,3.264513,0.379053,2.915514,134.902267,1.988487,1.593557,1.435427,3.587249
1773774297.632969,219.000793,533.999939,743.027161,753.000732,80.750748,29.083744,2,4.353985,1.702318,-1.691692,3.235129,0.372809,2.75019,133.480484,1.988487,1.593557,1.435427,3.587249
1773774298.404707,210.4888,551.23877,771.70105,761.727539,77.750313,27.633083,2,4.240722,1.789393,1.109542,3.27257,0.376647,2.89591,143.08876,1.988487,1.593557,1.435427,3.587249
1773774299.175198,199.848801,558.138672,770.454346,757.987488,77.876129,26.365713,2,4.133506,1.873308,-0.07694,3.184678,0.374378,3.042438,141.050476,1.988487,1.593557,1.435427,3.587249
1773774299.936962,213.680801,564.253723,761.727539,777.934509,78.768318,27.46771,2,4.36301,1.799903,0.59091,3.323425,0.384605,2.913935,181.508301,1.988487,1.593557,1.435427,3.587249
1773774300.703712,213.680801,553.033508,766.714294,766.714294,78.256004,27.869678,2,4.354424,1.774572,-1.940525,3.3386,0.379192,2.870654,142.453659,1.988487,1.593557,1.435427,3.587249
1773774301.477955,216.872803,561.061707,774.194458,777.934509,77.499908,27.878029,2,4.123292,1.774054,1.415727,3.19223,0.384744,2.869773,167.994583,1.988487,1.593557,1.435427,3.587249
1773774302.242213,213.680801,546.80011,764.220947,760.480896,78.51133,28.098116,2,4.264947,1.7605,1.37174,3.259362,0.376185,2.846844,149.077774,1.988487,1.593557,1.435427,3.587249
1773774303.023924,193.464798,564.522705,781.674561,757.987488,76.758286,25.523481,2,4.218128,1.933683,-2.143571,3.297203,0.3741,3.151561,112.381714,1.988487,1.593557,1.435427,3.587249
1773774303.773221,207.296799,558.170837,749.26062,765.467651,80.078941,27.081066,2,4.412202,1.824977,0.713583,3.305889,0.378312,2.957315,128.160568,1.988487,1.593557,1.435427,3.587249
1773774304.539971,215.808792,560.879028,766.714294,776.687805,78.256004,27.785784,2,4.258404,1.779799,1.822811,3.264979,0.384096,2.879539,151.751541,1.988487,1.593557,1.435427,3.587249
1773774305.301748,210.4888,545.005371,761.727539,755.494141,78.768318,27.861076,2,4.127476,1.775107,0.617016,3.144012,0.37364,2.871561,123.894386,1.988487,1.593557,1.435427,3.587249
1773774306.058525,207.296799,545.703918,756.740784,753.000732,79.287384,27.529427,2,4.123671,1.795966,0.273783,3.12055,0.372298,2.907171,147.536301,1.988487,1.593557,1.435427,3.587249
1773774306.792862,215.808792,528.465088,734.300354,744.273865,81.710434,28.995884,2,4.242169,1.707343,-0.31608,3.115026,0.36846,2.758426,134.419525,1.988487,1.593557,1.435427,3.587249
1773774307.563352,213.680801,554.280212,770.454346,767.960999,77.876129,27.824434,2,4.141863,1.777387,-0.386724,3.191117,0.379793,2.875436,142.876526,1.988487,1.593557,1.435427,3.587249
1773774308.34631,211.552795,568.875061,782.921326,780.427856,76.636055,27.107283,2,4.127383,1.823255,0.554707,3.231416,0.385715,2.954317,147.602158,1.988487,1.593557,1.435427,3.587249
1773774309.096854,209.424805,538.589111,750.507385,748.013916,79.945915,27.99745,2,4.130713,1.766673,0.635265,3.100131,0.369985,2.857268,119.103172,1.988487,1.593557,1.435427,3.587249
1773774309.859877,199.848801,551.905273,762.974243,751.754089,78.63961,26.584333,2,4.15555,1.858262,0.145934,3.170577,0.371371,3.015724,143.743149,1.988487,1.593557,1.435427,3.587249
1773774310.606681,208.360794,548.380005,746.767273,756.740784,80.346313,27.533972,2,4.197749,1.795677,0.364879,3.134741,0.374149,2.906675,125.691856,1.988487,1.593557,1.435427,3.587249
1773774311.373431,200.912796,557.074707,766.714294,757.987488,78.256004,26.506084,2,4.065154,1.863619,0.043639,3.116812,0.374425,3.025213,125.764648,1.988487,1.593557,1.435427,3.587249
1773774312.120235,207.296799,546.950623,746.767273,754.247437,80.346313,27.483925,2,4.120855,1.798867,0.014192,3.07732,0.372899,2.912154,104.890907,1.988487,1.593557,1.435427,3.587249
1773774312.894466,205.168793,566.532227,774.194458,771.70105,77.499908,26.586565,2,4.014567,1.858109,-1.268599,3.108055,0.381226,3.015455,117.963593,1.988487,1.593557,1.435427,3.587249
1773774313.65623,209.424805,557.28949,761.727539,766.714294,78.768318,27.314583,2,4.057137,1.809749,-1.082222,3.090433,0.379006,2.930904,110.237427,1.988487,1.593557,1.435427,3.587249
1773774314.440447,199.848801,573.098938,784.16803,772.947754,76.514214,25.85541,2,3.932826,1.90942,-0.16653,3.083996,0.381595,3.107334,112.582764,1.988487,1.593557,1.435427,3.587249
1773774315.19847,204.104813,558.869446,757.987488,762.974243,79.156982,26.751205,2,4.094725,1.846942,0.512923,3.10375,0.37697,2.995755,129.051437,1.988487,1.593557,1.435427,3.587249
1773774315.955248,201.976791,552.27063,756.740784,754.247437,79.287384,26.778585,2,4.115887,1.845098,1.456373,3.11466,0.372667,2.992512,145.485825,1.988487,1.593557,1.435427,3.587249
1773774316.699558,199.848801,541.931702,744.273865,741.780518,80.615486,26.941771,2,4.320988,1.834187,3.027541,3.215999,0.36656,2.973383,117.751007,1.988487,1.593557,1.435427,3.587249
1773774317.466309,199.848801,566.865479,766.714294,766.714294,78.256004,26.065615,2,4.239772,1.894373,0.097614,3.250694,0.378588,3.080159,167.96344,1.988487,1.593557,1.435427,3.587249
1773774318.208139,204.104813,542.662476,741.780518,746.767273,80.886459,27.331785,2,4.309098,1.808637,2.22615,3.196405,0.369152,2.928985,147.330551,1.988487,1.593557,1.435427,3.587249
1773774318.963669,206.232788,551.7547,755.494141,757.987488,79.418221,27.207941,2,4.240553,1.816671,-0.749637,3.203713,0.374657,2.942885,139.831879,1.988487,1.593557,1.435427,3.587249
1773774319.722939,204.104813,552.635986,759.234192,756.740784,79.027,26.971563,2,4.086407,1.832209,0.466733,3.10254,0.373963,2.969926,159.046402,1.988487,1.593557,1.435427,3.587249
1773774320.477223,209.424805,551.056091,754.247437,760.480896,79.549492,27.538469,2,4.189851,1.79539,1.305538,3.160185,0.375999,2.906184,149.910217,1.988487,1.593557,1.435427,3.587249
1773774321.230261,191.336807,540.470215,753.000732,731.807007,79.681198,26.145802,2,4.160213,1.888697,-1.435479,3.132643,0.361377,3.069958,122.062836,1.988487,1.593557,1.435427,3.587249
1773774321.964598,210.4888,546.251953,734.300354,756.740784,81.710434,27.815178,2,4.198086,1.777964,-0.511085,3.082656,0.374242,2.876417,125.806198,1.988487,1.593557,1.435427,3.587249
1773774322.715142,212.616806,540.383911,750.507385,753.000732,79.945915,28.235935,2,4.149565,1.75212,0.786466,3.114279,0.37253,2.832746,134.264328,1.988487,1.593557,1.435427,3.587249
1773774323.465686,207.296799,536.977051,750.507385,744.273865,79.945915,27.852219,2,4.056719,1.775657,-1.407611,3.044597,0.368088,2.872496,126.58165,1.988487,1.593557,1.435427,3.587249
1773774324.224968,210.4888,552.485474,759.234192,762.974243,79.027,27.587929,2,4.15074,1.79225,0.169469,3.151384,0.377249,2.900801,140.214157,1.988487,1.593557,1.435427,3.587249
1773774324.981745,192.400787,543.14624,756.740784,735.547058,79.287384,26.157511,2,4.185585,1.887871,-0.756136,3.167403,0.363228,3.068476,143.314301,1.988487,1.593557,1.435427,3.587249
1773774325.741016,211.552795,570.121765,759.234192,781.674561,79.027,27.064049,2,4.094125,1.826097,-1.379155,3.1084,0.386316,2.959265,132.719437,1.988487,1.593557,1.435427,3.587249
1773774326.50278,206.232788,549.261353,761.727539,755.494141,78.768318,27.297735,2,3.931977,1.810839,-1.109944,2.995095,0.373454,2.932788,136.667328,1.988487,1.593557,1.435427,3.587249
1773774327.245844,206.232788,536.794373,743.027161,743.027161,80.750748,27.755753,2,3.972612,1.781677,-0.688723,2.951759,0.36744,2.882738,124.30304,1.988487,1.593557,1.435427,3.587249
1773774327.98766,206.232788,535.547729,741.780518,741.780518,80.886459,27.802399,2,3.993118,1.778761,0.547914,2.962017,0.366839,2.877773,128.64212,1.988487,1.593557,1.435427,3.587249
1773774328.746943,203.040817,552.453308,759.234192,755.494141,79.027,26.875233,2,4.079834,1.83862,-0.465152,3.09755,0.373315,2.981143,141.256729,1.988487,1.593557,1.435427,3.587249
1773774329.506214,204.104813,556.376099,759.234192,760.480896,79.027,26.838913,2,4.0626,1.841049,-0.988116,3.084465,0.375767,2.985401,133.86969,1.988487,1.593557,1.435427,3.587249
1773774330.260498,206.232788,550.507996,754.247437,756.740784,79.549492,27.252766,2,4.132211,1.813755,-0.422413,3.116709,0.374056,2.937833,141.854889,1.988487,1.593557,1.435427,3.587249
1773774331.013535,213.680801,548.046753,753.000732,761.727539,79.681198,28.05213,2,4.121952,1.763315,-0.338331,3.103833,0.376786,2.851593,133.265717,1.988487,1.593557,1.435427,3.587249
1773774331.767818,211.552795,540.201294,754.247437,751.754089,79.549492,28.141224,2,4.041641,1.75787,0.093869,3.048398,0.371882,2.842413,136.139053,1.988487,1.593557,1.435427,3.587249
1773774332.519609,212.616806,540.383911,751.754089,753.000732,79.813332,28.235935,2,4.085218,1.75212,-0.228619,3.071079,0.37253,2.832746,132.218964,1.988487,1.593557,1.435427,3.587249
1773774333.286373,207.296799,553.184082,766.714294,760.480896,78.256004,27.258646,2,4.14315,1.813373,1.533846,3.176613,0.375906,2.937172,154.197495,1.988487,1.593557,1.435427,3.587249
1773774334.049383,211.552795,556.408203,762.974243,767.960999,78.63961,27.547337,2,4.237264,1.794827,0.431263,3.232923,0.379701,2.905217,148.397873,1.988487,1.593557,1.435427,3.587249
1773774334.811147,209.424805,549.809387,761.727539,759.234192,78.768318,27.583689,2,4.077868,1.792519,-0.261995,3.106224,0.375398,2.901261,137.914764,1.988487,1.593557,1.435427,3.587249
1773774335.560444,210.4888,540.018555,749.26062,750.507385,80.078941,28.0462,2,4.07918,1.763678,-0.812277,3.056369,0.371234,2.852207,116.967087,1.988487,1.593557,1.435427,3.587249
1773774336.320961,209.424805,549.809387,760.480896,759.234192,78.897446,27.583689,2,4.098824,1.792519,-0.19741,3.117077,0.375398,2.901261,130.774765,1.988487,1.593557,1.435427,3.587249
1773774337.075245,203.040817,543.72644,754.247437,746.767273,79.549492,27.189302,2,4.037025,1.817886,0.117845,3.044916,0.369105,2.944993,126.168365,1.988487,1.593557,1.435427,3.587249
1773774337.833269,204.104813,555.129395,757.987488,759.234192,79.156982,26.882986,2,4.141956,1.838103,-1.697163,3.139551,0.375166,2.980235,116.384918,1.988487,1.593557,1.435427,3.587249
1773774338.593799,199.848801,555.645325,760.480896,755.494141,78.897446,26.452726,2,4.188736,1.86729,-2.270136,3.185454,0.373176,3.031729,107.092323,1.988487,1.593557,1.435427,3.587249
1773774339.340602,211.552795,548.928101,746.767273,760.480896,80.346313,27.818293,2,4.114515,1.77777,-1.532927,3.072585,0.376092,2.876087,117.898422,1.988487,1.593557,1.435427,3.587249
1773774340.111093,198.784805,556.709351,770.454346,755.494141,77.876129,26.311892,2,3.969402,1.877051,-2.894329,3.058243,0.373129,3.049111,110.514206,1.988487,1.593557,1.435427,3.587249
1773774340.86039,203.040817,551.206604,749.26062,754.247437,80.078941,26.919657,2,4.122006,1.835658,-1.902596,3.088457,0.372714,2.975956,112.806351,1.988487,1.593557,1.435427,3.587249
1773774341.609688,214.744797,548.229431,749.26062,762.974243,80.078941,28.145746,2,4.074668,1.757595,-0.533446,3.052988,0.377434,2.84195,125.53804,1.988487,1.593557,1.435427,3.587249
1773774342.361478,221.128799,538.105408,751.754089,759.234192,79.813332,29.125244,2,4.083525,1.699954,1.661659,3.069806,0.375909,2.746325,156.749481,1.988487,1.593557,1.435427,3.587249
1773774343.126994,216.872803,543.608093,765.467651,760.480896,78.383453,28.517851,2,3.969099,1.735231,-0.40108,3.038217,0.376324,2.804513,132.752365,1.988487,1.593557,1.435427,3.587249
1773774343.876291,214.744797,532.022461,749.26062,746.767273,80.078941,28.756588,2,3.943412,1.721188,-0.283879,2.954643,0.369616,2.781222,113.171539,1.988487,1.593557,1.435427,3.587249
1773774344.618108,224.320801,528.679932,741.780518,753.000732,80.886459,29.790249,2,4.036111,1.662981,2.05883,2.993909,0.373041,2.686473,125.334084,1.988487,1.593557,1.435427,3.587249
1773774345.371146,220.064789,527.949097,753.000732,748.013916,79.681198,29.419878,2,3.908503,1.683367,0.173508,2.943106,0.37045,2.71933,92.047089,1.988487,1.593557,1.435427,3.587249
1773774346.149117,215.808792,557.138977,777.934509,772.947754,77.127312,27.920231,2,3.760663,1.771438,0.877892,2.92555,0.382292,2.865336,138.221741,1.988487,1.593557,1.435427,3.587249
1773774346.898414,225.384796,535.096069,749.26062,760.480896,80.078941,29.63714,2,4.000337,1.671346,0.364108,2.997295,0.376696,2.699914,145.361099,1.988487,1.593557,1.435427,3.587249
1773774347.67141,216.872803,546.10144,772.947754,762.974243,77.624908,28.424656,2,3.985103,1.740777,1.308072,3.080277,0.377527,2.813758,144.038589,1.988487,1.593557,1.435427,3.587249
1773774348.426941,225.384796,540.082886,755.494141,765.467651,79.418221,29.444065,2,3.917939,1.68202,1.897604,2.95998,0.379102,2.717148,122.717949,1.988487,1.593557,1.435427,3.587249
1773774349.204912,210.4888,549.992065,777.934509,760.480896,77.127312,27.678383,2,4.012513,1.786535,1.115159,3.121472,0.376046,2.891026,166.352524,1.988487,1.593557,1.435427,3.587249
1773774349.962936,220.064789,549.142944,757.987488,769.207703,79.156982,28.609282,2,4.061553,1.729825,1.66511,3.078606,0.380674,2.795528,143.47142,1.988487,1.593557,1.435427,3.587249
1773774350.71722,217.936798,533.817261,754.247437,751.754089,79.549492,28.990438,2,4.021976,1.707656,1.864522,3.033565,0.372161,2.758939,116.396553,1.988487,1.593557,1.435427,3.587249
1773774351.464024,212.616806,527.916992,746.767273,740.533813,80.346313,28.711288,2,3.990388,1.723834,0.845434,2.979891,0.366516,2.785599,151.899582,1.988487,1.593557,1.435427,3.587249
1773774352.200866,226.448807,526.551941,736.793762,753.000732,81.433914,30.072853,2,4.003742,1.647764,4.60609,2.949932,0.373134,2.662177,130.441498,1.988487,1.593557,1.435427,3.587249
1773774352.953903,228.576797,526.917358,753.000732,755.494141,79.681198,30.25527,2,3.920389,1.638092,3.297193,2.952056,0.37443,2.646837,130.039597,1.988487,1.593557,1.435427,3.587249
1773774353.720654,205.168793,534.118286,766.714294,739.287109,78.256004,27.752247,2,3.873992,1.781897,-2.611459,2.970245,0.36559,2.883112,107.588448,1.988487,1.593557,1.435427,3.587249
1773774354.463718,219.000793,540.233398,743.027161,759.234192,80.750748,28.844959,2,4.011405,1.716048,0.752686,2.980583,0.375816,2.772741,109.321678,1.988487,1.593557,1.435427,3.587249
1773774355.211768,219.000793,529.013123,748.013916,748.013916,80.21241,29.277637,2,3.977731,1.691333,0.259574,2.975398,0.370403,2.732265,107.146797,1.988487,1.593557,1.435427,3.587249
1773774355.974778,215.808792,543.425415,762.974243,759.234192,78.63961,28.424534,2,3.899188,1.740784,0.507158,2.97498,0.375677,2.81377,116.011101,1.988487,1.593557,1.435427,3.587249
1773774356.745282,205.168793,552.818726,770.454346,757.987488,77.876129,27.06757,2,3.842196,1.825866,-1.504618,2.960236,0.374611,2.958861,125.616058,1.988487,1.593557,1.435427,3.587249
1773774357.503306,211.552795,553.914856,757.987488,765.467651,79.156982,27.637064,2,3.836427,1.789141,-0.890888,2.907963,0.378498,2.89548,121.520996,1.988487,1.593557,1.435427,3.587249
1773774358.26507,213.680801,550.540161,761.727539,764.220947,78.768318,27.960604,2,3.835189,1.768944,0.158895,2.921369,0.377989,2.86111,108.353226,1.988487,1.593557,1.435427,3.587249
1773774359.01312,220.064789,535.429321,748.013916,755.494141,80.21241,29.12859,2,3.923598,1.699764,-0.133485,2.934906,0.374058,2.746014,119.262024,1.988487,1.593557,1.435427,3.587249
1773774359.782364,214.744797,548.229431,769.207703,762.974243,78.002342,28.145746,2,3.937427,1.757595,0.402257,3.028699,0.377434,2.84195,133.543091,1.988487,1.593557,1.435427,3.587249
1773774360.545374,213.680801,548.046753,762.974243,761.727539,78.63961,28.05213,2,3.89701,1.763315,0.580556,2.973318,0.376786,2.851593,121.78125,1.988487,1.593557,1.435427,3.587249
1773774361.292178,217.936798,533.817261,746.767273,751.754089,80.346313,28.990438,2,3.974202,1.707656,1.90403,2.967804,0.372161,2.758939,110.053703,1.988487,1.593557,1.435427,3.587249
1773774362.052708,225.384796,543.822876,760.480896,769.207703,78.897446,29.300901,2,3.970512,1.690025,1.496395,3.019499,0.380906,2.730137,105.847473,1.988487,1.593557,1.435427,3.587249
1773774362.828185,222.192795,549.50824,775.441101,771.70105,77.375313,28.792599,2,3.972727,1.71909,0.962856,3.080616,0.381969,2.777757,117.223564,1.988487,1.593557,1.435427,3.587249
1773774363.582469,222.192795,532.054626,754.247437,754.247437,79.549492,29.458874,2,4.039746,1.681196,2.880305,3.046968,0.37355,2.715815,107.695808,1.988487,1.593557,1.435427,3.587249
1773774364.355453,211.552795,548.928101,772.947754,760.480896,77.624908,27.818293,2,3.931094,1.77777,-0.091921,3.03853,0.376092,2.876087,130.52713,1.988487,1.593557,1.435427,3.587249
1773774365.125957,205.168793,557.80542,770.454346,762.974243,77.876129,26.890656,2,3.938836,1.837591,-1.091915,3.034693,0.377016,2.979339,115.500092,1.988487,1.593557,1.435427,3.587249
1773774365.893954,210.4888,563.705688,767.960999,774.194458,78.128967,27.188105,2,4.035634,1.817964,-1.338068,3.09921,0.382661,2.945128,111.875183,1.988487,1.593557,1.435427,3.587249
1773774366.649484,213.680801,545.553406,755.494141,759.234192,79.418221,28.144255,2,4.056615,1.757686,-0.090415,3.064749,0.375584,2.842103,124.242859,1.988487,1.593557,1.435427,3.587249
1773774367.416235,212.616806,552.85083,766.714294,765.467651,78.256004,27.776066,2,3.966486,1.780406,-0.167999,3.041161,0.378544,2.880573,130.606567,1.988487,1.593557,1.435427,3.587249
1773774368.185479,216.872803,557.321655,769.207703,774.194458,78.002342,28.012705,2,3.908231,1.765735,-0.534694,3.006242,0.38294,2.855681,119.007767,1.988487,1.593557,1.435427,3.587249
1773774368.94849,212.616806,545.370667,762.974243,757.987488,78.63961,28.050173,2,3.974964,1.763435,-0.776698,3.032795,0.374936,2.851795,107.708389,1.988487,1.593557,1.435427,3.587249
1773774369.715254,223.256805,555.924438,766.714294,779.181213,78.256004,28.652746,2,4.003276,1.727267,2.242967,3.069369,0.385624,2.791285,126.043724,1.988487,1.593557,1.435427,3.587249
1773774370.48325,214.744797,543.242676,767.960999,757.987488,78.128967,28.330915,2,3.918221,1.746393,0.021976,3.009041,0.375029,2.823144,115.089462,1.988487,1.593557,1.435427,3.587249
1773774371.252495,201.976791,552.27063,769.207703,754.247437,78.002342,26.778585,2,3.905309,1.845098,0.168478,3.003994,0.372667,2.992512,108.960587,1.988487,1.593557,1.435427,3.587249
1773774372.005532,216.872803,553.581543,753.000732,770.454346,79.681198,28.148689,2,3.910881,1.757416,0.865886,2.944896,0.381136,2.841648,127.419655,1.988487,1.593557,1.435427,3.587249
1773774372.783516,214.744797,560.696289,777.934509,775.441101,77.127312,27.693245,2,3.860553,1.7856,0.067028,3.003257,0.383448,2.889429,121.41909,1.988487,1.593557,1.435427,3.587249
1773774373.546526,217.936798,548.777466,762.974243,766.714294,78.63961,28.424772,2,3.852816,1.74077,0.246759,2.939599,0.379378,2.813746,109.17807,1.988487,1.593557,1.435427,3.587249
1773774374.317016,214.744797,551.969482,770.454346,766.714294,77.876129,28.008451,2,3.850019,1.765996,-0.826707,2.966264,0.379239,2.856123,119.9617,1.988487,1.593557,1.435427,3.587249
1773774375.082521,220.064789,551.63623,765.467651,771.70105,78.383453,28.516844,2,3.880425,1.735291,0.246465,2.97034,0.381876,2.804613,111.377663,1.988487,1.593557,1.435427,3.587249
1773774375.851765,211.552795,547.681396,769.207703,759.234192,78.002342,27.86397,2,3.910727,1.774927,0.08054,3.008161,0.375491,2.871256,116.241524,1.988487,1.593557,1.435427,3.587249
1773774376.632242,212.616806,569.057739,780.427856,781.674561,76.880905,27.200169,2,3.877944,1.817177,0.891294,3.026455,0.386362,2.943763,119.639496,1.988487,1.593557,1.435427,3.587249
1773774377.408966,215.808792,564.61908,776.687805,780.427856,77.251114,27.652624,2,3.838258,1.788159,0.411987,2.981128,0.3859,2.8938,116.944572,1.988487,1.593557,1.435427,3.587249
1773774378.170729,220.064789,546.649536,761.727539,766.714294,78.768318,28.702318,2,3.885783,1.724359,0.301688,2.959908,0.379471,2.786468,114.059097,1.988487,1.593557,1.435427,3.587249
1773774378.931247,216.872803,539.867981,760.480896,756.740784,78.897446,28.658794,2,3.98366,1.726912,0.692764,3.029498,0.37452,2.790696,125.766273,1.988487,1.593557,1.435427,3.587249
1773774379.696751,215.808792,548.41217,765.467651,764.220947,78.383453,28.239056,2,3.702992,1.751932,4.004515,2.834521,0.378082,2.832429,114.090027,1.988487,1.593557,1.435427,3.587249
1773774380.468501,213.680801,555.526917,771.70105,769.207703,77.750313,27.779337,2,3.457129,1.780202,-0.44459,2.66787,0.380395,2.880225,118.985519,1.988487,1.593557,1.435427,3.587249
1773774381.226524,215.808792,544.672119,757.987488,760.480896,79.156982,28.377937,2,3.972795,1.743571,1.387932,3.011329,0.376278,2.818425,130.639603,1.988487,1.593557,1.435427,3.587249
1773774381.987042,216.872803,544.854736,760.480896,761.727539,78.897446,28.471178,2,3.936931,1.738004,0.378611,2.99396,0.376926,2.809133,102.357735,1.988487,1.593557,1.435427,3.587249
1773774382.752546,215.808792,548.41217,765.467651,764.220947,78.383453,28.239056,2,3.861564,1.751932,-1.135903,2.955903,0.378082,2.832429,119.846466,1.988487,1.593557,1.435427,3.587249
1773774383.526777,216.872803,558.568298,774.194458,775.441101,77.499908,27.96767,2,3.809741,1.768508,-0.537668,2.94948,0.383541,2.860372,123.297058,1.988487,1.593557,1.435427,3.587249
1773774384.2898,215.808792,545.918762,762.974243,761.727539,78.63961,28.331493,2,3.863913,1.746358,-0.021864,2.948066,0.376879,2.823086,128.683594,1.988487,1.593557,1.435427,3.587249
1773774385.062784,214.744797,556.956238,772.947754,771.70105,77.624908,27.827459,2,3.840517,1.777198,0.323462,2.968519,0.381644,2.875115,118.182121,1.988487,1.593557,1.435427,3.587249
1773774385.820808,217.936798,543.790771,757.987488,761.727539,79.156982,28.610859,2,3.891568,1.729732,1.035336,2.949759,0.376972,2.795374,113.980507,1.988487,1.593557,1.435427,3.587249
1773774386.592546,209.424805,552.302734,771.70105,761.727539,77.750313,27.493399,2,3.919513,1.798262,-0.542772,3.024692,0.376601,2.911114,131.741806,1.988487,1.593557,1.435427,3.587249
1773774387.345583,219.000793,545.220154,753.000732,764.220947,79.681198,28.656738,2,3.885915,1.727033,1.507593,2.926097,0.378222,2.790896,119.617867,1.988487,1.593557,1.435427,3.587249
1773774388.108606,217.936798,543.790771,762.974243,761.727539,78.63961,28.610859,2,4.052581,1.729732,0.643453,3.092015,0.376972,2.795374,139.252167,1.988487,1.593557,1.435427,3.587249
1773774388.875356,216.872803,548.594849,766.714294,765.467651,78.256004,28.332066,2,4.055924,1.746323,0.226161,3.109735,0.37873,2.823029,110.769096,1.988487,1.593557,1.435427,3.587249
1773774389.638367,215.808792,545.918762,762.974243,761.727539,78.63961,28.331493,2,4.015128,1.746358,-0.267943,3.063439,0.376879,2.823086,113.070694,1.988487,1.593557,1.435427,3.587249
1773774390.396391,211.552795,541.447937,757.987488,753.000732,79.156982,28.094635,2,3.932227,1.760713,0.186286,2.980579,0.372484,2.847203,107.929443,1.988487,1.593557,1.435427,3.587249
1773774391.170622,209.424805,562.276245,774.194458,771.70105,77.499908,27.138075,2,3.916004,1.821235,0.156325,3.031748,0.381412,2.950807,151.69429,1.988487,1.593557,1.435427,3.587249
1773774391.921166,222.192795,543.274841,750.507385,765.467651,79.945915,29.027065,2,4.018767,1.705556,2.409773,3.016114,0.378962,2.755495,117.812057,1.988487,1.593557,1.435427,3.587249
1773774392.699149,219.000793,555.193665,777.934509,774.194458,77.127312,28.287569,2,4.041593,1.749002,0.214522,3.144095,0.383033,2.827515,114.61834,1.988487,1.593557,1.435427,3.587249
1773774393.459666,212.616806,540.383911,760.480896,753.000732,78.897446,28.235935,2,4.005408,1.75212,0.719604,3.046036,0.37253,2.832746,103.633308,1.988487,1.593557,1.435427,3.587249
1773774394.216444,223.256805,545.950928,756.740784,769.207703,79.287384,29.024256,2,4.034932,1.705717,1.963438,3.053397,0.380813,2.755759,144.149948,1.988487,1.593557,1.435427,3.587249
1773774394.990675,214.744797,549.476135,774.194458,764.220947,77.499908,28.099833,2,3.855158,1.760395,-1.657582,2.984642,0.378036,2.846668,136.189529,1.988487,1.593557,1.435427,3.587249
1773774395.749945,209.424805,543.575928,759.234192,753.000732,79.027,27.812031,2,3.878789,1.77816,-0.237028,2.944909,0.372391,2.876751,129.840576,1.988487,1.593557,1.435427,3.587249
1773774396.516708,224.320801,559.847229,766.714294,784.16803,78.256004,28.606215,2,3.822578,1.730006,0.559187,2.930825,0.388076,2.795828,108.41349,1.988487,1.593557,1.435427,3.587249
1773774397.277225,222.192795,535.794678,760.480896,757.987488,78.897446,29.313517,2,3.898855,1.689316,0.664749,2.965005,0.375354,2.728985,102.899529,1.988487,1.593557,1.435427,3.587249
1773774398.051456,219.000793,551.453552,774.194458,770.454346,77.499908,28.424889,2,3.773738,1.740763,-1.019766,2.921607,0.381229,2.813735,114.475357,1.988487,1.593557,1.435427,3.587249
1773774398.808234,221.128799,538.105408,756.740784,759.234192,79.287384,29.125244,2,3.902828,1.699954,1.830412,2.953429,0.375909,2.746325,129.338242,1.988487,1.593557,1.435427,3.587249
1773774399.569998,216.872803,539.867981,761.727539,756.740784,78.768318,28.658794,2,3.97928,1.726912,0.866069,3.031127,0.37452,2.790696,95.700218,1.988487,1.593557,1.435427,3.587249
1773774400.3218,220.064789,535.429321,751.754089,755.494141,79.813332,29.12859,2,4.165753,1.699764,2.373313,3.131622,0.374058,2.746014,124.083488,1.988487,1.593557,1.435427,3.587249
1773774401.097278,213.680801,554.280212,775.441101,767.960999,77.375313,27.824434,2,4.02601,1.777387,-0.097942,3.121934,0.379793,2.875436,131.489105,1.988487,1.593557,1.435427,3.587249
1773774401.842835,216.872803,532.387817,745.520569,749.26062,80.480675,28.94491,2,3.971867,1.710273,0.678848,2.961108,0.370912,2.763237,112.724037,1.988487,1.593557,1.435427,3.587249
1773774402.623299,215.808792,563.372437,780.427856,779.181213,76.880905,27.696869,2,3.758992,1.785372,0.279327,2.933622,0.385299,2.88904,133.903122,1.988487,1.593557,1.435427,3.587249
1773774403.377583,223.256805,539.717407,754.247437,762.974243,79.549492,29.261381,2,3.87558,1.692248,0.91975,2.923146,0.377806,2.733755,121.728249,1.988487,1.593557,1.435427,3.587249
1773774404.146839,213.680801,544.306702,769.207703,757.987488,78.002342,28.190544,2,3.846651,1.754871,-0.03321,2.958874,0.374982,2.837368,133.868866,1.988487,1.593557,1.435427,3.587249
1773774404.904863,211.552795,543.941345,757.987488,755.494141,79.156982,28.001911,2,3.845794,1.766399,-0.731609,2.915064,0.373687,2.856803,122.106415,1.988487,1.593557,1.435427,3.587249
1773774405.654161,215.808792,538.43866,749.26062,754.247437,80.078941,28.612465,2,3.920275,1.729638,0.519458,2.937308,0.373271,2.795217,118.622993,1.988487,1.593557,1.435427,3.587249
1773774406.412185,215.808792,542.178711,757.987488,757.987488,79.156982,28.471289,2,3.763523,1.737998,-1.63926,2.852703,0.375075,2.809121,123.336975,1.988487,1.593557,1.435427,3.587249
1773774407.147768,225.384796,521.382446,735.547058,746.767273,81.571938,30.181396,2,3.730134,1.641995,1.516883,2.743689,0.370081,2.653018,134.104904,1.988487,1.593557,1.435427,3.587249
1773774407.904546,227.512787,531.721436,756.740784,759.234192,79.287384,29.966089,2,3.913579,1.653479,2.06654,2.961565,0.376188,2.671278,147.293625,1.988487,1.593557,1.435427,3.587249
1773774408.675037,222.192795,542.028137,770.454346,764.220947,77.876129,29.074419,2,3.809245,1.70285,-0.324341,2.934849,0.378361,2.751061,121.845657,1.988487,1.593557,1.435427,3.587249
1773774409.434319,220.064789,536.676025,759.234192,756.740784,79.027,29.080603,2,3.710232,1.702497,0.639781,2.816935,0.37466,2.750484,123.170219,1.988487,1.593557,1.435427,3.587249
1773774410.18237,234.960815,530.506836,748.013916,765.467651,80.21241,30.695068,2,3.892923,1.615247,3.744373,2.911961,0.37952,2.61092,136.864182,1.988487,1.593557,1.435427,3.587249
1773774410.954107,226.448807,535.278748,771.70105,761.727539,77.750313,29.728321,2,3.745969,1.666354,2.603934,2.890769,0.377344,2.691885,117.395119,1.988487,1.593557,1.435427,3.587249
1773774411.700911,229.640793,520.866577,746.767273,750.507385,80.346313,30.598072,2,3.868647,1.620229,1.149123,2.888979,0.372071,2.618715,123.646164,1.988487,1.593557,1.435427,3.587249
1773774412.467662,225.384796,536.342773,766.714294,761.727539,78.256004,29.588636,2,3.788832,1.674015,-0.02091,2.904952,0.377297,2.704213,111.516083,1.988487,1.593557,1.435427,3.587249
1773774413.239411,222.192795,545.768188,771.70105,767.960999,77.750313,28.932821,2,3.730484,1.71097,-0.708844,2.878819,0.380165,2.764381,106.392212,1.988487,1.593557,1.435427,3.587249
1773774413.988708,216.872803,526.154358,749.26062,743.027161,80.078941,29.187737,2,3.772671,1.696408,-0.392305,2.826714,0.367905,2.740534,116.20842,1.988487,1.593557,1.435427,3.587249
1773774414.756706,220.064789,551.63623,767.960999,771.70105,78.128967,28.516844,2,3.79835,1.735291,0.760544,2.916985,0.381876,2.804613,114.161514,1.988487,1.593557,1.435427,3.587249
1773774415.515977,222.192795,539.534729,759.234192,761.727539,79.027,29.16959,2,3.770455,1.697436,0.829756,2.862658,0.377158,2.742212,126.154121,1.988487,1.593557,1.435427,3.587249
1773774416.280234,217.936798,541.297363,764.220947,759.234192,78.51133,28.704819,2,3.853706,1.724213,0.011659,2.945083,0.375769,2.786226,115.140556,1.988487,1.593557,1.435427,3.587249
1773774417.040751,221.128799,543.092163,760.480896,764.220947,78.897446,28.93519,2,3.784153,1.710833,-1.988404,2.877776,0.378314,2.764157,109.894913,1.988487,1.593557,1.435427,3.587249
1773774417.802527,226.448807,541.512207,761.727539,767.960999,78.768318,29.48702,2,3.655708,1.679633,-0.884316,2.784654,0.380351,2.713286,116.236618,1.988487,1.593557,1.435427,3.587249
1773774418.566785,217.936798,536.310669,764.220947,754.247437,78.51133,28.894604,2,3.664802,1.713175,-0.974457,2.800719,0.373364,2.768009,106.193298,1.988487,1.593557,1.435427,3.587249
1773774419.326056,230.704803,543.489624,759.234192,774.194458,79.027,29.799335,2,3.776703,1.662487,1.422813,2.867402,0.383544,2.685682,131.598495,1.988487,1.593557,1.435427,3.587249
1773774420.090312,221.128799,531.871948,764.220947,753.000732,78.51133,29.366346,2,3.817942,1.686356,1.576438,2.917751,0.372902,2.724177,120.84597,1.988487,1.593557,1.435427,3.587249
1773774420.825896,221.128799,514.418274,735.547058,735.547058,81.571938,30.063175,2,3.922151,1.64828,1.174788,2.884926,0.364482,2.662998,144.654816,1.988487,1.593557,1.435427,3.587249
1773774421.585167,217.936798,537.557373,759.234192,755.494141,79.027,28.84692,2,3.838125,1.715935,0.225243,2.914036,0.373965,2.772553,143.835999,1.988487,1.593557,1.435427,3.587249
1773774422.338217,219.000793,535.246643,753.000732,754.247437,79.681198,29.035669,2,3.845069,1.705064,0.467944,2.89534,0.37341,2.754688,116.988716,1.988487,1.593557,1.435427,3.587249
1773774423.101227,216.872803,543.608093,762.974243,760.480896,78.63961,28.517851,2,3.839866,1.735231,-0.026931,2.929718,0.376324,2.804513,115.915436,1.988487,1.593557,1.435427,3.587249
1773774423.85177,228.576797,535.644165,750.507385,764.220947,79.945915,29.909781,2,3.898091,1.656509,1.605298,2.925546,0.37864,2.676116,125.939484,1.988487,1.593557,1.435427,3.587249
1773774424.617275,219.000793,535.246643,765.467651,754.247437,78.383453,29.035669,2,3.79372,1.705064,0.566677,2.90397,0.37341,2.754688,125.369698,1.988487,1.593557,1.435427,3.587249
1773774425.372805,227.512787,537.954834,755.494141,765.467651,79.418221,29.722065,2,3.717633,1.666696,2.07638,2.80865,0.379195,2.692434,135.176468,1.988487,1.593557,1.435427,3.587249
1773774426.125843,229.640793,525.853333,753.000732,755.494141,79.681198,30.396103,2,3.771136,1.630705,0.945452,2.839668,0.374476,2.635174,96.079414,1.988487,1.593557,1.435427,3.587249
1773774426.91006,220.064789,552.882935,784.16803,772.947754,76.514214,28.47085,2,3.796686,1.738024,-0.545085,2.97724,0.382478,2.809165,113.130188,1.988487,1.593557,1.435427,3.587249
1773774427.678056,213.680801,546.80011,767.960999,760.480896,78.128967,28.098116,2,3.805714,1.7605,-0.540422,2.92264,0.376185,2.846844,131.657928,1.988487,1.593557,1.435427,3.587249
1773774428.43608,227.512787,546.681641,757.987488,774.194458,79.156982,29.387033,2,3.740363,1.685199,1.414882,2.835148,0.383404,2.722301,110.369957,1.988487,1.593557,1.435427,3.587249
1773774429.194104,216.872803,528.647766,757.987488,745.520569,79.156982,29.090115,2,3.870905,1.701954,0.112227,2.934098,0.369108,2.749596,112.824272,1.988487,1.593557,1.435427,3.587249
1773774429.960855,220.064789,550.389526,766.714294,770.454346,78.256004,28.56299,2,3.827598,1.732558,-0.182649,2.934674,0.381275,2.800067,119.346588,1.988487,1.593557,1.435427,3.587249
1773774430.722632,207.296799,539.470459,761.727539,746.767273,78.768318,27.759224,2,3.712834,1.78146,1.314791,2.828168,0.369291,2.882368,125.714417,1.988487,1.593557,1.435427,3.587249
1773774431.470682,224.320801,543.640198,748.013916,767.960999,80.21241,29.209921,2,3.869428,1.695153,0.810076,2.894386,0.380258,2.738487,120.075371,1.988487,1.593557,1.435427,3.587249
1773774432.237432,227.512787,542.941528,766.714294,770.454346,78.256004,29.52969,2,3.940433,1.677269,0.482411,3.021186,0.3816,2.709465,127.028267,1.988487,1.593557,1.435427,3.587249
1773774433.01665,220.064789,550.389526,779.181213,770.454346,77.003906,28.56299,2,3.750525,1.732558,1.116408,2.922339,0.381275,2.800067,132.41597,1.988487,1.593557,1.435427,3.587249
1773774433.787141,216.872803,549.841492,770.454346,766.714294,77.876129,28.286001,2,3.800364,1.749096,-0.272019,2.928007,0.379331,2.827673,133.802353,1.988487,1.593557,1.435427,3.587249
1773774434.541425,224.320801,538.653442,754.247437,762.974243,79.549492,29.400835,2,3.884367,1.684429,1.929658,2.929774,0.377852,2.721051,154.317505,1.988487,1.593557,1.435427,3.587249
1773774435.304448,232.832794,540.11499,762.974243,772.947754,78.63961,30.122709,2,3.860024,1.645109,2.479426,2.945099,0.383035,2.657958,138.537689,1.988487,1.593557,1.435427,3.587249
1773774436.087406,219.000793,547.713501,782.921326,766.714294,76.636055,28.563547,2,3.732647,1.732525,-1.606875,2.922369,0.379424,2.800012,109.066132,1.988487,1.593557,1.435427,3.587249
1773774436.842936,224.320801,537.406738,755.494141,761.727539,79.418221,29.448956,2,3.779036,1.681748,1.122503,2.855039,0.377251,2.716707,146.166245,1.988487,1.593557,1.435427,3.587249
1773774437.622154,208.360794,552.120117,779.181213,760.480896,77.003906,27.398556,2,3.800042,1.804336,-1.840177,2.960921,0.375953,2.921565,112.865326,1.988487,1.593557,1.435427,3.587249
1773774438.373956,226.448807,546.498962,751.754089,772.947754,79.813332,29.29678,2,3.898447,1.690256,2.503623,2.930673,0.382757,2.730514,150.489243,1.988487,1.593557,1.435427,3.587249
1773774439.141954,223.256805,540.964111,767.960999,764.220947,78.128967,29.213646,2,3.827443,1.694942,1.92584,2.939327,0.378407,2.738143,122.302849,1.988487,1.593557,1.435427,3.587249
1773774439.911198,221.128799,545.58551,769.207703,766.714294,78.002342,28.841097,2,3.721408,1.716272,0.180558,2.862536,0.379517,2.77311,122.676216,1.988487,1.593557,1.435427,3.587249
1773774440.666729,223.256805,534.730713,755.494141,757.987488,79.418221,29.453892,2,3.754689,1.681473,0.69482,2.836646,0.3754,2.716263,128.033066,1.988487,1.593557,1.435427,3.587249
1773774441.428493,226.448807,539.01886,761.727539,765.467651,78.768318,29.583067,2,3.787839,1.674322,1.521876,2.885301,0.379148,2.704708,123.532494,1.988487,1.593557,1.435427,3.587249
1773774442.198984,223.256805,543.45752,770.454346,766.714294,77.876129,29.118645,2,3.753854,1.70033,0.780885,2.892173,0.37961,2.746939,135.101883,1.988487,1.593557,1.435427,3.587249
1773774442.96824,215.808792,544.672119,769.207703,760.480896,78.002342,28.377937,2,3.685606,1.743571,-1.034967,2.834996,0.376278,2.818425,126.983551,1.988487,1.593557,1.435427,3.587249
1773774443.731251,220.064789,547.89624,762.974243,767.960999,78.63961,28.655725,2,3.767109,1.727092,-1.600817,2.874207,0.380072,2.790995,112.758072,1.988487,1.593557,1.435427,3.587249
1773774444.483041,220.064789,531.689331,751.754089,751.754089,79.813332,29.273506,2,3.807299,1.691565,-0.79535,2.862153,0.372254,2.732644,116.547867,1.988487,1.593557,1.435427,3.587249
1773774445.243559,224.320801,541.146851,760.480896,765.467651,78.897446,29.305065,2,3.292708,1.689791,2.758367,2.504041,0.379055,2.729757,90.074837,1.988487,1.593557,1.435427,3.587249
1773774446.016543,225.384796,548.809692,772.947754,774.194458,77.624908,29.112169,2,3.335624,1.700698,-0.200971,2.578263,0.383311,2.747541,114.148315,1.988487,1.593557,1.435427,3.587249
1773774446.783305,221.128799,540.598755,766.714294,761.727539,78.256004,29.029909,2,3.687297,1.705393,-0.043527,2.827103,0.377112,2.755228,119.276215,1.988487,1.593557,1.435427,3.587249
1773774447.550056,217.936798,545.037476,766.714294,762.974243,78.256004,28.56411,2,3.653446,1.732492,0.376004,2.801149,0.377574,2.799957,140.272812,1.988487,1.593557,1.435427,3.587249
1773774448.316807,219.000793,548.960205,766.714294,767.960999,78.256004,28.517178,2,3.849173,1.735271,0.646904,2.951216,0.380026,2.80458,112.663559,1.988487,1.593557,1.435427,3.587249
1773774449.086052,215.808792,549.658875,769.207703,765.467651,78.002342,28.193066,2,3.861016,1.754718,-0.757274,2.969923,0.378684,2.83711,126.961288,1.988487,1.593557,1.435427,3.587249
1773774449.844076,220.064789,542.909424,757.987488,762.974243,79.156982,28.843016,2,3.873765,1.716161,-0.313656,2.936266,0.377667,2.772927,134.982849,1.988487,1.593557,1.435427,3.587249
1773774450.620812,217.936798,556.25769,776.687805,774.194458,77.251114,28.150135,2,3.866261,1.757328,-1.898447,3.002877,0.382986,2.8415,101.044846,1.988487,1.593557,1.435427,3.587249
1773774451.392549,217.936798,553.764282,771.70105,771.70105,77.750313,28.241093,2,3.890238,1.751808,-1.202471,3.002101,0.381783,2.832222,118.188934,1.988487,1.593557,1.435427,3.587249
1773774452.141847,226.448807,532.7854,749.26062,759.234192,80.078941,29.825951,2,3.977759,1.661043,1.485086,2.980378,0.376141,2.683367,133.985092,1.988487,1.593557,1.435427,3.587249
1773774452.919818,216.872803,549.841492,777.934509,766.714294,77.127312,28.286001,2,3.805347,1.749096,-0.780774,2.960311,0.379331,2.827673,117.584625,1.988487,1.593557,1.435427,3.587249
1773774453.690309,219.000793,553.94696,770.454346,772.947754,77.876129,28.333197,2,3.763459,1.746255,-0.311453,2.899573,0.382431,2.822915,117.1082,1.988487,1.593557,1.435427,3.587249
1773774454.455824,212.616806,545.370667,765.467651,757.987488,78.383453,28.050173,2,3.779135,1.763435,-1.58837,2.892805,0.374936,2.851795,104.082642,1.988487,1.593557,1.435427,3.587249
1773774455.225069,215.808792,557.138977,769.207703,772.947754,78.002342,27.920231,2,3.826828,1.771438,-1.09052,2.943626,0.382292,2.865336,119.217743,1.988487,1.593557,1.435427,3.587249
1773774455.978106,216.872803,537.374634,753.000732,754.247437,79.681198,28.753534,2,3.776488,1.721366,0.645692,2.843699,0.373317,2.781517,118.751808,1.988487,1.593557,1.435427,3.587249
1773774456.73987,220.064789,545.402832,761.727539,765.467651,78.768318,28.749063,2,3.88307,1.721627,0.422194,2.957842,0.378869,2.781948,107.682014,1.988487,1.593557,1.435427,3.587249
1773774457.506621,219.000793,546.466858,766.714294,765.467651,78.256004,28.610065,2,3.83663,1.729779,-0.536273,2.941599,0.378823,2.795451,124.195496,1.988487,1.593557,1.435427,3.587249
1773774458.264657,221.128799,539.352112,757.987488,760.480896,79.156982,29.077497,2,3.791297,1.702674,0.477858,2.873756,0.37651,2.750773,108.596169,1.988487,1.593557,1.435427,3.587249
1773774459.017694,229.640793,533.333435,753.000732,762.974243,79.681198,30.098104,2,3.999576,1.646418,2.202174,3.011683,0.378085,2.660038,140.421829,1.988487,1.593557,1.435427,3.587249
1773774459.786938,233.896805,540.297668,769.207703,774.194458,78.002342,30.211636,2,3.291848,1.640395,6.539328,2.532115,0.383683,2.650482,137.894058,1.988487,1.593557,1.435427,3.587249
1773774460.568649,219.000793,545.220154,781.674561,764.220947,76.758286,28.656738,2,3.148221,1.727033,0.594545,2.460884,0.378222,2.790896,119.38324,1.988487,1.593557,1.435427,3.587249
1773774461.332907,213.680801,544.306702,764.220947,757.987488,78.51133,28.190544,2,3.806098,1.754871,-0.6382,2.9087,0.374982,2.837368,118.933289,1.988487,1.593557,1.435427,3.587249
1773774462.089696,215.808792,543.425415,756.740784,759.234192,79.287384,28.424534,2,3.894661,1.740784,0.324783,2.947248,0.375677,2.81377,122.928505,1.988487,1.593557,1.435427,3.587249
1773774462.846473,219.000793,541.480103,756.740784,760.480896,79.287384,28.79767,2,3.896023,1.718795,0.394583,2.948279,0.376417,2.77727,124.108353,1.988487,1.593557,1.435427,3.587249
1773774463.593277,220.064789,527.949097,746.767273,748.013916,80.346313,29.419878,2,3.828168,1.683367,-0.181621,2.858751,0.37045,2.71933,121.205841,1.988487,1.593557,1.435427,3.587249
1773774464.336341,221.128799,523.145081,743.027161,744.273865,80.750748,29.710678,2,3.861173,1.667318,0.547143,2.868957,0.368692,2.693433,123.249146,1.988487,1.593557,1.435427,3.587249
1773774465.100598,214.744797,541.995972,764.220947,756.740784,78.51133,28.37759,2,3.775999,1.743592,-0.906089,2.885698,0.374427,2.81846,115.55748,1.988487,1.593557,1.435427,3.587249
1773774465.852389,216.872803,537.374634,751.754089,754.247437,79.813332,28.753534,2,3.724096,1.721366,-0.48351,2.799605,0.373317,2.781517,110.94812,1.988487,1.593557,1.435427,3.587249
1773774466.620398,212.616806,550.357422,767.960999,762.974243,78.128967,27.86684,2,3.760693,1.774749,-0.731315,2.888065,0.377341,2.870953,115.277481,1.988487,1.593557,1.435427,3.587249
1773774467.380916,215.808792,548.41217,760.480896,764.220947,78.897446,28.239056,2,3.793637,1.751932,-0.744791,2.884988,0.378082,2.832429,121.192703,1.988487,1.593557,1.435427,3.587249
1773774468.140186,221.128799,544.338867,759.234192,765.467651,79.027,28.888065,2,3.792935,1.713553,0.724157,2.879726,0.378916,2.768631,134.328659,1.988487,1.593557,1.435427,3.587249
1773774468.89447,220.064789,532.935913,754.247437,753.000732,79.549492,29.225042,2,3.763593,1.694298,-0.481528,2.838681,0.372855,2.737094,119.693985,1.988487,1.593557,1.435427,3.587249
1773774469.656235,222.192795,542.028137,761.727539,764.220947,78.768318,29.074419,2,3.729803,1.70285,-1.443153,2.841093,0.378361,2.751061,104.221634,1.988487,1.593557,1.435427,3.587249
1773774470.401791,203.040817,520.039368,745.520569,723.0802,80.480675,28.079987,2,3.870186,1.761609,0.16051,2.885303,0.357678,2.848714,113.925362,1.988487,1.593557,1.435427,3.587249
1773774471.156075,217.936798,553.764282,754.247437,771.70105,79.549492,28.241093,2,3.834667,1.751808,-0.375598,2.892288,0.381783,2.832222,125.993958,1.988487,1.593557,1.435427,3.587249
1773774471.900398,228.576797,528.164001,744.273865,756.740784,80.615486,30.205429,2,4.042136,1.640723,0.427702,3.008456,0.375031,2.651002,123.616455,1.988487,1.593557,1.435427,3.587249
1773774472.700809,206.232788,567.96167,800.374939,774.194458,74.964867,26.638371,2,3.908836,1.854581,-1.510492,3.128534,0.382475,3.009218,145.145615,1.988487,1.593557,1.435427,3.587249
1773774473.462572,210.4888,556.225464,761.727539,766.714294,78.768318,27.453354,2,3.918985,1.800821,-0.722723,2.985199,0.379053,2.915514,124.677383,1.988487,1.593557,1.435427,3.587249
1773774474.21187,226.448807,541.512207,749.26062,767.960999,80.078941,29.48702,2,3.87652,1.679633,2.395417,2.904524,0.380351,2.713286,133.728668,1.988487,1.593557,1.435427,3.587249
1773774474.981114,217.936798,541.297363,769.207703,759.234192,78.002342,28.704819,2,3.956109,1.724213,3.725059,3.043069,0.375769,2.786226,130.42836,1.988487,1.593557,1.435427,3.587249
1773774475.72419,225.384796,526.369263,743.027161,751.754089,80.750748,29.981188,2,3.948615,1.652668,2.006801,2.933928,0.372486,2.669986,114.103493,1.988487,1.593557,1.435427,3.587249
1773774476.490941,217.936798,540.050659,766.714294,757.987488,78.256004,28.752031,2,3.941665,1.721454,-0.678516,3.022131,0.375168,2.781662,104.053688,1.988487,1.593557,1.435427,3.587249
1773774477.250211,219.000793,541.480103,759.234192,760.480896,79.027,28.79767,2,4.009587,1.718795,2.275719,3.044216,0.376417,2.77727,128.319565,1.988487,1.593557,1.435427,3.587249
1773774478.004495,223.256805,535.977417,754.247437,759.234192,79.549492,29.405525,2,4.015269,1.684167,2.42189,3.028506,0.376002,2.720627,115.724197,1.988487,1.593557,1.435427,3.587249
1773774478.771246,209.424805,541.082581,766.714294,750.507385,78.256004,27.90443,2,3.99942,1.772417,1.798835,3.066413,0.371188,2.866995,176.352234,1.988487,1.593557,1.435427,3.587249
1773774479.530517,219.000793,551.453552,759.234192,770.454346,79.027,28.424889,2,4.064706,1.740763,3.123557,3.086064,0.381229,2.813735,144.75766,1.988487,1.593557,1.435427,3.587249
1773774480.302267,222.192795,553.248291,771.70105,775.441101,77.750313,28.653728,2,3.97983,1.72721,1.526356,3.071239,0.383774,2.79119,122.907768,1.988487,1.593557,1.435427,3.587249
1773774481.076497,215.808792,550.905518,774.194458,766.714294,77.499908,28.147224,2,3.933825,1.757505,-0.531573,3.045545,0.379285,2.841798,133.366684,1.988487,1.593557,1.435427,3.587249
1773774481.843248,212.616806,550.357422,766.714294,762.974243,78.256004,27.86684,2,3.952955,1.774749,-0.053955,3.030787,0.377341,2.870953,130.14473,1.988487,1.593557,1.435427,3.587249
1773774482.605012,217.936798,550.02417,761.727539,767.960999,78.768318,28.37863,2,4.029415,1.74353,1.14714,3.069316,0.379979,2.818356,142.954544,1.988487,1.593557,1.435427,3.587249
1773774483.379256,213.680801,555.526917,774.194458,769.207703,77.499908,27.779337,2,3.962385,1.780202,0.374168,3.067657,0.380395,2.880225,139.875015,1.988487,1.593557,1.435427,3.587249
1773774484.14102,210.4888,547.498657,761.727539,757.987488,78.768318,27.769428,2,3.91743,1.780821,0.380337,2.984015,0.374843,2.88128,121.690178,1.988487,1.593557,1.435427,3.587249
1773774484.896549,220.064789,546.649536,755.494141,766.714294,79.418221,28.702318,2,3.967422,1.724359,0.718503,2.997365,0.379471,2.786468,111.987228,1.988487,1.593557,1.435427,3.587249
1773774485.660807,216.872803,543.608093,764.220947,760.480896,78.51133,28.517851,2,3.910288,1.735231,0.861884,2.988324,0.376324,2.804513,113.134789,1.988487,1.593557,1.435427,3.587249
1773774486.441271,213.680801,563.007019,780.427856,776.687805,76.880905,27.511799,2,3.83478,1.797089,-1.093531,2.992769,0.384003,2.909099,108.726006,1.988487,1.593557,1.435427,3.587249
1773774487.191815,221.128799,538.105408,750.507385,759.234192,79.945915,29.125244,2,3.971004,1.699954,1.802249,2.980268,0.375909,2.746325,123.010277,1.988487,1.593557,1.435427,3.587249
1773774487.964812,212.616806,550.357422,772.947754,762.974243,77.624908,27.86684,2,3.843219,1.774749,-0.187716,2.970607,0.377341,2.870953,128.486145,1.988487,1.593557,1.435427,3.587249
1773774488.719095,217.936798,542.544067,754.247437,760.480896,79.549492,28.657761,2,3.942861,1.726973,1.32599,2.973893,0.376371,2.790797,159.690292,1.988487,1.593557,1.435427,3.587249
1773774489.477119,220.064789,540.416138,757.987488,760.480896,79.156982,28.937584,2,3.933767,1.710695,2.130318,2.981746,0.376464,2.76393,135.682266,1.988487,1.593557,1.435427,3.587249
1773774490.24013,222.192795,543.274841,762.974243,765.467651,78.63961,29.027065,2,3.837082,1.705556,1.317765,2.927595,0.378962,2.755495,103.828552,1.988487,1.593557,1.435427,3.587249
1773774491.004388,212.616806,540.383911,764.220947,753.000732,78.51133,28.235935,2,3.883342,1.75212,-0.401778,2.967731,0.37253,2.832746,122.552307,1.988487,1.593557,1.435427,3.587249
1773774491.761177,219.000793,545.220154,756.740784,764.220947,79.287384,28.656738,2,3.925563,1.727033,0.176409,2.970634,0.378222,2.790896,108.594917,1.988487,1.593557,1.435427,3.587249
1773774492.524187,219.000793,543.97345,762.974243,762.974243,78.63961,28.703564,2,3.807548,1.724287,0.01522,2.905061,0.37762,2.786348,117.40934,1.988487,1.593557,1.435427,3.587249
1773774493.279718,221.128799,536.858704,755.494141,757.987488,79.418221,29.173147,2,3.86361,1.697235,0.394987,2.918935,0.375307,2.741883,100.433113,1.988487,1.593557,1.435427,3.587249
1773774494.057689,209.424805,554.796143,777.934509,764.220947,77.127312,27.403698,2,3.8178,1.804005,-0.417493,2.969998,0.377803,2.920995,118.644562,1.988487,1.593557,1.435427,3.587249
1773774494.808233,212.616806,541.630615,750.507385,754.247437,79.945915,28.189266,2,3.84295,1.754949,-0.305469,2.884162,0.373132,2.837498,117.8172,1.988487,1.593557,1.435427,3.587249
1773774495.569997,215.808792,549.658875,761.727539,765.467651,78.768318,28.193066,2,3.810612,1.754718,0.52034,2.902648,0.378684,2.83711,124.331863,1.988487,1.593557,1.435427,3.587249
1773774496.326786,217.936798,541.297363,756.740784,759.234192,79.287384,28.704819,2,3.841182,1.724213,0.609416,2.906779,0.375769,2.786226,113.372009,1.988487,1.593557,1.435427,3.587249
1773774497.074837,222.192795,530.807922,748.013916,753.000732,80.21241,29.507647,2,3.979891,1.67849,2.691432,2.977013,0.372948,2.711437,134.682343,1.988487,1.593557,1.435427,3.587249
1773774497.845328,219.000793,547.713501,770.454346,766.714294,77.876129,28.563547,2,3.866207,1.732525,0.203102,2.978736,0.379424,2.800012,109.108887,1.988487,1.593557,1.435427,3.587249
1773774498.612079,216.872803,547.348145,766.714294,764.220947,78.256004,28.378286,2,3.769124,1.74355,-0.069633,2.889841,0.378129,2.81839,124.3396,1.988487,1.593557,1.435427,3.587249
1773774499.368856,221.128799,540.598755,756.740784,761.727539,79.287384,29.029909,2,3.85813,1.705393,-0.107819,2.919604,0.377112,2.755228,119.693924,1.988487,1.593557,1.435427,3.587249
1773774500.131879,222.192795,542.028137,762.974243,764.220947,78.63961,29.074419,2,3.864194,1.70285,0.014963,2.948281,0.378361,2.751061,98.262749,1.988487,1.593557,1.435427,3.587249
1773774500.888656,222.192795,534.547974,756.740784,756.740784,79.287384,29.361811,2,3.932727,1.686609,0.480171,2.976055,0.374752,2.724589,110.426369,1.988487,1.593557,1.435427,3.587249
1773774501.656653,222.192795,545.768188,767.960999,767.960999,78.128967,28.932821,2,3.814034,1.71097,0.272682,2.929029,0.380165,2.764381,112.53405,1.988487,1.593557,1.435427,3.587249
1773774502.419664,223.256805,540.964111,762.974243,764.220947,78.63961,29.213646,2,3.815591,1.694942,0.406296,2.911197,0.378407,2.738143,130.156616,1.988487,1.593557,1.435427,3.587249
1773774503.182675,225.384796,540.082886,762.974243,765.467651,78.63961,29.444065,2,3.823264,1.68202,0.392784,2.917052,0.379102,2.717148,99.79525,1.988487,1.593557,1.435427,3.587249
1773774503.953166,219.000793,543.97345,770.454346,762.974243,77.876129,28.703564,2,3.775684,1.724287,1.067096,2.908993,0.37762,2.786348,146.771194,1.988487,1.593557,1.435427,3.587249
1773774504.729902,211.552795,556.408203,776.687805,767.960999,77.251114,27.547337,2,3.693466,1.794827,1.041872,2.86867,0.379701,2.905217,135.893204,1.988487,1.593557,1.435427,3.587249
1773774505.49416,219.000793,553.94696,764.220947,772.947754,78.51133,28.333197,2,3.677491,1.746255,-0.189038,2.810416,0.382431,2.822915,126.044846,1.988487,1.593557,1.435427,3.587249
1773774506.259664,220.064789,546.649536,765.467651,766.714294,78.383453,28.702318,2,3.709755,1.724359,1.151289,2.839698,0.379471,2.786468,135.443954,1.988487,1.593557,1.435427,3.587249
1773774507.020181,221.128799,540.598755,760.480896,761.727539,78.897446,29.029909,2,3.683265,1.705393,-0.017311,2.801053,0.377112,2.755228,116.034149,1.988487,1.593557,1.435427,3.587249
1773774507.785686,214.744797,543.242676,765.467651,757.987488,78.383453,28.330915,2,3.634704,1.746393,-0.517254,2.782248,0.375029,2.823144,113.353531,1.988487,1.593557,1.435427,3.587249
1773774508.543721,223.256805,544.704224,757.987488,767.960999,79.156982,29.071373,2,3.798346,1.703023,1.181544,2.879099,0.380212,2.751346,149.039124,1.988487,1.593557,1.435427,3.587249
1773774509.302992,223.256805,535.977417,759.234192,759.234192,79.027,29.405525,2,3.731661,1.684167,-0.327572,2.833205,0.376002,2.720627,117.868561,1.988487,1.593557,1.435427,3.587249
1773774510.069743,216.872803,542.361389,766.714294,759.234192,78.256004,28.564676,2,3.753947,1.732458,0.214779,2.878205,0.375723,2.799901,115.573326,1.988487,1.593557,1.435427,3.587249
1773774510.83026,214.744797,543.242676,760.480896,757.987488,78.897446,28.330915,2,3.870898,1.746393,-0.917949,2.943744,0.375029,2.823144,130.208282,1.988487,1.593557,1.435427,3.587249
1773774511.601998,216.872803,557.321655,771.70105,774.194458,77.750313,28.012705,2,3.794645,1.765735,-0.791018,2.928332,0.38294,2.855681,112.622299,1.988487,1.593557,1.435427,3.587249
1773774512.36876,222.192795,550.754944,766.714294,772.947754,78.256004,28.746161,2,3.722921,1.721796,0.294639,2.854417,0.382571,2.782228,87.969093,1.988487,1.593557,1.435427,3.587249
1773774513.134265,223.256805,543.45752,765.467651,766.714294,78.383453,29.118645,2,3.697182,1.70033,-0.645103,2.830073,0.37961,2.746939,112.383636,1.988487,1.593557,1.435427,3.587249
1773774513.899769,221.128799,541.845459,765.467651,762.974243,78.383453,28.982471,2,3.781678,1.708113,0.092767,2.894752,0.377713,2.759689,104.812019,1.988487,1.593557,1.435427,3.587249
1773774514.678987,220.064789,557.869751,779.181213,777.934509,77.003906,28.288343,2,3.824338,1.748955,-0.845029,2.979853,0.384883,2.827437,121.599442,1.988487,1.593557,1.435427,3.587249
1773774515.443244,223.256805,544.704224,764.220947,767.960999,78.51133,29.071373,2,3.7538,1.703023,0.558269,2.868732,0.380212,2.751346,133.513321,1.988487,1.593557,1.435427,3.587249
1773774516.20502,223.256805,538.470703,761.727539,761.727539,78.768318,29.309273,2,3.627583,1.689554,-0.574716,2.76323,0.377205,2.729373,107.590973,1.988487,1.593557,1.435427,3.587249
1773774516.969277,225.384796,541.329468,764.220947,766.714294,78.51133,29.396191,2,3.694312,1.684688,0.527059,2.823271,0.379703,2.721472,117.796196,1.988487,1.593557,1.435427,3.587249
1773774517.733535,222.192795,538.288086,764.220947,760.480896,78.51133,29.217407,2,3.656854,1.69473,1.152464,2.794644,0.376557,2.737797,131.010315,1.988487,1.593557,1.435427,3.587249
1773774518.501532,214.744797,544.48938,767.960999,759.234192,78.128967,28.284395,2,3.680182,1.749193,0.10973,2.826236,0.37563,2.827836,109.002441,1.988487,1.593557,1.435427,3.587249
1773774519.253323,223.256805,538.470703,751.754089,761.727539,79.813332,29.309273,2,3.921081,1.689554,1.352757,2.947689,0.377205,2.729373,110.24044,1.988487,1.593557,1.435427,3.587249
1773774520.023826,216.872803,546.10144,770.454346,762.974243,77.876129,28.424656,2,3.761574,1.740777,-0.435741,2.898121,0.377527,2.813758,113.230286,1.988487,1.593557,1.435427,3.587249
1773774520.766889,226.448807,527.798645,743.027161,754.247437,80.750748,30.023146,2,3.995367,1.650419,2.675166,2.968666,0.373736,2.666403,124.585869,1.988487,1.593557,1.435427,3.587249
1773774521.54112,215.808792,545.918762,774.194458,761.727539,77.499908,28.331493,2,3.799612,1.746358,-0.803355,2.941639,0.376879,2.823086,110.254974,1.988487,1.593557,1.435427,3.587249
1773774522.291664,222.192795,535.794678,750.507385,757.987488,79.945915,29.313517,2,3.965314,1.689316,0.455203,2.975998,0.375354,2.728985,121.161842,1.988487,1.593557,1.435427,3.587249
1773774523.055922,219.000793,541.480103,764.220947,760.480896,78.51133,28.79767,2,3.851149,1.718795,0.528527,2.943128,0.376417,2.77727,110.216164,1.988487,1.593557,1.435427,3.587249
1773774523.806465,227.512787,532.96814,750.507385,760.480896,79.945915,29.916964,2,3.458869,1.656122,5.185489,2.595906,0.376789,2.675498,114.312531,1.988487,1.593557,1.435427,3.587249
1773774524.573228,221.128799,538.105408,766.714294,759.234192,78.256004,29.125244,2,3.287167,1.699954,0.906569,2.520318,0.375909,2.746325,118.005112,1.988487,1.593557,1.435427,3.587249
1773774525.336239,224.320801,542.393494,762.974243,766.714294,78.63961,29.257416,2,3.648274,1.692472,-0.132346,2.783539,0.379657,2.734119,115.784958,1.988487,1.593557,1.435427,3.587249
1773774526.096757,226.448807,536.525452,760.480896,762.974243,78.897446,29.679745,2,3.73622,1.66901,3.050159,2.841324,0.377945,2.696154,114.833611,1.988487,1.593557,1.435427,3.587249
1773774526.866001,221.128799,541.845459,769.207703,762.974243,78.002342,28.982471,2,3.825242,1.708113,1.07187,2.942405,0.377713,2.759689,113.328697,1.988487,1.593557,1.435427,3.587249
1773774527.616544,222.192795,529.561279,750.507385,751.754089,79.945915,29.556578,2,3.898618,1.675783,1.221236,2.925942,0.372347,2.707066,132.113571,1.988487,1.593557,1.435427,3.587249
1773774528.373321,221.128799,534.365356,756.740784,755.494141,79.287384,29.269426,2,3.873433,1.691795,-0.921768,2.931185,0.374105,2.733018,98.288651,1.988487,1.593557,1.435427,3.587249
1773774529.130111,221.128799,535.612,756.740784,756.740784,79.287384,29.221207,2,3.703031,1.694515,0.381805,2.802235,0.374706,2.737447,94.114372,1.988487,1.593557,1.435427,3.587249
1773774529.880655,223.256805,529.743896,750.507385,753.000732,79.945915,29.648951,2,3.817965,1.670698,0.751915,2.865411,0.372995,2.69887,117.240303,1.988487,1.593557,1.435427,3.587249
1773774530.646158,220.064789,541.66272,765.467651,761.727539,78.383453,28.890223,2,3.80114,1.713428,1.423401,2.90965,0.377065,2.768425,138.405487,1.988487,1.593557,1.435427,3.587249
1773774531.417896,221.128799,551.81897,771.70105,772.947754,77.750313,28.608503,2,3.781091,1.729871,0.738991,2.917871,0.382524,2.795604,154.89711,1.988487,1.593557,1.435427,3.587249
1773774532.167193,222.192795,528.314575,749.26062,750.507385,80.078941,29.605679,2,3.862811,1.673076,0.111236,2.894252,0.371745,2.7027,121.185371,1.988487,1.593557,1.435427,3.587249
1773774532.93271,229.640793,544.55365,765.467651,774.194458,78.383453,29.6619,2,3.864589,1.669988,2.580545,2.958218,0.383497,2.697726,153.981903,1.988487,1.593557,1.435427,3.587249
1773774533.701954,223.256805,538.470703,769.207703,761.727539,78.002342,29.309273,2,3.697527,1.689554,0.895076,2.844166,0.377205,2.729373,125.571152,1.988487,1.593557,1.435427,3.587249
1773774534.463717,225.384796,538.836182,761.727539,764.220947,78.768318,29.492098,2,3.738985,1.679351,1.840619,2.848088,0.3785,2.71283,131.680801,1.988487,1.593557,1.435427,3.587249
1773774535.230468,224.320801,541.146851,766.714294,765.467651,78.256004,29.305065,2,3.762354,1.689791,2.115227,2.884651,0.379055,2.729757,142.264816,1.988487,1.593557,1.435427,3.587249
1773774535.998466,215.808792,542.178711,767.960999,757.987488,78.128967,28.471289,2,3.851811,1.737998,0.852961,2.958041,0.375075,2.809121,158.848923,1.988487,1.593557,1.435427,3.587249
1773774536.771463,214.744797,556.956238,772.947754,771.70105,77.624908,27.827459,2,3.786465,1.777198,0.666584,2.92674,0.381644,2.875115,172.118469,1.988487,1.593557,1.435427,3.587249
1773774537.5245,223.256805,539.717407,753.000732,762.974243,79.681198,29.261381,2,3.769846,1.692248,1.767735,2.838697,0.377806,2.733755,124.439972,1.988487,1.593557,1.435427,3.587249
1773774538.293743,222.192795,545.768188,769.207703,767.960999,78.002342,28.932821,2,3.835027,1.71097,0.991349,2.949932,0.380165,2.764381,132.868759,1.988487,1.593557,1.435427,3.587249
1773774539.055508,212.616806,537.890564,761.727539,750.507385,78.768318,28.329742,2,4.043471,1.746463,1.720186,3.080023,0.371327,2.823262,152.43187,1.988487,1.593557,1.435427,3.587249
1773774539.822258,216.872803,554.828247,766.714294,771.70105,78.256004,28.103214,2,3.882657,1.760189,-0.350227,2.976889,0.381737,2.846319,106.756317,1.988487,1.593557,1.435427,3.587249
1773774540.580283,215.808792,540.932007,757.987488,756.740784,79.156982,28.51819,2,3.940003,1.735211,-0.544168,2.986473,0.374474,2.80448,126.906464,1.988487,1.593557,1.435427,3.587249
1773774541.347046,199.848801,548.1651,766.714294,748.013916,78.256004,26.717258,2,3.899479,1.849234,-1.611906,2.989786,0.369567,2.999788,109.740173,1.988487,1.593557,1.435427,3.587249
1773774542.098836,212.616806,554.097473,751.754089,766.714294,79.813332,27.730904,2,4.079739,1.783234,0.010814,3.06696,0.379146,2.885393,115.842934,1.988487,1.593557,1.435427,3.587249
1773774542.85312,214.744797,541.995972,754.247437,756.740784,79.549492,28.37759,2,4.032687,1.743592,0.366017,3.041644,0.374427,2.81846,137.218674,1.988487,1.593557,1.435427,3.587249
1773774543.599923,219.000793,532.753296,746.767273,751.754089,80.346313,29.131973,2,3.971322,1.699572,0.492765,2.965653,0.372208,2.7457,102.405823,1.988487,1.593557,1.435427,3.587249
1773774544.365428,212.616806,545.370667,765.467651,757.987488,78.383453,28.050173,2,3.940341,1.763435,-0.576846,3.016203,0.374936,2.851795,124.514435,1.988487,1.593557,1.435427,3.587249
1773774545.118465,217.936798,541.297363,753.000732,759.234192,79.681198,28.704819,2,4.045068,1.724213,0.543214,3.045939,0.375769,2.786226,102.594978,1.988487,1.593557,1.435427,3.587249
1773774545.881487,221.128799,545.58551,762.974243,766.714294,78.63961,28.841097,2,4.028925,1.716272,0.452266,3.073966,0.379517,2.77311,114.078148,1.988487,1.593557,1.435427,3.587249
1773774546.638265,220.064789,535.429321,756.740784,755.494141,79.287384,29.12859,2,3.944314,1.699764,1.020062,2.984823,0.374058,2.746014,127.41674,1.988487,1.593557,1.435427,3.587249
1773774547.403769,215.808792,544.672119,765.467651,760.480896,78.383453,28.377937,2,3.911228,1.743571,0.598804,2.993919,0.376278,2.818425,131.017685,1.988487,1.593557,1.435427,3.587249
1773774548.1593,215.808792,539.685364,755.494141,755.494141,79.418221,28.565248,2,3.836587,1.732424,0.152506,2.898519,0.373872,2.799845,118.498856,1.988487,1.593557,1.435427,3.587249
1773774548.921064,195.592804,542.447632,761.727539,738.040466,78.768318,26.501638,2,3.825961,1.863924,-0.331685,2.91434,0.36457,3.025754,125.460785,1.988487,1.593557,1.435427,3.587249
1773774549.672854,217.936798,559.997681,751.754089,777.934509,79.813332,28.014799,2,3.669366,1.765606,4.323918,2.758461,0.384791,2.855464,111.244087,1.988487,1.593557,1.435427,3.587249
1773774550.43463,221.128799,544.338867,761.727539,765.467651,78.768318,28.888065,2,3.541998,1.713553,0.431924,2.698038,0.378916,2.768631,118.067719,1.988487,1.593557,1.435427,3.587249
1773774551.183927,223.256805,528.497314,749.26062,751.754089,80.078941,29.698116,2,3.89028,1.668005,1.117142,2.914834,0.372393,2.694537,126.693077,1.988487,1.593557,1.435427,3.587249
1773774551.950678,224.320801,543.640198,766.714294,767.960999,78.256004,29.209921,2,3.829976,1.695153,1.384077,2.936497,0.380258,2.738487,125.237907,1.988487,1.593557,1.435427,3.587249
1773774552.711196,226.448807,536.525452,760.480896,762.974243,78.897446,29.679745,2,3.863616,1.66901,1.695623,2.938206,0.377945,2.696154,119.13549,1.988487,1.593557,1.435427,3.587249
1773774553.479193,229.640793,542.060242,767.960999,771.70105,78.128967,29.757742,2,3.889244,1.66475,1.686296,2.986787,0.382294,2.68931,128.173294,1.988487,1.593557,1.435427,3.587249
1773774554.242216,228.576797,533.150757,762.974243,761.727539,78.63961,30.007685,2,3.831697,1.651247,1.746439,2.923486,0.377437,2.667722,135.641678,1.988487,1.593557,1.435427,3.587249
1773774555.013953,231.768814,543.672302,771.70105,775.441101,77.750313,29.888641,2,3.792517,1.65765,0.819989,2.926689,0.384192,2.677939,121.107933,1.988487,1.593557,1.435427,3.587249
1773774555.779458,227.512787,532.96814,765.467651,760.480896,78.383453,29.916964,2,3.576825,1.656122,0.549456,2.737944,0.376789,2.675498,114.619148,1.988487,1.593557,1.435427,3.587249
1773774556.561169,222.192795,553.248291,781.674561,775.441101,76.758286,28.653728,2,3.541629,1.72721,0.435633,2.768401,0.383774,2.79119,121.131752,1.988487,1.593557,1.435427,3.587249
1773774557.311713,226.448807,529.045349,750.507385,755.494141,79.945915,29.973602,2,3.661084,1.653075,-0.606954,2.74767,0.374337,2.670635,116.156265,1.988487,1.593557,1.435427,3.587249
1773774558.063515,223.256805,524.75708,751.754089,748.013916,79.813332,29.846611,2,3.7591,1.659923,-0.021424,2.825919,0.370589,2.681575,105.949539,1.988487,1.593557,1.435427,3.587249
1773774558.822786,224.320801,536.160095,759.234192,760.480896,79.027,29.497231,2,3.765122,1.679067,0.487625,2.858609,0.37665,2.71237,109.404854,1.988487,1.593557,1.435427,3.587249
1773774559.59951,212.616806,550.357422,776.687805,762.974243,77.251114,27.86684,2,3.804987,1.774749,-1.271426,2.955287,0.377341,2.870953,120.366608,1.988487,1.593557,1.435427,3.587249
1773774560.346314,221.128799,535.612,746.767273,756.740784,80.346313,29.221207,2,3.874656,1.694515,0.763188,2.893466,0.374706,2.737447,148.632858,1.988487,1.593557,1.435427,3.587249
1773774561.118052,223.256805,550.937622,771.70105,774.194458,77.750313,28.837303,2,3.686538,1.716492,1.884643,2.844905,0.383219,2.773473,155.690475,1.988487,1.593557,1.435427,3.587249
1773774561.869842,225.384796,528.862671,751.754089,754.247437,79.813332,29.882076,2,3.877541,1.658005,0.538808,2.914957,0.373689,2.678506,145.937698,1.988487,1.593557,1.435427,3.587249
1773774562.639098,222.192795,543.274841,769.207703,765.467651,78.002342,29.027065,2,3.718762,1.705556,-0.307708,2.860501,0.378962,2.755495,122.709122,1.988487,1.593557,1.435427,3.587249
1773774563.394629,216.872803,532.387817,755.494141,749.26062,79.418221,28.94491,2,3.665479,1.710273,0.020691,2.769248,0.370912,2.763237,142.632004,1.988487,1.593557,1.435427,3.587249
1773774564.146419,223.256805,535.977417,751.754089,759.234192,79.813332,29.405525,2,3.791197,1.684167,0.506093,2.850048,0.376002,2.720627,119.680313,1.988487,1.593557,1.435427,3.587249
1773774564.90943,216.872803,538.621338,762.974243,755.494141,78.63961,28.706085,2,3.837598,1.724139,0.700328,2.927989,0.373919,2.786103,137.9431,1.988487,1.593557,1.435427,3.587249
1773774565.666207,220.064789,540.416138,756.740784,760.480896,79.287384,28.937584,2,3.767562,1.710695,-0.842201,2.851068,0.376464,2.76393,111.541229,1.988487,1.593557,1.435427,3.587249
1773774566.417997,216.872803,531.141113,751.754089,748.013916,79.813332,28.993151,2,3.829704,1.7075,-0.177949,2.878996,0.37031,2.758683,115.640442,1.988487,1.593557,1.435427,3.587249
1773774567.177281,223.256805,543.45752,759.234192,766.714294,79.027,29.118645,2,3.968414,1.70033,0.850171,3.012956,0.37961,2.746939,141.432663,1.988487,1.593557,1.435427,3.587249
1773774567.919098,220.064789,517.975708,741.780518,738.040466,80.886459,29.817442,2,4.085253,1.661504,0.512812,3.030361,0.365639,2.684107,148.856415,1.988487,1.593557,1.435427,3.587249
1773774568.707042,204.104813,565.102905,787.908081,769.207703,76.151016,26.53442,2,4.053153,1.861675,-1.903514,3.193512,0.379977,3.021768,137.143677,1.988487,1.593557,1.435427,3.587249
1773774569.450105,216.872803,541.114685,743.027161,757.987488,80.750748,28.61166,2,4.109409,1.729685,0.436624,3.053402,0.375122,2.795295,121.037498,1.988487,1.593557,1.435427,3.587249
1773774570.205636,215.808792,538.43866,755.494141,754.247437,79.418221,28.612465,2,3.882586,1.729638,-0.83864,2.93327,0.373271,2.795217,105.220322,1.988487,1.593557,1.435427,3.587249
1773774570.95992,212.616806,537.890564,754.247437,750.507385,79.549492,28.329742,2,3.973306,1.746463,-0.071469,2.996856,0.371327,2.823262,128.631866,1.988487,1.593557,1.435427,3.587249
1773774571.70923,219.000793,537.73999,749.26062,756.740784,80.078941,28.940001,2,4.047637,1.710556,0.769907,3.032735,0.374613,2.763701,128.993881,1.988487,1.593557,1.435427,3.587249
1773774572.456033,216.872803,527.401062,746.767273,744.273865,80.346313,29.138845,2,3.930394,1.699181,-0.806476,2.93509,0.368506,2.745062,108.07312,1.988487,1.593557,1.435427,3.587249
1773774573.211563,209.424805,537.342468,755.494141,746.767273,79.418221,28.044186,2,3.953199,1.763802,-0.467906,2.986619,0.369384,2.852415,133.421814,1.988487,1.593557,1.435427,3.587249
1773774573.952134,212.616806,531.657043,740.533813,744.273865,81.022636,28.567013,2,4.083362,1.73232,-1.077376,3.023867,0.36832,2.799672,131.455353,1.988487,1.593557,1.435427,3.587249
1773774574.702678,212.616806,537.890564,750.507385,750.507385,79.945915,28.329742,2,3.98294,1.746463,-0.825311,2.989226,0.371327,2.823262,128.298553,1.988487,1.593557,1.435427,3.587249
1773774575.451975,214.744797,537.009277,749.26062,751.754089,80.078941,28.56583,2,3.899438,1.73239,-1.522168,2.921695,0.372022,2.799788,106.335823,1.988487,1.593557,1.435427,3.587249
1773774576.203765,209.424805,536.095764,751.754089,745.520569,79.813332,28.091082,2,3.936278,1.76093,-0.441359,2.959113,0.368782,2.847569,120.60466,1.988487,1.593557,1.435427,3.587249
1773774576.953063,204.104813,538.922363,749.26062,743.027161,80.078941,27.46936,2,3.998274,1.799797,-1.453728,2.995749,0.367347,2.913753,119.1828,1.988487,1.593557,1.435427,3.587249
1773774577.684906,212.616806,529.163696,731.807007,741.780518,81.988831,28.663033,2,4.145188,1.726663,-0.451309,3.033478,0.367118,2.790284,137.90683,1.988487,1.593557,1.435427,3.587249
1773774578.440448,212.616806,542.877319,755.494141,755.494141,79.418221,28.142748,2,4.159946,1.757777,0.417127,3.142815,0.373733,2.842257,148.54834,1.988487,1.593557,1.435427,3.587249
1773774579.194732,208.360794,540.899841,754.247437,749.26062,79.549492,27.808853,2,4.035998,1.778358,-0.394618,3.044141,0.37054,2.877088,125.122391,1.988487,1.593557,1.435427,3.587249
1773774579.930316,216.872803,528.647766,735.547058,745.520569,81.571938,29.090115,2,4.232511,1.701954,0.554744,3.113211,0.369108,2.749596,127.102669,1.988487,1.593557,1.435427,3.587249
1773774580.675873,209.424805,527.368958,745.520569,736.793762,80.480675,28.423803,2,4.026289,1.740828,-0.718207,3.001681,0.364573,2.813843,124.91275,1.988487,1.593557,1.435427,3.587249
1773774581.420184,201.976791,533.570251,744.273865,735.547058,80.615486,27.459398,2,4.002078,1.800434,-0.903225,2.978642,0.363646,2.914849,126.918182,1.988487,1.593557,1.435427,3.587249
1773774582.157014,215.808792,537.191956,736.793762,753.000732,81.433914,28.659838,2,4.139557,1.726851,0.526839,3.05,0.37267,2.790595,128.206284,1.988487,1.593557,1.435427,3.587249
1773774582.896337,212.616806,522.930237,739.287109,735.547058,81.159264,28.905943,2,3.951608,1.71252,-0.786942,2.921373,0.36411,2.766931,113.849152,1.988487,1.593557,1.435427,3.587249
1773774583.638154,212.616806,529.163696,741.780518,741.780518,80.886459,28.663033,2,3.973658,1.726663,-0.02326,2.947582,0.367118,2.790284,127.775177,1.988487,1.593557,1.435427,3.587249
1773774584.388698,214.744797,538.25592,750.507385,753.000732,79.945915,28.518538,2,4.092453,1.73519,0.144281,3.071416,0.372623,2.804446,134.872879,1.988487,1.593557,1.435427,3.587249
1773774585.144241,215.808792,540.932007,755.494141,756.740784,79.418221,28.51819,2,3.969043,1.735211,0.043382,2.998589,0.374474,2.80448,107.914825,1.988487,1.593557,1.435427,3.587249
1773774585.893537,217.936798,533.817261,749.26062,751.754089,80.078941,28.990438,2,3.974129,1.707656,0.796527,2.977658,0.372161,2.758939,120.327934,1.988487,1.593557,1.435427,3.587249
1773774586.647821,199.848801,533.204895,754.247437,733.053711,79.549492,27.262506,2,3.930769,1.813122,0.235781,2.964772,0.36235,2.936738,124.876396,1.988487,1.593557,1.435427,3.587249
1773774587.395872,222.192795,552.001648,748.013916,774.194458,80.21241,28.699869,2,4.044542,1.724503,1.885451,3.025374,0.383172,2.786706,143.235397,1.988487,1.593557,1.435427,3.587249
1773774588.161376,221.128799,543.092163,765.467651,764.220947,78.383453,28.93519,2,3.94997,1.710833,0.809965,3.023574,0.378314,2.764157,127.022697,1.988487,1.593557,1.435427,3.587249
1773774588.929374,212.616806,545.370667,767.960999,757.987488,78.128967,28.050173,2,3.915507,1.763435,-1.705791,3.006957,0.374936,2.851795,106.52755,1.988487,1.593557,1.435427,3.587249
1773774589.678683,216.872803,537.374634,749.26062,754.247437,80.078941,28.753534,2,4.075944,1.721366,2.671421,3.053945,0.373317,2.781517,142.555008,1.988487,1.593557,1.435427,3.587249
1773774590.430473,208.360794,533.419739,751.754089,741.780518,79.813332,28.089279,2,4.142216,1.76104,0.119387,3.113928,0.366932,2.847755,117.08773,1.988487,1.593557,1.435427,3.587249
1773774591.178524,220.064789,541.66272,748.013916,761.727539,80.21241,28.890223,2,4.198328,1.713428,2.302118,3.140408,0.377065,2.768425,124.056618,1.988487,1.593557,1.435427,3.587249
1773774591.940288,215.808792,540.932007,761.727539,756.740784,78.768318,28.51819,2,4.058164,1.735211,0.442756,3.091215,0.374474,2.80448,118.216164,1.988487,1.593557,1.435427,3.587249
1773774592.684598,214.744797,528.282349,744.273865,743.027161,80.615486,28.901339,2,3.893059,1.712786,0.212796,2.897502,0.367812,2.767368,107.315987,1.988487,1.593557,1.435427,3.587249
1773774593.440129,213.680801,540.56665,755.494141,754.247437,79.418221,28.330332,2,3.929548,1.746428,0.02752,2.968751,0.373178,2.823203,96.963036,1.988487,1.593557,1.435427,3.587249
1773774594.186933,205.168793,531.625,746.767273,736.793762,80.346313,27.846163,2,4.079735,1.776034,0.773909,3.046613,0.364387,2.873136,146.647507,1.988487,1.593557,1.435427,3.587249
1773774594.948709,214.744797,558.202942,761.727539,772.947754,78.768318,27.782578,2,4.046867,1.779999,0.421937,3.08261,0.382246,2.87988,132.692307,1.988487,1.593557,1.435427,3.587249
1773774595.717953,217.936798,555.010986,769.207703,772.947754,78.002342,28.195541,2,3.861459,1.754568,-0.019404,2.970264,0.382385,2.836858,136.151031,1.988487,1.593557,1.435427,3.587249
1773774596.485951,216.872803,549.841492,767.960999,766.714294,78.128967,28.286001,2,3.741122,1.749096,-0.717987,2.873035,0.379331,2.827673,140.327408,1.988487,1.593557,1.435427,3.587249
1773774597.241481,215.808792,538.43866,755.494141,754.247437,79.418221,28.612465,2,3.852118,1.729638,-0.64716,2.910252,0.373271,2.795217,124.98645,1.988487,1.593557,1.435427,3.587249
1773774597.973325,253.048798,522.392334,731.807007,775.441101,81.988831,32.632885,2,3.927733,1.521922,5.242437,2.874342,0.385121,2.468797,161.1259,1.988487,1.593557,1.435427,3.587249
1773774598.766268,230.704803,536.009521,792.894836,766.714294,75.672081,30.090061,2,3.822842,1.646846,3.376466,3.031112,0.379935,2.660718,113.071922,1.988487,1.593557,1.435427,3.587249
1773774599.525538,222.192795,527.06781,759.234192,749.26062,79.027,29.654942,2,3.844921,1.670369,0.61742,2.919195,0.371144,2.698341,174.682236,1.988487,1.593557,1.435427,3.587249
1773774600.292289,220.064789,544.156128,766.714294,764.220947,78.256004,28.795963,2,3.672228,1.718894,0.251643,2.81555,0.378268,2.777434,126.314705,1.988487,1.593557,1.435427,3.587249
1773774601.045327,234.960815,535.49353,753.000732,770.454346,79.681198,30.496397,2,3.809392,1.625485,2.581941,2.868475,0.381925,2.626962,129.39827,1.988487,1.593557,1.435427,3.587249
1773774601.822051,227.512787,540.448242,776.687805,767.960999,77.251114,29.625565,2,3.689356,1.671983,0.310647,2.865478,0.380397,2.700938,144.970474,1.988487,1.593557,1.435427,3.587249
1773774602.591307,233.896805,542.791016,769.207703,776.687805,78.002342,30.114647,2,3.678236,1.645537,2.316916,2.829327,0.384886,2.658639,149.313431,1.988487,1.593557,1.435427,3.587249
1773774603.368031,224.320801,541.146851,776.687805,765.467651,77.251114,29.305065,2,3.662267,1.689791,-0.037873,2.844438,0.379055,2.729757,110.642242,1.988487,1.593557,1.435427,3.587249
1773774604.124809,225.384796,532.602661,756.740784,757.987488,79.287384,29.734632,2,3.605783,1.66601,-2.038927,2.728642,0.375493,2.691332,105.941772,1.988487,1.593557,1.435427,3.587249
1773774604.874106,224.320801,523.693115,749.26062,748.013916,80.078941,29.988855,2,3.650281,1.652257,-2.24895,2.735012,0.370636,2.66933,102.732727,1.988487,1.593557,1.435427,3.587249
1773774605.642104,230.704803,544.736328,767.960999,775.441101,78.128967,29.751429,2,3.56322,1.665094,-0.229574,2.736413,0.384145,2.689862,105.452759,1.988487,1.593557,1.435427,3.587249
1773774606.400127,225.384796,526.369263,757.987488,751.754089,79.156982,29.981188,2,3.596944,1.652668,0.382209,2.726439,0.372486,2.669986,113.927437,1.988487,1.593557,1.435427,3.587249
1773774607.17063,223.256805,544.704224,770.454346,767.960999,77.876129,29.071373,2,3.602263,1.703023,-0.249585,2.775379,0.380212,2.751346,116.16217,1.988487,1.593557,1.435427,3.587249
1773774607.922421,225.384796,528.862671,751.754089,754.247437,79.813332,29.882076,2,3.886235,1.658005,1.48079,2.921493,0.373689,2.678506,123.13842,1.988487,1.593557,1.435427,3.587249
1773774608.684185,228.576797,536.890869,761.727539,765.467651,78.768318,29.861065,2,3.782314,1.659141,0.200055,2.881093,0.379241,2.680323,124.466042,1.988487,1.593557,1.435427,3.587249
1773774609.448443,228.576797,535.644165,764.220947,764.220947,78.51133,29.909781,2,3.751151,1.656509,0.720816,2.866709,0.37864,2.676116,102.526115,1.988487,1.593557,1.435427,3.587249
1773774610.220179,229.640793,543.306946,771.70105,772.947754,77.750313,29.709743,2,3.801686,1.667369,1.405042,2.933765,0.382896,2.693516,130.581833,1.988487,1.593557,1.435427,3.587249
1773774610.985696,215.808792,533.451843,765.467651,749.26062,78.383453,28.802902,2,3.777511,1.71849,-1.435479,2.891563,0.370865,2.776768,119.113663,1.988487,1.593557,1.435427,3.587249
1773774611.733746,219.000793,532.753296,748.013916,751.754089,80.21241,29.131973,2,3.775741,1.699572,0.155517,2.824307,0.372208,2.7457,131.75119,1.988487,1.593557,1.435427,3.587249
1773774612.493017,211.552795,538.95459,759.234192,750.507385,79.027,28.187969,2,3.75207,1.755028,-0.905906,2.8487,0.371281,2.837631,115.980972,1.988487,1.593557,1.435427,3.587249
1773774613.244808,221.128799,541.845459,751.754089,762.974243,79.813332,28.982471,2,3.877134,1.708113,1.442934,2.914651,0.377713,2.759689,119.429253,1.988487,1.593557,1.435427,3.587249
1773774614.012804,216.872803,546.10144,767.960999,762.974243,78.128967,28.424656,2,3.842821,1.740777,-0.126251,2.951137,0.377527,2.813758,135.264297,1.988487,1.593557,1.435427,3.587249
1773774614.769582,214.744797,539.502625,756.740784,754.247437,79.287384,28.471397,2,3.90699,1.737991,2.439,2.956579,0.373225,2.809111,141.747726,1.988487,1.593557,1.435427,3.587249
1773774615.518892,221.128799,535.612,749.26062,756.740784,80.078941,29.221207,2,3.923294,1.694515,1.854241,2.93957,0.374706,2.737447,118.220192,1.988487,1.593557,1.435427,3.587249
1773774616.268189,230.704803,529.776123,749.26062,760.480896,80.078941,30.336699,2,3.973186,1.633812,3.478356,2.976952,0.376928,2.640075,133.44928,1.988487,1.593557,1.435427,3.587249
1773774617.054887,222.192795,554.494995,786.661377,776.687805,76.271698,28.607735,2,3.687378,1.729916,0.014963,2.900718,0.384375,2.795679,115.730324,1.988487,1.593557,1.435427,3.587249
1773774617.810417,225.384796,533.849365,755.494141,759.234192,79.418221,29.685806,2,3.842192,1.668678,2.312913,2.902754,0.376095,2.69562,138.933777,1.988487,1.593557,1.435427,3.587249
1773774618.548494,220.064789,511.742218,738.040466,731.807007,81.296356,30.071426,2,3.911214,1.64784,1.123457,2.886634,0.362631,2.662298,114.201508,1.988487,1.593557,1.435427,3.587249
1773774619.296544,220.064789,527.949097,748.013916,748.013916,80.21241,29.419878,2,3.776148,1.683367,0.289682,2.824612,0.37045,2.71933,105.851471,1.988487,1.593557,1.435427,3.587249
1773774620.059568,214.744797,541.995972,762.974243,756.740784,78.63961,28.37759,2,3.853985,1.743592,-0.465078,2.940491,0.374427,2.81846,131.08728,1.988487,1.593557,1.435427,3.587249
1773774620.816345,220.064789,542.909424,756.740784,762.974243,79.287384,28.843016,2,3.979369,1.716161,1.027221,3.011351,0.377667,2.772927,134.099457,1.988487,1.593557,1.435427,3.587249
1773774621.579355,213.680801,541.813354,762.974243,755.494141,78.63961,28.283581,2,3.910027,1.749242,-0.563517,2.98325,0.373779,2.827918,128.263687,1.988487,1.593557,1.435427,3.587249
1773774622.332392,215.808792,539.685364,753.000732,755.494141,79.681198,28.565248,2,3.854773,1.732424,-0.187055,2.902647,0.373872,2.799845,123.668488,1.988487,1.593557,1.435427,3.587249
1773774623.084183,216.872803,536.12793,751.754089,753.000732,79.813332,28.80114,2,3.806242,1.718593,-0.123388,2.861358,0.372716,2.776937,110.226761,1.988487,1.593557,1.435427,3.587249
1773774623.835973,222.192795,535.794678,751.754089,757.987488,79.813332,29.313517,2,3.428988,1.689316,2.555504,2.577755,0.375354,2.728985,73.35099,1.988487,1.593557,1.435427,3.587249
1773774624.606464,213.680801,546.80011,770.454346,760.480896,77.876129,28.098116,2,3.37119,1.7605,0.103782,2.597348,0.376185,2.846844,119.770576,1.988487,1.593557,1.435427,3.587249
1773774625.359513,210.4888,538.771851,753.000732,749.26062,79.681198,28.092867,2,3.926362,1.760821,-0.129923,2.956553,0.370633,2.847385,115.919403,1.988487,1.593557,1.435427,3.587249
1773774626.111304,207.296799,540.717102,751.754089,748.013916,79.813332,27.712959,2,3.99975,1.784361,-0.550336,3.006828,0.369892,2.887314,127.863373,1.988487,1.593557,1.435427,3.587249
1773774626.876808,212.616806,559.084229,765.467651,771.70105,78.383453,27.551708,2,4.026597,1.794549,-0.089534,3.08223,0.381551,2.904741,127.908264,1.988487,1.593557,1.435427,3.587249
1773774627.638572,208.360794,548.380005,761.727539,756.740784,78.768318,27.533972,2,3.915154,1.795677,-1.228137,2.98228,0.374149,2.906675,101.406143,1.988487,1.593557,1.435427,3.587249
1773774628.394103,205.168793,546.585327,755.494141,751.754089,79.418221,27.292009,2,4.063088,1.811209,-2.469988,3.069639,0.371604,2.933429,113.712875,1.988487,1.593557,1.435427,3.587249
1773774629.148387,216.872803,551.088196,754.247437,767.960999,79.549492,28.240082,2,4.149288,1.751869,-0.10602,3.12959,0.379933,2.832325,122.947998,1.988487,1.593557,1.435427,3.587249
1773774629.908916,211.552795,542.694641,760.480896,754.247437,78.897446,28.048197,2,3.999643,1.763556,-0.627773,3.041652,0.373085,2.852,128.754456,1.988487,1.593557,1.435427,3.587249
1773774630.67442,215.808792,554.645569,765.467651,770.454346,78.383453,28.01059,2,3.874799,1.765865,0.161722,2.966033,0.381089,2.855901,110.059868,1.988487,1.593557,1.435427,3.587249
1773774631.427457,216.872803,537.374634,753.000732,754.247437,79.681198,28.753534,2,3.815874,1.721366,-1.321215,2.873356,0.373317,2.781517,114.371414,1.988487,1.593557,1.435427,3.587249
1773774632.192962,220.064789,549.142944,765.467651,769.207703,78.383453,28.609282,2,3.78278,1.729825,0.466402,2.895596,0.380674,2.795528,114.910568,1.988487,1.593557,1.435427,3.587249
1773774632.953479,222.192795,540.781433,760.480896,762.974243,78.897446,29.121927,2,3.87531,1.700143,1.590538,2.947099,0.377759,2.746633,128.425949,1.988487,1.593557,1.435427,3.587249
1773774633.710268,222.192795,534.547974,756.740784,756.740784,79.287384,29.361811,2,3.925135,1.686609,1.277082,2.970309,0.374752,2.724589,144.05545,1.988487,1.593557,1.435427,3.587249
1773774634.485746,213.680801,551.786865,775.441101,765.467651,77.375313,27.915066,2,3.824425,1.771758,-0.100256,2.965616,0.378591,2.865879,131.454437,1.988487,1.593557,1.435427,3.587249
1773774635.246263,219.000793,547.713501,760.480896,766.714294,78.897446,28.563547,2,3.889401,1.732525,0.207912,2.957815,0.379424,2.800012,103.156281,1.988487,1.593557,1.435427,3.587249
1773774636.015507,214.744797,549.476135,769.207703,764.220947,78.002342,28.099833,2,3.872557,1.760395,0.01533,2.978801,0.378036,2.846668,126.306648,1.988487,1.593557,1.435427,3.587249
1773774636.785998,216.872803,556.074951,770.454346,772.947754,77.876129,28.057884,2,3.774744,1.762962,-0.409268,2.908268,0.382338,2.850997,121.397903,1.988487,1.593557,1.435427,3.587249
1773774637.558994,217.936798,556.25769,772.947754,774.194458,77.624908,28.150135,2,3.795959,1.757328,-0.537889,2.934078,0.382986,2.8415,121.311218,1.988487,1.593557,1.435427,3.587249
1773774638.319512,219.000793,542.726746,760.480896,761.727539,78.897446,28.750542,2,3.744151,1.721541,0.023849,2.847355,0.377019,2.781806,113.443764,1.988487,1.593557,1.435427,3.587249
1773774639.076289,221.128799,538.105408,756.740784,759.234192,79.287384,29.125244,2,3.706761,1.699954,-1.091034,2.805057,0.375909,2.746325,116.637543,1.988487,1.593557,1.435427,3.587249
1773774639.841793,217.936798,543.790771,765.467651,761.727539,78.383453,28.610859,2,3.731314,1.729732,-1.149966,2.8562,0.376972,2.795374,108.746872,1.988487,1.593557,1.435427,3.587249
1773774640.606051,222.192795,547.014893,764.220947,769.207703,78.51133,28.885931,2,3.908162,1.713676,0.69236,2.9867,0.380767,2.768834,123.967743,1.988487,1.593557,1.435427,3.587249
1773774641.371567,222.192795,543.274841,765.467651,765.467651,78.383453,29.027065,2,3.853815,1.705556,0.632621,2.949971,0.378962,2.755495,117.656807,1.988487,1.593557,1.435427,3.587249
1773774642.135824,217.936798,541.297363,764.220947,759.234192,78.51133,28.704819,2,3.803477,1.724213,-0.562085,2.906697,0.375769,2.786226,115.013382,1.988487,1.593557,1.435427,3.587249
1773774642.907562,222.192795,554.494995,771.70105,776.687805,77.750313,28.607735,2,3.725559,1.729916,-1.183048,2.875018,0.384375,2.795679,98.680344,1.988487,1.593557,1.435427,3.587249
1773774643.674313,209.424805,542.329285,766.714294,751.754089,78.256004,27.858152,2,3.758337,1.775288,-1.214918,2.881571,0.371789,2.87187,100.155479,1.988487,1.593557,1.435427,3.587249
1773774644.429843,219.000793,547.713501,755.494141,766.714294,79.418221,28.563547,2,3.820903,1.732525,0.637725,2.88667,0.379424,2.800012,114.020782,1.988487,1.593557,1.435427,3.587249
1773774645.195359,219.000793,546.466858,765.467651,765.467651,78.383453,28.610065,2,3.775395,1.729779,0.495188,2.889943,0.378823,2.795451,98.309547,1.988487,1.593557,1.435427,3.587249
1773774645.960863,214.744797,545.736084,765.467651,760.480896,78.383453,28.238026,2,3.812842,1.751994,-0.946185,2.918607,0.376231,2.832534,99.667419,1.988487,1.593557,1.435427,3.587249
1773774646.723874,212.616806,547.864075,762.974243,760.480896,78.63961,27.958206,2,3.946617,1.769092,-0.100182,3.011167,0.376139,2.861361,116.180115,1.988487,1.593557,1.435427,3.587249
1773774647.478158,217.936798,542.544067,754.247437,760.480896,79.549492,28.657761,2,3.828485,1.726973,-0.673669,2.887625,0.376371,2.790797,106.115868,1.988487,1.593557,1.435427,3.587249
1773774648.231196,215.808792,534.698608,753.000732,750.507385,79.681198,28.755054,2,3.932699,1.721277,0.976845,2.961325,0.371467,2.78137,110.432693,1.988487,1.593557,1.435427,3.587249
1773774648.986725,216.872803,539.867981,755.494141,756.740784,79.418221,28.658794,2,3.963052,1.726912,0.573359,2.994062,0.37452,2.790696,90.531456,1.988487,1.593557,1.435427,3.587249
1773774649.757229,214.744797,553.216187,770.454346,767.960999,77.876129,27.962982,2,3.992282,1.768797,0.38254,3.075871,0.37984,2.860862,123.665657,1.988487,1.593557,1.435427,3.587249
1773774650.52398,213.680801,551.786865,766.714294,765.467651,78.256004,27.915066,2,4.005517,1.771758,0.901465,3.071087,0.378591,2.865879,134.413223,1.988487,1.593557,1.435427,3.587249
1773774651.273277,213.680801,535.579834,749.26062,749.26062,80.078941,28.518888,2,3.999124,1.73517,0.161428,2.996386,0.370772,2.804411,96.533562,1.988487,1.593557,1.435427,3.587249
1773774652.027561,215.808792,540.932007,754.247437,756.740784,79.549492,28.51819,2,4.249115,1.735211,2.927927,3.204884,0.374474,2.80448,160.439758,1.988487,1.593557,1.435427,3.587249
1773774652.774364,215.808792,530.958496,746.767273,746.767273,80.346313,28.899071,2,4.309982,1.712917,1.68637,3.218554,0.369662,2.767584,143.461075,1.988487,1.593557,1.435427,3.587249
1773774653.549842,214.744797,559.449646,775.441101,774.194458,77.375313,27.737839,2,4.2355,1.7828,0.233871,3.284381,0.382847,2.884651,123.875893,1.988487,1.593557,1.435427,3.587249
1773774654.307878,211.552795,542.694641,757.987488,754.247437,79.156982,28.048197,2,4.047605,1.763556,-1.465771,3.068034,0.373085,2.852,133.680664,1.988487,1.593557,1.435427,3.587249
1773774655.065902,219.000793,547.713501,757.987488,766.714294,79.156982,28.563547,2,3.91597,1.732525,1.094267,2.968256,0.379424,2.800012,127.966499,1.988487,1.593557,1.435427,3.587249
1773774655.815199,219.000793,530.259827,749.26062,749.26062,80.078941,29.22892,2,3.998544,1.694079,0.989146,2.995951,0.371005,2.736737,114.444252,1.988487,1.593557,1.435427,3.587249
1773774656.578209,215.808792,543.425415,762.974243,759.234192,78.63961,28.424534,2,4.043136,1.740784,0.356434,3.084809,0.375677,2.81377,123.113228,1.988487,1.593557,1.435427,3.587249
1773774657.33,211.552795,535.214478,751.754089,746.767273,79.813332,28.329145,2,4.057566,1.746499,0.265081,3.050292,0.369477,2.823323,115.966774,1.988487,1.593557,1.435427,3.587249
1773774658.083037,211.552795,541.447937,753.000732,753.000732,79.681198,28.094635,2,4.044302,1.760713,-0.085018,3.045363,0.372484,2.847203,120.698257,1.988487,1.593557,1.435427,3.587249
1773774658.838581,212.616806,544.123962,755.494141,756.740784,79.418221,28.096384,2,4.128763,1.760606,-0.34762,3.119256,0.374334,2.847023,129.694809,1.988487,1.593557,1.435427,3.587249
1773774659.59411,213.680801,543.059998,755.494141,756.740784,79.418221,28.236988,2,4.210655,1.752057,-1.367919,3.181125,0.374381,2.832639,120.071884,1.988487,1.593557,1.435427,3.587249
1773774660.344654,197.720795,534.086182,750.507385,731.807007,79.945915,27.01816,2,4.225603,1.829125,-2.37243,3.171346,0.361656,2.964542,122.218201,1.988487,1.593557,1.435427,3.587249
1773774661.105172,201.976791,563.490845,760.480896,765.467651,78.897446,26.386065,2,4.171324,1.871897,-1.623214,3.172212,0.37808,3.039924,119.67926,1.988487,1.593557,1.435427,3.587249
1773774661.855716,213.680801,550.540161,750.507385,764.220947,79.945915,27.960604,2,4.084098,1.768944,-1.240584,3.065145,0.377989,2.86111,120.765793,1.988487,1.593557,1.435427,3.587249
1773774662.61374,226.448807,546.498962,757.987488,772.947754,79.156982,29.29678,2,4.020338,1.690256,3.502883,3.047366,0.382757,2.730514,147.9599,1.988487,1.593557,1.435427,3.587249
1773774663.385477,198.784805,540.502319,771.70105,739.287109,77.750313,26.888716,2,4.085959,1.83772,-0.648775,3.153139,0.365311,2.979566,123.111359,1.988487,1.593557,1.435427,3.587249
1773774664.128553,217.936798,547.530884,743.027161,765.467651,80.750748,28.471066,2,3.899217,1.738011,5.074382,2.897224,0.378776,2.809144,136.782257,1.988487,1.593557,1.435427,3.587249
1773774664.89281,212.616806,545.370667,764.220947,757.987488,78.51133,28.050173,2,3.835897,1.763435,-0.627773,2.931473,0.374936,2.851795,130.578766,1.988487,1.593557,1.435427,3.587249
1773774665.647094,214.744797,541.995972,754.247437,756.740784,79.549492,28.37759,2,4.225366,1.743592,0.665924,3.186971,0.374427,2.81846,109.363121,1.988487,1.593557,1.435427,3.587249
1773774666.395145,217.936798,533.817261,748.013916,751.754089,80.21241,28.990438,2,3.902409,1.707656,4.696414,2.919056,0.372161,2.758939,145.288223,1.988487,1.593557,1.435427,3.587249
1773774667.168129,213.680801,554.280212,772.947754,767.960999,77.624908,27.824434,2,3.732093,1.777387,0.498676,2.884713,0.379793,2.875436,138.258179,1.988487,1.593557,1.435427,3.587249
1773774667.904959,219.000793,524.026367,736.793762,743.027161,81.433914,29.474131,2,3.742569,1.680349,5.494097,2.757502,0.367998,2.714443,171.538223,1.988487,1.593557,1.435427,3.587249
1773774668.679202,207.296799,553.184082,774.194458,760.480896,77.499908,27.258646,2,3.553304,1.813373,-1.983998,2.750948,0.375906,2.937172,125.840469,1.988487,1.593557,1.435427,3.587249
1773774669.419772,222.192795,535.794678,740.533813,757.987488,81.022636,29.313517,2,4.276975,1.689316,1.755288,3.167245,0.375354,2.728985,164.279724,1.988487,1.593557,1.435427,3.587249
1773774670.190263,212.616806,546.617371,770.454346,759.234192,77.876129,28.004112,2,4.09736,1.766263,-0.421348,3.156829,0.375537,2.856575,133.253128,1.988487,1.593557,1.435427,3.587249
1773774670.945794,215.808792,543.425415,755.494141,759.234192,79.418221,28.424534,2,4.2352,1.740784,1.073632,3.199669,0.375677,2.81377,134.15863,1.988487,1.593557,1.435427,3.587249
1773774671.701325,215.808792,539.685364,755.494141,755.494141,79.418221,28.565248,2,4.124007,1.732424,-0.48531,3.115663,0.373872,2.799845,126.821381,1.988487,1.593557,1.435427,3.587249
1773774672.460596,213.680801,543.059998,759.234192,756.740784,79.027,28.236988,2,4.036036,1.752057,-0.564913,3.064297,0.374381,2.832639,124.101974,1.988487,1.593557,1.435427,3.587249
1773774673.216138,216.872803,542.361389,755.494141,759.234192,79.418221,28.564676,2,4.187705,1.732458,0.267835,3.163786,0.375723,2.799901,118.718513,1.988487,1.593557,1.435427,3.587249
1773774673.979149,219.000793,546.466858,762.974243,765.467651,78.63961,28.610065,2,4.144252,1.729779,1.712219,3.161958,0.378823,2.795451,118.243492,1.988487,1.593557,1.435427,3.587249
1773774674.742159,216.872803,543.608093,762.974243,760.480896,78.63961,28.517851,2,4.023078,1.735231,-0.250833,3.069505,0.376324,2.804513,114.581909,1.988487,1.593557,1.435427,3.587249
1773774675.495197,221.128799,536.858704,753.000732,757.987488,79.681198,29.173147,2,4.021408,1.697235,-0.826266,3.028123,0.375307,2.741883,118.960526,1.988487,1.593557,1.435427,3.587249
1773774676.249481,226.448807,534.032104,754.247437,760.480896,79.549492,29.777054,2,3.726927,1.663698,5.498797,2.811025,0.376743,2.687624,132.978195,1.988487,1.593557,1.435427,3.587249
1773774677.031204,208.360794,552.120117,781.674561,760.480896,76.758286,27.398556,2,3.590756,1.804336,0.514538,2.806803,0.375953,2.921565,134.975037,1.988487,1.593557,1.435427,3.587249
1773774677.780501,210.4888,541.265259,749.26062,751.754089,80.078941,27.999687,2,4.034925,1.766536,-0.835666,3.023211,0.371836,2.857035,112.186951,1.988487,1.593557,1.435427,3.587249
1773774678.538525,210.4888,547.498657,757.987488,757.987488,79.156982,27.769428,2,4.172186,1.780821,0.045879,3.162465,0.374843,2.88128,142.476395,1.988487,1.593557,1.435427,3.587249
1773774679.294056,219.000793,546.466858,755.494141,765.467651,79.418221,28.610065,2,4.123586,1.729779,0.011769,3.115345,0.378823,2.795451,144.626358,1.988487,1.593557,1.435427,3.587249
1773774680.059559,217.936798,546.28418,765.467651,764.220947,78.383453,28.517511,2,3.950167,1.735251,-0.452227,3.023725,0.378175,2.804547,111.835464,1.988487,1.593557,1.435427,3.587249
1773774680.825063,221.128799,548.078918,765.467651,769.207703,78.383453,28.747606,2,3.935173,1.721712,-0.04283,3.012248,0.38072,2.782089,124.844513,1.988487,1.593557,1.435427,3.587249
1773774681.591826,222.192795,545.768188,766.714294,767.960999,78.256004,28.932821,2,3.859552,1.71097,-0.543139,2.959174,0.380165,2.764381,115.911835,1.988487,1.593557,1.435427,3.587249
1773774682.367304,220.064789,552.882935,775.441101,772.947754,77.375313,28.47085,2,3.762483,1.738024,0.239122,2.917584,0.382478,2.809165,136.179474,1.988487,1.593557,1.435427,3.587249
1773774683.120341,210.4888,531.291748,753.000732,741.780518,79.681198,28.376156,2,3.785184,1.743678,0.078154,2.850246,0.367025,2.818603,104.239204,1.988487,1.593557,1.435427,3.587249
1773774683.877118,222.192795,548.261536,756.740784,770.454346,79.287384,28.83919,2,3.816619,1.716383,-0.172479,2.888192,0.381368,2.773293,111.927124,1.988487,1.593557,1.435427,3.587249
1773774684.645115,216.872803,544.854736,767.960999,761.727539,78.128967,28.471178,2,3.857961,1.738004,-0.109619,2.962763,0.376926,2.809133,139.833481,1.988487,1.593557,1.435427,3.587249
1773774685.415619,213.680801,553.033508,770.454346,766.714294,77.876129,27.869678,2,3.866188,1.774572,-2.173716,2.978721,0.379192,2.870654,115.248337,1.988487,1.593557,1.435427,3.587249
1773774686.168656,217.936798,540.050659,753.000732,757.987488,79.681198,28.752031,2,3.962162,1.721454,0.696546,2.983511,0.375168,2.781662,127.483696,1.988487,1.593557,1.435427,3.587249
1773774686.936654,211.552795,548.928101,767.960999,760.480896,78.128967,27.818293,2,3.934108,1.77777,-1.938102,3.021241,0.376092,2.876087,114.377747,1.988487,1.593557,1.435427,3.587249
1773774687.698417,220.064789,551.63623,761.727539,771.70105,78.768318,28.516844,2,3.933079,1.735291,0.876644,2.995935,0.381876,2.804613,138.136414,1.988487,1.593557,1.435427,3.587249
1773774688.462675,217.936798,543.790771,764.220947,761.727539,78.51133,28.610859,2,3.969233,1.729732,-0.88707,3.033371,0.376972,2.795374,114.985107,1.988487,1.593557,1.435427,3.587249
1773774689.224439,219.000793,543.97345,761.727539,762.974243,78.768318,28.703564,2,3.842179,1.724287,-0.102716,2.926693,0.37762,2.786348,104.187019,1.988487,1.593557,1.435427,3.587249
1773774689.976242,223.256805,533.484009,751.754089,756.740784,79.813332,29.502415,2,3.855802,1.678779,0.964361,2.898615,0.374799,2.711905,106.499977,1.988487,1.593557,1.435427,3.587249
1773774690.730526,222.192795,530.807922,754.247437,753.000732,79.549492,29.507647,2,3.879161,1.67849,1.41826,2.925848,0.372948,2.711437,140.920563,1.988487,1.593557,1.435427,3.587249
1773774691.488549,222.192795,535.794678,757.987488,757.987488,79.156982,29.313517,2,3.934169,1.689316,1.711962,2.98205,0.375354,2.728985,132.354858,1.988487,1.593557,1.435427,3.587249
1773774692.25904,214.744797,546.982727,770.454346,761.727539,77.876129,28.191811,2,3.965263,1.754794,0.537376,3.055054,0.376833,2.837239,119.769287,1.988487,1.593557,1.435427,3.587249
1773774693.017064,211.552795,542.694641,757.987488,754.247437,79.156982,28.048197,2,3.902223,1.763556,-0.471357,2.957836,0.373085,2.852,121.60849,1.988487,1.593557,1.435427,3.587249
1773774693.767608,220.064789,540.416138,750.507385,760.480896,79.945915,28.937584,2,3.954899,1.710695,-0.443011,2.968181,0.376464,2.76393,119.625061,1.988487,1.593557,1.435427,3.587249
1773774694.523151,219.000793,535.246643,755.494141,754.247437,79.418221,29.035669,2,4.141653,1.705064,1.587233,3.128994,0.37341,2.754688,126.400642,1.988487,1.593557,1.435427,3.587249
1773774695.287408,213.680801,544.306702,764.220947,757.987488,78.51133,28.190544,2,4.193579,1.754871,0.906862,3.204821,0.374982,2.837368,144.932083,1.988487,1.593557,1.435427,3.587249
1773774696.050419,213.680801,549.293457,762.974243,762.974243,78.63961,28.006294,2,4.020873,1.766129,-1.229054,3.067822,0.377388,2.856348,104.634239,1.988487,1.593557,1.435427,3.587249
1773774696.814676,213.680801,550.540161,764.220947,764.220947,78.51133,27.960604,2,4.126779,1.768944,0.031816,3.153771,0.377989,2.86111,110.642509,1.988487,1.593557,1.435427,3.587249
1773774697.567713,217.936798,540.050659,753.000732,757.987488,79.681198,28.752031,2,3.953215,1.721454,0.190729,2.976774,0.375168,2.781662,117.778664,1.988487,1.593557,1.435427,3.587249
1773774698.330724,223.256805,545.950928,762.974243,769.207703,78.63961,29.024256,2,3.986225,1.705717,1.911043,3.041387,0.380813,2.755759,137.758255,1.988487,1.593557,1.435427,3.587249
1773774699.093747,226.448807,540.265503,762.974243,766.714294,78.63961,29.534966,2,3.853505,1.676977,0.064164,2.940125,0.37975,2.708994,98.840096,1.988487,1.593557,1.435427,3.587249
1773774699.839304,232.832794,520.167969,745.520569,753.000732,80.480675,30.92066,2,3.911327,1.603781,3.415239,2.915975,0.373413,2.59306,129.389603,1.988487,1.593557,1.435427,3.587249
1773774700.622262,223.256805,548.444214,782.921326,771.70105,76.636055,28.930479,2,3.768465,1.711105,0.811177,2.950412,0.382016,2.764603,117.895836,1.988487,1.593557,1.435427,3.587249
1773774701.389013,216.872803,542.361389,766.714294,759.234192,78.256004,28.564676,2,3.774564,1.732458,-0.53653,2.894012,0.375723,2.799901,131.521561,1.988487,1.593557,1.435427,3.587249
1773774702.154517,216.872803,548.594849,765.467651,765.467651,78.383453,28.332066,2,3.780689,1.746323,-0.051532,2.893995,0.37873,2.823029,127.392639,1.988487,1.593557,1.435427,3.587249
1773774702.913799,223.256805,543.45752,759.234192,766.714294,79.027,29.118645,2,3.719286,1.70033,0.593333,2.823809,0.37961,2.746939,126.878502,1.988487,1.593557,1.435427,3.587249
1773774703.681797,229.640793,545.800293,767.960999,775.441101,78.128967,29.614216,2,3.782735,1.672606,0.682079,2.904993,0.384099,2.701943,150.595718,1.988487,1.593557,1.435427,3.587249
1773774704.461014,223.256805,548.444214,779.181213,771.70105,77.003906,28.930479,2,3.723327,1.711105,-1.32015,2.901146,0.382016,2.764603,109.031769,1.988487,1.593557,1.435427,3.587249
1773774705.214052,225.384796,530.109375,753.000732,755.494141,79.681198,29.832766,2,3.86605,1.660673,0.676241,2.911139,0.37429,2.682776,101.176376,1.988487,1.593557,1.435427,3.587249
1773774705.992023,214.744797,550.722839,777.934509,765.467651,77.127312,28.054064,2,3.849772,1.763196,-1.774379,2.994871,0.378637,2.851393,107.297852,1.988487,1.593557,1.435427,3.587249
1773774706.750059,224.320801,544.886902,757.987488,769.207703,79.156982,29.16258,2,3.889523,1.697834,0.184009,2.94821,0.380859,2.742861,128.549362,1.988487,1.593557,1.435427,3.587249
1773774707.506836,228.576797,533.150757,756.740784,761.727539,79.287384,30.007685,2,3.792645,1.651247,1.064416,2.870049,0.377437,2.667722,123.273155,1.988487,1.593557,1.435427,3.587249
1773774708.281067,228.576797,545.617676,774.194458,774.194458,77.499908,29.524469,2,3.751222,1.677558,0.574828,2.904176,0.383451,2.709932,107.478752,1.988487,1.593557,1.435427,3.587249
1773774709.046571,226.448807,536.525452,765.467651,762.974243,78.383453,29.679745,2,3.806486,1.66901,0.942919,2.913742,0.377945,2.696154,125.13575,1.988487,1.593557,1.435427,3.587249
1773774709.808335,232.832794,536.374878,761.727539,769.207703,78.768318,30.269169,2,3.834404,1.63736,2.983187,2.920771,0.381231,2.645679,155.660599,1.988487,1.593557,1.435427,3.587249
1773774710.581331,225.384796,538.836182,772.947754,764.220947,77.624908,29.492098,2,3.659241,1.679351,-1.039263,2.828402,0.3785,2.71283,110.972168,1.988487,1.593557,1.435427,3.587249
1773774711.318162,224.320801,511.226257,736.793762,735.547058,81.433914,30.497137,2,3.737164,1.625447,-0.626891,2.75352,0.364622,2.626901,117.194809,1.988487,1.593557,1.435427,3.587249
1773774712.074939,221.128799,531.871948,756.740784,753.000732,79.287384,29.366346,2,3.836139,1.686356,0.813784,2.902963,0.372902,2.724177,135.986694,1.988487,1.593557,1.435427,3.587249
1773774712.844183,212.616806,546.617371,769.207703,759.234192,78.002342,28.004112,2,3.829386,1.766263,-2.005037,2.945593,0.375537,2.856575,130.351257,1.988487,1.593557,1.435427,3.587249
1773774713.600961,214.744797,544.48938,756.740784,759.234192,79.287384,28.284395,2,3.802517,1.749193,-0.6646,2.87752,0.37563,2.827836,131.885818,1.988487,1.593557,1.435427,3.587249
1773774714.362725,221.128799,548.078918,761.727539,769.207703,78.768318,28.747606,2,3.776723,1.721712,-0.38654,2.876834,0.38072,2.782089,115.509888,1.988487,1.593557,1.435427,3.587249
1773774715.12076,223.256805,537.224121,757.987488,760.480896,79.156982,29.357321,2,3.695158,1.686861,0.764436,2.800883,0.376603,2.724997,153.571854,1.988487,1.593557,1.435427,3.587249
1773774715.888758,225.384796,545.06958,767.960999,770.454346,78.128967,29.253492,2,3.738376,1.692693,1.024798,2.870927,0.381507,2.734479,131.821335,1.988487,1.593557,1.435427,3.587249
1773774716.655509,219.000793,540.233398,766.714294,759.234192,78.256004,28.844959,2,3.837506,1.716048,1.882036,2.94227,0.375816,2.772741,140.15361,1.988487,1.593557,1.435427,3.587249
1773774717.423506,225.384796,550.056274,767.960999,775.441101,78.128967,29.065367,2,3.796147,1.703366,0.18467,2.915293,0.383913,2.751907,102.933411,1.988487,1.593557,1.435427,3.587249
1773774718.179037,220.064789,529.195801,755.494141,749.26062,79.418221,29.370928,2,3.809089,1.686099,-0.558377,2.877745,0.371051,2.723761,118.953857,1.988487,1.593557,1.435427,3.587249
1773774718.938319,227.512787,540.448242,759.234192,767.960999,79.027,29.625565,2,3.798021,1.671983,1.303519,2.883587,0.380397,2.700938,145.01973,1.988487,1.593557,1.435427,3.587249
1773774719.706317,222.192795,539.534729,767.960999,761.727539,78.128967,29.16959,2,3.75929,1.697436,0.138847,2.886988,0.377158,2.742212,116.917091,1.988487,1.593557,1.435427,3.587249
1773774720.471821,217.936798,542.544067,765.467651,760.480896,78.383453,28.657761,2,3.789422,1.726973,0.122949,2.90068,0.376371,2.790797,137.656052,1.988487,1.593557,1.435427,3.587249
1773774721.233585,216.872803,543.608093,761.727539,760.480896,78.768318,28.517851,2,3.723033,1.735231,0.01746,2.835937,0.376324,2.804513,114.383217,1.988487,1.593557,1.435427,3.587249
1773774721.992856,220.064789,542.909424,759.234192,762.974243,79.027,28.843016,2,3.723363,1.716161,-1.695217,2.826905,0.377667,2.772927,117.340393,1.988487,1.593557,1.435427,3.587249
1773774722.752139,221.128799,539.352112,759.234192,760.480896,79.027,29.077497,2,3.852709,1.702674,-0.262877,2.925109,0.37651,2.750773,128.811508,1.988487,1.593557,1.435427,3.587249
1773774723.512656,226.448807,540.265503,760.480896,766.714294,78.897446,29.534966,2,3.829904,1.676977,1.315048,2.912569,0.37975,2.708994,126.178833,1.988487,1.593557,1.435427,3.587249
1773774724.2819,222.192795,542.028137,769.207703,764.220947,78.002342,29.074419,2,3.67588,1.70285,-0.094601,2.827515,0.378361,2.751061,114.917282,1.988487,1.593557,1.435427,3.587249
1773774725.042418,223.256805,538.470703,760.480896,761.727539,78.897446,29.309273,2,3.644042,1.689554,-0.791605,2.771224,0.377205,2.729373,120.383316,1.988487,1.593557,1.435427,3.587249
1773774725.801688,224.320801,536.160095,759.234192,760.480896,79.027,29.497231,2,3.655735,1.679067,-0.006149,2.775559,0.37665,2.71237,112.479309,1.988487,1.593557,1.435427,3.587249
1773774726.570932,219.000793,543.97345,769.207703,762.974243,78.002342,28.703564,2,3.678952,1.724287,-1.281413,2.829879,0.37762,2.786348,116.855225,1.988487,1.593557,1.435427,3.587249
1773774727.322735,221.128799,533.118652,751.754089,754.247437,79.813332,29.317804,2,3.762365,1.689076,0.209969,2.828373,0.373503,2.728594,124.05574,1.988487,1.593557,1.435427,3.587249
1773774728.085746,222.192795,542.028137,762.974243,764.220947,78.63961,29.074419,2,3.608027,1.70285,-0.423882,2.752831,0.378361,2.751061,109.749176,1.988487,1.593557,1.435427,3.587249
1773774728.842523,227.512787,535.461426,756.740784,762.974243,79.287384,29.819197,2,3.757339,1.661409,1.114058,2.843332,0.377992,2.683954,116.064217,1.988487,1.593557,1.435427,3.587249
1773774729.619248,230.704803,549.723022,776.687805,780.427856,77.251114,29.561323,2,3.654268,1.675521,0.439305,2.838225,0.386551,2.706643,116.980789,1.988487,1.593557,1.435427,3.587249
1773774730.388491,223.256805,537.224121,769.207703,760.480896,78.002342,29.357321,2,3.622419,1.686861,-0.706531,2.786393,0.376603,2.724997,117.509796,1.988487,1.593557,1.435427,3.587249
1773774731.132814,228.576797,521.930603,744.273865,750.507385,80.615486,30.456301,2,3.677404,1.627568,0.623111,2.736995,0.372024,2.630236,131.909622,1.988487,1.593557,1.435427,3.587249
1773774731.903305,227.512787,541.694946,770.454346,769.207703,77.876129,29.577551,2,3.68148,1.674626,1.400342,2.836412,0.380999,2.705199,91.831207,1.988487,1.593557,1.435427,3.587249
1773774732.673796,224.320801,542.393494,770.454346,766.714294,77.876129,29.257416,2,3.678579,1.692472,-0.174314,2.834177,0.379657,2.734119,118.376373,1.988487,1.593557,1.435427,3.587249
1773774733.429326,225.384796,531.355957,755.494141,756.740784,79.418221,29.783619,2,3.573502,1.663341,-0.085532,2.69976,0.374892,2.687051,115.713043,1.988487,1.593557,1.435427,3.587249
1773774734.18361,229.640793,529.593384,754.247437,759.234192,79.549492,30.24637,2,3.794417,1.638561,1.99362,2.861929,0.37628,2.647579,124.865669,1.988487,1.593557,1.435427,3.587249
1773774734.951607,219.000793,536.493347,767.960999,755.494141,78.128967,28.987757,2,3.728806,1.70781,-0.074113,2.863577,0.374012,2.759192,111.587982,1.988487,1.593557,1.435427,3.587249
1773774735.714631,230.704803,545.983032,762.974243,776.687805,78.63961,29.703674,2,3.602154,1.667701,-0.462398,2.748351,0.384747,2.694049,101.295235,1.988487,1.593557,1.435427,3.587249
1773774736.470161,230.704803,524.789307,755.494141,755.494141,79.418221,30.536942,2,3.724227,1.623385,1.092321,2.813632,0.374523,2.623663,125.450218,1.988487,1.593557,1.435427,3.587249
1773774737.240651,225.384796,538.836182,770.454346,764.220947,77.876129,29.492098,2,3.685316,1.679351,-0.763333,2.839368,0.3785,2.71283,103.833664,1.988487,1.593557,1.435427,3.587249
1773774737.989948,225.384796,523.875854,749.26062,749.26062,80.078941,30.080963,2,3.857123,1.647331,-0.60442,2.889991,0.371283,2.661489,116.15451,1.988487,1.593557,1.435427,3.587249
1773774738.764179,219.000793,547.713501,774.194458,766.714294,77.499908,28.563547,2,3.743658,1.732525,-2.323045,2.898319,0.379424,2.800012,103.244583,1.988487,1.593557,1.435427,3.587249
1773774739.522216,228.576797,540.63092,757.987488,769.207703,79.156982,29.715876,2,3.922332,1.667034,0.452449,2.973079,0.381045,2.692977,132.771225,1.988487,1.593557,1.435427,3.587249
1773774740.288967,225.384796,537.589478,766.714294,762.974243,78.256004,29.540289,2,3.84605,1.676683,-0.573652,2.948822,0.377899,2.708519,116.204132,1.988487,1.593557,1.435427,3.587249
1773774741.04699,223.256805,532.237305,757.987488,755.494141,79.156982,29.551098,2,3.789901,1.676086,-1.088795,2.872698,0.374198,2.707554,109.045471,1.988487,1.593557,1.435427,3.587249
1773774741.812494,226.448807,542.758911,765.467651,769.207703,78.383453,29.439228,2,3.828325,1.682289,0.155003,2.930459,0.380952,2.717584,129.908127,1.988487,1.593557,1.435427,3.587249
1773774742.570518,222.192795,530.807922,757.987488,753.000732,79.156982,29.507647,2,3.829646,1.67849,-1.184002,2.902823,0.372948,2.711437,110.021912,1.988487,1.593557,1.435427,3.587249
1773774743.342269,219.000793,548.960205,771.70105,767.960999,77.750313,28.517178,2,3.696476,1.735271,-2.12312,2.852574,0.380026,2.80458,115.247894,1.988487,1.593557,1.435427,3.587249
1773774744.110266,223.256805,549.690918,767.960999,772.947754,78.128967,28.883816,2,3.838034,1.713799,-1.423986,2.94746,0.382617,2.769035,128.598312,1.988487,1.593557,1.435427,3.587249
1773774744.864549,224.320801,531.17334,754.247437,755.494141,79.549492,29.691931,2,3.737482,1.668343,-0.14002,2.818986,0.374244,2.695081,103.08786,1.988487,1.593557,1.435427,3.587249
1773774745.647507,223.256805,558.417725,782.921326,781.674561,76.636055,28.56135,2,3.59997,1.732655,-0.592524,2.818494,0.386827,2.800228,100.030212,1.988487,1.593557,1.435427,3.587249
1773774746.410518,217.936798,538.803955,762.974243,756.740784,78.63961,28.7994,2,3.680828,1.718694,-1.485782,2.808377,0.374567,2.777104,100.333504,1.988487,1.593557,1.435427,3.587249
1773774747.162309,219.000793,533.999939,751.754089,753.000732,79.813332,29.083744,2,3.844029,1.702318,-1.844583,2.889765,0.372809,2.75019,107.675674,1.988487,1.593557,1.435427,3.587249
1773774747.912865,222.192795,532.054626,750.507385,754.247437,79.945915,29.458874,2,3.957726,1.681196,0.693498,2.970303,0.37355,2.715815,123.612709,1.988487,1.593557,1.435427,3.587249
1773774748.667148,219.000793,531.506592,754.247437,750.507385,79.549492,29.180367,2,3.820836,1.696825,-1.625087,2.881855,0.371606,2.741215,111.192764,1.988487,1.593557,1.435427,3.587249
1773774749.422679,219.000793,536.493347,755.494141,755.494141,79.418221,28.987757,2,3.944984,1.70781,-1.893747,2.980412,0.374012,2.759192,102.762558,1.988487,1.593557,1.435427,3.587249
1773774750.174469,217.936798,532.570557,751.754089,750.507385,79.813332,29.038597,2,4.023941,1.704896,-0.945928,3.025014,0.37156,2.754414,109.837082,1.988487,1.593557,1.435427,3.587249
1773774750.943714,216.872803,551.088196,769.207703,767.960999,78.002342,28.240082,2,3.872177,1.751869,-1.314716,2.978508,0.379933,2.832325,104.712448,1.988487,1.593557,1.435427,3.587249
1773774751.691764,217.936798,531.323853,748.013916,749.26062,80.21241,29.086914,2,4.144457,1.702137,-1.053693,3.100112,0.370958,2.749894,116.381531,1.988487,1.593557,1.435427,3.587249
1773774752.456033,225.384796,547.562988,764.220947,772.947754,78.51133,29.159126,2,4.005255,1.69803,-0.794689,3.0609,0.38271,2.743181,102.24482,1.988487,1.593557,1.435427,3.587249
1773774753.226524,221.128799,544.338867,770.454346,765.467651,77.876129,28.888065,2,3.941149,1.713553,0.336827,3.036476,0.378916,2.768631,113.227119,1.988487,1.593557,1.435427,3.587249
1773774753.998262,213.680801,549.293457,771.70105,762.974243,77.750313,28.006294,2,3.941548,1.766129,-1.749705,3.041697,0.377388,2.856348,114.789551,1.988487,1.593557,1.435427,3.587249
1773774754.735092,225.384796,525.122559,736.793762,750.507385,81.433914,30.030991,2,4.130776,1.65,1.328487,3.04353,0.371885,2.665735,135.728653,1.988487,1.593557,1.435427,3.587249
1773774755.505583,216.872803,543.608093,770.454346,760.480896,77.876129,28.517851,2,4.019503,1.735231,-0.163666,3.096844,0.376324,2.804513,121.134827,1.988487,1.593557,1.435427,3.587249
1773774756.276086,212.616806,552.85083,770.454346,765.467651,77.876129,27.776066,2,4.009648,1.780406,-0.542074,3.089251,0.378544,2.880573,116.078491,1.988487,1.593557,1.435427,3.587249
1773774757.042837,210.4888,553.732178,766.714294,764.220947,78.256004,27.542925,2,3.973102,1.795107,-1.373831,3.046234,0.37785,2.905698,108.536667,1.988487,1.593557,1.435427,3.587249
1773774757.78964,213.680801,536.826599,746.767273,750.507385,80.346313,28.471512,2,4.049532,1.737984,-0.366639,3.024058,0.371374,2.809099,124.420181,1.988487,1.593557,1.435427,3.587249
1773774758.548911,219.000793,546.466858,759.234192,765.467651,79.027,28.610065,2,4.018424,1.729779,-0.500033,3.050925,0.378823,2.795451,135.93515,1.988487,1.593557,1.435427,3.587249
1773774759.313169,223.256805,545.950928,764.220947,769.207703,78.51133,29.024256,2,3.516716,1.705717,3.575326,2.687548,0.380813,2.755759,125.003242,1.988487,1.593557,1.435427,3.587249
1773774760.074933,228.576797,539.384216,761.727539,767.960999,78.768318,29.764116,2,3.419667,1.664403,0.916372,2.604855,0.380444,2.688753,127.03125,1.988487,1.593557,1.435427,3.587249
1773774760.839202,227.512787,535.461426,764.220947,762.974243,78.51133,29.819197,2,3.852473,1.661409,0.266293,2.944141,0.377992,2.683954,113.471703,1.988487,1.593557,1.435427,3.587249
1773774761.593486,236.024811,528.196167,754.247437,764.220947,79.549492,30.884367,2,4.005827,1.605614,3.74272,3.021385,0.378965,2.595908,157.479843,1.988487,1.593557,1.435427,3.587249
1773774762.360237,222.192795,528.314575,766.714294,750.507385,78.256004,29.605679,2,4.01965,1.673076,-0.372881,3.081923,0.371745,2.7027,112.48027,1.988487,1.593557,1.435427,3.587249
1773774763.105794,237.088791,525.885437,745.520569,762.974243,80.480675,31.074286,2,4.020883,1.596068,3.01223,2.997651,0.37841,2.581108,138.692947,1.988487,1.593557,1.435427,3.587249
1773774763.898725,206.232788,550.507996,792.894836,756.740784,75.672081,27.252766,2,3.846249,1.813755,0.831775,3.049671,0.374056,2.937833,132.890945,1.988487,1.593557,1.435427,3.587249
1773774764.664241,222.192795,561.97522,765.467651,784.16803,78.383453,28.334845,2,4.055121,1.746156,0.063614,3.104064,0.387983,2.822749,145.637512,1.988487,1.593557,1.435427,3.587249
1773774765.429745,221.128799,543.092163,765.467651,764.220947,78.383453,28.93519,2,3.988387,1.710833,0.643746,3.052981,0.378314,2.764157,163.491623,1.988487,1.593557,1.435427,3.587249
1773774766.196496,230.704803,547.229736,766.714294,777.934509,78.256004,29.656071,2,3.850056,1.670307,2.237496,2.951893,0.385348,2.698241,147.839127,1.988487,1.593557,1.435427,3.587249
1773774766.959507,220.064789,530.442627,762.974243,750.507385,78.63961,29.322136,2,3.983641,1.688832,-0.492139,3.039416,0.371653,2.728199,125.805466,1.988487,1.593557,1.435427,3.587249
1773774767.720025,222.192795,540.781433,760.480896,762.974243,78.897446,29.121927,2,3.95374,1.700143,0.468678,3.006743,0.377759,2.746633,133.421356,1.988487,1.593557,1.435427,3.587249
1773774768.47432,215.808792,530.958496,754.247437,746.767273,79.549492,28.899071,2,3.987592,1.712917,-0.134843,3.007631,0.369662,2.767584,129.088303,1.988487,1.593557,1.435427,3.587249
1773774769.236084,213.680801,545.553406,761.727539,759.234192,78.768318,28.144255,2,3.990451,1.757686,-0.53664,3.039636,0.375584,2.842103,134.896851,1.988487,1.593557,1.435427,3.587249
1773774770.001589,211.552795,551.421448,765.467651,762.974243,78.383453,27.727383,2,3.867711,1.783455,-1.418773,2.960608,0.377295,2.885769,111.462982,1.988487,1.593557,1.435427,3.587249
1773774770.753379,222.192795,542.028137,751.754089,764.220947,79.813332,29.074419,2,3.970163,1.70285,1.85314,2.984586,0.378361,2.751061,125.605492,1.988487,1.593557,1.435427,3.587249
1773774771.53883,212.616806,561.577637,785.414673,774.194458,76.392769,27.462971,2,3.964607,1.800206,-1.169756,3.11386,0.382754,2.914456,120.997009,1.988487,1.593557,1.435427,3.587249
1773774772.31058,212.616806,559.084229,771.70105,771.70105,77.750313,27.551708,2,3.922306,1.794549,-0.881232,3.026848,0.381551,2.904741,115.465027,1.988487,1.593557,1.435427,3.587249
1773774773.081071,208.360794,557.106873,770.454346,765.467651,77.876129,27.220064,2,4.077035,1.815881,-0.113768,3.141169,0.378358,2.941516,135.844177,1.988487,1.593557,1.435427,3.587249
1773774773.849068,212.616806,560.330933,767.960999,772.947754,78.128967,27.507267,2,4.107848,1.797377,-0.244004,3.154667,0.382153,2.909595,132.486847,1.988487,1.593557,1.435427,3.587249
1773774774.615819,225.384796,556.289795,766.714294,781.674561,78.256004,28.833586,2,4.205496,1.716708,1.975665,3.224414,0.38692,2.773829,175.83992,1.988487,1.593557,1.435427,3.587249
1773774775.39379,220.064789,551.63623,777.934509,771.70105,77.127312,28.516844,2,4.102652,1.735291,0.106316,3.191595,0.381876,2.804613,145.603592,1.988487,1.593557,1.435427,3.587249
1773774776.171773,222.192795,558.235046,777.934509,780.427856,77.127312,28.470638,2,3.843686,1.738036,-0.078593,2.990136,0.386179,2.809186,109.996124,1.988487,1.593557,1.435427,3.587249
1773774776.948497,214.744797,553.216187,776.687805,767.960999,77.251114,27.962982,2,3.869655,1.768797,0.220984,3.005514,0.37984,2.860862,145.311874,1.988487,1.593557,1.435427,3.587249
1773774777.700288,223.256805,538.470703,751.754089,761.727539,79.813332,29.309273,2,4.161024,1.689554,1.744603,3.128066,0.377205,2.729373,154.990799,1.988487,1.593557,1.435427,3.587249
1773774778.473272,228.576797,550.604431,772.947754,779.181213,77.624908,29.33551,2,4.102003,1.688082,2.866867,3.170634,0.385856,2.726981,167.488693,1.988487,1.593557,1.435427,3.587249
1773774779.263722,220.064789,560.363037,790.401428,780.427856,75.910797,28.197968,2,3.894776,1.754421,-0.761019,3.078436,0.386086,2.83661,129.062881,1.988487,1.593557,1.435427,3.587249
1773774780.047926,211.552795,562.641663,784.16803,774.194458,76.514214,27.325539,2,3.815859,1.809041,-0.567446,2.992275,0.382708,2.929681,131.826691,1.988487,1.593557,1.435427,3.587249
1773774780.800964,224.320801,543.640198,753.000732,767.960999,79.681198,29.209921,2,3.980121,1.695153,0.430346,2.997034,0.380258,2.738487,127.843315,1.988487,1.593557,1.435427,3.587249
1773774781.580182,222.192795,554.494995,779.181213,776.687805,77.003906,28.607735,2,3.893422,1.729916,1.153198,3.033681,0.384375,2.795679,153.442154,1.988487,1.593557,1.435427,3.587249
1773774782.354413,219.000793,551.453552,774.194458,770.454346,77.499908,28.424889,2,3.975282,1.740763,2.59604,3.077641,0.381229,2.813735,171.718979,1.988487,1.593557,1.435427,3.587249
1773774783.131149,214.744797,556.956238,776.687805,771.70105,77.251114,27.827459,2,3.971992,1.777198,-0.046759,3.084998,0.381644,2.875115,138.220367,1.988487,1.593557,1.435427,3.587249
1773774783.907873,212.616806,561.577637,776.687805,774.194458,77.251114,27.462971,2,3.896526,1.800206,-0.841687,3.026384,0.382754,2.914456,121.67981,1.988487,1.593557,1.435427,3.587249
1773774784.674624,216.872803,554.828247,766.714294,771.70105,78.256004,28.103214,2,3.905548,1.760189,-1.59821,2.994439,0.381737,2.846319,126.67778,1.988487,1.593557,1.435427,3.587249
1773774785.451348,213.680801,559.266968,776.687805,772.947754,77.251114,27.64492,2,3.908473,1.788645,-0.712847,3.035663,0.382199,2.894632,139.923218,1.988487,1.593557,1.435427,3.587249
1773774786.213124,217.936798,548.777466,761.727539,766.714294,78.768318,28.424772,2,3.867769,1.74077,-0.489496,2.946186,0.379378,2.813746,137.416412,1.988487,1.593557,1.435427,3.587249
1773774786.991095,223.256805,560.911255,777.934509,784.16803,77.127312,28.470531,2,3.734854,1.738043,-0.363922,2.905471,0.38803,2.809197,129.788452,1.988487,1.593557,1.435427,3.587249
1773774787.756599,225.384796,542.576172,765.467651,767.960999,78.383453,29.348469,2,3.812723,1.687356,-1.232433,2.918516,0.380304,2.725801,141.982742,1.988487,1.593557,1.435427,3.587249
1773774788.52709,217.936798,543.790771,770.454346,761.727539,77.876129,28.610859,2,3.730607,1.729732,-1.655379,2.874262,0.376972,2.795374,125.12677,1.988487,1.593557,1.435427,3.587249
1773774789.29884,222.192795,554.494995,771.70105,776.687805,77.750313,28.607735,2,3.950891,1.729916,-0.140094,3.048907,0.384375,2.795679,129.960602,1.988487,1.593557,1.435427,3.587249
1773774790.064344,220.064789,542.909424,765.467651,762.974243,78.383453,28.843016,2,3.82079,1.716161,-1.068673,2.924691,0.377667,2.772927,118.823029,1.988487,1.593557,1.435427,3.587249
1773774790.837328,225.384796,553.796387,772.947754,779.181213,77.624908,28.925852,2,3.958277,1.711371,2.914893,3.059541,0.385717,2.765042,191.770096,1.988487,1.593557,1.435427,3.587249
1773774791.616546,219.000793,552.700256,779.181213,771.70105,77.003906,28.378967,2,3.851917,1.74351,-1.360906,3.001341,0.38183,2.818322,134.114288,1.988487,1.593557,1.435427,3.587249
1773774792.383297,225.384796,548.809692,766.714294,774.194458,78.256004,29.112169,2,3.675251,1.700698,-0.175563,2.817868,0.383311,2.747541,110.234848,1.988487,1.593557,1.435427,3.587249
1773774793.162526,219.000793,552.700256,779.181213,771.70105,77.003906,28.378967,2,3.668026,1.74351,-1.137114,2.858057,0.38183,2.818322,132.529846,1.988487,1.593557,1.435427,3.587249
1773774793.945484,221.128799,564.285889,782.921326,785.414673,76.636055,28.1544,2,3.664788,1.757068,-0.636071,2.869241,0.388538,2.841063,125.788406,1.988487,1.593557,1.435427,3.587249
1773774794.704755,223.256805,538.470703,759.234192,761.727539,79.027,29.309273,2,3.775728,1.689554,-1.005887,2.866662,0.377205,2.729373,121.314133,1.988487,1.593557,1.435427,3.587249
1773774795.467766,216.872803,538.621338,762.974243,755.494141,78.63961,28.706085,2,3.765791,1.724139,-1.221785,2.873201,0.373919,2.786103,129.667801,1.988487,1.593557,1.435427,3.587249
1773774796.22953,226.448807,546.498962,761.727539,772.947754,78.768318,29.29678,2,3.944716,1.690256,2.093895,3.004799,0.382757,2.730514,170.667496,1.988487,1.593557,1.435427,3.587249
1773774797.010006,222.192795,553.248291,780.427856,775.441101,76.880905,28.653728,2,3.942098,1.72721,-0.364913,3.076523,0.383774,2.79119,136.786163,1.988487,1.593557,1.435427,3.587249
1773774797.780497,225.384796,548.809692,770.454346,774.194458,77.876129,29.112169,2,3.832258,1.700698,-0.607615,2.95258,0.383311,2.747541,132.848877,1.988487,1.593557,1.435427,3.587249
1773774798.558468,219.000793,551.453552,777.934509,770.454346,77.127312,28.424889,2,3.632411,1.740763,-1.442639,2.825778,0.381229,2.813735,106.822342,1.988487,1.593557,1.435427,3.587249
1773774799.306518,219.000793,529.013123,748.013916,748.013916,80.21241,29.277637,2,3.710143,1.691333,-1.21848,2.775239,0.370403,2.732265,134.426895,1.988487,1.593557,1.435427,3.587249
1773774800.047089,217.936798,521.350342,740.533813,739.287109,81.022636,29.479319,2,3.815283,1.680061,-0.365721,2.825346,0.366147,2.713977,135.388153,1.988487,1.593557,1.435427,3.587249
1773774800.772699,231.768814,510.011719,725.573547,741.780518,82.693199,31.24493,2,4.164786,1.587589,-0.269632,3.021859,0.367954,2.568029,125.10585,1.988487,1.593557,1.435427,3.587249
1773774801.564395,212.616806,556.590881,791.648132,769.207703,75.791245,27.641014,2,3.817113,1.788892,-1.600523,3.021811,0.380348,2.895053,102.783524,1.988487,1.593557,1.435427,3.587249
1773774802.302472,221.128799,526.885132,738.040466,748.013916,81.296356,29.562124,2,4.152346,1.675477,1.180296,3.064599,0.370496,2.706572,153.265213,1.988487,1.593557,1.435427,3.587249
1773774803.06673,221.128799,543.092163,764.220947,764.220947,78.51133,28.93519,2,4.046394,1.710833,1.035593,3.092339,0.378314,2.764157,147.494202,1.988487,1.593557,1.435427,3.587249
1773774803.827247,227.512787,540.448242,760.480896,767.960999,78.897446,29.625565,2,3.999912,1.671983,2.582381,3.041857,0.380397,2.700938,156.300888,1.988487,1.593557,1.435427,3.587249
1773774804.595245,217.936798,538.803955,767.960999,756.740784,78.128967,28.7994,2,4.0756,1.718694,1.357016,3.129902,0.374567,2.777104,189.943604,1.988487,1.593557,1.435427,3.587249
1773774805.362007,214.744797,548.229431,766.714294,762.974243,78.256004,28.145746,2,3.948341,1.757595,-0.283732,3.02725,0.377434,2.84195,131.55899,1.988487,1.593557,1.435427,3.587249
1773774806.131252,214.744797,554.462891,769.207703,769.207703,78.002342,27.91766,2,3.963953,1.771598,0.332164,3.049103,0.380441,2.865606,152.319946,1.988487,1.593557,1.435427,3.587249
1773774806.883042,210.4888,536.278442,751.754089,746.767273,79.813332,28.186666,2,3.990213,1.755107,1.620866,2.999659,0.36943,2.837764,129.895264,1.988487,1.593557,1.435427,3.587249
1773774807.659767,219.000793,567.660583,776.687805,786.661377,77.251114,27.83927,2,3.989397,1.776463,0.902897,3.098516,0.389047,2.873865,131.557251,1.988487,1.593557,1.435427,3.587249
1773774808.429011,213.680801,549.293457,769.207703,762.974243,78.002342,28.006294,2,4.093309,1.766129,0.521405,3.148605,0.377388,2.856348,124.04583,1.988487,1.593557,1.435427,3.587249
1773774809.20076,208.360794,557.106873,771.70105,765.467651,77.750313,27.220064,2,4.190092,1.815881,-0.279766,3.233499,0.378358,2.941516,133.564392,1.988487,1.593557,1.435427,3.587249
1773774809.970004,204.104813,560.11615,769.207703,764.220947,78.002342,26.707565,2,4.1424,1.849889,-0.893312,3.186366,0.377571,3.000943,139.405762,1.988487,1.593557,1.435427,3.587249
1773774810.734262,200.912796,559.568115,764.220947,760.480896,78.51133,26.419178,2,4.119898,1.869605,-0.857255,3.148512,0.375628,3.035846,121.054108,1.988487,1.593557,1.435427,3.587249
1773774811.496026,210.4888,562.458984,761.727539,772.947754,78.768318,27.231956,2,4.299133,1.815107,-0.229794,3.274768,0.38206,2.940175,131.06398,1.988487,1.593557,1.435427,3.587249
1773774812.247817,210.4888,541.265259,751.754089,751.754089,79.813332,27.999687,2,4.344795,1.766536,0.369946,3.266217,0.371836,2.857035,92.582542,1.988487,1.593557,1.435427,3.587249
1773774813.013332,198.784805,552.969299,765.467651,751.754089,78.383453,26.442797,2,4.355842,1.867974,0.451531,3.334256,0.371325,3.032946,97.195,1.988487,1.593557,1.435427,3.587249
1773774813.783823,205.168793,572.765747,770.454346,777.934509,77.876129,26.373529,2,4.234991,1.872766,-0.592598,3.262867,0.384233,3.041471,132.003174,1.988487,1.593557,1.435427,3.587249
1773774814.544341,206.232788,555.494751,760.480896,761.727539,78.897446,27.074352,2,4.118591,1.825419,-1.04165,3.13211,0.376461,2.958084,126.421509,1.988487,1.593557,1.435427,3.587249
1773774815.311092,205.168793,560.298828,766.714294,765.467651,78.256004,26.803064,2,4.125997,1.843453,-1.9634,3.16346,0.378219,2.989621,111.90686,1.988487,1.593557,1.435427,3.587249
1773774816.085323,198.784805,567.929504,774.194458,766.714294,77.499908,25.926844,2,4.235416,1.904279,-2.526423,3.279036,0.378542,3.098028,136.077942,1.988487,1.593557,1.435427,3.587249
1773774816.845852,208.360794,563.340271,760.480896,771.70105,78.897446,27.000195,2,4.272202,1.830313,-2.97753,3.248928,0.381365,2.966614,120.282593,1.988487,1.593557,1.435427,3.587249
1773774817.61759,212.616806,564.070984,771.70105,776.687805,77.750313,27.374809,2,3.965242,1.805863,-1.920441,3.059981,0.383957,2.924198,104.969925,1.988487,1.593557,1.435427,3.587249
1773774818.379354,228.576797,551.851074,761.727539,780.427856,78.768318,29.288652,2,4.096949,1.690713,1.530174,3.120759,0.386458,2.731257,141.868179,1.988487,1.593557,1.435427,3.587249
1773774819.166052,225.384796,557.536499,786.661377,782.921326,76.271698,28.78767,2,3.922906,1.719376,-0.923236,3.085999,0.387521,2.778231,112.075516,1.988487,1.593557,1.435427,3.587249
1773774819.940294,237.088791,550.819275,774.194458,787.908081,77.499908,30.090919,2,3.678936,1.646801,-2.515224,2.848212,0.390438,2.660646,102.706566,1.988487,1.593557,1.435427,3.587249
1773774820.707045,361.576813,551.000244,766.714294,912.577087,78.256004,39.62151,2,2.469172,1.261179,2.473625,1.893149,0.456013,2.110935,78.554497,1.988487,1.593557,1.435427,3.587249
1773774821.481276,355.19278,411.521515,774.194458,766.714294,77.499908,46.326618,2,0.265596,1.084961,2.288056,0.205623,0.38537,1.901791,28.435825,1.988487,1.593557,1.435427,3.587249
1773774822.178212,566.928833,378.062195,696.899658,944.991028,86.095612,59.993042,2,0.1,0.847752,-13.665081,0.1,0.480615,1.661921,36.608246,1.988487,1.593557,1.435427,3.587249
1773774823.314008,231.768814,511.258362,1135.734497,743.027161,52.82925,31.192509,2,1.059644,1.590184,-3.063596,1.203475,0.368555,2.572025,71.920853,1.988487,1.593557,1.435427,3.587249
1773774824.099459,217.936798,551.270874,785.414673,769.207703,76.392769,28.332632,2,3.819942,1.746289,-0.487292,3.000239,0.380581,2.822972,122.872757,1.988487,1.593557,1.435427,3.587249
1773774824.87369,222.192795,556.988403,774.194458,779.181213,77.499908,28.516191,2,3.882862,1.73533,1.962006,3.00609,0.385578,2.804677,141.207474,1.988487,1.593557,1.435427,3.587249
1773774825.656647,220.064789,560.363037,782.921326,780.427856,76.636055,28.197968,2,3.795237,1.754421,0.578683,2.971372,0.386086,2.83661,128.725479,1.988487,1.593557,1.435427,3.587249
1773774826.422164,224.320801,546.133545,765.467651,770.454346,78.383453,29.115391,2,3.717829,1.700515,0.095741,2.845878,0.381461,2.747241,100.027008,1.988487,1.593557,1.435427,3.587249
1773774827.217588,225.384796,571.250122,795.388184,796.634888,75.434868,28.292107,2,3.69798,1.748728,0.284578,2.941329,0.394137,2.827056,117.026772,1.988487,1.593557,1.435427,3.587249
1773774827.995559,228.576797,553.097778,777.934509,781.674561,77.127312,29.24194,2,3.662627,1.693344,-1.010513,2.849283,0.387059,2.73554,110.906494,1.988487,1.593557,1.435427,3.587249
1773774828.779764,229.640793,555.773865,784.16803,785.414673,76.514214,29.238159,2,3.608077,1.693558,0.001121,2.829339,0.38891,2.735888,111.238365,1.988487,1.593557,1.435427,3.587249
1773774829.56024,226.448807,550.239014,780.427856,776.687805,76.880905,29.155704,2,3.549563,1.698224,0.235524,2.770178,0.384561,2.743498,109.969978,1.988487,1.593557,1.435427,3.587249
1773774830.338211,236.024811,553.129883,777.934509,789.154724,77.127312,29.908558,2,3.466163,1.656575,-0.334328,2.696448,0.390993,2.676222,127.291321,1.988487,1.593557,1.435427,3.587249
1773774831.118676,237.088791,544.585754,780.427856,781.674561,76.880905,30.330881,2,3.366911,1.634117,1.775226,2.627631,0.387431,2.640556,110.173218,1.988487,1.593557,1.435427,3.587249
1773774831.907879,232.832794,551.335205,789.154724,784.16803,76.030716,29.691696,2,3.432488,1.668356,-1.072382,2.708764,0.388448,2.695102,103.34845,1.988487,1.593557,1.435427,3.587249
1773774832.688343,238.152802,548.508545,780.427856,786.661377,76.880905,30.273863,2,3.522125,1.637113,2.827726,2.748765,0.389883,2.645289,128.686966,1.988487,1.593557,1.435427,3.587249
1773774833.491248,237.088791,564.532837,802.868286,801.621643,74.732056,29.576147,2,3.389007,1.674703,-1.206143,2.720926,0.397053,2.705323,106.052719,1.988487,1.593557,1.435427,3.587249
1773774834.267972,241.344788,540.329773,776.687805,781.674561,77.251114,30.875355,2,3.307402,1.60607,-0.611801,2.568819,0.387617,2.596617,108.352707,1.988487,1.593557,1.435427,3.587249
1773774835.055929,230.704803,544.736328,787.908081,775.441101,76.151016,29.751429,2,3.366877,1.665094,-2.269549,2.652789,0.384145,2.689862,99.594185,1.988487,1.593557,1.435427,3.587249
1773774835.815199,241.344788,530.356262,759.234192,771.70105,79.027,31.274391,2,3.431692,1.586135,3.241383,2.605458,0.382805,2.565792,119.12764,1.988487,1.593557,1.435427,3.587249
1773774836.601897,241.344788,545.316589,786.661377,786.661377,76.271698,30.679628,2,3.517607,1.616038,2.323965,2.767166,0.390022,2.612156,117.673409,1.988487,1.593557,1.435427,3.587249
1773774837.388595,229.640793,543.306946,786.661377,772.947754,76.271698,29.709743,2,3.48128,1.667369,-0.727754,2.738589,0.382896,2.693516,107.339851,1.988487,1.593557,1.435427,3.587249
1773774838.154112,232.832794,536.374878,765.467651,769.207703,78.383453,30.269169,2,3.600201,1.63736,0.259831,2.755837,0.381231,2.645679,107.490944,1.988487,1.593557,1.435427,3.587249
1773774838.934575,232.832794,547.595093,780.427856,780.427856,76.880905,29.833994,2,3.556394,1.660606,0.274738,2.775509,0.386644,2.682669,142.782364,1.988487,1.593557,1.435427,3.587249
1773774839.712547,237.088791,545.83252,777.934509,782.921326,77.127312,30.282581,2,3.597781,1.636654,0.605193,2.798838,0.388032,2.644563,130.478912,1.988487,1.593557,1.435427,3.587249
1773774840.486778,240.280807,537.653687,774.194458,777.934509,77.499908,30.887022,2,3.400161,1.60548,-0.606587,2.632386,0.385766,2.595699,114.993729,1.988487,1.593557,1.435427,3.587249
1773774841.262268,237.088791,534.612244,775.441101,771.70105,77.375313,30.722881,2,3.389307,1.613824,-1.208273,2.628207,0.38262,2.608697,119.144852,1.988487,1.593557,1.435427,3.587249
1773774842.042732,228.576797,541.877563,780.427856,770.454346,76.880905,29.667791,2,3.395452,1.669665,-1.059641,2.649905,0.381647,2.697207,110.895508,1.988487,1.593557,1.435427,3.587249
1773774842.809482,239.216797,539.964417,766.714294,779.181213,78.256004,30.701048,2,3.513712,1.614941,0.572111,2.694013,0.386321,2.610441,106.301323,1.988487,1.593557,1.435427,3.587249
1773774843.59244,246.664825,544.983276,782.921326,791.648132,76.636055,31.15839,2,3.493933,1.591878,2.32022,2.735475,0.39266,2.574636,123.559868,1.988487,1.593557,1.435427,3.587249
1773774844.376657,250.920792,538.233948,784.16803,789.154724,76.514214,31.796146,2,3.487113,1.560824,3.210577,2.734483,0.391643,2.527141,146.448456,1.988487,1.593557,1.435427,3.587249
1773774845.163355,251.984802,535.923279,786.661377,787.908081,76.271698,31.981499,2,3.326534,1.552031,0.193703,2.616856,0.391088,2.513841,89.645874,1.988487,1.593557,1.435427,3.587249
1773774845.953792,257.30481,539.330078,790.401428,796.634888,75.910797,32.298965,2,3.250366,1.537205,0.709323,2.569094,0.39553,2.491565,101.724403,1.988487,1.593557,1.435427,3.587249
1773774846.757956,240.280807,543.887207,804.11499,784.16803,74.616196,30.641497,2,3.243339,1.617995,-0.305138,2.608018,0.388773,2.615216,114.9048,1.988487,1.593557,1.435427,3.587249
1773774847.542161,248.792801,545.348694,784.16803,794.141479,76.514214,31.328524,2,3.1074,1.58347,-0.16128,2.436724,0.393956,2.561696,108.42749,1.988487,1.593557,1.435427,3.587249
1773774848.337586,238.152802,544.768555,795.388184,782.921326,75.434868,30.418486,2,3.184322,1.629537,-1.360355,2.532772,0.388079,2.633335,110.240082,1.988487,1.593557,1.435427,3.587249
1773774849.109323,255.176788,536.471313,771.70105,791.648132,77.750313,32.233612,2,3.401721,1.540233,2.189286,2.625112,0.393032,2.496099,109.969955,1.988487,1.593557,1.435427,3.587249
1773774849.90476,247.728806,538.932556,795.388184,786.661377,75.434868,31.491161,2,3.301204,1.575517,0.453037,2.625739,0.390301,2.549511,77.640182,1.988487,1.593557,1.435427,3.587249
1773774850.696444,250.920792,544.467407,791.648132,795.388184,75.791245,31.546959,2,3.258657,1.572808,0.361097,2.579709,0.39465,2.545373,99.505501,1.988487,1.593557,1.435427,3.587249
1773774851.481896,253.048798,534.859253,785.414673,787.908081,76.392769,32.116539,2,3.225667,1.545689,-0.687145,2.533486,0.391135,2.504289,111.179291,1.988487,1.593557,1.435427,3.587249
1773774852.284812,257.30481,550.550232,802.868286,807.855042,74.732056,31.850368,2,2.823915,1.558241,0.124417,2.267232,0.400943,2.523227,142.695618,1.988487,1.593557,1.435427,3.587249
1773774853.062783,264.752808,521.908569,777.934509,786.661377,77.127312,33.655243,2,2.75254,1.477017,-2.639585,2.141296,0.391044,2.403048,71.976273,1.988487,1.593557,1.435427,3.587249
1773774853.850728,261.560822,522.607178,787.908081,784.16803,76.151016,33.355202,2,2.837052,1.48991,-0.170129,2.235336,0.389702,2.421751,73.27861,1.988487,1.593557,1.435427,3.587249
1773774854.637426,259.4328,524.735229,786.661377,784.16803,76.271698,33.083828,2,3.091338,1.501773,0.565612,2.431836,0.389609,2.439084,64.104851,1.988487,1.593557,1.435427,3.587249
1773774855.427875,238.152802,527.314819,790.401428,765.467651,75.910797,31.112066,2,3.292047,1.594183,0.553605,2.602039,0.379659,2.578195,119.794838,1.988487,1.593557,1.435427,3.587249
1773774856.20086,245.600784,536.073792,772.947754,781.674561,77.624908,31.419827,2,3.522381,1.578995,2.29874,2.722616,0.387802,2.554833,143.294907,1.988487,1.593557,1.435427,3.587249
1773774856.987558,227.512787,537.954834,786.661377,765.467651,76.271698,29.722065,2,3.489804,1.666696,-0.075398,2.745294,0.379195,2.692434,111.817657,1.988487,1.593557,1.435427,3.587249
1773774857.750568,230.704803,536.009521,762.974243,766.714294,78.63961,30.090061,2,3.65763,1.646846,0.440369,2.790678,0.379935,2.660718,127.973228,1.988487,1.593557,1.435427,3.587249
1773774858.499878,238.152802,519.834717,749.26062,757.987488,80.078941,31.419096,2,3.501051,1.579031,1.736048,2.6232,0.376051,2.554888,121.674919,1.988487,1.593557,1.435427,3.587249
1773774859.289069,238.152802,551.001953,789.154724,789.154724,76.030716,30.178213,2,3.394525,1.642163,-3.792434,2.678805,0.391086,2.653285,102.607941,1.988487,1.593557,1.435427,3.587249
1773774860.05956,244.536804,533.397705,770.454346,777.934509,77.876129,31.434113,2,3.459542,1.578298,-1.095514,2.665419,0.385952,2.553765,91.25695,1.988487,1.593557,1.435427,3.587249
1773774860.81135,253.048798,508.678741,751.754089,761.727539,79.813332,33.220379,2,3.64435,1.49578,4.231978,2.739655,0.378505,2.430312,136.576233,1.988487,1.593557,1.435427,3.587249
1773774861.604294,249.856812,539.297913,792.894836,789.154724,75.672081,31.66132,2,3.38255,1.567285,1.581138,2.682006,0.391597,2.536955,94.552452,1.988487,1.593557,1.435427,3.587249
1773774862.409691,242.408798,554.226074,805.361694,796.634888,74.500687,30.429094,2,3.197181,1.628984,0.132275,2.574887,0.39488,2.632464,118.187065,1.988487,1.593557,1.435427,3.587249
1773774863.171456,255.176788,521.510986,761.727539,776.687805,78.768318,32.854485,2,3.306452,1.511952,3.786194,2.518616,0.385815,2.454051,102.000504,1.988487,1.593557,1.435427,3.587249
1773774863.97436,238.152802,544.768555,802.868286,782.921326,74.732056,30.418486,2,3.284704,1.629537,-0.803869,2.637185,0.388079,2.633335,110.519638,1.988487,1.593557,1.435427,3.587249
1773774864.768551,234.960815,555.440613,794.141479,790.401428,75.553291,29.72677,2,3.283499,1.666439,-1.036839,2.607563,0.391548,2.692021,109.530594,1.988487,1.593557,1.435427,3.587249
1773774865.544029,238.152802,541.028442,775.441101,779.181213,77.375313,30.564495,2,3.271974,1.621961,0.578757,2.537223,0.386275,2.621429,101.485344,1.988487,1.593557,1.435427,3.587249
1773774866.324492,231.768814,541.178955,780.427856,772.947754,76.880905,29.985056,2,3.416677,1.65246,0.031963,2.66647,0.382989,2.669655,118.989738,1.988487,1.593557,1.435427,3.587249
1773774867.089997,236.024811,534.429565,765.467651,770.454346,78.383453,30.634495,2,3.494408,1.618355,-0.097942,2.674856,0.381972,2.615779,107.295532,1.988487,1.593557,1.435427,3.587249
1773774867.8605,242.408798,535.525696,770.454346,777.934509,77.876129,31.160566,2,3.490335,1.591769,1.969313,2.689144,0.385859,2.57447,121.19426,1.988487,1.593557,1.435427,3.587249
1773774868.655925,237.088791,552.065918,795.388184,789.154724,75.434868,30.043385,2,3.524026,1.649337,0.280245,2.802969,0.391039,2.66468,121.196487,1.988487,1.593557,1.435427,3.587249
1773774869.443869,233.896805,550.27124,787.908081,784.16803,76.151016,29.827383,2,3.423485,1.660965,-0.353091,2.697392,0.388494,2.683243,121.644012,1.988487,1.593557,1.435427,3.587249
1773774870.231826,239.216797,554.924683,787.908081,794.141479,76.151016,30.122692,2,3.482903,1.645109,0.814592,2.744208,0.393538,2.657959,123.356033,1.988487,1.593557,1.435427,3.587249
1773774871.017277,221.128799,543.092163,785.414673,764.220947,76.392769,28.93519,2,3.442868,1.710833,-0.131135,2.704079,0.378314,2.764157,127.941544,1.988487,1.593557,1.435427,3.587249
1773774871.798988,244.536804,564.564941,781.674561,809.101746,76.758286,30.223244,2,3.327688,1.639781,1.432396,2.601169,0.400987,2.649511,112.92675,1.988487,1.593557,1.435427,3.587249
1773774872.584439,242.408798,540.512512,785.414673,782.921326,76.392769,30.96209,2,3.356993,1.601694,0.132312,2.636632,0.388265,2.58982,161.242905,1.988487,1.593557,1.435427,3.587249
1773774873.368655,238.152802,541.028442,784.16803,779.181213,76.514214,30.564495,2,3.352098,1.621961,-0.489679,2.628608,0.386275,2.621429,98.367401,1.988487,1.593557,1.435427,3.587249
1773774874.14912,232.832794,541.361694,780.427856,774.194458,76.880905,30.0742,2,3.443012,1.647692,-0.207397,2.687023,0.383637,2.662062,122.923843,1.988487,1.593557,1.435427,3.587249
1773774874.935818,237.088791,554.559326,786.661377,791.648132,76.271698,29.948759,2,3.352976,1.65441,-1.302746,2.637656,0.392242,2.672765,104.595085,1.988487,1.593557,1.435427,3.587249
1773774875.722527,245.600784,551.034119,786.661377,796.634888,76.271698,30.829781,2,3.312156,1.60838,1.59006,2.605545,0.395019,2.60021,120.412109,1.988487,1.593557,1.435427,3.587249
1773774876.519199,239.216797,549.937927,796.634888,789.154724,75.316811,30.313042,2,3.312138,1.635053,-0.987492,2.638564,0.391132,2.642034,107.769867,1.988487,1.593557,1.435427,3.587249
1773774877.30839,239.216797,549.937927,789.154724,789.154724,76.030716,30.313042,2,3.294854,1.635053,-0.960431,2.60015,0.391132,2.642034,105.600922,1.988487,1.593557,1.435427,3.587249
1773774878.091348,233.896805,542.791016,782.921326,776.687805,76.636055,30.114647,2,3.360266,1.645537,0.203984,2.630824,0.384886,2.658639,107.645393,1.988487,1.593557,1.435427,3.587249
1773774878.866838,234.960815,541.72699,775.441101,776.687805,77.375313,30.251642,2,3.506026,1.638283,1.01169,2.718717,0.384932,2.64714,136.394058,1.988487,1.593557,1.435427,3.587249
1773774879.648548,230.704803,545.983032,781.674561,776.687805,76.758286,29.703674,2,3.501228,1.667701,-0.392011,2.736821,0.384747,2.694049,92.890465,1.988487,1.593557,1.435427,3.587249
1773774880.431506,241.344788,554.043396,782.921326,795.388184,76.636055,30.343019,2,3.379631,1.633481,0.147072,2.645985,0.394232,2.639552,91.835121,1.988487,1.593557,1.435427,3.587249
1773774881.215711,246.664825,543.736572,784.16803,790.401428,76.514214,31.207539,2,3.331718,1.589439,1.815174,2.612627,0.392059,2.570878,128.809174,1.988487,1.593557,1.435427,3.587249
1773774881.996188,257.30481,535.590027,780.427856,792.894836,76.880905,32.451317,2,3.098311,1.530193,0.408792,2.418008,0.393726,2.481094,93.346626,1.988487,1.593557,1.435427,3.587249
1773774882.792858,234.960815,535.49353,796.634888,770.454346,75.316811,30.496397,2,3.184495,1.625485,0.25715,2.53688,0.381925,2.626962,109.893646,1.988487,1.593557,1.435427,3.587249
1773774883.584543,225.384796,555.043091,791.648132,780.427856,75.791245,28.879646,2,3.394477,1.71404,-2.01172,2.687231,0.386318,2.769432,111.115967,1.988487,1.593557,1.435427,3.587249
1773774884.355047,232.832794,546.348389,770.454346,779.181213,77.876129,29.881725,2,3.429018,1.658024,0.474627,2.641902,0.386042,2.678537,123.506668,1.988487,1.593557,1.435427,3.587249
1773774885.139251,231.768814,551.152527,784.16803,782.921326,76.514214,29.603079,2,3.526843,1.673219,0.693315,2.765638,0.3878,2.70293,115.857216,1.988487,1.593557,1.435427,3.587249
1773774885.928443,232.832794,557.568604,789.154724,790.401428,76.030716,29.457537,2,3.471195,1.68127,-0.307414,2.73931,0.391455,2.715935,117.128418,1.988487,1.593557,1.435427,3.587249
1773774886.697686,243.472794,538.201782,769.207703,781.674561,78.002342,31.147591,2,3.681241,1.592414,1.732891,2.831639,0.38771,2.575465,145.988602,1.988487,1.593557,1.435427,3.587249
1773774887.496863,239.216797,554.924683,799.128235,794.141479,75.081818,30.122692,2,3.39735,1.645109,-0.600712,2.714918,0.393538,2.657959,95.728172,1.988487,1.593557,1.435427,3.587249
1773774888.264861,248.792801,530.388428,767.960999,779.181213,78.128967,31.930029,2,3.475971,1.554463,3.197248,2.66941,0.386739,2.517512,147.701859,1.988487,1.593557,1.435427,3.587249
1773774889.061532,236.024811,545.64978,796.634888,781.674561,75.316811,30.194765,2,3.263014,1.641287,-1.889452,2.599431,0.387384,2.651896,88.393097,1.988487,1.593557,1.435427,3.587249
1773774889.82953,242.408798,533.032288,767.960999,775.441101,78.128967,31.260761,2,3.412299,1.586808,-0.138882,2.620512,0.384656,2.566826,111.301132,1.988487,1.593557,1.435427,3.587249
1773774890.614993,232.832794,541.361694,785.414673,774.194458,76.392769,30.0742,2,3.48177,1.647692,2.334319,2.734633,0.383637,2.662062,110.889549,1.988487,1.593557,1.435427,3.587249
1773774891.409171,226.448807,560.212585,794.141479,786.661377,75.553291,28.78606,2,3.576605,1.71947,-1.696062,2.84033,0.389372,2.778386,117.591858,1.988487,1.593557,1.435427,3.587249
1773774892.188389,225.384796,552.549683,779.181213,777.934509,77.003906,28.972206,2,3.583348,1.708703,-0.596489,2.792078,0.385116,2.760658,124.721848,1.988487,1.593557,1.435427,3.587249
1773774892.961384,223.256805,547.19751,772.947754,770.454346,77.624908,28.977293,2,3.579199,1.708411,-0.784775,2.766534,0.381414,2.760178,116.199127,1.988487,1.593557,1.435427,3.587249
1773774893.730629,227.512787,546.681641,769.207703,774.194458,78.002342,29.387033,2,3.72322,1.685199,1.286005,2.86393,0.383404,2.722301,148.411163,1.988487,1.593557,1.435427,3.587249
1773774894.502366,243.472794,546.92865,771.70105,790.401428,77.750313,30.80369,2,3.693204,1.609705,4.520465,2.85005,0.391919,2.602273,128.752167,1.988487,1.593557,1.435427,3.587249
1773774895.285324,243.472794,539.448547,782.921326,782.921326,76.636055,31.09799,2,3.550507,1.594885,1.689087,2.779767,0.388311,2.579279,132.399933,1.988487,1.593557,1.435427,3.587249
1773774896.082007,223.256805,549.690918,796.634888,772.947754,75.316811,28.883816,2,3.393423,1.713799,-0.086266,2.703319,0.382617,2.769035,87.454636,1.988487,1.593557,1.435427,3.587249
1773774896.848758,226.448807,544.005554,766.714294,770.454346,78.256004,29.391592,2,3.588132,1.684945,-0.000532,2.751072,0.381554,2.721888,107.488617,1.988487,1.593557,1.435427,3.587249
1773774897.627976,222.192795,552.001648,779.181213,774.194458,77.003906,28.699869,2,3.554049,1.724503,-2.290073,2.769248,0.383172,2.786706,111.900009,1.988487,1.593557,1.435427,3.587249
1773774898.412181,226.448807,562.705933,784.16803,789.154724,76.514214,28.69511,2,3.530183,1.724782,-0.612755,2.768257,0.390575,2.787168,109.499634,1.988487,1.593557,1.435427,3.587249
1773774899.177696,232.832794,540.11499,765.467651,772.947754,78.383453,30.122709,2,3.718035,1.645109,1.503922,2.846036,0.383035,2.657958,102.281273,1.988487,1.593557,1.435427,3.587249
1773774899.959407,240.280807,550.120605,781.674561,790.401428,76.758286,30.399843,2,3.600521,1.630509,2.311702,2.814436,0.39178,2.634866,98.822861,1.988487,1.593557,1.435427,3.587249
1773774900.744859,227.512787,542.941528,785.414673,770.454346,76.392769,29.52969,2,3.334874,1.677269,5.023161,2.619259,0.3816,2.709465,115.503967,1.988487,1.593557,1.435427,3.587249
1773774901.52283,228.576797,550.604431,777.934509,779.181213,77.127312,29.33551,2,3.243811,1.688082,-0.866508,2.523473,0.385856,2.726981,109.33374,1.988487,1.593557,1.435427,3.587249
1773774902.303307,237.088791,553.312622,780.427856,790.401428,76.880905,29.995998,2,3.399602,1.651873,1.091293,2.653145,0.391641,2.66872,131.541718,1.988487,1.593557,1.435427,3.587249
1773774903.093744,225.384796,551.302979,790.401428,776.687805,75.910797,29.018711,2,3.343305,1.706035,-1.175374,2.642553,0.384514,2.756279,110.776398,1.988487,1.593557,1.435427,3.587249
1773774903.871715,219.000793,551.453552,777.934509,770.454346,77.127312,28.424889,2,3.549653,1.740763,-1.522022,2.761398,0.381229,2.813735,103.284225,1.988487,1.593557,1.435427,3.587249
1773774904.633479,236.024811,545.64978,761.727539,781.674561,78.768318,30.194765,2,3.652783,1.641287,0.506314,2.782425,0.387384,2.651896,140.868179,1.988487,1.593557,1.435427,3.587249
1773774905.432657,236.024811,563.103394,799.128235,799.128235,75.081818,29.535288,2,3.264648,1.67696,-1.528337,2.608873,0.395804,2.708965,102.382957,1.988487,1.593557,1.435427,3.587249
1773774906.223095,228.576797,553.097778,790.401428,781.674561,75.910797,29.24194,2,3.395731,1.693344,-1.611648,2.683991,0.387059,2.73554,106.430161,1.988487,1.593557,1.435427,3.587249
1773774906.996078,234.960815,545.467041,772.947754,780.427856,77.624908,30.106667,2,3.514505,1.645962,0.571891,2.716529,0.386737,2.659313,154.095261,1.988487,1.593557,1.435427,3.587249
1773774907.782776,228.576797,550.604431,786.661377,779.181213,76.271698,29.33551,2,3.411382,1.688082,0.427959,2.683603,0.385856,2.726981,132.282608,1.988487,1.593557,1.435427,3.587249
1773774908.558266,239.216797,548.691284,775.441101,787.908081,77.375313,30.361002,2,3.530751,1.632539,1.968505,2.737889,0.390531,2.638067,119.363976,1.988487,1.593557,1.435427,3.587249
1773774909.343717,222.192795,543.274841,785.414673,765.467651,76.392769,29.027065,2,3.472908,1.705556,-1.415909,2.727673,0.378962,2.755495,116.140259,1.988487,1.593557,1.435427,3.587249
1773774910.124182,228.576797,559.331299,780.427856,787.908081,76.880905,29.010592,2,3.483272,1.7065,0.89537,2.718443,0.390066,2.757042,97.467644,1.988487,1.593557,1.435427,3.587249
1773774910.898412,229.640793,545.800293,774.194458,775.441101,77.499908,29.614216,2,3.591706,1.672606,0.981986,2.780679,0.384099,2.701943,119.37751,1.988487,1.593557,1.435427,3.587249
1773774911.683876,225.384796,555.043091,785.414673,780.427856,76.392769,28.879646,2,3.472533,1.71404,-1.928482,2.727378,0.386318,2.769432,113.817734,1.988487,1.593557,1.435427,3.587249
1773774912.463094,219.000793,552.700256,779.181213,771.70105,77.003906,28.378967,2,3.608092,1.74351,0.923826,2.811358,0.38183,2.818322,156.691193,1.988487,1.593557,1.435427,3.587249
1773774913.257272,222.192795,575.688782,794.141479,797.881592,75.553291,27.847841,2,3.583226,1.77593,-1.423032,2.845588,0.394599,2.872959,126.237869,1.988487,1.593557,1.435427,3.587249
1773774914.034008,223.256805,554.677734,776.687805,777.934509,77.251114,28.698662,2,3.565728,1.724574,-0.314574,2.769457,0.385023,2.786823,126.487045,1.988487,1.593557,1.435427,3.587249
1773774914.821952,222.192795,564.468567,787.908081,786.661377,76.151016,28.245037,2,3.531779,1.75157,-0.566748,2.782717,0.389186,2.831822,126.850357,1.988487,1.593557,1.435427,3.587249
1773774915.611144,219.000793,566.413879,789.154724,785.414673,76.030716,27.883461,2,3.579313,1.773717,-0.279252,2.824632,0.388445,2.869201,127.094543,1.988487,1.593557,1.435427,3.587249
1773774916.379141,227.512787,550.421753,767.960999,777.934509,78.128967,29.245752,2,3.717574,1.693129,-0.275067,2.854952,0.385209,2.735189,121.505737,1.988487,1.593557,1.435427,3.587249
1773774917.173331,234.960815,567.907471,794.141479,802.868286,75.553291,29.265177,2,3.647151,1.692034,1.197443,2.896354,0.397562,2.733407,151.832565,1.988487,1.593557,1.435427,3.587249
1773774917.961275,233.896805,552.764587,787.908081,786.661377,76.151016,29.732843,2,3.488398,1.666107,-0.296399,2.748537,0.389697,2.691489,127.417847,1.988487,1.593557,1.435427,3.587249
1773774918.76418,238.152802,569.702271,802.868286,807.855042,74.732056,29.479647,2,3.282737,1.680042,-1.133663,2.635605,0.400107,2.713947,112.688843,1.988487,1.593557,1.435427,3.587249
1773774919.54715,237.088791,544.585754,782.921326,781.674561,76.636055,30.330881,2,3.326449,1.634117,1.837645,2.604348,0.387431,2.640556,155.322113,1.988487,1.593557,1.435427,3.587249
1773774920.350055,228.576797,564.318054,802.868286,792.894836,74.732056,28.828135,2,3.372554,1.717024,-1.574674,2.707717,0.392472,2.77435,99.820435,1.988487,1.593557,1.435427,3.587249
1773774921.110572,238.152802,533.548218,760.480896,771.70105,78.897446,30.860758,2,3.73509,1.606809,1.064893,2.840465,0.382666,2.597766,123.54847,1.988487,1.593557,1.435427,3.587249
1773774921.899763,229.640793,549.540405,789.154724,779.181213,76.030716,29.472065,2,3.476336,1.680463,-1.801073,2.743367,0.385903,2.714629,115.392593,1.988487,1.593557,1.435427,3.587249
1773774922.678994,227.512787,549.175049,779.181213,776.687805,77.003906,29.292694,2,3.433631,1.690486,-0.847342,2.675421,0.384607,2.730888,120.773376,1.988487,1.593557,1.435427,3.587249
1773774923.456964,233.896805,551.517883,777.934509,785.414673,77.127312,29.780039,2,3.613853,1.663536,0.74784,2.811341,0.389096,2.687363,139.89769,1.988487,1.593557,1.435427,3.587249
1773774924.257375,225.384796,565.016602,800.374939,790.401428,74.964867,28.515232,2,3.737495,1.735386,-0.000458,2.991397,0.39113,2.804772,126.473877,1.988487,1.593557,1.435427,3.587249
1773774925.052813,224.320801,569.820679,795.388184,794.141479,75.434868,28.246958,2,3.637417,1.751454,-0.834344,2.893158,0.392887,2.831627,124.840271,1.988487,1.593557,1.435427,3.587249
1773774925.830784,228.576797,554.344543,777.934509,782.921326,77.127312,29.195372,2,3.536698,1.695976,0.309325,2.75132,0.387661,2.739829,126.205696,1.988487,1.593557,1.435427,3.587249
1773774926.611248,224.320801,551.1203,780.427856,775.441101,76.880905,28.928154,2,3.549152,1.711239,-0.134146,2.769857,0.383866,2.764823,113.647308,1.988487,1.593557,1.435427,3.587249
1773774927.389218,225.384796,553.796387,777.934509,779.181213,77.127312,28.925852,2,3.561749,1.711371,-0.522982,2.770807,0.385717,2.765042,111.096863,1.988487,1.593557,1.435427,3.587249
1773774928.165955,233.896805,552.764587,776.687805,786.661377,77.251114,29.732843,2,3.729171,1.666107,0.816685,2.896401,0.389697,2.691489,146.98024,1.988487,1.593557,1.435427,3.587249
1773774928.948913,231.768814,548.659058,782.921326,780.427856,76.636055,29.69766,2,3.632774,1.668029,0.538404,2.844176,0.386597,2.694577,124.319145,1.988487,1.593557,1.435427,3.587249
1773774929.725638,234.960815,545.467041,776.687805,780.427856,77.251114,30.106667,2,3.61784,1.645962,0.819842,2.809932,0.386737,2.659313,122.264374,1.988487,1.593557,1.435427,3.587249
1773774930.497375,232.832794,536.374878,771.70105,769.207703,77.750313,30.269169,2,3.422153,1.63736,-0.556578,2.640879,0.381231,2.645679,119.761429,1.988487,1.593557,1.435427,3.587249
1773774931.271618,238.152802,542.275024,774.194458,780.427856,77.499908,30.515671,2,3.50443,1.624486,2.9128,2.713111,0.386876,2.625392,183.494919,1.988487,1.593557,1.435427,3.587249
1773774932.043356,234.960815,533.000183,771.70105,767.960999,77.750313,30.595409,2,3.242561,1.620366,-2.77375,2.502287,0.380723,2.61893,96.536636,1.988487,1.593557,1.435427,3.587249
1773774932.8313,227.512787,551.668457,787.908081,779.181213,76.151016,29.198956,2,3.531057,1.695773,-0.914424,2.782148,0.38581,2.739498,115.798401,1.988487,1.593557,1.435427,3.587249
1773774933.621738,219.000793,561.427063,790.401428,780.427856,75.910797,28.061632,2,3.575521,1.762732,-1.011321,2.826097,0.38604,2.85061,117.091461,1.988487,1.593557,1.435427,3.587249
1773774934.399721,224.320801,559.847229,777.934509,784.16803,77.127312,28.606215,2,3.560408,1.730006,-0.57244,2.769764,0.388076,2.795828,101.543823,1.988487,1.593557,1.435427,3.587249
1773774935.186419,222.192795,561.97522,786.661377,784.16803,76.271698,28.334845,2,3.580827,1.746156,-1.118829,2.816898,0.387983,2.822749,117.422577,1.988487,1.593557,1.435427,3.587249
1773774935.978104,216.872803,568.54187,791.648132,785.414673,75.791245,27.612522,2,3.611789,1.790693,-1.579557,2.859266,0.388353,2.898134,115.12532,1.988487,1.593557,1.435427,3.587249
1773774936.756086,216.872803,561.061707,777.934509,777.934509,77.127312,27.878029,2,3.714419,1.774054,-1.333552,2.889575,0.384744,2.869773,131.065033,1.988487,1.593557,1.435427,3.587249
1773774937.541537,220.064789,569.089966,785.414673,789.154724,76.392769,27.886141,2,3.605309,1.773551,-1.50168,2.831663,0.390296,2.868919,121.559113,1.988487,1.593557,1.435427,3.587249
1773774938.324495,224.320801,563.58728,782.921326,787.908081,76.636055,28.470427,2,3.5185,1.738049,-1.376107,2.754709,0.389881,2.809207,113.040955,1.988487,1.593557,1.435427,3.587249
1773774939.113687,225.384796,565.016602,789.154724,790.401428,76.030716,28.515232,2,3.590884,1.735386,0.063467,2.833763,0.39113,2.804772,128.440506,1.988487,1.593557,1.435427,3.587249
1773774939.899149,223.256805,559.664551,785.414673,782.921326,76.392769,28.515867,2,3.58705,1.735349,0.644224,2.817322,0.387428,2.804709,114.301353,1.988487,1.593557,1.435427,3.587249
1773774940.679614,224.320801,557.35376,780.427856,781.674561,76.880905,28.697468,2,3.596013,1.724644,-2.790823,2.806429,0.386873,2.786939,99.707336,1.988487,1.593557,1.435427,3.587249
1773774941.461325,233.896805,558.998047,781.674561,792.894836,76.758286,29.499096,2,3.555825,1.678963,-0.547031,2.779498,0.392704,2.712203,118.53064,1.988487,1.593557,1.435427,3.587249
1773774942.231816,248.792801,539.115295,770.454346,787.908081,77.876129,31.576374,2,3.605219,1.571384,2.925835,2.777657,0.390949,2.543199,147.990341,1.988487,1.593557,1.435427,3.587249
1773774943.03598,255.176788,556.418335,804.11499,811.595154,74.616196,31.441387,2,3.25636,1.577942,0.770715,2.618488,0.402654,2.553222,120.552544,1.988487,1.593557,1.435427,3.587249
1773774943.828911,236.024811,534.429565,792.894836,770.454346,75.672081,30.634495,2,3.186669,1.618355,1.924922,2.526694,0.381972,2.615779,139.223816,1.988487,1.593557,1.435427,3.587249
1773774944.626829,236.024811,561.856812,797.881592,797.881592,75.199127,29.581434,2,3.239158,1.674412,0.364034,2.584465,0.395203,2.704853,124.79306,1.988487,1.593557,1.435427,3.587249
1773774945.403566,238.152802,541.028442,776.687805,779.181213,77.251114,30.564495,2,3.379564,1.621961,1.26111,2.624866,0.386275,2.621429,142.974594,1.988487,1.593557,1.435427,3.587249
1773774946.192757,221.128799,548.078918,789.154724,769.207703,76.030716,28.747606,2,3.525778,1.721712,0.112998,2.782384,0.38072,2.782089,116.806137,1.988487,1.593557,1.435427,3.587249
1773774946.971975,213.680801,556.77356,779.181213,770.454346,77.003906,27.73439,2,3.700694,1.783016,-0.63809,2.883511,0.380996,2.88502,126.257584,1.988487,1.593557,1.435427,3.587249
1773774947.748698,227.512787,565.38208,776.687805,792.894836,77.251114,28.693941,2,3.672254,1.72485,0.456452,2.852195,0.392425,2.787281,117.936913,1.988487,1.593557,1.435427,3.587249
1773774948.530422,222.192795,553.248291,781.674561,775.441101,76.758286,28.653728,2,3.675014,1.72721,0.48689,2.872665,0.383774,2.79119,120.912704,1.988487,1.593557,1.435427,3.587249
1773774949.32086,224.320801,568.574036,790.401428,792.894836,75.910797,28.291368,2,3.621487,1.748773,-0.049733,2.862429,0.392286,2.827131,106.45681,1.988487,1.593557,1.435427,3.587249
1773774950.102571,227.512787,557.901855,781.674561,785.414673,76.758286,28.96722,2,3.499724,1.70899,0.679142,2.735646,0.388817,2.761128,130.155807,1.988487,1.593557,1.435427,3.587249
1773774950.873062,227.512787,542.941528,770.454346,770.454346,77.876129,29.52969,2,3.43922,1.677269,-0.586429,2.649762,0.3816,2.709465,121.983444,1.988487,1.593557,1.435427,3.587249
1773774951.637331,230.704803,537.256226,764.220947,767.960999,78.51133,30.041214,2,3.290981,1.649453,0.054838,2.515036,0.380537,2.664865,105.663368,1.988487,1.593557,1.435427,3.587249
1773774952.411562,223.256805,542.210815,774.194458,765.467651,77.499908,29.166067,2,3.382002,1.697636,0.623478,2.618327,0.379009,2.742538,115.276207,1.988487,1.593557,1.435427,3.587249
1773774953.18704,225.384796,552.549683,775.441101,777.934509,77.375313,28.972206,2,3.459022,1.708703,-0.224874,2.682268,0.385116,2.760658,113.875854,1.988487,1.593557,1.435427,3.587249
1773774953.967505,224.320801,554.860413,780.427856,779.181213,76.880905,28.789297,2,3.405269,1.719282,-0.136789,2.657567,0.385671,2.778075,108.339989,1.988487,1.593557,1.435427,3.587249
1773774954.745487,222.192795,553.248291,777.934509,775.441101,77.127312,28.653728,2,3.492466,1.72721,-1.046643,2.71691,0.383774,2.79119,110.948792,1.988487,1.593557,1.435427,3.587249
1773774955.523458,231.768814,557.385925,777.934509,789.154724,77.127312,29.369249,2,3.602157,1.686193,1.078662,2.802242,0.390807,2.723913,115.726799,1.988487,1.593557,1.435427,3.587249
1773774956.326363,215.808792,568.359253,802.868286,784.16803,74.732056,27.520735,2,3.48877,1.796519,0.067138,2.801023,0.387705,2.908122,107.575447,1.988487,1.593557,1.435427,3.587249
1773774957.115566,227.512787,575.355469,789.154724,802.868286,76.030716,28.3375,2,3.550489,1.745997,0.195832,2.801886,0.397237,2.822482,106.677055,1.988487,1.593557,1.435427,3.587249
1773774957.913484,225.384796,570.003418,797.881592,795.388184,75.199127,28.336452,2,3.506963,1.74606,0.0197,2.798142,0.393535,2.822587,109.124352,1.988487,1.593557,1.435427,3.587249
1773774958.701429,231.768814,563.619385,787.908081,795.388184,76.151016,29.13908,2,3.546358,1.699168,1.185032,2.794204,0.393814,2.74504,102.922112,1.988487,1.593557,1.435427,3.587249
1773774959.501853,226.448807,567.692688,800.374939,794.141479,74.964867,28.514919,2,3.429952,1.735405,-0.066659,2.745248,0.39298,2.804803,94.835121,1.988487,1.593557,1.435427,3.587249
1773774960.28481,233.896805,557.751343,782.921326,791.648132,76.636055,29.545551,2,3.539954,1.676392,0.478629,2.771506,0.392103,2.708049,123.855797,1.988487,1.593557,1.435427,3.587249
1773774961.087715,230.704803,568.423462,802.868286,799.128235,74.732056,28.86956,2,3.411542,1.714623,-1.849283,2.739019,0.395572,2.770393,112.124161,1.988487,1.593557,1.435427,3.587249
1773774961.875659,233.896805,557.751343,787.908081,791.648132,76.151016,29.545551,2,3.436936,1.676392,1.030452,2.707989,0.392103,2.708049,106.56768,1.988487,1.593557,1.435427,3.587249
1773774962.679824,233.896805,570.218201,804.11499,804.11499,74.616196,29.087481,2,3.386796,1.702104,-1.599569,2.723374,0.398117,2.749842,87.361885,1.988487,1.593557,1.435427,3.587249
1773774963.450315,245.600784,538.567261,770.454346,784.16803,77.876129,31.31992,2,3.514541,1.583893,1.379377,2.707793,0.389005,2.562346,115.68264,1.988487,1.593557,1.435427,3.587249
1773774964.240752,256.240814,546.627441,790.401428,802.868286,75.910797,31.915674,2,3.300874,1.555142,1.646715,2.609015,0.398491,2.518539,113.260887,1.988487,1.593557,1.435427,3.587249
1773774965.058629,236.024811,558.116699,817.828613,794.141479,73.365005,29.720751,2,3.185632,1.666767,0.671504,2.605301,0.393398,2.692549,139.082275,1.988487,1.593557,1.435427,3.587249
1773774965.831614,231.768814,536.1922,772.947754,767.960999,77.624908,30.179764,2,3.579856,1.642081,-0.794395,2.767042,0.380583,2.653155,113.511322,1.988487,1.593557,1.435427,3.587249
1773774966.623298,226.448807,558.965881,791.648132,785.414673,75.791245,28.831751,2,3.474859,1.716814,-0.947653,2.750866,0.388771,2.774004,114.358612,1.988487,1.593557,1.435427,3.587249
1773774967.402528,236.024811,554.376587,779.181213,790.401428,77.003906,29.861385,2,3.580411,1.659123,1.140641,2.789789,0.391594,2.680295,122.227196,1.988487,1.593557,1.435427,3.587249
1773774968.191719,234.960815,552.947266,789.154724,787.908081,76.030716,29.820841,2,3.548976,1.66132,1.125257,2.800691,0.390345,2.683811,118.215111,1.988487,1.593557,1.435427,3.587249
1773774968.994624,240.280807,568.820923,802.868286,809.101746,74.732056,29.697231,2,3.392611,1.668053,-0.498491,2.72382,0.400801,2.694615,121.097412,1.988487,1.593557,1.435427,3.587249
1773774969.79006,237.088791,554.559326,795.388184,791.648132,75.434868,29.948759,2,3.191518,1.65441,0.705945,2.538496,0.392242,2.672765,90.008102,1.988487,1.593557,1.435427,3.587249
1773774970.579252,243.472794,553.162109,789.154724,796.634888,76.030716,30.562656,2,3.355515,1.622056,-0.418227,2.64802,0.394926,2.621578,102.46582,1.988487,1.593557,1.435427,3.587249
1773774971.38839,232.832794,563.802124,809.101746,796.634888,74.156311,29.227039,2,3.346387,1.694185,-0.613049,2.707568,0.394462,2.73691,106.499016,1.988487,1.593557,1.435427,3.587249
1773774972.171348,231.768814,549.905762,782.921326,781.674561,76.636055,29.650295,2,3.465885,1.670624,1.946805,2.713515,0.387199,2.698751,110.477142,1.988487,1.593557,1.435427,3.587249
1773774972.948084,229.640793,544.55365,776.687805,774.194458,77.251114,29.6619,2,3.544789,1.669988,0.951841,2.753194,0.383497,2.697726,97.723732,1.988487,1.593557,1.435427,3.587249
1773774973.724808,226.448807,546.498962,776.687805,772.947754,77.251114,29.29678,2,3.785091,1.690256,1.171337,2.939834,0.382757,2.730514,112.813103,1.988487,1.593557,1.435427,3.587249
1773774974.51774,216.872803,564.801758,792.894836,781.674561,75.672081,27.744642,2,3.72354,1.782373,-0.448886,2.952376,0.386548,2.883924,117.687561,1.988487,1.593557,1.435427,3.587249
1773774975.285737,213.680801,550.540161,767.960999,764.220947,78.128967,27.960604,2,3.718952,1.768944,-1.622186,2.85601,0.377989,2.86111,115.564148,1.988487,1.593557,1.435427,3.587249
1773774976.050007,216.872803,551.088196,764.220947,767.960999,78.51133,28.240082,2,3.865219,1.751869,0.689276,2.953881,0.379933,2.832325,150.406448,1.988487,1.593557,1.435427,3.587249
1773774976.81551,223.256805,549.690918,765.467651,772.947754,78.383453,28.883816,2,3.852424,1.713799,0.606992,2.948906,0.382617,2.769035,110.912338,1.988487,1.593557,1.435427,3.587249
1773774977.592235,227.512787,554.161743,776.687805,781.674561,77.251114,29.105818,2,3.682216,1.70106,0.662178,2.859932,0.387013,2.748132,112.83744,1.988487,1.593557,1.435427,3.587249
1773774978.371453,226.448807,551.485718,779.181213,777.934509,77.003906,29.10898,2,3.609035,1.70088,-0.656632,2.812092,0.385162,2.747838,103.397995,1.988487,1.593557,1.435427,3.587249
1773774979.129489,238.152802,533.548218,757.987488,771.70105,79.156982,30.860758,2,3.654593,1.606809,3.271638,2.770135,0.382666,2.597766,122.372948,1.988487,1.593557,1.435427,3.587249
1773774979.9112,243.472794,544.435303,781.674561,787.908081,76.758286,30.901167,2,3.601962,1.604765,0.349604,2.815562,0.390717,2.594588,119.148232,1.988487,1.593557,1.435427,3.587249
1773774980.699144,240.280807,543.887207,787.908081,784.16803,76.151016,30.641497,2,3.264578,1.617995,-0.607248,2.572187,0.388773,2.615216,106.758224,1.988487,1.593557,1.435427,3.587249
1773774981.480855,240.280807,541.393738,781.674561,781.674561,76.758286,30.739239,2,3.105123,1.612989,-0.651455,2.427196,0.38757,2.607393,110.157532,1.988487,1.593557,1.435427,3.587249
1773774982.251359,240.280807,530.173523,770.454346,770.454346,77.876129,31.186897,2,3.162365,1.590462,0.311088,2.436458,0.382158,2.572454,112.022331,1.988487,1.593557,1.435427,3.587249
1773774983.01811,259.4328,529.721924,766.714294,789.154724,78.256004,32.874767,2,3.258591,1.511046,2.934059,2.498409,0.392015,2.452715,128.187302,1.988487,1.593557,1.435427,3.587249
1773774983.802314,228.576797,519.437134,784.16803,748.013916,76.514214,30.557827,2,3.136712,1.622305,0.674883,2.459709,0.370821,2.62197,101.131775,1.988487,1.593557,1.435427,3.587249
1773774984.581531,224.320801,549.873657,779.181213,774.194458,77.003906,28.974735,2,3.450519,1.708558,-0.401117,2.68858,0.383265,2.760419,99.822876,1.988487,1.593557,1.435427,3.587249
1773774985.345789,224.320801,539.900146,764.220947,764.220947,78.51133,29.352873,2,3.718721,1.68711,0.481529,2.841925,0.378454,2.725401,158.804535,1.988487,1.593557,1.435427,3.587249
1773774986.127512,220.064789,556.623047,781.674561,776.687805,76.758286,28.33375,2,3.671952,1.746222,-0.228032,2.870272,0.384282,2.822859,130.560516,1.988487,1.593557,1.435427,3.587249
1773774986.896757,223.256805,549.690918,769.207703,772.947754,78.002342,28.883816,2,3.8193,1.713799,-0.542185,2.937835,0.382617,2.769035,124.691635,1.988487,1.593557,1.435427,3.587249
1773774987.673481,225.384796,553.796387,776.687805,779.181213,77.251114,28.925852,2,3.770221,1.711371,0.137856,2.928285,0.385717,2.765042,130.313034,1.988487,1.593557,1.435427,3.587249
1773774988.450204,215.808792,549.658875,776.687805,765.467651,77.251114,28.193066,2,3.758384,1.754718,0.53756,2.919091,0.378684,2.83711,131.986038,1.988487,1.593557,1.435427,3.587249
1773774989.220708,223.256805,555.924438,770.454346,779.181213,77.876129,28.652746,2,3.745037,1.727267,0.257738,2.88538,0.385624,2.791285,119.240242,1.988487,1.593557,1.435427,3.587249
1773774990.007406,221.128799,563.039246,786.661377,784.16803,76.271698,28.19916,2,3.653504,1.754348,0.628105,2.87407,0.387937,2.836489,139.165756,1.988487,1.593557,1.435427,3.587249
1773774990.782884,222.192795,554.494995,775.441101,776.687805,77.375313,28.607735,2,3.663785,1.729916,0.092804,2.84105,0.384375,2.795679,129.493286,1.988487,1.593557,1.435427,3.587249
1773774991.567087,224.320801,562.340576,784.16803,786.661377,76.514214,28.515547,2,3.630588,1.735368,0.490048,2.846991,0.389279,2.804741,128.844284,1.988487,1.593557,1.435427,3.587249
1773774992.360031,226.448807,568.939392,792.894836,795.388184,75.672081,28.470224,2,3.746994,1.738061,1.91163,2.970972,0.393582,2.809227,123.1343,1.988487,1.593557,1.435427,3.587249
1773774993.157949,226.448807,571.4328,797.881592,797.881592,75.199127,28.381256,2,3.827145,1.743372,2.562994,3.053609,0.394785,2.818093,138.02861,1.988487,1.593557,1.435427,3.587249
1773774993.950881,229.640793,566.99408,792.894836,796.634888,75.672081,28.826353,2,3.698833,1.717128,1.382902,2.932785,0.394323,2.774521,131.514633,1.988487,1.593557,1.435427,3.587249
1773774994.743824,227.512787,562.888672,792.894836,790.401428,75.672081,28.78446,2,3.706028,1.719563,0.1047,2.938491,0.391223,2.77854,104.767815,1.988487,1.593557,1.435427,3.587249
1773774995.523041,226.448807,551.485718,779.181213,777.934509,77.003906,29.10898,2,3.83701,1.70088,0.729151,2.989726,0.385162,2.747838,126.284859,1.988487,1.593557,1.435427,3.587249
1773774996.293532,230.704803,544.736328,770.454346,775.441101,77.876129,29.751429,2,3.787154,1.665094,0.921439,2.917829,0.384145,2.689862,114.740128,1.988487,1.593557,1.435427,3.587249
1773774997.088969,223.256805,563.404541,795.388184,786.661377,75.434868,28.380293,2,3.617328,1.74343,-1.028284,2.87718,0.389233,2.818189,119.024689,1.988487,1.593557,1.435427,3.587249
1773774997.873173,229.640793,562.007324,784.16803,791.648132,76.514214,29.007938,2,3.530732,1.706652,0.230714,2.768687,0.391917,2.757292,109.631927,1.988487,1.593557,1.435427,3.587249
1773774998.661118,229.640793,558.267273,787.908081,787.908081,76.151016,29.145632,2,3.470525,1.698796,-1.129734,2.734455,0.390113,2.744432,96.646622,1.988487,1.593557,1.435427,3.587249
1773774999.437842,240.280807,548.873901,776.687805,789.154724,77.251114,30.44787,2,3.631196,1.628006,1.151693,2.820306,0.391179,2.630926,100.281555,1.988487,1.593557,1.435427,3.587249
1773775000.243253,228.576797,563.07135,805.361694,791.648132,74.500687,28.873535,2,3.461204,1.714393,0.081017,2.787521,0.391871,2.770014,112.762207,1.988487,1.593557,1.435427,3.587249
1773775001.031197,229.640793,559.513916,787.908081,789.154724,76.151016,29.09959,2,3.529934,1.701414,0.915234,2.781264,0.390714,2.748713,112.321877,1.988487,1.593557,1.435427,3.587249
1773775001.821635,228.576797,560.577942,790.401428,789.154724,75.910797,28.964764,2,3.391224,1.709131,0.125372,2.680428,0.390668,2.76136,99.787102,1.988487,1.593557,1.435427,3.587249
1773775002.610839,237.088791,562.039429,789.154724,799.128235,76.030716,29.66843,2,3.562203,1.66963,-0.034495,2.811129,0.39585,2.697151,109.187653,1.988487,1.593557,1.435427,3.587249
1773775003.41873,244.536804,572.045105,807.855042,816.581909,74.270752,29.94639,2,3.129187,1.654538,-0.595829,2.527929,0.404595,2.672968,99.944901,1.988487,1.593557,1.435427,3.587249
1773775004.227869,240.280807,563.834167,809.101746,804.11499,74.156311,29.881399,2,3.105603,1.658041,0.021242,2.512748,0.398395,2.678565,125.988861,1.988487,1.593557,1.435427,3.587249
1773775005.014578,250.920792,548.207458,786.661377,799.128235,76.271698,31.399315,2,3.226813,1.579998,2.414546,2.538409,0.396454,2.55637,119.235367,1.988487,1.593557,1.435427,3.587249
1773775005.796289,236.024811,528.196167,781.674561,764.220947,76.758286,30.884367,2,3.487031,1.605614,0.920007,2.725723,0.378965,2.595908,147.477432,1.988487,1.593557,1.435427,3.587249
1773775006.584234,222.192795,549.50824,787.908081,771.70105,76.151016,28.792599,2,3.505587,1.71909,0.02249,2.76208,0.381969,2.777757,112.35611,1.988487,1.593557,1.435427,3.587249
1773775007.364699,227.512787,559.14856,780.427856,786.661377,76.880905,28.921312,2,3.539444,1.711633,0.888504,2.762281,0.389418,2.765472,134.519684,1.988487,1.593557,1.435427,3.587249
1773775008.148915,225.384796,556.289795,784.16803,781.674561,76.514214,28.833586,2,3.395344,1.716708,-0.142297,2.66252,0.38692,2.773829,117.829224,1.988487,1.593557,1.435427,3.587249
1773775008.944339,231.768814,571.099487,795.388184,802.868286,75.434868,28.867603,2,3.320684,1.714736,0.491186,2.641233,0.397422,2.770579,112.159851,1.988487,1.593557,1.435427,3.587249
1773775009.729791,246.664825,556.203491,785.414673,802.868286,76.392769,30.722952,2,3.307405,1.613821,3.204519,2.597684,0.398073,2.608692,135.462692,1.988487,1.593557,1.435427,3.587249
1773775010.52398,254.112808,548.755493,794.141479,802.868286,75.553291,31.650623,2,3.252784,1.5678,0.944204,2.58317,0.398398,2.537738,113.454247,1.988487,1.593557,1.435427,3.587249
1773775011.320652,236.024811,539.41626,796.634888,775.441101,75.316811,30.43749,2,3.275905,1.628546,0.58375,2.6097,0.384377,2.631776,104.793846,1.988487,1.593557,1.435427,3.587249
1773775012.104856,232.832794,547.595093,784.16803,780.427856,76.514214,29.833994,2,3.363343,1.660606,-0.324929,2.637427,0.386644,2.682669,121.337204,1.988487,1.593557,1.435427,3.587249
1773775012.88284,239.216797,546.197876,777.934509,785.414673,77.127312,30.45739,2,3.380995,1.627511,1.078038,2.630193,0.389328,2.630147,132.393036,1.988487,1.593557,1.435427,3.587249
1773775013.674524,233.896805,551.517883,791.648132,785.414673,75.791245,29.780039,2,3.373542,1.663536,2.968904,2.670658,0.389096,2.687363,126.764076,1.988487,1.593557,1.435427,3.587249
1773775014.463715,241.344788,556.536804,789.154724,797.881592,76.030716,30.248196,2,3.428662,1.638465,1.45942,2.705745,0.395435,2.647427,141.983154,1.988487,1.593557,1.435427,3.587249
1773775015.260386,249.856812,556.751587,796.634888,806.608398,75.316811,30.976221,2,3.28855,1.600983,1.914825,2.619774,0.400016,2.588718,97.815071,1.988487,1.593557,1.435427,3.587249
1773775016.058317,241.344788,546.563293,797.881592,787.908081,75.199127,30.631083,2,3.242394,1.61853,0.706276,2.587046,0.390624,2.616054,85.863129,1.988487,1.593557,1.435427,3.587249
1773775016.847508,249.856812,549.271423,789.154724,799.128235,76.030716,31.266174,2,3.364878,1.58654,1.637242,2.65541,0.396408,2.566415,108.140739,1.988487,1.593557,1.435427,3.587249
1773775017.640439,240.280807,541.393738,792.894836,781.674561,75.672081,30.739239,2,3.442646,1.612989,1.753856,2.729656,0.38757,2.607393,119.541016,1.988487,1.593557,1.435427,3.587249
1773775018.437123,230.704803,554.709839,796.634888,785.414673,75.316811,29.373631,2,3.401127,1.685948,-1.224061,2.709456,0.388956,2.723516,110.03154,1.988487,1.593557,1.435427,3.587249
1773775019.218834,230.704803,550.969727,781.674561,781.674561,76.758286,29.514175,2,3.370191,1.678128,0.253332,2.634392,0.387152,2.710853,97.202232,1.988487,1.593557,1.435427,3.587249
1773775020.001792,237.088791,553.312622,782.921326,790.401428,76.636055,29.995998,2,3.606184,1.651873,2.176802,2.823358,0.391641,2.66872,121.307213,1.988487,1.593557,1.435427,3.587249
1773775020.799722,227.512787,559.14856,797.881592,786.661377,75.199127,28.921312,2,3.629952,1.711633,1.351582,2.896272,0.389418,2.765472,126.866997,1.988487,1.593557,1.435427,3.587249
1773775021.592653,227.512787,565.38208,792.894836,792.894836,75.672081,28.693941,2,3.656215,1.72485,1.420316,2.898994,0.392425,2.787281,180.056381,1.988487,1.593557,1.435427,3.587249
1773775022.385584,233.896805,566.478149,792.894836,800.374939,75.672081,29.223404,2,3.480987,1.694391,1.035556,2.760057,0.396313,2.737245,139.742737,1.988487,1.593557,1.435427,3.587249
1773775023.172294,232.832794,552.581909,786.661377,785.414673,76.271698,29.644569,2,3.447878,1.670938,-0.212831,2.712313,0.389049,2.699257,129.604904,1.988487,1.593557,1.435427,3.587249
1773775023.958992,224.320801,552.367004,786.661377,776.687805,76.271698,28.88172,2,3.436342,1.71392,0.770164,2.703237,0.384468,2.769234,138.794708,1.988487,1.593557,1.435427,3.587249
1773775024.751923,228.576797,569.30481,792.894836,797.881592,75.672081,28.647959,2,3.453049,1.727549,-0.518172,2.737905,0.394878,2.791752,109.071899,1.988487,1.593557,1.435427,3.587249
1773775025.541115,232.832794,561.308716,789.154724,794.141479,76.030716,29.318806,2,3.40869,1.689019,0.218487,2.689984,0.393259,2.728503,117.654945,1.988487,1.593557,1.435427,3.587249
1773775026.347772,223.256805,572.131348,806.608398,795.388184,74.385536,28.068913,2,3.457366,1.762286,-0.562673,2.78874,0.393442,2.849857,116.976135,1.988487,1.593557,1.435427,3.587249
1773775027.129482,233.896805,560.24469,781.674561,794.141479,76.758286,29.452789,2,3.599737,1.681535,1.292026,2.813823,0.393306,2.716362,156.624252,1.988487,1.593557,1.435427,3.587249
1773775027.91992,237.088791,557.052673,790.401428,794.141479,75.910797,29.854731,2,3.532939,1.659483,0.850685,2.79244,0.393445,2.680871,120.844063,1.988487,1.593557,1.435427,3.587249
1773775028.712864,236.024811,555.623291,792.894836,791.648132,75.672081,29.81436,2,3.502439,1.661671,1.118537,2.777066,0.392196,2.684375,130.653122,1.988487,1.593557,1.435427,3.587249
1773775029.512029,229.640793,562.007324,799.128235,791.648132,75.081818,29.007938,2,3.415217,1.706652,-1.161862,2.729197,0.391917,2.757292,107.159599,1.988487,1.593557,1.435427,3.587249
1773775030.297479,233.896805,556.504639,785.414673,790.401428,76.392769,29.592154,2,3.447652,1.673821,-0.00681,2.707836,0.391501,2.703901,119.014984,1.988487,1.593557,1.435427,3.587249
1773775031.082943,236.024811,551.883301,785.414673,787.908081,76.392769,29.955881,2,3.371899,1.654027,1.051822,2.648339,0.390391,2.672154,113.54464,1.988487,1.593557,1.435427,3.587249
1773775031.882108,234.960815,562.920776,799.128235,797.881592,75.081818,29.44808,2,3.487915,1.681796,0.961571,2.787291,0.395156,2.716786,128.077774,1.988487,1.593557,1.435427,3.587249
1773775032.678779,236.024811,561.856812,796.634888,797.881592,75.316811,29.581434,2,3.535942,1.674412,1.537041,2.816854,0.395203,2.704853,118.525879,1.988487,1.593557,1.435427,3.587249
1773775033.470476,237.088791,555.80603,791.648132,792.894836,75.791245,29.901669,2,3.345376,1.656947,1.692318,2.648361,0.392844,2.676816,124.244263,1.988487,1.593557,1.435427,3.587249
1773775034.260914,229.640793,552.033752,790.401428,781.674561,75.910797,29.378056,2,3.384815,1.685701,0.552541,2.675363,0.387106,2.723114,111.617241,1.988487,1.593557,1.435427,3.587249
1773775035.050105,224.320801,558.600525,789.154724,782.921326,76.030716,28.651768,2,3.528075,1.727325,-1.42898,2.784197,0.387475,2.79138,125.409561,1.988487,1.593557,1.435427,3.587249
1773775035.831816,236.024811,559.363403,781.674561,795.388184,76.758286,29.674166,2,3.594308,1.669316,1.145635,2.809579,0.394,2.696645,121.521835,1.988487,1.593557,1.435427,3.587249
1773775036.617279,227.512787,547.928345,785.414673,775.441101,76.392769,29.33979,2,3.6199,1.687843,-0.962267,2.843122,0.384006,2.726591,109.029114,1.988487,1.593557,1.435427,3.587249
1773775037.403977,237.088791,560.792786,786.661377,797.881592,76.271698,29.714785,2,3.578633,1.667093,0.47,2.815173,0.395249,2.693073,152.258286,1.988487,1.593557,1.435427,3.587249
1773775038.184441,233.896805,542.791016,780.427856,776.687805,76.880905,30.114647,2,3.552181,1.645537,1.266912,2.772221,0.384886,2.658639,115.440804,1.988487,1.593557,1.435427,3.587249
1773775038.959919,232.832794,541.361694,775.441101,774.194458,77.375313,30.0742,2,3.631586,1.647692,1.158816,2.816081,0.383637,2.662062,122.641808,1.988487,1.593557,1.435427,3.587249
1773775039.731668,237.088791,539.598999,771.70105,776.687805,77.750313,30.525621,2,3.627768,1.623971,1.487803,2.799552,0.385025,2.624583,143.740738,1.988487,1.593557,1.435427,3.587249
1773775040.514626,233.896805,545.284424,782.921326,779.181213,76.636055,30.018282,2,3.380011,1.65068,-1.014369,2.646282,0.386089,2.666818,103.418053,1.988487,1.593557,1.435427,3.587249
1773775041.301324,222.192795,550.754944,786.661377,772.947754,76.271698,28.746161,2,3.479299,1.721796,-0.693093,2.73703,0.382571,2.782228,105.167877,1.988487,1.593557,1.435427,3.587249
1773775042.069322,231.768814,547.412415,767.960999,779.181213,78.128967,29.745174,2,3.722232,1.665435,1.683543,2.858529,0.385996,2.690409,147.656219,1.988487,1.593557,1.435427,3.587249
1773775042.834839,248.792801,536.621887,765.467651,785.414673,78.383453,31.676617,2,3.623017,1.566549,2.603934,2.773303,0.389746,2.535835,124.351067,1.988487,1.593557,1.435427,3.587249
1773775043.636496,233.896805,550.27124,801.621643,784.16803,74.848282,29.827383,2,3.406327,1.660965,1.707849,2.730586,0.388494,2.683243,129.485229,1.988487,1.593557,1.435427,3.587249
1773775044.41696,236.024811,546.896484,780.427856,782.921326,76.880905,30.146683,2,3.402845,1.643835,0.344721,2.655675,0.387986,2.655937,155.152542,1.988487,1.593557,1.435427,3.587249
1773775045.196191,231.768814,542.425659,779.181213,774.194458,77.003906,29.936769,2,3.670204,1.655055,-1.377723,2.859754,0.38359,2.673795,131.551331,1.988487,1.593557,1.435427,3.587249
1773775045.957955,245.600784,532.33374,761.727539,777.934509,78.768318,31.570881,2,3.753199,1.571649,3.385535,2.858915,0.385998,2.543605,190.371048,1.988487,1.593557,1.435427,3.587249
1773775046.730938,237.088791,525.885437,772.947754,762.974243,77.624908,31.074286,2,3.68268,1.596068,3.414394,2.846519,0.37841,2.581108,126.103394,1.988487,1.593557,1.435427,3.587249
1773775047.53135,216.872803,559.815002,800.374939,776.687805,74.964867,27.922777,2,3.549028,1.771281,-1.927453,2.840553,0.384143,2.865069,115.782593,1.988487,1.593557,1.435427,3.587249
1773775048.291867,238.152802,547.261841,760.480896,785.414673,78.897446,30.32192,2,3.335261,1.634587,6.357871,2.536402,0.389282,2.641298,127.012001,1.988487,1.593557,1.435427,3.587249
1773775049.074837,244.536804,545.864624,782.921326,790.401428,76.636055,30.938303,2,3.326749,1.602891,3.854304,2.604583,0.391966,2.591678,144.431488,1.988487,1.593557,1.435427,3.587249
1773775049.871509,230.704803,549.723022,796.634888,780.427856,75.316811,29.561323,2,3.640326,1.675521,0.938035,2.90001,0.386551,2.706643,126.765633,1.988487,1.593557,1.435427,3.587249
1773775050.650726,237.088791,549.572571,779.181213,786.661377,77.003906,30.138609,2,3.687361,1.644264,3.488894,2.873122,0.389837,2.656617,116.363106,1.988487,1.593557,1.435427,3.587249
1773775051.438683,236.024811,550.636597,787.908081,786.661377,76.151016,30.003357,2,3.714001,1.651479,2.036139,2.926292,0.38979,2.668091,171.010513,1.988487,1.593557,1.435427,3.587249
1773775052.231614,225.384796,555.043091,792.894836,780.427856,75.672081,28.879646,2,3.68032,1.71404,0.655092,2.918107,0.386318,2.769432,125.425377,1.988487,1.593557,1.435427,3.587249
1773775053.003352,236.024811,548.143188,771.70105,784.16803,77.750313,30.098755,2,3.838616,1.646383,2.961818,2.962264,0.388587,2.659982,164.250595,1.988487,1.593557,1.435427,3.587249
1773775053.791297,231.768814,551.152527,787.908081,782.921326,76.151016,29.603079,2,3.769494,1.673219,1.14468,2.970014,0.3878,2.70293,156.584396,1.988487,1.593557,1.435427,3.587249
1773775054.563046,231.768814,539.932251,771.70105,771.70105,77.750313,30.033497,2,3.890287,1.649866,1.320189,3.002139,0.382387,2.665521,155.63414,1.988487,1.593557,1.435427,3.587249
1773775055.342264,221.128799,545.58551,779.181213,766.714294,77.003906,28.841097,2,3.897338,1.716272,0.114026,3.036733,0.379517,2.77311,150.066483,1.988487,1.593557,1.435427,3.587249
1773775056.107768,222.192795,544.521484,765.467651,766.714294,78.383453,28.979868,2,3.777256,1.708263,-0.046391,2.891367,0.379564,2.759935,128.168839,1.988487,1.593557,1.435427,3.587249
1773775056.868285,228.576797,539.384216,760.480896,767.960999,78.897446,29.764116,2,3.71408,1.664403,1.852699,2.824486,0.380444,2.688753,136.258286,1.988487,1.593557,1.435427,3.587249
1773775057.645021,247.728806,551.399414,776.687805,799.128235,77.251114,30.999882,2,3.611225,1.599794,2.5721,2.804794,0.396315,2.586875,135.001892,1.988487,1.593557,1.435427,3.587249
1773775058.436706,232.832794,541.361694,791.648132,774.194458,75.791245,30.0742,2,3.439293,1.647692,-0.763186,2.72271,0.383637,2.662062,121.545258,1.988487,1.593557,1.435427,3.587249
1773775059.222157,237.088791,553.312622,785.414673,790.401428,76.392769,29.995998,2,3.355493,1.651873,0.275913,2.635453,0.391641,2.66872,108.642433,1.988487,1.593557,1.435427,3.587249
1773775060.013842,232.832794,553.828613,791.648132,786.661377,75.791245,29.597589,2,3.349542,1.673522,0.190729,2.651659,0.389651,2.703418,130.271225,1.988487,1.593557,1.435427,3.587249
1773775060.795565,233.896805,549.024536,781.674561,782.921326,76.758286,29.87488,2,3.447681,1.658394,2.404046,2.694965,0.387893,2.679128,144.928543,1.988487,1.593557,1.435427,3.587249
1773775061.577276,238.152802,548.508545,781.674561,786.661377,76.758286,30.273863,2,3.628416,1.637113,2.642267,2.836241,0.389883,2.645289,147.068222,1.988487,1.593557,1.435427,3.587249
1773775062.366467,238.152802,551.001953,789.154724,789.154724,76.030716,30.178213,2,3.714108,1.642163,1.412606,2.931005,0.391086,2.653285,124.739182,1.988487,1.593557,1.435427,3.587249
1773775063.131971,243.472794,528.228271,765.467651,771.70105,78.383453,31.550144,2,3.674113,1.572654,3.04333,2.812415,0.382898,2.545137,134.346069,1.988487,1.593557,1.435427,3.587249
1773775063.929901,224.320801,551.1203,797.881592,775.441101,75.199127,28.928154,2,3.472471,1.711239,-0.008756,2.770621,0.383866,2.764823,120.903687,1.988487,1.593557,1.435427,3.587249
1773775064.692912,233.896805,540.297668,762.974243,774.194458,78.63961,30.211636,2,3.626055,1.640395,2.336339,2.766587,0.383683,2.650482,122.110695,1.988487,1.593557,1.435427,3.587249
1773775065.47587,239.216797,549.937927,782.921326,789.154724,76.636055,30.313042,2,3.678024,1.635053,2.384035,2.879603,0.391132,2.642034,119.492828,1.988487,1.593557,1.435427,3.587249
1773775066.281281,237.088791,565.77948,805.361694,802.868286,74.500687,29.530222,2,3.643142,1.67724,0.736935,2.934047,0.397655,2.709417,141.821121,1.988487,1.593557,1.435427,3.587249
1773775067.080444,216.872803,558.568298,799.128235,775.441101,75.081818,27.96767,2,3.664823,1.768508,-1.848034,2.928663,0.383541,2.860372,120.84906,1.988487,1.593557,1.435427,3.587249
1773775067.852182,225.384796,556.289795,771.70105,781.674561,77.750313,28.833586,2,3.637841,1.716708,-2.199639,2.807326,0.38692,2.773829,103.004631,1.988487,1.593557,1.435427,3.587249
1773775068.641373,219.000793,562.673767,789.154724,781.674561,76.030716,28.016876,2,3.786059,1.765478,-2.23687,2.987787,0.386641,2.855248,121.330139,1.988487,1.593557,1.435427,3.587249
1773775069.400657,223.256805,540.964111,759.234192,764.220947,79.027,29.213646,2,4.022999,1.694942,0.810369,3.054398,0.378407,2.738143,160.547043,1.988487,1.593557,1.435427,3.587249
1773775070.161174,223.256805,537.224121,760.480896,760.480896,78.897446,29.357321,2,4.03541,1.686861,0.213273,3.068852,0.376603,2.724997,142.306808,1.988487,1.593557,1.435427,3.587249
1773775070.940391,223.256805,555.924438,779.181213,779.181213,77.003906,28.652746,2,3.866371,1.727267,0.031633,3.012604,0.385624,2.791285,114.220695,1.988487,1.593557,1.435427,3.587249
1773775071.720856,215.808792,555.892273,780.427856,771.70105,76.880905,27.965338,2,3.853478,1.768651,-1.280606,3.007362,0.381691,2.860615,118.152267,1.988487,1.593557,1.435427,3.587249
1773775072.486372,223.256805,550.937622,765.467651,774.194458,78.383453,28.837303,2,4.07889,1.716492,1.616056,3.122258,0.383219,2.773473,128.327362,1.988487,1.593557,1.435427,3.587249
1773775073.274317,223.256805,564.651245,787.908081,787.908081,76.151016,28.335386,2,4.029967,1.746124,-0.430344,3.175243,0.389834,2.822695,125.137787,1.988487,1.593557,1.435427,3.587249
1773775074.047301,219.000793,548.960205,772.947754,767.960999,77.624908,28.517178,2,4.065164,1.735271,0.552247,3.142159,0.380026,2.80458,127.613121,1.988487,1.593557,1.435427,3.587249
1773775074.847712,216.872803,581.008789,800.374939,797.881592,74.964867,27.181076,2,4.103154,1.818423,-0.014594,3.284061,0.394367,2.945925,137.670959,1.988487,1.593557,1.435427,3.587249
1773775075.636916,211.552795,571.36853,789.154724,782.921326,76.030716,27.020952,2,3.952604,1.82894,-0.724229,3.119216,0.386917,2.96422,135.420929,1.988487,1.593557,1.435427,3.587249
1773775076.416133,210.4888,567.445679,779.181213,777.934509,77.003906,27.057394,2,3.978158,1.826536,-0.745231,3.099706,0.384465,2.960029,127.788116,1.988487,1.593557,1.435427,3.587249
1773775077.190365,216.872803,564.801758,774.194458,781.674561,77.499908,27.744642,2,4.030611,1.782373,-0.542699,3.120477,0.386548,2.883924,132.889008,1.988487,1.593557,1.435427,3.587249
1773775077.973322,223.256805,567.144653,782.921326,790.401428,76.636055,28.246004,2,4.088726,1.751511,-0.048595,3.20115,0.391037,2.831724,126.911774,1.988487,1.593557,1.435427,3.587249
1773775078.773745,222.192795,576.935425,800.374939,799.128235,74.964867,27.804398,2,4.010168,1.778636,0.871136,3.209638,0.3952,2.877561,131.493103,1.988487,1.593557,1.435427,3.587249
1773775079.55047,225.384796,555.043091,776.687805,780.427856,77.251114,28.879646,2,3.916132,1.71404,0.727425,3.041612,0.386318,2.769432,127.655418,1.988487,1.593557,1.435427,3.587249
1773775080.339661,230.704803,564.68335,789.154724,795.388184,76.030716,29.00531,2,3.789593,1.706803,-0.289203,2.990575,0.393768,2.757539,123.609756,1.988487,1.593557,1.435427,3.587249
1773775081.140084,224.320801,568.574036,800.374939,792.894836,74.964867,28.291368,2,3.700548,1.748773,-0.037726,2.961826,0.392286,2.827131,110.10321,1.988487,1.593557,1.435427,3.587249
1773775081.931769,231.768814,568.60614,791.648132,800.374939,75.791245,28.957531,2,3.662717,1.709547,1.509172,2.899583,0.39622,2.762043,138.104568,1.988487,1.593557,1.435427,3.587249
1773775082.72096,230.704803,557.203247,789.154724,787.908081,76.030716,29.280674,2,3.589864,1.691162,1.415617,2.832958,0.390159,2.731987,143.02446,1.988487,1.593557,1.435427,3.587249
1773775083.517643,227.512787,565.38208,796.634888,792.894836,75.316811,28.693941,2,3.558205,1.72485,-1.679759,2.834591,0.392425,2.787281,121.180191,1.988487,1.593557,1.435427,3.587249
1773775084.288134,243.472794,545.681946,770.454346,789.154724,77.876129,30.85235,2,3.583125,1.607235,2.138837,2.760634,0.391318,2.598428,127.545799,1.988487,1.593557,1.435427,3.587249
1773775085.074832,245.600784,543.553955,786.661377,789.154724,76.271698,31.122005,2,3.3689,1.593688,1.739904,2.650183,0.391411,2.57743,104.658142,1.988487,1.593557,1.435427,3.587249
1773775085.86901,244.536804,548.358032,794.141479,792.894836,75.553291,30.841013,2,3.303525,1.60781,1.26805,2.623466,0.393169,2.599323,131.754456,1.988487,1.593557,1.435427,3.587249
1773775086.661954,231.768814,546.16571,792.894836,777.934509,75.672081,29.792845,2,3.406714,1.66284,-0.386834,2.701166,0.385394,2.686247,98.012901,1.988487,1.593557,1.435427,3.587249
1773775087.449898,227.512787,555.408569,787.908081,782.921326,76.151016,29.059469,2,3.390141,1.703703,0.018672,2.67112,0.387614,2.752459,92.838432,1.988487,1.593557,1.435427,3.587249
1773775088.217895,224.320801,539.900146,767.960999,764.220947,78.128967,29.352873,2,3.526103,1.68711,0.51105,2.707909,0.378454,2.725401,113.416115,1.988487,1.593557,1.435427,3.587249
1773775088.974673,241.344788,535.343018,756.740784,776.687805,79.287384,31.073591,2,3.602995,1.596103,2.917243,2.726533,0.385211,2.581162,110.749825,1.988487,1.593557,1.435427,3.587249
1773775089.746423,230.704803,528.529419,771.70105,759.234192,77.750313,30.386513,2,3.580834,1.631205,1.712292,2.763334,0.376327,2.635963,126.109795,1.988487,1.593557,1.435427,3.587249
1773775090.543095,232.832794,566.29541,796.634888,799.128235,75.316811,29.135851,2,3.688315,1.699351,0.354524,2.938241,0.395665,2.74534,132.655136,1.988487,1.593557,1.435427,3.587249
1773775091.321065,221.128799,543.092163,777.934509,764.220947,77.127312,28.93519,2,3.744452,1.710833,0.550998,2.912939,0.378314,2.764157,153.536835,1.988487,1.593557,1.435427,3.587249
1773775092.075349,233.896805,535.310913,754.247437,769.207703,79.549492,30.407497,2,3.743952,1.63011,2.597839,2.823866,0.381277,2.634237,126.297997,1.988487,1.593557,1.435427,3.587249
1773775092.849592,234.960815,540.480286,774.194458,775.441101,77.499908,30.300278,2,3.607752,1.635724,2.741844,2.793101,0.384331,2.643093,156.761673,1.988487,1.593557,1.435427,3.587249
1773775093.627563,231.768814,542.425659,777.934509,774.194458,77.127312,29.936769,2,3.533739,1.655055,0.641727,2.749018,0.38359,2.673795,138.735809,1.988487,1.593557,1.435427,3.587249
1773775094.395561,241.344788,537.836426,767.960999,779.181213,78.128967,30.974154,2,3.60865,1.601087,2.591083,2.771302,0.386414,2.588879,117.05722,1.988487,1.593557,1.435427,3.587249
1773775095.189738,234.960815,551.700562,794.141479,786.661377,75.553291,29.868103,2,3.378678,1.65876,0.262217,2.683148,0.389744,2.679714,107.023689,1.988487,1.593557,1.435427,3.587249
1773775095.965228,239.216797,541.21106,775.441101,780.427856,77.375313,30.652008,2,3.476777,1.617455,0.936456,2.696036,0.386922,2.614371,112.7855,1.988487,1.593557,1.435427,3.587249
1773775096.736966,246.664825,533.763062,771.70105,780.427856,77.750313,31.606358,2,3.651316,1.569934,5.388865,2.817724,0.387248,2.540989,103.505463,1.988487,1.593557,1.435427,3.587249
1773775097.542364,224.320801,554.860413,805.361694,779.181213,74.500687,28.789297,2,3.61565,1.719282,-0.651308,2.911906,0.385671,2.778075,98.5196,1.988487,1.593557,1.435427,3.587249
1773775098.336554,217.936798,568.724609,794.141479,786.661377,75.553291,27.704016,2,3.72076,1.784923,-2.104872,2.95481,0.389,2.888273,106.868896,1.988487,1.593557,1.435427,3.587249
1773775099.075878,257.30481,528.109863,739.287109,785.414673,81.159264,32.760376,2,3.823242,1.51617,6.597561,2.826474,0.390118,2.460279,110.062424,1.988487,1.593557,1.435427,3.587249
1773775099.878783,238.152802,542.275024,802.868286,780.427856,74.732056,30.515671,2,3.607892,1.624486,1.611026,2.896662,0.386876,2.625392,117.318359,1.988487,1.593557,1.435427,3.587249
1773775100.64304,242.408798,526.798889,764.220947,769.207703,78.51133,31.514088,2,3.666496,1.574403,2.461178,2.802013,0.381649,2.547809,91.607826,1.988487,1.593557,1.435427,3.587249
1773775101.418518,227.512787,530.474731,775.441101,757.987488,77.375313,30.015377,2,3.619021,1.650835,0.283991,2.806337,0.375586,2.667065,88.053856,1.988487,1.593557,1.435427,3.587249
1773775102.198994,227.512787,552.915039,780.427856,780.427856,76.880905,29.152315,2,3.617417,1.698416,-0.217494,2.823133,0.386411,2.743812,129.275818,1.988487,1.593557,1.435427,3.587249
1773775102.970731,227.512787,544.188232,771.70105,771.70105,77.750313,29.481987,2,3.451361,1.679912,-0.386871,2.663419,0.382202,2.713737,101.503372,1.988487,1.593557,1.435427,3.587249
1773775103.727509,234.960815,530.506836,756.740784,765.467651,79.287384,30.695068,2,3.6549,1.615247,2.601364,2.765811,0.37952,2.61092,114.46949,1.988487,1.593557,1.435427,3.587249
1773775104.51296,232.832794,550.088501,785.414673,782.921326,76.392769,29.738977,2,3.657102,1.665773,1.75929,2.872342,0.387846,2.690952,110.535744,1.988487,1.593557,1.435427,3.587249
1773775105.288449,232.832794,542.608276,775.441101,775.441101,77.375313,30.025852,2,3.620919,1.650275,1.083546,2.80781,0.384238,2.666172,113.898888,1.988487,1.593557,1.435427,3.587249
1773775106.072654,228.576797,550.604431,784.16803,779.181213,76.514214,29.33551,2,3.555258,1.688082,0.957606,2.78792,0.385856,2.726981,124.277519,1.988487,1.593557,1.435427,3.587249
1773775106.848132,229.640793,547.046997,775.441101,776.687805,77.375313,29.566679,2,3.611577,1.675225,1.281892,2.800565,0.3847,2.706166,123.559349,1.988487,1.593557,1.435427,3.587249
1773775107.632336,225.384796,553.796387,784.16803,779.181213,76.514214,28.925852,2,3.574555,1.711371,0.574901,2.803052,0.385717,2.765042,118.583733,1.988487,1.593557,1.435427,3.587249
1773775108.410319,240.280807,555.107361,777.934509,795.388184,77.127312,30.209249,2,3.525146,1.640521,-0.273157,2.742332,0.394186,2.650682,118.95343,1.988487,1.593557,1.435427,3.587249
1773775109.19203,248.792801,542.855347,781.674561,791.648132,76.758286,31.427197,2,3.383461,1.578635,2.246418,2.644765,0.392753,2.554282,97.962158,1.988487,1.593557,1.435427,3.587249
1773775109.996182,233.896805,552.764587,804.11499,786.661377,74.616196,29.732843,2,3.24795,1.666107,-0.109582,2.611725,0.389697,2.691489,110.696945,1.988487,1.593557,1.435427,3.587249
1773775110.789126,224.320801,557.35376,792.894836,781.674561,75.672081,28.697468,2,3.401788,1.724644,0.096586,2.69726,0.386873,2.786939,126.564629,1.988487,1.593557,1.435427,3.587249
1773775111.538422,240.280807,527.680176,749.26062,767.960999,80.078941,31.288153,2,3.627424,1.585457,4.268254,2.717886,0.380955,2.564749,145.644974,1.988487,1.593557,1.435427,3.587249
1773775112.32138,230.704803,540.996216,782.921326,771.70105,76.636055,29.895618,2,3.675696,1.657273,2.283392,2.877781,0.382341,2.677337,114.826241,1.988487,1.593557,1.435427,3.587249
1773775113.090624,231.768814,538.685547,769.207703,770.454346,78.002342,30.082094,2,3.818336,1.647271,2.188552,2.937093,0.381786,2.661393,134.508896,1.988487,1.593557,1.435427,3.587249
1773775113.872335,226.448807,548.99231,781.674561,775.441101,76.758286,29.202579,2,3.671625,1.695568,0.696399,2.870016,0.383959,2.739164,100.070518,1.988487,1.593557,1.435427,3.587249
1773775114.654059,225.384796,555.043091,781.674561,780.427856,76.758286,28.879646,2,3.72535,1.71404,0.243014,2.912011,0.386318,2.769432,115.666245,1.988487,1.593557,1.435427,3.587249
1773775115.435769,227.512787,556.655273,781.674561,784.16803,76.758286,29.013269,2,3.647012,1.706347,1.280607,2.850777,0.388216,2.756791,105.342461,1.988487,1.593557,1.435427,3.587249
1773775116.208754,243.472794,548.175354,772.947754,791.648132,77.624908,30.755177,2,3.669077,1.612175,3.162698,2.836005,0.392521,2.606124,142.781586,1.988487,1.593557,1.435427,3.587249
1773775116.995451,242.408798,543.005859,786.661377,785.414673,76.271698,30.863798,2,3.596759,1.606655,2.156131,2.829431,0.389467,2.597526,134.548386,1.988487,1.593557,1.435427,3.587249
1773775117.800862,237.088791,562.039429,805.361694,799.128235,74.500687,29.66843,2,3.325986,1.66963,0.658286,2.678621,0.39585,2.697151,128.175003,1.988487,1.593557,1.435427,3.587249
1773775118.56886,242.408798,531.785645,767.960999,774.194458,78.128967,31.3111,2,3.433555,1.584327,2.57915,2.636837,0.384055,2.563012,122.004082,1.988487,1.593557,1.435427,3.587249
1773775119.359297,233.896805,546.531067,790.401428,780.427856,75.910797,29.970329,2,3.464487,1.653251,3.235067,2.738335,0.38669,2.670916,109.327347,1.988487,1.593557,1.435427,3.587249
1773775120.136034,231.768814,542.425659,776.687805,774.194458,77.251114,29.936769,2,3.518497,1.655055,1.248296,2.732774,0.38359,2.673795,132.757004,1.988487,1.593557,1.435427,3.587249
1773775120.910265,233.896805,542.791016,774.194458,776.687805,77.499908,30.114647,2,3.599294,1.645537,0.780775,2.786554,0.384886,2.658639,115.008919,1.988487,1.593557,1.435427,3.587249
1773775121.695716,236.024811,551.883301,785.414673,787.908081,76.392769,29.955881,2,3.62624,1.654027,1.258063,2.848103,0.390391,2.672154,127.854759,1.988487,1.593557,1.435427,3.587249
1773775122.484906,246.664825,554.956787,789.154724,801.621643,76.030716,30.770727,2,3.304246,1.611383,0.853842,2.607562,0.397471,2.604888,80.363708,1.988487,1.593557,1.435427,3.587249
1773775123.291564,224.320801,556.107056,806.608398,780.427856,74.385536,28.743311,2,3.453475,1.721962,-0.593479,2.785602,0.386272,2.782503,109.499329,1.988487,1.593557,1.435427,3.587249
1773775124.067042,222.192795,550.754944,775.441101,772.947754,77.375313,28.746161,2,3.558106,1.721796,-0.769207,2.759101,0.382571,2.782228,98.398125,1.988487,1.593557,1.435427,3.587249
1773775124.84626,226.448807,557.719238,779.181213,784.16803,77.003906,28.877586,2,3.602608,1.714159,0.050909,2.807084,0.388169,2.769628,117.535103,1.988487,1.593557,1.435427,3.587249
1773775125.630476,229.640793,558.267273,784.16803,787.908081,76.514214,29.145632,2,3.634349,1.698796,1.099738,2.84994,0.390113,2.744432,129.131058,1.988487,1.593557,1.435427,3.587249
1773775126.409693,233.896805,550.27124,779.181213,784.16803,77.003906,29.827383,2,3.731226,1.660965,1.830412,2.907301,0.388494,2.683243,128.072189,1.988487,1.593557,1.435427,3.587249
1773775127.200131,230.704803,555.956543,790.401428,786.661377,75.910797,29.32708,2,3.643818,1.688555,1.473116,2.880079,0.389558,2.727748,157.928986,1.988487,1.593557,1.435427,3.587249
1773775127.980596,232.832794,550.088501,780.427856,782.921326,76.880905,29.738977,2,3.663983,1.665773,2.478581,2.859474,0.387846,2.690952,155.24292,1.988487,1.593557,1.435427,3.587249
1773775128.762319,240.280807,550.120605,781.674561,790.401428,76.758286,30.399843,2,3.681242,1.630509,2.27906,2.877533,0.39178,2.634866,140.736099,1.988487,1.593557,1.435427,3.587249
1773775129.545277,233.896805,541.544312,782.921326,775.441101,76.636055,30.163065,2,3.622371,1.642966,2.935675,2.836032,0.384284,2.654558,148.465469,1.988487,1.593557,1.435427,3.587249
1773775130.330728,237.088791,552.065918,785.414673,789.154724,76.392769,30.043385,2,3.709279,1.649337,2.206213,2.913322,0.391039,2.66468,120.80262,1.988487,1.593557,1.435427,3.587249
1773775131.126153,234.960815,557.934021,795.388184,792.894836,75.434868,29.633289,2,3.543456,1.671558,0.91035,2.818423,0.392751,2.700254,132.874939,1.988487,1.593557,1.435427,3.587249
1773775131.904135,240.280807,543.887207,777.934509,784.16803,77.127312,30.641497,2,3.099049,1.617995,5.103756,2.410857,0.388773,2.615216,123.374565,1.988487,1.593557,1.435427,3.587249
1773775132.709534,234.960815,564.167419,805.361694,799.128235,74.500687,29.402143,2,2.920349,1.684356,0.09989,2.351937,0.395758,2.720933,121.285881,1.988487,1.593557,1.435427,3.587249
1773775133.493738,237.088791,549.572571,784.16803,786.661377,76.514214,30.138609,2,3.377118,1.644264,2.529986,2.648228,0.389837,2.656617,128.309235,1.988487,1.593557,1.435427,3.587249
1773775134.294162,228.576797,561.824646,800.374939,790.401428,74.964867,28.919077,2,3.363958,1.711762,-0.604017,2.692428,0.391269,2.765684,122.12674,1.988487,1.593557,1.435427,3.587249
1773775135.07338,237.088791,552.065918,779.181213,789.154724,77.003906,30.043385,2,3.518864,1.649337,2.371954,2.741833,0.391039,2.66468,144.381775,1.988487,1.593557,1.435427,3.587249
1773775135.863817,232.832794,552.581909,790.401428,785.414673,75.910797,29.644569,2,3.457653,1.670938,0.395023,2.732934,0.389049,2.699257,104.95652,1.988487,1.593557,1.435427,3.587249
1773775136.653021,228.576797,555.591248,789.154724,784.16803,76.030716,29.148956,2,3.432708,1.698607,-0.336862,2.708937,0.388262,2.744123,109.155258,1.988487,1.593557,1.435427,3.587249
1773775137.434732,231.768814,553.645874,781.674561,785.414673,76.758286,29.5091,2,3.533339,1.678409,-0.530398,2.761921,0.389003,2.711307,114.943695,1.988487,1.593557,1.435427,3.587249
1773775138.220183,236.024811,554.376587,785.414673,790.401428,76.392769,29.861385,2,3.593905,1.659123,2.69514,2.822706,0.391594,2.680295,126.137077,1.988487,1.593557,1.435427,3.587249
1773775139.013114,234.960815,556.687317,792.894836,791.648132,75.672081,29.679956,2,3.528392,1.668998,0.536495,2.797644,0.392149,2.696135,124.551331,1.988487,1.593557,1.435427,3.587249
1773775139.806058,226.448807,556.472534,792.894836,782.921326,75.672081,28.923571,2,3.459094,1.711503,-0.056672,2.742698,0.387568,2.765258,121.349762,1.988487,1.593557,1.435427,3.587249
1773775140.594002,228.576797,561.824646,787.908081,790.401428,76.151016,28.919077,2,3.435643,1.711762,-0.982021,2.706971,0.391269,2.765684,125.704895,1.988487,1.593557,1.435427,3.587249
1773775141.378207,242.408798,557.966125,784.16803,800.374939,76.514214,30.286905,2,3.5128,1.636427,1.493824,2.754625,0.396684,2.644204,112.080482,1.988487,1.593557,1.435427,3.587249
1773775142.169903,240.280807,548.873901,791.648132,789.154724,75.791245,30.44787,2,3.507535,1.628006,0.511748,2.776734,0.391179,2.630926,97.178734,1.988487,1.593557,1.435427,3.587249
1773775142.956601,246.664825,547.476685,786.661377,794.141479,76.271698,31.060564,2,3.476143,1.596754,4.035577,2.734548,0.393863,2.582169,118.172989,1.988487,1.593557,1.435427,3.587249
1773775143.758259,228.576797,551.851074,801.621643,780.427856,74.848282,29.288652,2,3.558305,1.690713,1.679173,2.852414,0.386458,2.731257,147.104706,1.988487,1.593557,1.435427,3.587249
1773775144.543722,226.448807,556.472534,785.414673,782.921326,76.392769,28.923571,2,3.461935,1.711503,-0.703594,2.719054,0.387568,2.765258,110.384567,1.988487,1.593557,1.435427,3.587249
1773775145.325433,228.576797,555.591248,781.674561,784.16803,76.758286,29.148956,2,3.645173,1.698607,-0.250613,2.849339,0.388262,2.744123,126.318207,1.988487,1.593557,1.435427,3.587249
1773775146.099664,231.768814,546.16571,774.194458,777.934509,77.499908,29.792845,2,3.692946,1.66284,0.781436,2.859059,0.385394,2.686247,118.724106,1.988487,1.593557,1.435427,3.587249
1773775146.890102,233.896805,558.998047,790.401428,792.894836,75.910797,29.499096,2,3.689454,1.678963,0.957459,2.91615,0.392704,2.712203,132.712616,1.988487,1.593557,1.435427,3.587249
1773775147.68554,227.512787,560.395264,795.388184,787.908081,75.434868,28.875551,2,3.458629,1.714277,-0.46159,2.750952,0.39002,2.769822,116.839081,1.988487,1.593557,1.435427,3.587249
1773775148.47473,231.768814,562.372681,789.154724,794.141479,76.030716,29.184828,2,3.658415,1.696573,1.81198,2.887056,0.393213,2.740803,100.113441,1.988487,1.593557,1.435427,3.587249
1773775149.261428,226.448807,553.979065,786.661377,780.427856,76.271698,29.015982,2,3.847099,1.706191,-0.181511,3.026365,0.386365,2.756536,132.79866,1.988487,1.593557,1.435427,3.587249
1773775150.044398,230.704803,557.203247,782.921326,787.908081,76.636055,29.280674,2,3.668006,1.691162,-0.007214,2.87176,0.390159,2.731987,107.417816,1.988487,1.593557,1.435427,3.587249
1773775150.823616,242.408798,550.486023,779.181213,792.894836,77.003906,30.572628,2,3.074791,1.621541,4.609101,2.39582,0.393076,2.620771,87.948624,1.988487,1.593557,1.435427,3.587249
1773775151.619041,236.024811,551.883301,795.388184,787.908081,75.434868,29.955881,2,3.092053,1.654027,2.638191,2.459382,0.390391,2.672154,120.655434,1.988487,1.593557,1.435427,3.587249
1773775152.419451,226.448807,562.705933,800.374939,789.154724,74.964867,28.69511,2,3.506555,1.724782,0.075179,2.806559,0.390575,2.787168,134.641495,1.988487,1.593557,1.435427,3.587249
1773775153.207409,233.896805,562.738098,787.908081,796.634888,76.151016,29.360601,2,3.650852,1.686677,2.259159,2.876536,0.394508,2.724699,127.810493,1.988487,1.593557,1.435427,3.587249
1773775154.00034,215.808792,555.892273,792.894836,771.70105,75.672081,27.965338,2,3.534034,1.768651,0.888981,2.802118,0.381691,2.860615,112.489281,1.988487,1.593557,1.435427,3.587249
1773775154.782051,227.512787,567.875366,781.674561,795.388184,76.758286,28.603994,2,3.454973,1.730137,0.673781,2.700665,0.393628,2.796045,113.73143,1.988487,1.593557,1.435427,3.587249
1773775155.560034,223.256805,549.690918,777.934509,772.947754,77.127312,28.883816,2,3.544038,1.713799,1.966376,2.75703,0.382617,2.769035,125.494728,1.988487,1.593557,1.435427,3.587249
1773775156.334265,227.512787,551.668457,774.194458,779.181213,77.499908,29.198956,2,3.603202,1.695773,0.250027,2.789579,0.38581,2.739498,95.603004,1.988487,1.593557,1.435427,3.587249
1773775157.110989,230.704803,549.723022,776.687805,780.427856,77.251114,29.561323,2,3.700661,1.675521,1.360981,2.874259,0.386551,2.706643,129.554352,1.988487,1.593557,1.435427,3.587249
1773775157.895194,230.704803,553.463257,784.16803,784.16803,76.514214,29.420328,2,3.365242,1.683342,3.821295,2.638915,0.388355,2.719289,128.300247,1.988487,1.593557,1.435427,3.587249
1773775158.68315,230.704803,557.203247,787.908081,787.908081,76.151016,29.280674,2,3.175967,1.691162,-0.801702,2.50237,0.390159,2.731987,100.792656,1.988487,1.593557,1.435427,3.587249
1773775159.462368,238.152802,549.755249,779.181213,787.908081,77.003906,30.225962,2,3.557084,1.639638,2.588586,2.771613,0.390484,2.649284,124.409187,1.988487,1.593557,1.435427,3.587249
1773775160.239092,248.792801,540.361938,776.687805,789.154724,77.251114,31.526491,2,3.588318,1.573801,2.371147,2.787003,0.39155,2.546889,145.154007,1.988487,1.593557,1.435427,3.587249
1773775161.038257,246.664825,549.970093,799.128235,796.634888,75.081818,30.963346,2,3.447713,1.60163,4.558762,2.755165,0.395066,2.589722,129.901703,1.988487,1.593557,1.435427,3.587249
1773775161.82372,227.512787,535.461426,785.414673,762.974243,76.392769,29.819197,2,3.604008,1.661409,0.611839,2.830641,0.377992,2.683954,108.069862,1.988487,1.593557,1.435427,3.587249
1773775162.589224,225.384796,537.589478,765.467651,762.974243,78.383453,29.540289,2,3.782549,1.676683,0.078815,2.895419,0.377899,2.708519,114.726982,1.988487,1.593557,1.435427,3.587249
1773775163.352235,223.256805,537.224121,762.974243,760.480896,78.63961,29.357321,2,3.7407,1.686861,0.579087,2.854058,0.376603,2.724997,127.769554,1.988487,1.593557,1.435427,3.587249
1773775164.138933,214.744797,561.942993,786.661377,776.687805,76.271698,27.648792,2,3.574156,1.788401,-0.908329,2.81165,0.38405,2.894214,115.604935,1.988487,1.593557,1.435427,3.587249
1773775164.906942,231.768814,556.139282,767.960999,787.908081,78.128967,29.415718,2,3.596467,1.683599,0.553679,2.761946,0.390206,2.719706,137.472549,1.988487,1.593557,1.435427,3.587249
1773775165.67868,229.640793,539.566895,771.70105,769.207703,77.750313,29.854198,2,3.639471,1.659512,2.2502,2.808584,0.381092,2.680918,106.195465,1.988487,1.593557,1.435427,3.587249
1773775166.465378,229.640793,557.020569,786.661377,786.661377,76.271698,29.191822,2,3.569831,1.696177,0.46486,2.808249,0.389511,2.740157,116.734642,1.988487,1.593557,1.435427,3.587249
1773775167.249582,227.512787,554.161743,784.16803,781.674561,76.514214,29.105818,2,3.621715,1.70106,1.679394,2.840033,0.387013,2.748132,147.225845,1.988487,1.593557,1.435427,3.587249
1773775168.037539,232.832794,561.308716,787.908081,794.141479,76.151016,29.318806,2,3.623088,1.689019,1.248296,2.854661,0.393259,2.728503,121.755638,1.988487,1.593557,1.435427,3.587249
1773775168.83047,229.640793,559.513916,792.894836,789.154724,75.672081,29.09959,2,3.493766,1.701414,0.625204,2.770189,0.390714,2.748713,131.395691,1.988487,1.593557,1.435427,3.587249
1773775169.612181,230.704803,552.216553,781.674561,782.921326,76.758286,29.467175,2,3.602369,1.680735,0.578463,2.81588,0.387754,2.715068,146.797028,1.988487,1.593557,1.435427,3.587249
1773775170.382672,236.024811,540.662964,770.454346,776.687805,77.876129,30.388632,2,3.696357,1.631095,3.953955,2.847874,0.384979,2.635789,129.666733,1.988487,1.593557,1.435427,3.587249
1773775171.151929,238.152802,533.548218,769.207703,771.70105,78.002342,30.860758,2,3.646978,1.606809,1.980842,2.805283,0.382666,2.597766,113.268608,1.988487,1.593557,1.435427,3.587249
1773775171.939873,230.704803,548.47644,787.908081,779.181213,76.151016,29.60862,2,3.619141,1.672914,0.496216,2.85155,0.385949,2.702439,104.89859,1.988487,1.593557,1.435427,3.587249
1773775172.721584,230.704803,550.969727,781.674561,781.674561,76.758286,29.514175,2,3.476183,1.678128,-0.566822,2.717244,0.387152,2.710853,111.94342,1.988487,1.593557,1.435427,3.587249
1773775173.512034,228.576797,559.331299,790.401428,787.908081,75.910797,29.010592,2,3.415267,1.7065,0.505946,2.699432,0.390066,2.757042,104.354836,1.988487,1.593557,1.435427,3.587249
1773775174.298732,228.576797,558.084595,786.661377,786.661377,76.271698,29.056566,2,3.447221,1.703869,0.15089,2.711796,0.389465,2.75273,130.147614,1.988487,1.593557,1.435427,3.587249
1773775175.071716,228.576797,544.370972,772.947754,772.947754,77.624908,29.572088,2,3.637569,1.674927,1.757638,2.811651,0.382849,2.705684,107.483978,1.988487,1.593557,1.435427,3.587249
1773775175.854673,238.152802,555.988647,782.921326,794.141479,76.636055,29.988712,2,3.717661,1.652264,1.557052,2.910636,0.393491,2.669342,119.468102,1.988487,1.593557,1.435427,3.587249
1773775176.640137,213.680801,543.059998,785.414673,756.740784,76.392769,28.236988,2,3.692784,1.752057,-2.091984,2.900367,0.374381,2.832639,122.767578,1.988487,1.593557,1.435427,3.587249
1773775177.424342,228.576797,573.044861,784.16803,801.621643,76.514214,28.514299,2,3.49644,1.735442,-2.109425,2.741797,0.396682,2.804864,90.853073,1.988487,1.593557,1.435427,3.587249
1773775178.174886,258.368805,527.045898,750.507385,785.414673,79.945915,32.895844,2,3.604055,1.510106,6.138706,2.70487,0.390164,2.45133,140.476074,1.988487,1.593557,1.435427,3.587249
1773775178.961584,254.112808,527.561768,786.661377,781.674561,76.271698,32.508774,2,3.551462,1.527566,6.181628,2.793798,0.388174,2.477182,162.674515,1.988487,1.593557,1.435427,3.587249
1773775179.7645,241.344788,546.563293,802.868286,787.908081,74.732056,30.631083,2,3.627057,1.61853,3.678648,2.912049,0.390624,2.616054,124.154755,1.988487,1.593557,1.435427,3.587249
1773775180.542471,249.856812,538.05127,777.934509,787.908081,77.127312,31.711418,2,3.572239,1.564878,4.280849,2.778968,0.390995,2.533294,101.97744,1.988487,1.593557,1.435427,3.587249
1773775181.345376,236.024811,550.636597,802.868286,786.661377,74.732056,30.003357,2,3.532416,1.651479,1.57027,2.836065,0.38979,2.668091,151.459213,1.988487,1.593557,1.435427,3.587249
1773775182.130839,229.640793,548.293701,785.414673,777.934509,76.392769,29.519295,2,3.39323,1.677844,-1.37842,2.665092,0.385302,2.710394,102.840485,1.988487,1.593557,1.435427,3.587249
1773775182.91255,226.448807,551.485718,781.674561,777.934509,76.758286,29.10898,2,3.512698,1.70088,-0.344205,2.745787,0.385162,2.747838,134.453552,1.988487,1.593557,1.435427,3.587249
1773775183.685534,234.960815,547.96051,772.947754,782.921326,77.624908,30.010784,2,3.589312,1.651081,1.248773,2.774351,0.387939,2.667457,139.758621,1.988487,1.593557,1.435427,3.587249
1773775184.467246,238.152802,547.261841,781.674561,785.414673,76.758286,30.32192,2,3.439251,1.634587,1.130287,2.688375,0.389282,2.641298,155.048874,1.988487,1.593557,1.435427,3.587249
1773775185.255202,226.448807,547.745667,787.908081,774.194458,76.151016,29.249603,2,3.442366,1.692912,-1.711409,2.712268,0.383358,2.734836,126.945648,1.988487,1.593557,1.435427,3.587249
1773775186.033173,239.216797,553.67804,777.934509,792.894836,77.127312,30.170053,2,3.517262,1.642596,2.498482,2.736199,0.392936,2.65397,105.642113,1.988487,1.593557,1.435427,3.587249
1773775186.827351,231.768814,553.645874,794.141479,785.414673,75.553291,29.5091,2,3.533331,1.678409,0.654137,2.805964,0.389003,2.711307,117.443153,1.988487,1.593557,1.435427,3.587249
1773775187.612802,231.768814,553.645874,785.414673,785.414673,76.392769,29.5091,2,3.723961,1.678409,0.121296,2.924854,0.389003,2.711307,94.414253,1.988487,1.593557,1.435427,3.587249
1773775188.405746,224.320801,559.847229,792.894836,784.16803,75.672081,28.606215,2,3.59758,1.730006,-0.727643,2.852502,0.388076,2.795828,97.338425,1.988487,1.593557,1.435427,3.587249
1773775189.196183,229.640793,566.99408,790.401428,796.634888,75.910797,28.826353,2,3.718992,1.717128,2.323855,2.939497,0.394323,2.774521,144.697403,1.988487,1.593557,1.435427,3.587249
1773775190.009062,223.256805,582.104858,812.841797,805.361694,73.815102,27.72131,2,3.507142,1.783836,-0.79524,2.850751,0.398254,2.886419,104.529266,1.988487,1.593557,1.435427,3.587249
1773775190.798265,222.192795,565.715271,789.154724,787.908081,76.030716,28.200344,2,3.613773,1.754277,0.197485,2.851826,0.389788,2.836368,130.904984,1.988487,1.593557,1.435427,3.587249
1773775191.598677,219.000793,577.634094,800.374939,796.634888,74.964867,27.490734,2,3.80726,1.798432,-1.051857,3.047235,0.393858,2.911407,119.15451,1.988487,1.593557,1.435427,3.587249
1773775192.395348,223.256805,578.364868,796.634888,801.621643,75.316811,27.850645,2,3.691208,1.775755,0.442058,2.940545,0.39645,2.872663,102.824532,1.988487,1.593557,1.435427,3.587249
1773775193.185798,230.704803,568.423462,790.401428,799.128235,75.910797,28.86956,2,3.561112,1.714623,-0.427296,2.814708,0.395572,2.770393,88.095276,1.988487,1.593557,1.435427,3.587249
1773775193.972496,239.216797,557.418091,786.661377,796.634888,76.271698,30.028412,2,3.634601,1.650138,0.286965,2.8592,0.394741,2.665954,111.43177,1.988487,1.593557,1.435427,3.587249
1773775194.782881,223.256805,568.391357,810.34845,791.648132,74.042221,28.201521,2,3.670734,1.754205,-1.707407,2.974574,0.391638,2.836248,103.818481,1.988487,1.593557,1.435427,3.587249
1773775195.57333,222.192795,566.961914,790.401428,789.154724,75.910797,28.155794,2,3.634158,1.756983,-2.176801,2.872444,0.390389,2.84092,105.456642,1.988487,1.593557,1.435427,3.587249
1773775196.341328,237.088791,548.325867,767.960999,785.414673,78.128967,30.186447,2,3.724078,1.641727,1.507153,2.859946,0.389235,2.652594,107.76355,1.988487,1.593557,1.435427,3.587249
1773775197.121793,234.960815,542.973694,780.427856,777.934509,76.880905,30.203161,2,3.749818,1.640843,0.362492,2.926462,0.385534,2.651192,83.692909,1.988487,1.593557,1.435427,3.587249
1773775197.922216,233.896805,565.231445,800.374939,799.128235,74.964867,29.268995,2,3.540027,1.69182,2.327123,2.833349,0.395711,2.733057,98.598305,1.988487,1.593557,1.435427,3.587249
1773775198.738834,220.064789,580.310181,816.581909,800.374939,73.477013,27.495211,2,3.368361,1.798146,-2.412525,2.750543,0.395709,2.910916,109.127213,1.988487,1.593557,1.435427,3.587249
1773775199.498105,228.576797,540.63092,759.234192,769.207703,79.027,29.715876,2,3.464444,1.667034,-0.664563,2.630324,0.381045,2.692977,99.38591,1.988487,1.593557,1.435427,3.587249
1773775200.274829,229.640793,548.293701,776.687805,777.934509,77.251114,29.519295,2,3.648987,1.677844,1.711815,2.834124,0.385302,2.710394,121.811012,1.988487,1.593557,1.435427,3.587249
1773775201.049073,223.256805,543.45752,774.194458,766.714294,77.499908,29.118645,2,3.712079,1.70033,0.200312,2.873871,0.37961,2.746939,124.445045,1.988487,1.593557,1.435427,3.587249
1773775201.82455,227.512787,552.915039,775.441101,780.427856,77.375313,29.152315,2,3.599143,1.698416,0.717438,2.790923,0.386411,2.743812,104.766777,1.988487,1.593557,1.435427,3.587249
1773775202.616234,209.424805,561.029541,791.648132,770.454346,75.791245,27.18199,2,3.587716,1.818364,1.617782,2.840209,0.38081,2.945821,165.710251,1.988487,1.593557,1.435427,3.587249
1773775203.410412,217.936798,586.178223,794.141479,804.11499,75.553291,27.102692,2,3.676326,1.823556,-2.065621,2.919523,0.39742,2.954842,116.942078,1.988487,1.593557,1.435427,3.587249
1773775204.190889,214.744797,561.942993,780.427856,776.687805,76.880905,27.648792,2,3.737225,1.788401,-1.188592,2.916634,0.38405,2.894214,98.620407,1.988487,1.593557,1.435427,3.587249
1773775204.973847,227.512787,570.368774,782.921326,797.881592,76.636055,28.514606,2,3.733926,1.735424,1.442971,2.92337,0.394831,2.804834,131.339737,1.988487,1.593557,1.435427,3.587249
1773775205.754311,232.832794,553.828613,780.427856,786.661377,76.880905,29.597589,2,3.742446,1.673522,3.354802,2.920709,0.389651,2.703418,121.531242,1.988487,1.593557,1.435427,3.587249
1773775206.546008,226.448807,557.719238,791.648132,784.16803,75.791245,28.877586,2,3.692443,1.714159,1.500727,2.923115,0.388169,2.769628,141.535873,1.988487,1.593557,1.435427,3.587249
1773775207.318992,231.768814,547.412415,772.947754,779.181213,77.624908,29.745174,2,3.766185,1.665435,1.602801,2.911064,0.385996,2.690409,127.021713,1.988487,1.593557,1.435427,3.587249
1773775208.103197,231.768814,552.399231,784.16803,784.16803,76.514214,29.556015,2,3.687018,1.675814,0.915417,2.891242,0.388401,2.707116,114.165863,1.988487,1.593557,1.435427,3.587249
1773775208.901115,221.128799,564.285889,797.881592,785.414673,75.199127,28.1544,2,3.621972,1.757068,0.403101,2.889905,0.388538,2.841063,112.113976,1.988487,1.593557,1.435427,3.587249
1773775209.682838,229.640793,562.007324,781.674561,791.648132,76.758286,29.007938,2,3.772202,1.706652,0.170718,2.948634,0.391917,2.757292,139.793655,1.988487,1.593557,1.435427,3.587249
1773775210.463302,230.704803,550.969727,780.427856,781.674561,76.880905,29.514175,2,3.681467,1.678128,-0.001559,2.873119,0.387152,2.710853,125.114838,1.988487,1.593557,1.435427,3.587249
1773775211.23878,231.768814,544.919006,775.441101,776.687805,77.375313,29.840666,2,3.656872,1.660245,0.760287,2.835689,0.384793,2.68209,126.968735,1.988487,1.593557,1.435427,3.587249
1773775212.024231,228.576797,553.097778,785.414673,781.674561,76.392769,29.24194,2,3.657384,1.693344,0.592342,2.872563,0.387059,2.73554,103.068565,1.988487,1.593557,1.435427,3.587249
1773775212.808447,229.640793,555.773865,784.16803,785.414673,76.514214,29.238159,2,3.549946,1.693558,0.037912,2.783754,0.38891,2.735888,104.044044,1.988487,1.593557,1.435427,3.587249
1773775213.590159,225.384796,551.302979,781.674561,776.687805,76.758286,29.018711,2,3.5506,1.706035,-0.539614,2.775413,0.384514,2.756279,112.638031,1.988487,1.593557,1.435427,3.587249
1773775214.376857,222.192795,560.728516,786.661377,782.921326,76.271698,28.379965,2,3.554879,1.74345,-0.1134,2.796486,0.387382,2.818222,125.902954,1.988487,1.593557,1.435427,3.587249
1773775215.147348,237.088791,550.819275,770.454346,787.908081,77.876129,30.090919,2,3.713118,1.646801,3.276448,2.860788,0.390438,2.660646,152.704788,1.988487,1.593557,1.435427,3.587249
1773775215.924084,232.832794,538.868286,776.687805,771.70105,77.251114,30.171371,2,3.886394,1.642526,1.422189,3.018515,0.382434,2.653859,116.094475,1.988487,1.593557,1.435427,3.587249
1773775216.720755,240.280807,565.080872,796.634888,805.361694,75.316811,29.835144,2,3.691637,1.660544,2.142949,2.940886,0.398997,2.682569,153.62146,1.988487,1.593557,1.435427,3.587249
1773775217.5274,219.000793,562.673767,806.608398,781.674561,74.385536,28.016876,2,3.484914,1.765478,0.432879,2.810961,0.386641,2.855248,139.764816,1.988487,1.593557,1.435427,3.587249
1773775218.291669,239.216797,548.691284,764.220947,787.908081,78.51133,30.361002,2,3.638603,1.632539,1.784772,2.780697,0.390531,2.638067,102.387138,1.988487,1.593557,1.435427,3.587249
1773775219.089587,230.704803,557.203247,797.881592,787.908081,75.199127,29.280674,2,3.458544,1.691162,-0.912956,2.759508,0.390159,2.731987,102.451889,1.988487,1.593557,1.435427,3.587249
1773775219.871298,237.088791,552.065918,781.674561,789.154724,76.758286,30.043385,2,3.45191,1.649337,0.603761,2.69827,0.391039,2.66468,142.89418,1.988487,1.593557,1.435427,3.587249
1773775220.646776,229.640793,537.073486,775.441101,766.714294,77.375313,29.951286,2,3.363271,1.654274,-0.643341,2.608019,0.379889,2.672548,106.433525,1.988487,1.593557,1.435427,3.587249
1773775221.419773,233.896805,544.03772,772.947754,777.934509,77.624908,30.066389,2,3.572418,1.648108,0.201817,2.761292,0.385487,2.662725,116.977577,1.988487,1.593557,1.435427,3.587249
1773775222.203977,236.024811,550.636597,784.16803,786.661377,76.514214,30.003357,2,3.584856,1.651479,-0.564619,2.811129,0.38979,2.668091,119.601898,1.988487,1.593557,1.435427,3.587249
1773775222.974468,237.088791,534.612244,770.454346,771.70105,77.876129,30.722881,2,3.583917,1.613824,0.786246,2.761245,0.38262,2.608697,117.250954,1.988487,1.593557,1.435427,3.587249
1773775223.769905,226.448807,556.472534,795.388184,782.921326,75.434868,28.923571,2,3.445608,1.711503,-0.45153,2.740596,0.387568,2.765258,111.321564,1.988487,1.593557,1.435427,3.587249
1773775224.549123,231.768814,553.645874,779.181213,785.414673,77.003906,29.5091,2,3.554671,1.678409,1.00912,2.769733,0.389003,2.711307,129.06456,1.988487,1.593557,1.435427,3.587249
1773775225.32086,236.024811,540.662964,771.70105,776.687805,77.750313,30.388632,2,3.781013,1.631095,0.733961,2.917812,0.384979,2.635789,113.355865,1.988487,1.593557,1.435427,3.587249
1773775226.111297,226.448807,552.732422,790.401428,779.181213,75.910797,29.062405,2,3.599544,1.703535,-0.754153,2.845085,0.385764,2.752184,119.756882,1.988487,1.593557,1.435427,3.587249
1773775226.880554,230.704803,543.489624,769.207703,774.194458,78.002342,29.799335,2,3.596911,1.662487,0.888944,2.766772,0.383544,2.685682,143.570221,1.988487,1.593557,1.435427,3.587249
1773775227.664759,230.704803,553.463257,784.16803,784.16803,76.514214,29.420328,2,3.546931,1.683342,-0.871392,2.78139,0.388355,2.719289,119.859039,1.988487,1.593557,1.435427,3.587249
1773775228.447717,221.128799,550.572266,782.921326,771.70105,76.636055,28.654724,2,3.583726,1.727151,-1.050388,2.805775,0.381923,2.791092,101.698509,1.988487,1.593557,1.435427,3.587249
1773775229.213221,234.960815,546.713745,765.467651,781.674561,78.383453,30.058649,2,3.792484,1.648522,1.411688,2.903024,0.387338,2.663383,127.630852,1.988487,1.593557,1.435427,3.587249
1773775229.99993,227.512787,550.421753,786.661377,777.934509,76.271698,29.245752,2,3.787585,1.693129,0.052121,2.979547,0.385209,2.735189,108.097313,1.988487,1.593557,1.435427,3.587249
1773775230.795355,216.872803,566.048523,795.388184,782.921326,75.434868,27.70046,2,3.715329,1.785146,-1.453324,2.955129,0.38715,2.888654,122.861404,1.988487,1.593557,1.435427,3.587249
1773775231.57582,225.384796,565.016602,780.427856,790.401428,76.880905,28.515232,2,3.80331,1.735386,-0.375158,2.96821,0.39113,2.804772,121.938858,1.988487,1.593557,1.435427,3.587249
1773775232.358777,223.256805,557.171021,782.921326,780.427856,76.636055,28.606976,2,3.696867,1.729961,-0.669997,2.894356,0.386226,2.795753,128.875977,1.988487,1.593557,1.435427,3.587249
1773775233.14424,220.064789,561.609741,785.414673,781.674561,76.392769,28.152994,2,3.630646,1.757154,-0.510865,2.851563,0.386688,2.841207,115.415558,1.988487,1.593557,1.435427,3.587249
1773775233.914731,227.512787,551.668457,770.454346,779.181213,77.876129,29.198956,2,3.672772,1.695773,0.369982,2.829703,0.38581,2.739498,126.962456,1.988487,1.593557,1.435427,3.587249
1773775234.690209,233.896805,549.024536,775.441101,782.921326,77.375313,29.87488,2,3.638197,1.658394,2.033311,2.821208,0.387893,2.679128,128.743973,1.988487,1.593557,1.435427,3.587249
1773775235.476907,229.640793,552.033752,786.661377,781.674561,76.271698,29.378056,2,3.470905,1.685701,0.178318,2.730427,0.387106,2.723114,109.503899,1.988487,1.593557,1.435427,3.587249
1773775236.253643,236.024811,548.143188,776.687805,784.16803,77.251114,30.098755,2,3.612418,1.646383,1.006623,2.805722,0.388587,2.659982,121.306923,1.988487,1.593557,1.435427,3.587249
1773775237.041588,233.896805,551.517883,787.908081,785.414673,76.151016,29.780039,2,3.523281,1.663536,1.622702,2.776021,0.389096,2.687363,125.789253,1.988487,1.593557,1.435427,3.587249
1773775237.830779,229.640793,554.527222,789.154724,784.16803,76.030716,29.284641,2,3.423296,1.690939,0.167083,2.70151,0.388309,2.731624,133.429108,1.988487,1.593557,1.435427,3.587249
1773775238.613748,226.448807,552.732422,782.921326,779.181213,76.636055,29.062405,2,3.523049,1.703535,-0.184118,2.75827,0.385764,2.752184,118.751984,1.988487,1.593557,1.435427,3.587249
1773775239.389226,228.576797,549.357727,775.441101,777.934509,77.375313,29.382524,2,3.538026,1.685451,0.758671,2.743531,0.385255,2.722709,131.473145,1.988487,1.593557,1.435427,3.587249
1773775240.167197,224.320801,548.626953,777.934509,772.947754,77.127312,29.021469,2,3.563351,1.705877,-0.652594,2.772053,0.382664,2.75602,122.405136,1.988487,1.593557,1.435427,3.587249
1773775240.956388,229.640793,565.747375,789.154724,795.388184,76.030716,28.871536,2,3.537462,1.714509,-0.649436,2.791605,0.393721,2.770205,118.487061,1.988487,1.593557,1.435427,3.587249
1773775241.739359,226.448807,552.732422,782.921326,779.181213,76.636055,29.062405,2,3.486575,1.703535,0.080577,2.729714,0.385764,2.752184,105.807487,1.988487,1.593557,1.435427,3.587249
1773775242.528549,219.000793,561.427063,789.154724,780.427856,76.030716,28.061632,2,3.576585,1.762732,-0.328233,2.822479,0.38604,2.85061,125.416306,1.988487,1.593557,1.435427,3.587249
1773775243.305274,228.576797,559.331299,776.687805,787.908081,77.251114,29.010592,2,3.739918,1.7065,1.540162,2.904749,0.390066,2.757042,163.015152,1.988487,1.593557,1.435427,3.587249
1773775244.094465,223.256805,559.664551,789.154724,782.921326,76.030716,28.515867,2,3.833582,1.735349,0.808864,3.025289,0.387428,2.804709,151.999954,1.988487,1.593557,1.435427,3.587249
1773775244.876189,231.768814,559.879333,781.674561,791.648132,76.758286,29.276747,2,3.849438,1.691383,1.653545,3.009007,0.39201,2.732347,135.971786,1.988487,1.593557,1.435427,3.587249
1773775245.655406,226.448807,546.498962,779.181213,772.947754,77.003906,29.29678,2,3.654262,1.690256,-0.186761,2.847332,0.382757,2.730514,114.638,1.988487,1.593557,1.435427,3.587249
1773775246.437117,228.576797,555.591248,781.674561,784.16803,76.758286,29.148956,2,3.514339,1.698607,-0.062657,2.74707,0.388262,2.744123,119.957336,1.988487,1.593557,1.435427,3.587249
1773775247.207608,230.704803,542.24292,770.454346,772.947754,77.876129,29.847399,2,3.526163,1.65988,1.429276,2.716747,0.382942,2.681507,145.372055,1.988487,1.593557,1.435427,3.587249
1773775247.989331,226.448807,550.239014,781.674561,776.687805,76.758286,29.155704,2,3.493629,1.698224,0.754853,2.73088,0.384561,2.743498,125.29023,1.988487,1.593557,1.435427,3.587249
1773775248.778523,228.576797,563.07135,789.154724,791.648132,76.030716,28.873535,2,3.681896,1.714393,0.976772,2.905586,0.391871,2.770014,170.156357,1.988487,1.593557,1.435427,3.587249
1773775249.56148,233.896805,555.257935,782.921326,789.154724,76.636055,29.638905,2,3.754255,1.67125,0.921109,2.939287,0.3909,2.699758,109.808556,1.988487,1.593557,1.435427,3.587249
1773775250.354423,223.256805,557.171021,792.894836,780.427856,75.672081,28.606976,2,3.588479,1.729961,0.018708,2.845286,0.386226,2.795753,141.362534,1.988487,1.593557,1.435427,3.587249
1773775251.141121,225.384796,563.769897,786.661377,789.154724,76.271698,28.56028,2,3.553946,1.732718,-0.708147,2.795752,0.390528,2.800333,110.727692,1.988487,1.593557,1.435427,3.587249
1773775251.894159,250.920792,532.000549,753.000732,782.921326,79.681198,32.049297,2,3.505767,1.54884,4.081951,2.639845,0.388636,2.509031,103.912132,1.988487,1.593557,1.435427,3.587249
1773775252.688337,230.704803,539.749512,794.141479,770.454346,75.553291,29.943995,2,3.579944,1.654667,0.667025,2.842982,0.38174,2.673174,106.407104,1.988487,1.593557,1.435427,3.587249
1773775253.487513,227.512787,567.875366,799.128235,795.388184,75.081818,28.603994,2,3.58964,1.730137,0.700621,2.868582,0.393628,2.796045,99.855927,1.988487,1.593557,1.435427,3.587249
1773775254.267978,245.600784,556.020874,780.427856,801.621643,76.880905,30.637995,2,3.543338,1.618175,4.957254,2.76532,0.397425,2.615498,93.61657,1.988487,1.593557,1.435427,3.587249
1773775255.073376,228.576797,556.837891,805.361694,785.414673,74.500687,29.10269,2,3.448658,1.701238,-1.071941,2.777417,0.388864,2.748424,92.938644,1.988487,1.593557,1.435427,3.587249
1773775255.868812,221.128799,565.532593,795.388184,786.661377,75.434868,28.109783,2,3.546569,1.759787,-1.229201,2.820899,0.38914,2.845643,112.437012,1.988487,1.593557,1.435427,3.587249
1773775256.64803,226.448807,558.965881,779.181213,785.414673,77.003906,28.831751,2,3.764628,1.716814,0.737596,2.933328,0.388771,2.774004,119.02282,1.988487,1.593557,1.435427,3.587249
1773775257.440962,226.448807,566.446045,792.894836,792.894836,75.672081,28.559753,2,3.731179,1.732749,0.850648,2.958432,0.392379,2.800385,112.086693,1.988487,1.593557,1.435427,3.587249
1773775258.227659,219.000793,558.933716,786.661377,777.934509,76.271698,28.151571,2,3.596595,1.75724,-0.764067,2.829303,0.384837,2.841353,110.61853,1.988487,1.593557,1.435427,3.587249
1773775259.024342,219.000793,577.634094,796.634888,796.634888,75.316811,27.490734,2,3.615545,1.798432,-0.737557,2.88027,0.393858,2.911407,103.286102,1.988487,1.593557,1.435427,3.587249
1773775259.809794,221.128799,566.779297,785.414673,787.908081,76.392769,28.065304,2,3.76358,1.762507,-1.432468,2.955971,0.389741,2.85023,117.455673,1.988487,1.593557,1.435427,3.587249
1773775260.603972,229.640793,574.474182,794.141479,804.11499,75.553291,28.558203,2,3.644956,1.732841,-1.111963,2.894611,0.397931,2.800538,111.344818,1.988487,1.593557,1.435427,3.587249
1773775261.393176,231.768814,559.879333,789.154724,791.648132,76.030716,29.276747,2,3.607753,1.691383,0.883914,2.847075,0.39201,2.732347,120.292702,1.988487,1.593557,1.435427,3.587249
1773775262.182367,227.512787,556.655273,789.154724,784.16803,76.030716,29.013269,2,3.623954,1.706347,-0.540679,2.85986,0.388216,2.756791,121.818939,1.988487,1.593557,1.435427,3.587249
1773775262.967817,231.768814,558.632629,785.414673,790.401428,76.392769,29.322926,2,3.585848,1.688788,1.166527,2.816377,0.391408,2.728127,128.665375,1.988487,1.593557,1.435427,3.587249
1773775263.745801,240.280807,547.627258,777.934509,787.908081,77.127312,30.496046,2,3.719594,1.625504,3.800917,2.893601,0.390577,2.62699,108.586899,1.988487,1.593557,1.435427,3.587249
1773775264.522525,248.792801,537.868591,776.687805,786.661377,77.251114,31.626415,2,3.736881,1.568966,3.317498,2.90239,0.390348,2.539515,128.439255,1.988487,1.593557,1.435427,3.587249
1773775265.339144,229.640793,564.500671,816.581909,794.141479,73.477013,28.916862,2,3.490132,1.71189,-0.194105,2.849979,0.39312,2.765894,114.166748,1.988487,1.593557,1.435427,3.587249
1773775266.134569,227.512787,565.38208,795.388184,792.894836,75.434868,28.693941,2,3.421647,1.72485,-0.7854,2.721538,0.392425,2.787281,104.036743,1.988487,1.593557,1.435427,3.587249
1773775266.932498,227.512787,570.368774,797.881592,797.881592,75.199127,28.514606,2,3.432708,1.735424,-1.681007,2.738895,0.394831,2.804834,99.647331,1.988487,1.593557,1.435427,3.587249
1773775267.714209,232.832794,555.075317,781.674561,787.908081,76.758286,29.550755,2,3.636405,1.676105,0.744168,2.842485,0.390252,2.707585,104.007317,1.988487,1.593557,1.435427,3.587249
1773775268.510881,229.640793,563.254028,796.634888,792.894836,75.316811,28.962326,2,3.545946,1.709271,-0.517951,2.824825,0.392518,2.76159,108.236755,1.988487,1.593557,1.435427,3.587249
1773775269.298837,229.640793,558.267273,787.908081,787.908081,76.151016,29.145632,2,3.600529,1.698796,-0.420247,2.836886,0.390113,2.744432,113.458069,1.988487,1.593557,1.435427,3.587249
1773775270.100495,227.512787,571.615479,801.621643,799.128235,74.848282,28.470123,2,3.502698,1.738067,-0.210848,2.807839,0.395432,2.809237,118.763199,1.988487,1.593557,1.435427,3.587249
1773775270.900907,226.448807,572.679443,800.374939,799.128235,74.964867,28.336981,2,3.532029,1.746028,-1.133736,2.826947,0.395386,2.822534,117.883041,1.988487,1.593557,1.435427,3.587249
1773775271.688863,227.512787,561.641968,787.908081,789.154724,76.151016,28.829935,2,3.615414,1.71692,0.088765,2.848614,0.390621,2.774178,131.365265,1.988487,1.593557,1.435427,3.587249
1773775272.459354,228.576797,543.124268,770.454346,771.70105,77.876129,29.619864,2,3.705273,1.672296,-0.710974,2.854744,0.382248,2.701443,118.282745,1.988487,1.593557,1.435427,3.587249
1773775273.236078,211.552795,545.187988,776.687805,756.740784,77.251114,27.95578,2,3.656838,1.769241,-4.614019,2.840221,0.374288,2.861614,110.065231,1.988487,1.593557,1.435427,3.587249
1773775274.001583,215.808792,554.645569,765.467651,770.454346,78.383453,28.01059,2,3.902627,1.765865,-1.263055,2.987335,0.381089,2.855901,119.476135,1.988487,1.593557,1.435427,3.587249
1773775274.7858,221.128799,569.272644,784.16803,790.401428,76.514214,27.976772,2,3.592669,1.767947,-1.984365,2.817256,0.390944,2.859422,103.59758,1.988487,1.593557,1.435427,3.587249
1773775275.56751,231.768814,562.372681,781.674561,794.141479,76.758286,29.184828,2,3.633018,1.696573,-1.931236,2.839837,0.393213,2.740803,120.214951,1.988487,1.593557,1.435427,3.587249
1773775276.344234,216.872803,542.361389,776.687805,759.234192,77.251114,28.564676,2,3.781234,1.732458,0.983895,2.936838,0.375723,2.799901,178.266479,1.988487,1.593557,1.435427,3.587249
1773775277.149645,231.768814,591.04657,805.361694,822.815369,74.500687,28.167778,2,3.367424,1.756254,1.934138,2.711994,0.407045,2.839694,137.891281,1.988487,1.593557,1.435427,3.587249
1773775277.92637,226.448807,544.005554,776.687805,770.454346,77.251114,29.391592,2,3.545094,1.684945,-1.2885,2.753431,0.381554,2.721888,116.309586,1.988487,1.593557,1.435427,3.587249
1773775278.710574,224.320801,557.35376,784.16803,781.674561,76.514214,28.697468,2,3.558996,1.724644,0.144281,2.790851,0.386873,2.786939,137.505203,1.988487,1.593557,1.435427,3.587249
1773775279.504751,223.256805,569.638062,794.141479,792.894836,75.553291,28.157177,2,3.607277,1.756899,0.406883,2.864688,0.39224,2.840779,111.853966,1.988487,1.593557,1.435427,3.587249
1773775280.288968,223.256805,560.911255,784.16803,784.16803,76.514214,28.470531,2,3.743069,1.738043,0.978498,2.935195,0.38803,2.809197,108.682144,1.988487,1.593557,1.435427,3.587249
1773775281.071926,215.808792,558.385681,782.921326,774.194458,76.636055,27.875269,2,3.868112,1.774225,1.902157,3.028427,0.382893,2.870064,150.97081,1.988487,1.593557,1.435427,3.587249
1773775281.854884,224.320801,568.574036,782.921326,792.894836,76.636055,28.291368,2,4.003445,1.748773,1.528118,3.134382,0.392286,2.827131,152.053589,1.988487,1.593557,1.435427,3.587249
1773775282.639089,225.384796,560.029907,784.16803,785.414673,76.514214,28.696281,2,3.839111,1.724713,-0.758339,3.010508,0.388724,2.787054,120.940506,1.988487,1.593557,1.435427,3.587249
1773775283.424551,228.576797,560.577942,785.414673,789.154724,76.392769,28.964764,2,3.524059,1.709131,2.246859,2.767847,0.390668,2.76136,115.393105,1.988487,1.593557,1.435427,3.587249
1773775284.196289,237.088791,544.585754,771.70105,781.674561,77.750313,30.330881,2,3.677797,1.634117,3.774444,2.83816,0.387431,2.640556,192.702682,1.988487,1.593557,1.435427,3.587249
1773775284.999194,221.128799,563.039246,802.868286,784.16803,74.732056,28.19916,2,3.637342,1.754348,-2.002834,2.920307,0.387937,2.836489,138.778641,1.988487,1.593557,1.435427,3.587249
1773775285.77967,219.000793,558.933716,780.427856,777.934509,76.880905,28.151571,2,3.62081,1.75724,-2.336337,2.825781,0.384837,2.841353,105.827019,1.988487,1.593557,1.435427,3.587249
1773775286.573848,215.808792,574.592651,794.141479,790.401428,75.553291,27.303696,2,3.720719,1.810453,-1.597145,2.954777,0.390712,2.932122,134.999985,1.988487,1.593557,1.435427,3.587249
1773775287.364286,220.064789,575.323364,790.401428,795.388184,75.910797,27.667597,2,3.686584,1.787215,-1.173979,2.913882,0.393303,2.892187,125.060791,1.988487,1.593557,1.435427,3.587249
1773775288.141011,224.320801,557.35376,776.687805,781.674561,77.251114,28.697468,2,3.801428,1.724644,1.560062,2.952523,0.386873,2.786939,120.038872,1.988487,1.593557,1.435427,3.587249
1773775288.930213,215.808792,563.372437,789.154724,779.181213,76.030716,27.696869,2,3.758504,1.785372,-1.442749,2.966041,0.385299,2.88904,111.417603,1.988487,1.593557,1.435427,3.587249
1773775289.719405,216.872803,573.528625,789.154724,790.401428,76.030716,27.438311,2,3.717573,1.801785,-0.975008,2.933741,0.390758,2.917172,124.324921,1.988487,1.593557,1.435427,3.587249
1773775290.492389,222.192795,556.988403,772.947754,779.181213,77.624908,28.516191,2,3.711443,1.73533,-1.601404,2.868752,0.385578,2.804677,117.374893,1.988487,1.593557,1.435427,3.587249
1773775291.274113,237.088791,562.039429,781.674561,799.128235,76.758286,29.66843,2,3.461678,1.66963,0.52089,2.705906,0.39585,2.697151,99.194878,1.988487,1.593557,1.435427,3.587249
1773775292.052083,244.536804,542.124573,777.934509,786.661377,77.127312,31.085396,2,3.424114,1.595513,1.713871,2.663736,0.390162,2.58025,106.182228,1.988487,1.593557,1.435427,3.587249
1773775292.841274,214.744797,539.502625,789.154724,754.247437,76.030716,28.471397,2,3.673573,1.737991,-0.112629,2.899018,0.373225,2.809111,123.576096,1.988487,1.593557,1.435427,3.587249
1773775293.634206,222.192795,579.428833,792.894836,801.621643,75.672081,27.717913,2,3.740199,1.78405,1.224944,2.965585,0.396403,2.886783,132.926865,1.988487,1.593557,1.435427,3.587249
1773775294.405956,221.128799,549.325562,771.70105,770.454346,77.750313,28.701092,2,3.979316,1.724431,1.088172,3.070842,0.381321,2.786587,138.705399,1.988487,1.593557,1.435427,3.587249
1773775295.1752,229.640793,549.540405,769.207703,779.181213,78.002342,29.472065,2,3.576355,1.680463,5.261273,2.75096,0.385903,2.714629,113.949699,1.988487,1.593557,1.435427,3.587249
1773775295.961897,224.320801,556.107056,786.661377,780.427856,76.271698,28.743311,2,3.497151,1.721962,1.138365,2.751074,0.386272,2.782503,141.272842,1.988487,1.593557,1.435427,3.587249
1773775296.746102,236.024811,561.856812,784.16803,797.881592,76.514214,29.581434,2,3.842125,1.674412,2.073884,3.012872,0.395203,2.704853,100.288155,1.988487,1.593557,1.435427,3.587249
1773775297.545279,208.360794,558.353516,799.128235,766.714294,75.081818,27.175808,2,3.792756,1.818767,-0.298015,3.030899,0.37896,2.946521,117.472839,1.988487,1.593557,1.435427,3.587249
1773775298.33073,227.512787,580.342285,785.414673,807.855042,76.392769,28.162575,2,3.902906,1.756571,1.140531,3.0654,0.399642,2.840226,115.769966,1.988487,1.593557,1.435427,3.587249
1773775299.124908,230.704803,567.176758,794.141479,797.881592,75.553291,28.914665,2,3.947159,1.712017,0.561316,3.134603,0.39497,2.766103,102.537254,1.988487,1.593557,1.435427,3.587249
1773775299.926578,220.064789,569.089966,801.621643,789.154724,74.848282,27.886141,2,3.831401,1.773551,-0.701538,3.071334,0.390296,2.868919,128.712296,1.988487,1.593557,1.435427,3.587249
1773775300.73073,216.872803,583.502136,804.11499,800.374939,74.616196,27.096399,2,3.624916,1.823969,-2.351428,2.91485,0.395569,2.955561,110.19397,1.988487,1.593557,1.435427,3.587249
1773775301.502467,224.320801,556.107056,771.70105,780.427856,77.750313,28.743311,2,3.691406,1.721962,-0.493277,2.848662,0.386272,2.782503,118.215347,1.988487,1.593557,1.435427,3.587249
1773775302.300397,221.128799,573.012695,797.881592,794.141479,75.199127,27.845013,2,3.790555,1.776106,0.193262,3.024414,0.392748,2.873258,127.155891,1.988487,1.593557,1.435427,3.587249
1773775303.092082,225.384796,571.250122,791.648132,796.634888,75.791245,28.292107,2,3.76494,1.748728,0.322177,2.980508,0.394137,2.827056,140.399399,1.988487,1.593557,1.435427,3.587249
1773775303.885013,227.512787,567.875366,792.894836,795.388184,75.672081,28.603994,2,3.704489,1.730137,-0.651859,2.93727,0.393628,2.796045,105.569038,1.988487,1.593557,1.435427,3.587249
1773775304.68793,224.320801,574.807434,802.868286,799.128235,74.732056,28.070688,2,3.594383,1.762178,0.210886,2.885816,0.395293,2.849674,115.053795,1.988487,1.593557,1.435427,3.587249
1773775305.485848,223.256805,573.378052,797.881592,796.634888,75.199127,28.024982,2,3.692952,1.76498,-0.900692,2.946539,0.394044,2.854406,115.865616,1.988487,1.593557,1.435427,3.587249
1773775306.285013,223.256805,575.87146,799.128235,799.128235,75.081818,27.937544,2,3.61717,1.770368,-0.284062,2.890583,0.395247,2.863522,101.206543,1.988487,1.593557,1.435427,3.587249
1773775307.090424,221.128799,581.739502,805.361694,802.868286,74.500687,27.542349,2,3.708222,1.795144,-0.745084,2.98646,0.396958,2.905761,117.089752,1.988487,1.593557,1.435427,3.587249
1773775307.882108,226.448807,571.4328,791.648132,797.881592,75.791245,28.381256,2,3.631641,1.743372,-0.114833,2.874982,0.394785,2.818093,121.732239,1.988487,1.593557,1.435427,3.587249
1773775308.688752,229.640793,580.707642,806.608398,810.34845,74.385536,28.338524,2,3.580026,1.745935,-0.599537,2.887679,0.400938,2.822379,100.09565,1.988487,1.593557,1.435427,3.587249
1773775309.479203,229.640793,560.76062,790.401428,790.401428,75.910797,29.053692,2,3.648788,1.704033,-0.255349,2.884007,0.391316,2.752999,111.2948,1.988487,1.593557,1.435427,3.587249
1773775310.274628,219.000793,563.920532,795.388184,782.921326,75.434868,27.97226,2,3.716069,1.768225,-1.703588,2.955717,0.387243,2.859893,121.072174,1.988487,1.593557,1.435427,3.587249
1773775311.060079,223.256805,567.144653,785.414673,790.401428,76.392769,28.246004,2,3.767586,1.751511,1.50025,2.959117,0.391037,2.831724,127.049866,1.988487,1.593557,1.435427,3.587249
1773775311.848023,230.704803,565.930054,787.908081,796.634888,76.151016,28.959919,2,3.848405,1.70941,1.795163,3.032189,0.394369,2.761818,150.549118,1.988487,1.593557,1.435427,3.587249
1773775312.649693,220.064789,569.089966,801.621643,789.154724,74.848282,27.886141,2,3.905742,1.773551,-0.685345,3.130928,0.390296,2.868919,138.629059,1.988487,1.593557,1.435427,3.587249
1773775313.450105,226.448807,581.40625,800.374939,807.855042,74.964867,28.030872,2,3.823389,1.764619,-1.295219,3.060145,0.399596,2.853795,132.802917,1.988487,1.593557,1.435427,3.587249
1773775314.224336,233.896805,549.024536,774.194458,782.921326,77.499908,29.87488,2,3.729235,1.658394,0.497575,2.887153,0.387893,2.679128,135.62822,1.988487,1.593557,1.435427,3.587249
1773775314.999825,248.792801,544.102051,775.441101,792.894836,77.375313,31.377781,2,3.761612,1.581053,4.672144,2.916908,0.393355,2.557987,135.56575,1.988487,1.593557,1.435427,3.587249
1773775315.805223,228.576797,553.097778,805.361694,781.674561,74.500687,29.24194,2,3.740607,1.693344,2.021708,3.012542,0.387059,2.73554,146.938675,1.988487,1.593557,1.435427,3.587249
1773775316.598155,226.448807,563.952637,792.894836,790.401428,75.672081,28.649849,2,3.641155,1.727437,-1.182864,2.887053,0.391176,2.791567,129.193634,1.988487,1.593557,1.435427,3.587249
1773775317.386112,228.576797,561.824646,787.908081,790.401428,76.151016,28.919077,2,3.726337,1.711762,-0.491662,2.936012,0.391269,2.765684,133.232544,1.988487,1.593557,1.435427,3.587249
1773775318.160342,227.512787,545.434937,774.194458,772.947754,77.499908,29.434433,2,3.87077,1.682556,0.438974,2.996729,0.382803,2.718016,119.000465,1.988487,1.593557,1.435427,3.587249
1773775318.962,225.384796,573.743408,801.621643,799.128235,74.848282,28.203833,2,3.815026,1.754065,1.220134,3.058207,0.39534,2.836012,133.917297,1.988487,1.593557,1.435427,3.587249
1773775319.753685,224.320801,566.080627,791.648132,790.401428,75.791245,28.380617,2,3.798605,1.743411,-0.660671,3.007159,0.391083,2.818157,129.982574,1.988487,1.593557,1.435427,3.587249
1773775320.536655,223.256805,558.417725,782.921326,781.674561,76.636055,28.56135,2,3.919325,1.732655,-1.88119,3.068523,0.386827,2.800228,129.069504,1.988487,1.593557,1.435427,3.587249
1773775321.327093,217.936798,566.231201,790.401428,784.16803,75.910797,27.792105,2,3.899712,1.779404,-1.540454,3.082338,0.387798,2.878867,123.889191,1.988487,1.593557,1.435427,3.587249
1773775322.111297,215.808792,565.865784,784.16803,781.674561,76.514214,27.608522,2,4.017986,1.790946,-0.448592,3.150776,0.386502,2.898567,136.082336,1.988487,1.593557,1.435427,3.587249
1773775322.901747,219.000793,575.140686,790.401428,794.141479,75.910797,27.577051,2,3.754809,1.79294,-0.005231,2.967806,0.392655,2.901982,120.148041,1.988487,1.593557,1.435427,3.587249
1773775323.678472,217.936798,557.504272,776.687805,775.441101,77.251114,28.104881,2,3.714109,1.760087,2.103221,2.884703,0.383588,2.846148,138.206909,1.988487,1.593557,1.435427,3.587249
1773775324.478883,226.448807,583.899658,800.374939,810.34845,74.964867,27.944622,2,3.807127,1.76993,1.10631,3.047129,0.400799,2.862781,151.97673,1.988487,1.593557,1.435427,3.587249
1773775325.27058,223.256805,564.651245,791.648132,787.908081,75.791245,28.335386,2,3.64573,1.746124,-1.266653,2.886136,0.389834,2.822695,104.266266,1.988487,1.593557,1.435427,3.587249
1773775326.02985,238.152802,538.535034,759.234192,776.687805,79.027,30.662617,2,3.777411,1.61691,1.709685,2.86794,0.385072,2.61352,134.960526,1.988487,1.593557,1.435427,3.587249
1773775326.827769,227.512787,557.901855,797.881592,785.414673,75.199127,28.96722,2,3.839886,1.70899,0.292068,3.063774,0.388817,2.761128,116.255928,1.988487,1.593557,1.435427,3.587249
1773775327.6207,232.832794,566.29541,792.894836,799.128235,75.672081,29.135851,2,3.710999,1.699351,0.260455,2.942432,0.395665,2.74534,121.562141,1.988487,1.593557,1.435427,3.587249
1773775328.393696,241.344788,541.576538,772.947754,782.921326,77.624908,30.826187,2,3.732726,1.608562,4.461828,2.885202,0.388218,2.600493,106.896049,1.988487,1.593557,1.435427,3.587249
1773775329.15172,264.752808,520.661865,757.987488,785.414673,79.156982,33.708664,2,3.791772,1.474745,5.739699,2.874116,0.390443,2.399768,139.357147,1.988487,1.593557,1.435427,3.587249
1773775329.958365,238.152802,537.28833,806.608398,775.441101,74.385536,30.711914,2,3.655154,1.614385,3.520875,2.948277,0.38447,2.609573,131.982391,1.988487,1.593557,1.435427,3.587249
1773775330.717636,246.664825,522.542847,759.234192,769.207703,79.027,32.067387,2,3.937271,1.547991,2.853648,2.989311,0.381835,2.507752,103.626175,1.988487,1.593557,1.435427,3.587249
1773775331.528032,236.024811,561.856812,810.34845,797.881592,74.042221,29.581434,2,3.587785,1.674412,0.070296,2.907357,0.395203,2.704853,85.395576,1.988487,1.593557,1.435427,3.587249
1773775332.313484,213.680801,545.553406,785.414673,759.234192,76.392769,28.144255,2,3.657228,1.757686,-1.910307,2.87244,0.375584,2.842103,108.208725,1.988487,1.593557,1.435427,3.587249
1773775333.086468,215.808792,559.632324,772.947754,775.441101,77.624908,27.830454,2,3.899508,1.777012,-1.705314,3.014116,0.383495,2.874798,111.294861,1.988487,1.593557,1.435427,3.587249
1773775333.851972,225.384796,551.302979,765.467651,776.687805,78.383453,29.018711,2,3.950977,1.706035,0.231191,3.024345,0.384514,2.756279,135.750504,1.988487,1.593557,1.435427,3.587249
1773775334.632448,213.680801,553.033508,780.427856,766.714294,76.880905,27.869678,2,3.883211,1.774572,-7.29941,3.030566,0.379192,2.870654,128.047958,1.988487,1.593557,1.435427,3.587249
1773775335.399199,219.000793,553.94696,766.714294,772.947754,78.256004,28.333197,2,3.86272,1.746255,-0.449437,2.961603,0.382431,2.822915,139.026215,1.988487,1.593557,1.435427,3.587249
1773775336.190884,220.064789,572.830078,791.648132,792.894836,75.791245,27.754599,2,3.603227,1.781749,-2.696864,2.852488,0.3921,2.882861,101.522339,1.988487,1.593557,1.435427,3.587249
1773775336.976335,223.256805,565.897949,785.414673,789.154724,76.392769,28.290627,2,3.519873,1.748818,-1.118572,2.76456,0.390435,2.827206,107.968025,1.988487,1.593557,1.435427,3.587249
1773775337.746839,219.000793,546.466858,770.454346,765.467651,77.876129,28.610065,2,3.687351,1.729779,-1.790168,2.840935,0.378823,2.795451,115.531586,1.988487,1.593557,1.435427,3.587249
1773775338.493641,220.064789,527.949097,746.767273,748.013916,80.346313,29.419878,2,4.029665,1.683367,-0.705062,3.009222,0.37045,2.71933,132.497223,1.988487,1.593557,1.435427,3.587249
1773775339.294053,225.384796,581.223633,800.374939,806.608398,74.964867,27.942282,2,3.582479,1.770075,-2.50509,2.867327,0.398948,2.863026,118.471344,1.988487,1.593557,1.435427,3.587249
1773775340.045844,230.704803,527.282715,751.754089,757.987488,79.813332,30.436493,2,3.956157,1.628599,-1.595493,2.974058,0.375726,2.631858,125.535797,1.988487,1.593557,1.435427,3.587249
1773775340.831307,231.768814,554.892578,785.414673,786.661377,76.392769,29.462334,2,3.886936,1.681004,-1.280753,3.052857,0.389604,2.715503,128.147568,1.988487,1.593557,1.435427,3.587249
1773775341.610524,248.792801,550.335449,779.181213,799.128235,77.003906,31.133026,2,3.852516,1.593139,0.900951,3.001808,0.396362,2.576583,133.418381,1.988487,1.593557,1.435427,3.587249
1773775342.408442,239.216797,547.44458,797.881592,786.661377,75.199127,30.409119,2,3.629556,1.630025,0.798399,2.895956,0.389929,2.634104,136.317322,1.988487,1.593557,1.435427,3.587249
1773775343.196387,240.280807,548.873901,787.908081,789.154724,76.151016,30.44787,2,3.651505,1.628006,1.820388,2.877051,0.391179,2.630926,136.131119,1.988487,1.593557,1.435427,3.587249
1773775343.995564,233.896805,557.751343,799.128235,791.648132,75.081818,29.545551,2,3.698069,1.676392,1.135134,2.955232,0.392103,2.708049,144.794998,1.988487,1.593557,1.435427,3.587249
1773775344.782262,253.048798,556.052979,786.661377,809.101746,76.271698,31.275276,2,3.561269,1.586091,-0.806145,2.801513,0.401359,2.565724,109.678665,1.988487,1.593557,1.435427,3.587249
1773775345.575193,247.728806,538.932556,792.894836,786.661377,75.672081,31.491161,2,2.848682,1.575517,-1.73377,2.258706,0.390301,2.549511,75.644012,1.988487,1.593557,1.435427,3.587249
1773775346.358163,232.832794,532.634888,782.921326,765.467651,76.636055,30.417065,2,3.397805,1.629611,-0.206185,2.660214,0.379427,2.633451,110.152527,1.988487,1.593557,1.435427,3.587249
1773775347.156081,215.808792,562.125732,797.881592,777.934509,75.199127,27.741253,2,3.753296,1.782586,-1.054611,2.994686,0.384698,2.884286,105.353279,1.988487,1.593557,1.435427,3.587249
1773775347.939039,198.784805,564.189453,782.921326,762.974243,76.636055,26.053936,2,4.049562,1.895203,-1.068086,3.170489,0.376737,3.081652,137.354202,1.988487,1.593557,1.435427,3.587249
1773775348.728242,210.4888,592.379517,789.154724,802.868286,76.030716,26.217102,2,4.029751,1.883679,-1.70983,3.180097,0.396493,3.060962,124.49202,1.988487,1.593557,1.435427,3.587249
1773775349.51494,209.424805,575.989868,786.661377,785.414673,76.271698,26.664234,2,4.129416,1.852824,-0.705466,3.248452,0.388027,3.006118,122.181641,1.988487,1.593557,1.435427,3.587249
1773775350.290418,210.4888,566.198975,775.441101,776.687805,77.375313,27.100826,2,4.395144,1.823678,-0.094821,3.408175,0.383864,2.955055,138.212173,1.988487,1.593557,1.435427,3.587249
1773775351.078362,205.168793,576.505737,787.908081,781.674561,76.151016,26.247341,2,4.159745,1.88156,-0.668969,3.277497,0.386037,3.057168,142.036804,1.988487,1.593557,1.435427,3.587249
1773775351.862578,203.040817,578.633728,784.16803,781.674561,76.514214,25.975109,2,4.057139,1.900822,-1.39476,3.181479,0.385944,3.091782,125.073196,1.988487,1.593557,1.435427,3.587249
1773775352.628083,212.616806,564.070984,765.467651,776.687805,78.383453,27.374809,2,4.202824,1.805863,-0.970785,3.217125,0.383957,2.924198,121.575043,1.988487,1.593557,1.435427,3.587249
1773775353.39982,215.808792,559.632324,771.70105,775.441101,77.750313,27.830454,2,4.14317,1.777012,-0.428802,3.197289,0.383495,2.874798,131.197021,1.988487,1.593557,1.435427,3.587249
1773775354.172805,216.872803,557.321655,772.947754,774.194458,77.624908,28.012705,2,4.083172,1.765735,-1.783632,3.156079,0.38294,2.855681,119.894363,1.988487,1.593557,1.435427,3.587249
1773775354.950787,221.128799,561.792542,777.934509,782.921326,77.127312,28.244062,2,3.787436,1.751629,-1.417745,2.946377,0.387336,2.831921,118.823013,1.988487,1.593557,1.435427,3.587249
1773775355.710058,231.768814,539.932251,759.234192,771.70105,79.027,30.033497,2,3.790529,1.649866,2.792367,2.877899,0.382387,2.665521,112.180817,1.988487,1.593557,1.435427,3.587249
1773775356.494263,219.000793,550.206909,784.16803,769.207703,76.514214,28.470957,2,3.733889,1.738017,-0.700179,2.927997,0.380627,2.809155,120.292923,1.988487,1.593557,1.435427,3.587249
1773775357.252287,220.064789,539.169434,757.987488,759.234192,79.156982,28.985102,2,3.949359,1.707962,-0.886703,2.993565,0.375862,2.759442,123.209473,1.988487,1.593557,1.435427,3.587249
1773775358.016544,224.320801,544.886902,764.220947,769.207703,78.51133,29.16258,2,4.004834,1.697834,1.982788,3.060578,0.380859,2.742861,135.890976,1.988487,1.593557,1.435427,3.587249
1773775358.795774,221.128799,554.312317,779.181213,775.441101,77.003906,28.51652,2,3.830953,1.73531,-0.119459,2.985007,0.383727,2.804645,122.382629,1.988487,1.593557,1.435427,3.587249
1773775359.566265,226.448807,550.239014,770.454346,776.687805,77.876129,29.155704,2,3.793551,1.698224,0.959478,2.922758,0.384561,2.743498,113.562096,1.988487,1.593557,1.435427,3.587249
1773775360.350469,225.384796,557.536499,784.16803,782.921326,76.514214,28.78767,2,3.810517,1.719376,0.370093,2.988086,0.387521,2.778231,138.567505,1.988487,1.593557,1.435427,3.587249
1773775361.11722,236.024811,543.156372,766.714294,779.181213,78.256004,30.291388,2,3.801963,1.636191,2.604999,2.915019,0.386182,2.643831,142.523712,1.988487,1.593557,1.435427,3.587249
1773775361.906423,232.832794,552.581909,789.154724,785.414673,76.030716,29.644569,2,3.630289,1.670938,1.128194,2.86486,0.389049,2.699257,107.0317,1.988487,1.593557,1.435427,3.587249
1773775362.683147,239.216797,544.951233,776.687805,784.16803,77.251114,30.50581,2,3.792558,1.624997,1.345083,2.945634,0.388727,2.626195,172.628159,1.988487,1.593557,1.435427,3.587249
1773775363.469845,221.128799,544.338867,786.661377,765.467651,76.271698,28.888065,2,3.36748,1.713553,-1.230009,2.649066,0.378916,2.768631,111.63887,1.988487,1.593557,1.435427,3.587249
1773775364.232856,243.472794,545.681946,762.974243,789.154724,78.63961,30.85235,2,3.125675,1.607235,-0.53598,2.384809,0.391318,2.598428,92.199097,1.988487,1.593557,1.435427,3.587249
1773775364.973426,222.192795,493.407166,740.533813,715.599976,81.022636,31.04986,2,3.362487,1.597289,-2.303769,2.490035,0.354906,2.582997,103.812294,1.988487,1.593557,1.435427,3.587249
1773775365.732709,221.128799,536.858704,759.234192,757.987488,79.027,29.173147,2,3.542913,1.697235,-2.711,2.689901,0.375307,2.741883,96.672653,1.988487,1.593557,1.435427,3.587249
1773775366.516913,229.640793,564.500671,784.16803,794.141479,76.514214,28.916862,2,4.018984,1.71189,0.471359,3.151559,0.39312,2.765894,102.868965,1.988487,1.593557,1.435427,3.587249
1773775367.297378,223.256805,549.690918,780.427856,772.947754,76.880905,28.883816,2,3.876383,1.713799,0.886411,3.025237,0.382617,2.769035,128.629105,1.988487,1.593557,1.435427,3.587249
1773775368.064129,229.640793,544.55365,766.714294,774.194458,78.256004,29.6619,2,3.793611,1.669988,3.097965,2.908616,0.383497,2.697726,139.909576,1.988487,1.593557,1.435427,3.587249
1773775368.840866,236.024811,548.143188,776.687805,784.16803,77.251114,30.098755,2,3.711763,1.646383,1.962227,2.882881,0.388587,2.659982,134.326675,1.988487,1.593557,1.435427,3.587249
1773775369.628809,229.640793,550.787048,787.908081,780.427856,76.151016,29.424986,2,3.614977,1.683082,1.243743,2.84827,0.386504,2.718869,140.534302,1.988487,1.593557,1.435427,3.587249
1773775370.40678,238.152802,549.755249,777.934509,787.908081,77.127312,30.225962,2,3.635825,1.639638,2.392406,2.828434,0.390484,2.649284,138.349716,1.988487,1.593557,1.435427,3.587249
1773775371.199712,237.088791,554.559326,792.894836,791.648132,75.672081,29.948759,2,3.592143,1.65441,3.122309,2.848191,0.392242,2.672765,148.835556,1.988487,1.593557,1.435427,3.587249
1773775371.992656,228.576797,554.344543,792.894836,782.921326,75.672081,29.195372,2,3.527729,1.695976,-0.247382,2.797118,0.387661,2.739829,118.374481,1.988487,1.593557,1.435427,3.587249
1773775372.766887,234.960815,546.713745,774.194458,781.674561,77.499908,30.058649,2,3.613235,1.648522,2.756311,2.797347,0.387338,2.663383,129.463348,1.988487,1.593557,1.435427,3.587249
1773775373.533637,238.152802,532.301514,766.714294,770.454346,78.256004,30.910698,2,3.786247,1.604284,1.514606,2.90297,0.382065,2.59384,127.282417,1.988487,1.593557,1.435427,3.587249
1773775374.307868,231.768814,534.945496,774.194458,766.714294,77.499908,30.228838,2,3.578314,1.639486,-0.16352,2.770311,0.379982,2.649044,115.450775,1.988487,1.593557,1.435427,3.587249
1773775375.082111,231.768814,542.425659,774.194458,774.194458,77.499908,29.936769,2,3.688141,1.655055,1.811796,2.855339,0.38359,2.673795,140.181717,1.988487,1.593557,1.435427,3.587249
1773775375.873796,224.320801,558.600525,791.648132,782.921326,75.791245,28.651768,2,3.74514,1.727325,0.991973,2.964833,0.387475,2.79138,119.401497,1.988487,1.593557,1.435427,3.587249
1773775376.653014,223.256805,554.677734,779.181213,777.934509,77.003906,28.698662,2,3.786283,1.724574,-0.982094,2.950201,0.385023,2.786823,119.046295,1.988487,1.593557,1.435427,3.587249
1773775377.433477,230.704803,558.449951,780.427856,789.154724,76.880905,29.234419,2,3.74649,1.693769,1.006219,2.923865,0.390761,2.736231,117.299118,1.988487,1.593557,1.435427,3.587249
1773775378.232655,226.448807,567.692688,799.128235,794.141479,75.081818,28.514919,2,3.709148,1.735405,-0.674771,2.964085,0.39298,2.804803,106.950951,1.988487,1.593557,1.435427,3.587249
1773775379.016859,232.832794,558.815308,784.16803,791.648132,76.514214,29.411146,2,3.709813,1.683853,1.737333,2.909117,0.392056,2.720119,123.75634,1.988487,1.593557,1.435427,3.587249
1773775379.77987,244.536804,532.151001,762.974243,776.687805,78.63961,31.484568,2,3.737635,1.575838,2.495068,2.851719,0.38535,2.550002,110.691109,1.988487,1.593557,1.435427,3.587249
1773775380.58154,229.640793,554.527222,801.621643,784.16803,74.848282,29.284641,2,3.481141,1.690939,-1.910784,2.790558,0.388309,2.731624,98.809341,1.988487,1.593557,1.435427,3.587249
1773775381.359511,231.768814,548.659058,777.934509,780.427856,77.127312,29.69766,2,3.620104,1.668029,-1.130212,2.816204,0.386597,2.694577,122.960678,1.988487,1.593557,1.435427,3.587249
1773775382.126262,243.472794,536.955078,766.714294,780.427856,78.256004,31.197348,2,3.669972,1.589944,1.574272,2.81382,0.387108,2.571656,109.38456,1.988487,1.593557,1.435427,3.587249
1773775382.936647,233.896805,565.231445,810.34845,799.128235,74.042221,29.268995,2,3.460733,1.69182,-0.793,2.8044,0.395711,2.733057,109.673325,1.988487,1.593557,1.435427,3.587249
1773775383.72211,229.640793,550.787048,785.414673,780.427856,76.392769,29.424986,2,3.44299,1.683082,-1.008127,2.704175,0.386504,2.718869,103.557365,1.988487,1.593557,1.435427,3.587249
1773775384.502574,219.000793,548.960205,780.427856,767.960999,76.880905,28.517178,2,3.534496,1.735271,-1.130285,2.75842,0.380026,2.80458,107.961472,1.988487,1.593557,1.435427,3.587249
1773775385.296752,238.152802,578.429077,794.141479,816.581909,75.553291,29.164595,2,3.382347,1.697719,1.600415,2.686062,0.404317,2.742674,137.726913,1.988487,1.593557,1.435427,3.587249
1773775386.062257,230.704803,526.036011,765.467651,756.740784,78.383453,30.486635,2,3.68383,1.625992,1.930686,2.819853,0.375124,2.627758,141.671844,1.988487,1.593557,1.435427,3.587249
1773775386.841486,223.256805,547.19751,779.181213,770.454346,77.003906,28.977293,2,3.670029,1.708411,-0.633243,2.859618,0.381414,2.760178,121.721161,1.988487,1.593557,1.435427,3.587249
1773775387.61447,232.832794,551.335205,772.947754,784.16803,77.624908,29.691696,2,3.715996,1.668356,-0.331758,2.872271,0.388448,2.695102,114.237076,1.988487,1.593557,1.435427,3.587249
1773775388.387455,239.216797,541.21106,772.947754,780.427856,77.624908,30.652008,2,3.79564,1.617455,1.504987,2.933831,0.386922,2.614371,141.565063,1.988487,1.593557,1.435427,3.587249
1773775389.180399,232.832794,552.581909,792.894836,785.414673,75.672081,29.644569,2,3.746511,1.670938,-0.557496,2.97059,0.389049,2.699257,126.284744,1.988487,1.593557,1.435427,3.587249
1773775389.948395,245.600784,537.320557,767.960999,782.921326,78.128967,31.369791,2,3.648184,1.581444,2.401475,2.801663,0.388404,2.558587,158.58223,1.988487,1.593557,1.435427,3.587249
1773775390.72886,236.024811,533.182861,780.427856,769.207703,76.880905,30.684147,2,3.516034,1.615806,-0.770015,2.744011,0.38137,2.611794,114.516693,1.988487,1.593557,1.435427,3.587249
1773775391.493117,239.216797,528.744202,764.220947,767.960999,78.51133,31.149601,2,3.567424,1.592314,-0.078813,2.7263,0.380908,2.57531,106.498825,1.988487,1.593557,1.435427,3.587249
1773775392.262361,222.192795,527.06781,769.207703,749.26062,78.002342,29.654942,2,3.591866,1.670369,-1.689563,2.762891,0.371144,2.698341,103.233551,1.988487,1.593557,1.435427,3.587249
1773775393.050319,217.936798,564.984497,787.908081,782.921326,76.151016,27.836359,2,3.821773,1.776644,-1.380624,3.011206,0.387196,2.874173,134.70639,1.988487,1.593557,1.435427,3.587249
1773775393.830782,219.000793,562.673767,780.427856,781.674561,76.880905,28.016876,2,3.758999,1.765478,-1.796373,2.933627,0.386641,2.855248,114.355865,1.988487,1.593557,1.435427,3.587249
1773775394.61,215.808792,559.632324,779.181213,775.441101,77.003906,27.830454,2,3.839558,1.777012,-2.601436,2.991711,0.383495,2.874798,115.011871,1.988487,1.593557,1.435427,3.587249
1773775395.387971,229.640793,564.500671,777.934509,794.141479,77.127312,28.916862,2,3.892373,1.71189,0.063577,3.028011,0.39312,2.765894,132.271042,1.988487,1.593557,1.435427,3.587249
1773775396.182162,233.896805,565.231445,794.141479,799.128235,75.553291,29.268995,2,3.600352,1.69182,-1.045248,2.859189,0.395711,2.733057,112.592422,1.988487,1.593557,1.435427,3.587249
1773775396.971352,234.960815,555.440613,789.154724,790.401428,76.030716,29.72677,2,3.520466,1.666439,0.012613,2.778193,0.391548,2.692021,117.015121,1.988487,1.593557,1.435427,3.587249
1773775397.738103,242.408798,533.032288,766.714294,775.441101,78.256004,31.260761,2,3.46707,1.586808,1.05307,2.658252,0.384656,2.566826,109.648392,1.988487,1.593557,1.435427,3.587249
1773775398.512347,242.408798,531.785645,774.194458,774.194458,77.499908,31.3111,2,3.531934,1.584327,0.802769,2.734404,0.384055,2.563012,159.606277,1.988487,1.593557,1.435427,3.587249
1773775399.307771,240.280807,552.614014,795.388184,792.894836,75.434868,30.304247,2,3.676055,1.635515,-0.537118,2.923891,0.392983,2.642764,122.839661,1.988487,1.593557,1.435427,3.587249
1773775400.083249,250.920792,536.987305,775.441101,787.908081,77.375313,31.846455,2,3.602141,1.558427,2.605697,2.793248,0.391042,2.523509,135.84491,1.988487,1.593557,1.435427,3.587249
1773775400.882413,241.344788,546.563293,799.128235,787.908081,75.081818,30.631083,2,3.456906,1.61853,0.81305,2.762511,0.390624,2.616054,121.83609,1.988487,1.593557,1.435427,3.587249
1773775401.679097,238.152802,554.742065,796.634888,792.894836,75.316811,30.035862,2,3.405249,1.649739,0.182724,2.71274,0.39289,2.66532,125.976807,1.988487,1.593557,1.435427,3.587249
1773775402.464548,248.792801,549.088806,785.414673,797.881592,76.392769,31.181669,2,3.479952,1.590722,0.567081,2.733205,0.39576,2.572854,111.385475,1.988487,1.593557,1.435427,3.587249
1773775403.253739,239.216797,538.717712,789.154724,777.934509,76.030716,30.750248,2,3.505013,1.612427,0.834639,2.765998,0.38572,2.606517,87.104958,1.988487,1.593557,1.435427,3.587249
1773775404.049176,228.576797,554.344543,795.388184,782.921326,75.434868,29.195372,2,3.671432,1.695976,-0.018009,2.920214,0.387661,2.739829,119.740204,1.988487,1.593557,1.435427,3.587249
1773775404.849587,229.640793,571.980835,800.374939,801.621643,74.964867,28.64703,2,3.509226,1.727603,-0.39851,2.808697,0.396728,2.791842,119.765381,1.988487,1.593557,1.435427,3.587249
1773775405.632545,234.960815,554.193909,782.921326,789.154724,76.636055,29.773733,2,3.483603,1.663879,1.127974,2.727387,0.390946,2.687913,154.930725,1.988487,1.593557,1.435427,3.587249
1773775406.426735,234.960815,559.180664,794.141479,794.141479,75.553291,29.586771,2,3.64393,1.674117,2.424277,2.893796,0.393352,2.704379,149.14122,1.988487,1.593557,1.435427,3.587249
1773775407.208446,238.152802,547.261841,781.674561,785.414673,76.758286,30.32192,2,3.663632,1.634587,1.224356,2.863768,0.389282,2.641298,121.522499,1.988487,1.593557,1.435427,3.587249
1773775407.997637,236.024811,550.636597,789.154724,786.661377,76.030716,30.003357,2,3.623446,1.651479,0.993515,2.859459,0.38979,2.668091,135.235306,1.988487,1.593557,1.435427,3.587249
1773775408.774362,241.344788,541.576538,776.687805,782.921326,77.251114,30.826187,2,3.74361,1.608562,2.479977,2.907616,0.388218,2.600493,136.902267,1.988487,1.593557,1.435427,3.587249
1773775409.564812,225.384796,546.316284,790.401428,771.70105,75.910797,29.206232,2,3.565254,1.695361,-1.129294,2.817982,0.382109,2.738827,110.442978,1.988487,1.593557,1.435427,3.587249
1773775410.349016,223.256805,558.417725,784.16803,781.674561,76.514214,28.56135,2,3.836014,1.732655,-0.184889,3.00808,0.386827,2.800228,126.984238,1.988487,1.593557,1.435427,3.587249
1773775411.139454,223.256805,567.144653,790.401428,790.401428,75.910797,28.246004,2,3.728452,1.751511,-0.655164,2.946974,0.391037,2.831724,110.266357,1.988487,1.593557,1.435427,3.587249
1773775411.926164,237.088791,565.77948,786.661377,802.868286,76.271698,29.530222,2,3.712235,1.67724,0.253809,2.920272,0.397655,2.709417,127.178734,1.988487,1.593557,1.435427,3.587249
1773775412.715356,238.152802,552.248657,789.154724,790.401428,76.030716,30.130613,2,3.640992,1.644688,1.854058,2.873306,0.391687,2.657291,120.614166,1.988487,1.593557,1.435427,3.587249
1773775413.515767,231.768814,561.126038,800.374939,792.894836,74.964867,29.230713,2,3.589327,1.693978,-1.004895,2.872807,0.392611,2.736572,102.390823,1.988487,1.593557,1.435427,3.587249
1773775414.298724,236.024811,551.883301,782.921326,787.908081,76.636055,29.955881,2,3.729439,1.654027,0.558893,2.919858,0.390391,2.672154,122.066078,1.988487,1.593557,1.435427,3.587249
1773775415.110368,227.512787,574.108887,811.595154,801.621643,73.928482,28.381569,2,3.473962,1.743354,-0.442497,2.819451,0.396635,2.818061,121.129425,1.988487,1.593557,1.435427,3.587249
1773775415.89208,237.088791,555.80603,781.674561,792.894836,76.758286,29.901669,2,3.557376,1.656947,1.475502,2.78071,0.392844,2.676816,116.546906,1.988487,1.593557,1.435427,3.587249
1773775416.689998,238.152802,560.975464,797.881592,799.128235,75.199127,29.801575,2,3.615634,1.662365,0.794177,2.884848,0.395897,2.685487,122.32106,1.988487,1.593557,1.435427,3.587249
1773775417.496654,238.152802,568.455566,806.608398,806.608398,74.385536,29.525208,2,3.589387,1.677517,1.339208,2.89523,0.399505,2.709866,110.57798,1.988487,1.593557,1.435427,3.587249
1773775418.297066,231.768814,561.126038,800.374939,792.894836,74.964867,29.230713,2,3.719176,1.693978,1.45215,2.976735,0.392611,2.736572,126.82737,1.988487,1.593557,1.435427,3.587249
1773775419.06257,237.088791,534.612244,765.467651,771.70105,78.383453,30.722881,2,3.671194,1.613824,2.802024,2.81018,0.38262,2.608697,139.778885,1.988487,1.593557,1.435427,3.587249
1773775419.834319,240.280807,535.160278,771.70105,775.441101,77.750313,30.98634,2,3.790121,1.600474,2.391965,2.92484,0.384563,2.587929,138.01561,1.988487,1.593557,1.435427,3.587249
1773775420.635977,229.640793,559.513916,801.621643,789.154724,74.848282,29.09959,2,3.668157,1.701414,-0.293278,2.940474,0.390714,2.748713,126.449203,1.988487,1.593557,1.435427,3.587249
1773775421.423922,236.024811,559.363403,787.908081,795.388184,76.151016,29.674166,2,3.648705,1.669316,1.375191,2.874844,0.394,2.696645,138.50354,1.988487,1.593557,1.435427,3.587249
1773775422.216866,241.344788,557.783447,792.894836,799.128235,75.672081,30.20101,2,3.566441,1.640957,1.432507,2.827812,0.396036,2.651372,132.996872,1.988487,1.593557,1.435427,3.587249
1773775423.01229,228.576797,551.851074,795.388184,780.427856,75.434868,29.288652,2,3.530181,1.690713,-0.095849,2.807864,0.386458,2.731257,104.668083,1.988487,1.593557,1.435427,3.587249
1773775423.784027,234.960815,544.220398,771.70105,779.181213,77.750313,30.154837,2,3.665895,1.643402,0.562822,2.828975,0.386135,2.65525,127.922752,1.988487,1.593557,1.435427,3.587249
1773775424.569479,234.960815,550.453857,785.414673,785.414673,76.392769,29.915512,2,3.721894,1.6562,1.61657,2.92323,0.389142,2.675623,121.452507,1.988487,1.593557,1.435427,3.587249
1773775425.357436,232.832794,552.581909,787.908081,785.414673,76.151016,29.644569,2,3.671372,1.670938,0.777544,2.892703,0.389049,2.699257,123.197151,1.988487,1.593557,1.435427,3.587249
1773775426.149121,232.832794,558.815308,791.648132,791.648132,75.791245,29.411146,2,3.626662,1.683853,0.221461,2.87104,0.392056,2.720119,106.153831,1.988487,1.593557,1.435427,3.587249
1773775426.937064,230.704803,554.709839,787.908081,785.414673,76.151016,29.373631,2,3.671088,1.685948,0.819953,2.89248,0.388956,2.723516,126.570168,1.988487,1.593557,1.435427,3.587249
1773775427.716295,229.640793,548.293701,779.181213,777.934509,77.003906,29.519295,2,3.808001,1.677844,-0.073636,2.967123,0.385302,2.710394,107.694855,1.988487,1.593557,1.435427,3.587249
1773775428.496759,224.320801,549.873657,780.427856,774.194458,76.880905,28.974735,2,3.793878,1.708558,0.506644,2.960848,0.383265,2.760419,99.916336,1.988487,1.593557,1.435427,3.587249
1773775429.268497,220.064789,546.649536,771.70105,766.714294,77.750313,28.702318,2,3.741842,1.724359,-1.034013,2.887583,0.379471,2.786468,105.237518,1.988487,1.593557,1.435427,3.587249
1773775430.029014,231.768814,542.425659,760.480896,774.194458,78.897446,29.936769,2,3.875739,1.655055,3.149663,2.947426,0.38359,2.673795,111.879601,1.988487,1.593557,1.435427,3.587249
1773775430.813218,231.768814,552.399231,784.16803,784.16803,76.514214,29.556015,2,3.868758,1.675814,0.742516,3.033756,0.388401,2.707116,122.786316,1.988487,1.593557,1.435427,3.587249
1773775431.579981,233.896805,535.310913,766.714294,769.207703,78.256004,30.407497,2,3.867963,1.63011,2.492424,2.965622,0.381277,2.634237,143.342575,1.988487,1.593557,1.435427,3.587249
1773775432.362939,224.320801,547.380249,782.921326,771.70105,76.636055,29.068354,2,3.778769,1.703196,0.693645,2.958478,0.382062,2.751628,140.813828,1.988487,1.593557,1.435427,3.587249
1773775433.130937,233.896805,545.284424,767.960999,779.181213,78.128967,30.018282,2,3.79613,1.65068,1.794906,2.91528,0.386089,2.666818,155.863937,1.988487,1.593557,1.435427,3.587249
1773775433.91514,233.896805,550.27124,784.16803,784.16803,76.514214,29.827383,2,3.745487,1.660965,1.280717,2.937091,0.388494,2.683243,120.89109,1.988487,1.593557,1.435427,3.587249
1773775434.718058,223.256805,567.144653,802.868286,790.401428,74.732056,28.246004,2,3.560856,1.751511,1.059092,2.858899,0.391037,2.831724,124.241432,1.988487,1.593557,1.435427,3.587249
1773775435.491042,225.384796,550.056274,772.947754,775.441101,77.624908,29.065367,2,3.554688,1.703366,-1.087473,2.747588,0.383913,2.751907,109.073669,1.988487,1.593557,1.435427,3.587249
1773775436.257793,240.280807,543.887207,766.714294,784.16803,78.256004,30.641497,2,3.388182,1.617995,6.249151,2.597767,0.388773,2.615216,126.400871,1.988487,1.593557,1.435427,3.587249
1773775437.039504,237.088791,540.845703,781.674561,777.934509,76.758286,30.476704,2,3.279597,1.626507,2.423909,2.563577,0.385627,2.628568,109.524338,1.988487,1.593557,1.435427,3.587249
1773775437.824967,234.960815,547.96051,785.414673,782.921326,76.392769,30.010784,2,3.773613,1.651081,2.582565,2.963851,0.387939,2.667457,142.129837,1.988487,1.593557,1.435427,3.587249
1773775438.602938,241.344788,544.069885,777.934509,785.414673,77.127312,30.728329,2,3.855829,1.613546,1.41055,2.999583,0.389421,2.608263,135.036331,1.988487,1.593557,1.435427,3.587249
1773775439.405843,239.216797,561.158142,802.868286,800.374939,74.732056,29.88809,2,3.604831,1.65768,1.385876,2.894204,0.396545,2.677987,126.385994,1.988487,1.593557,1.435427,3.587249
1773775440.202526,233.896805,556.504639,796.634888,790.401428,75.316811,29.592154,2,3.569292,1.673821,0.646941,2.843422,0.391501,2.703901,120.634499,1.988487,1.593557,1.435427,3.587249
1773775440.995457,234.960815,559.180664,792.894836,794.141479,75.672081,29.586771,2,3.585272,1.674117,0.569504,2.842743,0.393352,2.704379,121.019585,1.988487,1.593557,1.435427,3.587249
1773775441.763455,237.088791,533.36554,767.960999,770.454346,78.128967,30.772594,2,3.624848,1.611288,2.345261,2.783742,0.382018,2.60474,123.972794,1.988487,1.593557,1.435427,3.587249
1773775442.530206,240.280807,530.173523,766.714294,770.454346,78.256004,31.186897,2,3.555444,1.590462,2.929359,2.72601,0.382158,2.572454,98.71386,1.988487,1.593557,1.435427,3.587249
1773775443.313175,232.832794,541.361694,782.921326,774.194458,76.636055,30.0742,2,3.552209,1.647692,0.845177,2.7811,0.383637,2.662062,127.474663,1.988487,1.593557,1.435427,3.587249
1773775444.079926,249.856812,536.804565,766.714294,786.661377,78.256004,31.761673,2,3.594687,1.562471,2.863746,2.756098,0.390394,2.529639,133.241043,1.988487,1.593557,1.435427,3.587249
1773775444.870364,240.280807,538.900391,790.401428,779.181213,75.910797,30.837601,2,3.484664,1.607983,1.312698,2.754283,0.386367,2.599592,134.170776,1.988487,1.593557,1.435427,3.587249
1773775445.644595,257.30481,536.83667,774.194458,794.141479,77.499908,32.400372,2,3.550268,1.532531,1.526503,2.748598,0.394328,2.48458,85.229271,1.988487,1.593557,1.435427,3.587249
1773775446.448759,243.472794,544.435303,804.11499,787.908081,74.616196,30.901167,2,3.457689,1.604765,1.794906,2.780379,0.390717,2.594588,120.358299,1.988487,1.593557,1.435427,3.587249
1773775447.227976,237.088791,534.612244,779.181213,771.70105,77.003906,30.722881,2,3.550764,1.613824,0.313658,2.766689,0.38262,2.608697,97.40815,1.988487,1.593557,1.435427,3.587249
1773775448.00096,233.896805,535.310913,772.947754,769.207703,77.624908,30.407497,2,3.435371,1.63011,0.978461,2.655362,0.381277,2.634237,117.590614,1.988487,1.593557,1.435427,3.587249
1773775448.768958,240.280807,535.160278,767.960999,775.441101,78.128967,30.98634,2,3.660605,1.600474,3.318342,2.811202,0.384563,2.587929,129.494339,1.988487,1.593557,1.435427,3.587249
1773775449.568135,228.576797,556.837891,799.128235,785.414673,75.081818,29.10269,2,3.764988,1.701238,1.452518,3.008708,0.388864,2.748424,131.184799,1.988487,1.593557,1.435427,3.587249
1773775450.33738,229.640793,540.813538,769.207703,770.454346,78.002342,29.805893,2,3.827451,1.662131,2.028832,2.944104,0.381693,2.685111,137.678757,1.988487,1.593557,1.435427,3.587249
1773775451.11909,228.576797,551.851074,781.674561,780.427856,76.758286,29.288652,2,3.801872,1.690713,1.628724,2.971826,0.386458,2.731257,139.704712,1.988487,1.593557,1.435427,3.587249
1773775451.90206,229.640793,554.527222,782.921326,784.16803,76.636055,29.284641,2,3.762132,1.690939,0.684649,2.945454,0.388309,2.731624,128.53891,1.988487,1.593557,1.435427,3.587249
1773775452.686265,228.576797,554.344543,784.16803,782.921326,76.514214,29.195372,2,3.661205,1.695976,0.667723,2.871,0.387661,2.739829,124.801231,1.988487,1.593557,1.435427,3.587249
1773775453.466729,227.512787,551.668457,780.427856,779.181213,76.880905,29.198956,2,3.608024,1.695773,0.497942,2.815803,0.38581,2.739498,116.067062,1.988487,1.593557,1.435427,3.587249
1773775454.239713,231.768814,546.16571,772.947754,777.934509,77.624908,29.792845,2,3.663036,1.66284,0.832179,2.831335,0.385394,2.686247,124.01944,1.988487,1.593557,1.435427,3.587249
1773775455.02767,231.768814,556.139282,787.908081,787.908081,76.151016,29.415718,2,3.707824,1.683599,0.278189,2.921424,0.390206,2.719706,108.03965,1.988487,1.593557,1.435427,3.587249
1773775455.796914,233.896805,537.80426,769.207703,771.70105,78.002342,30.309252,2,3.821053,1.635252,0.771816,2.939183,0.38248,2.642349,109.636101,1.988487,1.593557,1.435427,3.587249
1773775456.582365,233.896805,551.517883,785.414673,785.414673,76.392769,29.780039,2,3.767183,1.663536,1.065334,2.958801,0.389096,2.687363,128.693039,1.988487,1.593557,1.435427,3.587249
1773775457.382777,232.832794,566.29541,800.374939,799.128235,74.964867,29.135851,2,3.645617,1.699351,-0.435558,2.91786,0.395665,2.74534,117.303864,1.988487,1.593557,1.435427,3.587249
1773775458.174473,229.640793,558.267273,791.648132,787.908081,75.791245,29.145632,2,3.561114,1.698796,-0.455716,2.819149,0.390113,2.744432,102.435791,1.988487,1.593557,1.435427,3.587249
1773775458.958678,237.088791,555.80603,784.16803,792.894836,76.514214,29.901669,2,3.676317,1.656947,-0.059169,2.882851,0.392844,2.676816,121.383804,1.988487,1.593557,1.435427,3.587249
1773775459.752856,237.088791,557.052673,794.141479,794.141479,75.553291,29.854731,2,3.568031,1.659483,0.152763,2.833521,0.393445,2.680871,137.989761,1.988487,1.593557,1.435427,3.587249
1773775460.537072,241.344788,547.809937,784.16803,789.154724,76.514214,30.582697,2,3.630092,1.621022,-0.322432,2.846602,0.391225,2.619957,120.885498,1.988487,1.593557,1.435427,3.587249
1773775461.332497,251.984802,555.870239,795.388184,807.855042,75.434868,31.191835,2,3.412932,1.590218,0.989329,2.714606,0.400711,2.572077,107.79998,1.988487,1.593557,1.435427,3.587249
1773775462.126675,247.728806,541.425903,794.141479,789.154724,75.553291,31.391665,2,3.390491,1.580373,0.251055,2.692529,0.391504,2.556944,124.924873,1.988487,1.593557,1.435427,3.587249
1773775462.909645,257.30481,536.83667,782.921326,794.141479,76.636055,32.400372,2,3.401073,1.532531,1.468783,2.662772,0.394328,2.48458,115.561501,1.988487,1.593557,1.435427,3.587249
1773775463.698836,256.240814,531.667236,789.154724,787.908081,76.030716,32.521664,2,3.292846,1.526978,1.264672,2.598565,0.391274,2.476307,82.124214,1.988487,1.593557,1.435427,3.587249
1773775464.510467,239.216797,552.431335,811.595154,791.648132,73.928482,30.217567,2,3.373123,1.640081,-0.343361,2.737611,0.392335,2.649986,109.732819,1.988487,1.593557,1.435427,3.587249
1773775465.288438,236.024811,538.169678,777.934509,774.194458,77.127312,30.486504,2,3.520242,1.625999,-0.365501,2.738518,0.383776,2.627769,117.748596,1.988487,1.593557,1.435427,3.587249
1773775466.083876,232.832794,558.815308,795.388184,791.648132,75.434868,29.411146,2,3.363263,1.683853,-0.967848,2.6751,0.392056,2.720119,102.432007,1.988487,1.593557,1.435427,3.587249
1773775466.8606,233.896805,544.03772,776.687805,777.934509,77.251114,30.066389,2,3.469987,1.648108,1.177322,2.695096,0.385487,2.662725,131.266144,1.988487,1.593557,1.435427,3.587249
1773775467.651037,226.448807,555.225769,790.401428,781.674561,75.910797,28.969706,2,3.529606,1.708847,-0.572293,2.789805,0.386966,2.760894,119.676453,1.988487,1.593557,1.435427,3.587249
1773775468.443981,216.872803,564.801758,792.894836,781.674561,75.672081,27.744642,2,3.596641,1.782373,-0.545196,2.851758,0.386548,2.883924,134.0746,1.988487,1.593557,1.435427,3.587249
1773775469.239406,222.192795,579.428833,795.388184,801.621643,75.434868,27.717913,2,3.542983,1.78405,-0.9619,2.818047,0.396403,2.886783,127.434387,1.988487,1.593557,1.435427,3.587249
1773775470.021117,220.064789,559.116455,781.674561,779.181213,76.758286,28.243082,2,3.578532,1.751688,-1.164873,2.797248,0.385485,2.832021,117.472763,1.988487,1.593557,1.435427,3.587249
1773775470.781634,244.536804,544.61792,760.480896,789.154724,78.897446,30.987183,2,3.785251,1.600432,3.494438,2.878611,0.391364,2.587863,136.745789,1.988487,1.593557,1.435427,3.587249
1773775471.583304,226.448807,553.979065,801.621643,780.427856,74.848282,29.015982,2,3.641767,1.706191,0.134221,2.919319,0.386365,2.756536,90.531914,1.988487,1.593557,1.435427,3.587249
1773775472.377482,224.320801,567.327332,794.141479,791.648132,75.553291,28.335922,2,3.689631,1.746092,-1.196927,2.930089,0.391685,2.822641,127.847122,1.988487,1.593557,1.435427,3.587249
1773775473.16792,217.936798,564.984497,790.401428,782.921326,75.910797,27.836359,2,3.563123,1.776644,-0.899554,2.816297,0.387196,2.874173,102.426453,1.988487,1.593557,1.435427,3.587249
1773775473.937176,228.576797,553.097778,769.207703,781.674561,78.002342,29.24194,2,3.841233,1.693344,1.490446,2.954706,0.387059,2.73554,122.216835,1.988487,1.593557,1.435427,3.587249
1773775474.725121,224.320801,558.600525,787.908081,782.921326,76.151016,28.651768,2,3.784887,1.727325,-0.1134,2.982143,0.387475,2.79138,117.894989,1.988487,1.593557,1.435427,3.587249
1773775475.514312,227.512787,565.38208,789.154724,792.894836,76.030716,28.693941,2,3.693798,1.72485,-1.015433,2.914978,0.392425,2.787281,116.875488,1.988487,1.593557,1.435427,3.587249
1773775476.302257,223.256805,559.664551,787.908081,782.921326,76.151016,28.515867,2,3.51712,1.735349,-2.195086,2.771167,0.387428,2.804709,97.042221,1.988487,1.593557,1.435427,3.587249
1773775477.082733,222.192795,556.988403,780.427856,779.181213,76.880905,28.516191,2,3.592806,1.73533,-2.826182,2.803926,0.385578,2.804677,95.505867,1.988487,1.593557,1.435427,3.587249
1773775477.859457,228.576797,555.591248,776.687805,784.16803,77.251114,29.148956,2,3.653994,1.698607,-1.814695,2.838012,0.388262,2.744123,100.199455,1.988487,1.593557,1.435427,3.587249
1773775478.657375,227.512787,569.12207,797.881592,796.634888,75.199127,28.559229,2,3.489781,1.73278,-0.499483,2.784432,0.39423,2.800437,105.190918,1.988487,1.593557,1.435427,3.587249
1773775479.4578,225.384796,572.496826,800.374939,797.881592,74.964867,28.247898,2,3.596356,1.751397,-1.114276,2.878433,0.394738,2.831532,113.413788,1.988487,1.593557,1.435427,3.587249
1773775480.217069,251.984802,538.416626,759.234192,790.401428,79.027,31.880611,2,3.700341,1.556804,3.869285,2.809425,0.392291,2.521052,132.338745,1.988487,1.593557,1.435427,3.587249
1773775481.012494,226.448807,539.01886,795.388184,765.467651,75.434868,29.583067,2,3.549376,1.674322,2.354661,2.823131,0.379148,2.704708,128.84671,1.988487,1.593557,1.435427,3.587249
1773775481.786725,216.872803,546.10144,774.194458,762.974243,77.499908,28.424656,2,3.718205,1.740777,-1.822736,2.878614,0.377527,2.813758,122.159348,1.988487,1.593557,1.435427,3.587249
1773775482.534788,233.896805,534.064209,748.013916,767.960999,80.21241,30.45686,2,3.725281,1.627539,0.952208,2.786562,0.380676,2.63019,128.125107,1.988487,1.593557,1.435427,3.587249
1773775483.318993,242.408798,551.732666,784.16803,794.141479,76.514214,30.524635,2,3.838505,1.624022,2.274617,3.010033,0.393677,2.624663,167.033829,1.988487,1.593557,1.435427,3.587249
1773775484.10943,240.280807,547.627258,790.401428,787.908081,75.910797,30.496046,2,3.725202,1.625504,1.999384,2.944405,0.390577,2.62699,126.061218,1.988487,1.593557,1.435427,3.587249
1773775484.902361,241.344788,552.796692,792.894836,794.141479,75.672081,30.390654,2,3.621837,1.630989,2.221267,2.871736,0.393631,2.635623,130.034363,1.988487,1.593557,1.435427,3.587249
1773775485.707772,236.024811,563.103394,805.361694,799.128235,74.500687,29.535288,2,3.463114,1.67696,0.597703,2.78906,0.395804,2.708965,136.442215,1.988487,1.593557,1.435427,3.587249
1773775486.50569,239.216797,562.404846,797.881592,801.621643,75.199127,29.841608,2,3.396865,1.660194,1.946658,2.710296,0.397146,2.682009,124.734398,1.988487,1.593557,1.435427,3.587249
1773775487.294881,221.128799,546.832214,789.154724,767.960999,76.030716,28.794273,2,3.638854,1.718992,0.939871,2.871619,0.380119,2.777596,152.14888,1.988487,1.593557,1.435427,3.587249
1773775488.071617,227.512787,556.655273,776.687805,784.16803,77.251114,29.013269,2,3.713408,1.706347,0.114761,2.884159,0.388216,2.756791,123.078186,1.988487,1.593557,1.435427,3.587249
1773775488.863302,225.384796,563.769897,791.648132,789.154724,75.791245,28.56028,2,3.668202,1.732718,0.183422,2.903925,0.390528,2.800333,116.0886,1.988487,1.593557,1.435427,3.587249
1773775489.65748,231.768814,569.852844,794.141479,801.621643,75.553291,28.912493,2,3.63851,1.712142,-0.762341,2.889492,0.396821,2.766309,119.174194,1.988487,1.593557,1.435427,3.587249
1773775490.45915,225.384796,568.756714,801.621643,794.141479,74.848282,28.380936,2,3.55197,1.743392,-1.214845,2.847337,0.392934,2.818125,99.912125,1.988487,1.593557,1.435427,3.587249
1773775491.237121,228.576797,553.097778,777.934509,781.674561,77.127312,29.24194,2,3.512627,1.693344,-1.187748,2.732594,0.387059,2.73554,93.840797,1.988487,1.593557,1.435427,3.587249
1773775492.000132,228.576797,534.397461,762.974243,762.974243,78.63961,29.958651,2,3.630284,1.653878,0.122178,2.769813,0.378038,2.671916,114.374748,1.988487,1.593557,1.435427,3.587249
1773775492.746936,236.024811,519.46936,746.767273,755.494141,80.346313,31.241116,2,3.747675,1.587778,2.440946,2.798641,0.374755,2.568319,149.774796,1.988487,1.593557,1.435427,3.587249
1773775493.53488,226.448807,550.239014,787.908081,776.687805,76.151016,29.155704,2,3.665516,1.698224,1.734543,2.88809,0.384561,2.743498,125.36953,1.988487,1.593557,1.435427,3.587249
1773775494.309123,222.192795,547.014893,774.194458,769.207703,77.499908,28.885931,2,3.816536,1.713676,0.408205,2.954741,0.380767,2.768834,138.124374,1.988487,1.593557,1.435427,3.587249
1773775495.064654,224.320801,533.666687,755.494141,757.987488,79.418221,29.594261,2,3.7705,1.673705,0.79146,2.84859,0.375447,2.703713,118.322594,1.988487,1.593557,1.435427,3.587249
1773775495.818938,233.896805,531.570862,754.247437,765.467651,79.549492,30.556068,2,3.830906,1.622396,3.395926,2.889451,0.379473,2.622112,135.68512,1.988487,1.593557,1.435427,3.587249
1773775496.601896,223.256805,547.19751,782.921326,770.454346,76.636055,28.977293,2,3.727651,1.708411,0.320304,2.918457,0.381414,2.760178,126.512825,1.988487,1.593557,1.435427,3.587249
1773775497.3674,230.704803,543.489624,765.467651,774.194458,78.383453,29.799335,2,3.742954,1.662487,1.313175,2.86511,0.383544,2.685682,114.217537,1.988487,1.593557,1.435427,3.587249
1773775498.134162,221.128799,534.365356,766.714294,755.494141,78.256004,29.269426,2,3.709675,1.691795,-1.486956,2.844261,0.374105,2.733018,119.064911,1.988487,1.593557,1.435427,3.587249
1773775498.893433,230.704803,539.749512,759.234192,770.454346,79.027,29.943995,2,3.721933,1.654667,1.642786,2.825819,0.38174,2.673174,126.127296,1.988487,1.593557,1.435427,3.587249
1773775499.671404,225.384796,546.316284,777.934509,771.70105,77.127312,29.206232,2,3.568883,1.695361,-0.50029,2.776357,0.382109,2.738827,95.641663,1.988487,1.593557,1.435427,3.587249
1773775500.436908,231.768814,541.178955,765.467651,772.947754,78.383453,29.985056,2,3.63613,1.65246,1.195387,2.78334,0.382989,2.669655,127.690178,1.988487,1.593557,1.435427,3.587249
1773775501.196179,238.152802,528.561523,759.234192,766.714294,79.027,31.06148,2,3.840033,1.596708,2.964828,2.915485,0.38026,2.582098,137.744797,1.988487,1.593557,1.435427,3.587249
1773775501.985382,239.216797,551.184631,789.154724,790.401428,76.030716,30.265226,2,3.726189,1.637568,1.717983,2.94054,0.391734,2.646008,122.14119,1.988487,1.593557,1.435427,3.587249
1773775502.770833,225.384796,543.822876,785.414673,769.207703,76.392769,29.300901,2,3.569552,1.690025,-0.412279,2.803578,0.380906,2.730137,111.743988,1.988487,1.593557,1.435427,3.587249
1773775503.536337,222.192795,539.534729,765.467651,761.727539,78.383453,29.16959,2,3.577936,1.697436,-0.083366,2.738794,0.377158,2.742212,118.541275,1.988487,1.593557,1.435427,3.587249
1773775504.300595,224.320801,542.393494,764.220947,766.714294,78.51133,29.257416,2,3.501615,1.692472,0.092877,2.676007,0.379657,2.734119,99.050453,1.988487,1.593557,1.435427,3.587249
1773775505.062371,231.768814,538.685547,761.727539,770.454346,78.768318,30.082094,2,3.69659,1.647271,1.395092,2.815794,0.381786,2.661393,129.417145,1.988487,1.593557,1.435427,3.587249
1773775505.830368,233.896805,536.557556,767.960999,770.454346,78.128967,30.358297,2,3.784604,1.632681,2.732702,2.906428,0.381879,2.63829,111.99263,1.988487,1.593557,1.435427,3.587249
1773775506.618313,222.192795,552.001648,787.908081,774.194458,76.151016,28.699869,2,3.644625,1.724503,-0.470366,2.871629,0.383172,2.786706,108.635605,1.988487,1.593557,1.435427,3.587249
1773775507.385064,223.256805,544.704224,766.714294,767.960999,78.256004,29.071373,2,3.770364,1.703023,0.986906,2.890792,0.380212,2.751346,139.75827,1.988487,1.593557,1.435427,3.587249
1773775508.15058,233.896805,544.03772,765.467651,777.934509,78.383453,30.066389,2,3.849701,1.648108,2.301054,2.946822,0.385487,2.662725,135.952301,1.988487,1.593557,1.435427,3.587249
1773775508.924811,230.704803,539.749512,774.194458,770.454346,77.499908,29.943995,2,3.562063,1.654667,0.398108,2.757729,0.38174,2.673174,115.587273,1.988487,1.593557,1.435427,3.587249
1773775509.692808,237.088791,538.352295,767.960999,775.441101,78.128967,30.574699,2,3.658279,1.621434,1.029608,2.809416,0.384424,2.620604,134.851151,1.988487,1.593557,1.435427,3.587249
1773775510.479506,241.344788,550.303345,786.661377,791.648132,76.271698,30.486372,2,3.631859,1.626005,1.046902,2.857043,0.392428,2.627779,116.499107,1.988487,1.593557,1.435427,3.587249
1773775511.262476,240.280807,541.393738,782.921326,781.674561,76.636055,30.739239,2,3.518571,1.612989,0.924413,2.754764,0.38757,2.607393,117.804474,1.988487,1.593557,1.435427,3.587249
1773775512.049174,229.640793,544.55365,786.661377,774.194458,76.271698,29.6619,2,3.459478,1.669988,-1.574381,2.721438,0.383497,2.697726,103.427032,1.988487,1.593557,1.435427,3.587249
1773775512.819665,240.280807,542.640503,770.454346,782.921326,77.876129,30.690289,2,3.500751,1.615492,1.4205,2.697169,0.388172,2.611302,115.934151,1.988487,1.593557,1.435427,3.587249
1773775513.601376,239.216797,541.21106,781.674561,780.427856,76.758286,30.652008,2,3.446644,1.617455,0.85924,2.694154,0.386922,2.614371,111.338509,1.988487,1.593557,1.435427,3.587249
1773775514.389333,246.664825,549.970093,787.908081,796.634888,76.151016,30.963346,2,3.345108,1.60163,-0.278885,2.635638,0.395066,2.589722,105.442642,1.988487,1.593557,1.435427,3.587249
1773775515.18725,244.536804,550.851379,797.881592,795.388184,75.199127,30.744335,2,3.341466,1.612729,-1.2791,2.666095,0.394371,2.606987,97.247467,1.988487,1.593557,1.435427,3.587249
1773775515.976441,250.920792,545.714111,789.154724,796.634888,76.030716,31.497589,2,3.42564,1.575205,0.456929,2.70336,0.395252,2.549034,102.024605,1.988487,1.593557,1.435427,3.587249
1773775516.768139,245.600784,539.813904,791.648132,785.414673,75.791245,31.270206,2,3.3697,1.586342,-0.329298,2.667617,0.389607,2.566109,99.245674,1.988487,1.593557,1.435427,3.587249
1773775517.55733,241.344788,542.823242,789.154724,784.16803,76.030716,30.777178,2,3.367289,1.611054,-0.176444,2.657312,0.38882,2.604376,110.518219,1.988487,1.593557,1.435427,3.587249
1773775518.335301,255.176788,538.964722,777.934509,794.141479,77.127312,32.132408,2,3.418352,1.544947,2.093638,2.659254,0.394235,2.503174,114.787193,1.988487,1.593557,1.435427,3.587249
1773775519.135712,241.344788,542.823242,800.374939,784.16803,74.964867,30.777178,2,3.420727,1.611054,1.706638,2.737864,0.38882,2.604376,127.367012,1.988487,1.593557,1.435427,3.587249
1773775519.904968,251.984802,529.689758,769.207703,781.674561,78.002342,32.236538,2,3.420406,1.540098,1.448111,2.631003,0.388081,2.495896,92.051033,1.988487,1.593557,1.435427,3.587249
1773775520.700393,242.408798,541.759216,795.388184,784.16803,75.434868,30.912865,2,3.365037,1.604174,0.565465,2.676511,0.388866,2.59367,95.816124,1.988487,1.593557,1.435427,3.587249
1773775521.497065,244.536804,554.591431,796.634888,799.128235,75.316811,30.600447,2,3.437848,1.620107,1.17589,2.738709,0.396176,2.618523,83.494179,1.988487,1.593557,1.435427,3.587249
1773775522.294994,241.344788,552.796692,797.881592,794.141479,75.199127,30.390654,2,3.343512,1.630989,-0.915379,2.667726,0.393631,2.635623,102.040497,1.988487,1.593557,1.435427,3.587249
1773775523.056758,248.792801,521.66156,761.727539,770.454346,78.768318,32.291698,2,3.436479,1.537541,3.067453,2.617661,0.382529,2.492068,123.215652,1.988487,1.593557,1.435427,3.587249
1773775523.854677,233.896805,546.531067,797.881592,780.427856,75.199127,29.970329,2,3.490428,1.653251,-0.513472,2.784949,0.38669,2.670916,115.286667,1.988487,1.593557,1.435427,3.587249
1773775524.613947,246.664825,527.529663,759.234192,774.194458,79.027,31.860838,2,3.582251,1.557744,1.740307,2.719768,0.384241,2.522474,114.695534,1.988487,1.593557,1.435427,3.587249
1773775525.400657,241.344788,539.083069,786.661377,780.427856,76.271698,30.924675,2,3.521898,1.603578,1.166527,2.770541,0.387015,2.592745,107.122398,1.988487,1.593557,1.435427,3.587249
1773775526.199822,234.960815,556.687317,799.128235,791.648132,75.081818,29.679956,2,3.444114,1.668998,-1.489306,2.752289,0.392149,2.696135,121.683685,1.988487,1.593557,1.435427,3.587249
1773775526.956599,241.344788,522.87616,756.740784,764.220947,79.287384,31.5805,2,3.616266,1.571184,1.122356,2.736576,0.379197,2.542895,108.567955,1.988487,1.593557,1.435427,3.587249
1773775527.74579,248.792801,549.088806,789.154724,797.881592,76.030716,31.181669,2,3.604271,1.590722,2.711589,2.844327,0.39576,2.572854,105.476135,1.988487,1.593557,1.435427,3.587249
1773775528.55494,234.960815,557.934021,809.101746,792.894836,74.156311,29.633289,2,3.390081,1.671558,-1.176806,2.742921,0.392751,2.700254,106.832077,1.988487,1.593557,1.435427,3.587249
1773775529.307978,253.048798,521.14563,753.000732,774.194458,79.681198,32.685432,2,3.59998,1.519546,3.213478,2.710787,0.384519,2.465275,124.424065,1.988487,1.593557,1.435427,3.587249
1773775530.100909,244.536804,538.384521,792.894836,782.921326,75.672081,31.233892,2,3.619205,1.588135,1.170052,2.869649,0.388357,2.568869,112.645676,1.988487,1.593557,1.435427,3.587249
1773775530.88262,239.216797,536.224304,781.674561,775.441101,76.758286,30.849127,2,3.599052,1.607399,1.274843,2.813287,0.384517,2.598682,131.267883,1.988487,1.593557,1.435427,3.587249
1773775531.67681,225.384796,552.549683,794.141479,777.934509,75.553291,28.972206,2,3.528102,1.708703,-0.004203,2.801812,0.385116,2.760658,120.309113,1.988487,1.593557,1.435427,3.587249
1773775532.456028,227.512787,554.161743,779.181213,781.674561,77.003906,29.105818,2,3.449163,1.70106,-0.915159,2.687523,0.387013,2.748132,111.614563,1.988487,1.593557,1.435427,3.587249
1773775533.227765,234.960815,545.467041,771.70105,780.427856,77.750313,30.106667,2,3.565483,1.645962,0.338002,2.751487,0.386737,2.659313,107.055351,1.988487,1.593557,1.435427,3.587249
1773775534.021956,236.024811,559.363403,794.141479,795.388184,75.553291,29.674166,2,3.434252,1.669316,-0.3861,2.727282,0.394,2.696645,117.849884,1.988487,1.593557,1.435427,3.587249
1773775534.803667,237.088791,545.83252,781.674561,782.921326,76.758286,30.282581,2,3.402271,1.636654,-1.50124,2.659469,0.388032,2.644563,107.036972,1.988487,1.593557,1.435427,3.587249
1773775535.582884,231.768814,541.178955,779.181213,772.947754,77.003906,29.985056,2,3.43365,1.65246,-0.590945,2.675436,0.382989,2.669655,111.388428,1.988487,1.593557,1.435427,3.587249
1773775536.362102,230.704803,547.229736,779.181213,777.934509,77.003906,29.656071,2,3.654703,1.670307,0.522175,2.847676,0.385348,2.698241,151.494049,1.988487,1.593557,1.435427,3.587249
1773775537.123878,241.344788,532.84967,761.727539,774.194458,78.768318,31.173664,2,3.790649,1.591119,2.490625,2.887442,0.384008,2.573466,123.195099,1.988487,1.593557,1.435427,3.587249
1773775537.908083,241.344788,542.823242,784.16803,784.16803,76.514214,30.777178,2,3.697219,1.611054,2.855888,2.899241,0.38882,2.604376,155.258987,1.988487,1.593557,1.435427,3.587249
1773775538.713481,237.088791,563.286133,805.361694,800.374939,74.500687,29.622215,2,3.472748,1.672166,-0.34773,2.796818,0.396452,2.701234,114.345795,1.988487,1.593557,1.435427,3.587249
1773775539.501425,239.216797,551.184631,787.908081,790.401428,76.151016,30.265226,2,3.493681,1.637568,1.799753,2.7527,0.391734,2.646008,129.561279,1.988487,1.593557,1.435427,3.587249
1773775540.276915,237.088791,535.858948,775.441101,772.947754,77.375313,30.673328,2,3.677545,1.616361,1.762595,2.851719,0.383221,2.612661,145.921005,1.988487,1.593557,1.435427,3.587249
1773775541.05364,233.896805,539.050964,776.687805,772.947754,77.251114,30.260363,2,3.586349,1.637824,1.590905,2.785474,0.383082,2.646413,123.546852,1.988487,1.593557,1.435427,3.587249
1773775541.849064,225.384796,560.029907,795.388184,785.414673,75.434868,28.696281,2,3.507003,1.724713,0.061814,2.789429,0.388724,2.787054,124.322121,1.988487,1.593557,1.435427,3.587249
1773775542.624554,234.960815,551.700562,775.441101,786.661377,77.375313,29.868103,2,3.657418,1.65876,2.116256,2.836112,0.389744,2.679714,138.2966,1.988487,1.593557,1.435427,3.587249
1773775543.405018,237.088791,545.83252,780.427856,782.921326,76.880905,30.282581,2,3.69299,1.636654,1.588996,2.882112,0.388032,2.644563,138.980423,1.988487,1.593557,1.435427,3.587249
1773775544.176756,233.896805,534.064209,771.70105,767.960999,77.750313,30.45686,2,3.628713,1.627539,1.144974,2.800282,0.380676,2.63019,115.186806,1.988487,1.593557,1.435427,3.587249
1773775544.946,232.832794,535.128174,769.207703,767.960999,78.002342,30.318312,2,3.633542,1.634777,0.437542,2.794948,0.38063,2.641597,152.695908,1.988487,1.593557,1.435427,3.587249
1773775545.710258,240.280807,532.666931,764.220947,772.947754,78.51133,31.086292,2,3.604457,1.595468,1.974013,2.754601,0.38336,2.580181,134.5009,1.988487,1.593557,1.435427,3.587249
1773775546.498214,241.344788,547.809937,787.908081,789.154724,76.151016,30.582697,2,3.61903,1.621022,1.23405,2.851463,0.391225,2.619957,143.86142,1.988487,1.593557,1.435427,3.587249
1773775547.272445,253.048798,534.859253,774.194458,787.908081,77.499908,32.116539,2,3.381718,1.545689,1.929952,2.618107,0.391135,2.504289,106.295219,1.988487,1.593557,1.435427,3.587249
1773775548.062883,226.448807,532.7854,790.401428,759.234192,75.910797,29.825951,2,3.485039,1.661043,-0.239267,2.75458,0.376141,2.683367,111.858475,1.988487,1.593557,1.435427,3.587249
1773775548.835867,219.000793,545.220154,772.947754,764.220947,77.624908,28.656738,2,3.645106,1.727033,-1.887285,2.817476,0.378222,2.790896,98.591194,1.988487,1.593557,1.435427,3.587249
1773775549.580189,224.320801,526.186584,744.273865,750.507385,80.615486,29.889219,2,3.718893,1.657619,0.684356,2.767875,0.371838,2.67789,128.846191,1.988487,1.593557,1.435427,3.587249
1773775550.35068,223.256805,545.950928,770.454346,769.207703,77.876129,29.024256,2,3.575389,1.705717,-0.720851,2.754674,0.380813,2.755759,121.194672,1.988487,1.593557,1.435427,3.587249
1773775551.119925,236.024811,548.143188,769.207703,784.16803,78.002342,30.098755,2,3.682317,1.646383,1.96979,2.832466,0.388587,2.659982,144.863785,1.988487,1.593557,1.435427,3.587249
1773775551.904129,229.640793,547.046997,784.16803,776.687805,76.514214,29.566679,2,3.568274,1.675225,-0.068275,2.798127,0.3847,2.706166,118.354126,1.988487,1.593557,1.435427,3.587249
1773775552.692085,232.832794,558.815308,787.908081,791.648132,76.151016,29.411146,2,3.382838,1.683853,-0.308149,2.665366,0.392056,2.720119,101.328979,1.988487,1.593557,1.435427,3.587249
1773775553.462576,229.640793,537.073486,770.454346,766.714294,77.876129,29.951286,2,3.706403,1.654274,0.546005,2.855614,0.379889,2.672548,151.318344,1.988487,1.593557,1.435427,3.587249
1773775554.246781,239.216797,556.171387,784.16803,795.388184,76.514214,30.075478,2,3.735933,1.647624,1.69162,2.929599,0.394139,2.661954,128.961288,1.988487,1.593557,1.435427,3.587249
1773775555.035972,233.896805,549.024536,789.154724,782.921326,76.030716,29.87488,2,3.705304,1.658394,-0.409305,2.924058,0.387893,2.679128,119.982056,1.988487,1.593557,1.435427,3.587249
1773775555.846369,221.128799,574.259399,810.34845,795.388184,74.042221,27.801367,2,3.664969,1.778826,-1.215102,2.969902,0.39335,2.877882,138.738739,1.988487,1.593557,1.435427,3.587249
1773775556.62434,231.768814,558.632629,777.934509,790.401428,77.127312,29.322926,2,3.560864,1.688788,-0.138956,2.770119,0.391408,2.728127,112.640884,1.988487,1.593557,1.435427,3.587249
1773775557.402311,226.448807,545.252258,777.934509,771.70105,77.127312,29.344112,2,3.805908,1.6876,1.152464,2.960747,0.382155,2.726198,167.603149,1.988487,1.593557,1.435427,3.587249
1773775558.179048,228.576797,550.604431,776.687805,779.181213,77.251114,29.33551,2,3.933138,1.688082,1.176881,3.05482,0.385856,2.726981,168.371628,1.988487,1.593557,1.435427,3.587249
1773775558.959512,225.384796,551.302979,780.427856,776.687805,76.880905,29.018711,2,3.927638,1.706035,0.510389,3.065238,0.384514,2.756279,148.037994,1.988487,1.593557,1.435427,3.587249
1773775559.728756,228.576797,544.370972,769.207703,772.947754,78.002342,29.572088,2,3.925825,1.674927,1.604894,3.019775,0.382849,2.705684,164.27388,1.988487,1.593557,1.435427,3.587249
1773775560.50922,231.768814,552.399231,780.427856,784.16803,76.880905,29.556015,2,3.838924,1.675814,2.4607,2.996003,0.388401,2.707116,157.245834,1.988487,1.593557,1.435427,3.587249
1773775561.283451,228.576797,541.877563,774.194458,770.454346,77.499908,29.667791,2,3.895146,1.669665,0.762967,3.0156,0.381647,2.697207,138.12001,1.988487,1.593557,1.435427,3.587249
1773775562.072655,216.872803,558.568298,789.154724,775.441101,76.030716,27.96767,2,3.770316,1.768508,-1.583082,2.975363,0.383541,2.860372,129.804733,1.988487,1.593557,1.435427,3.587249
1773775562.825691,241.344788,540.329773,753.000732,781.674561,79.681198,30.875355,2,3.850499,1.60607,3.636424,2.899428,0.387617,2.596617,148.621674,1.988487,1.593557,1.435427,3.587249
1773775563.598676,237.088791,530.872192,772.947754,767.960999,77.624908,30.872503,2,3.780127,1.606215,1.482883,2.92184,0.380815,2.596841,156.610214,1.988487,1.593557,1.435427,3.587249
1773775564.37166,247.728806,537.685852,772.947754,785.414673,77.624908,31.541147,2,3.732535,1.57309,4.163978,2.885054,0.3897,2.545803,113.848228,1.988487,1.593557,1.435427,3.587249
1773775565.174578,227.512787,551.668457,802.868286,779.181213,74.732056,29.198956,2,3.65585,1.695773,0.582355,2.935166,0.38581,2.739498,194.512878,1.988487,1.593557,1.435427,3.587249
1773775565.946315,224.320801,543.640198,771.70105,767.960999,77.750313,29.209921,2,3.816219,1.695153,-0.356469,2.94498,0.380258,2.738487,126.406693,1.988487,1.593557,1.435427,3.587249
1773775566.701845,234.960815,533.000183,755.494141,767.960999,79.418221,30.595409,2,3.786745,1.620366,2.98315,2.860864,0.380723,2.61893,122.211731,1.988487,1.593557,1.435427,3.587249
1773775567.474829,233.896805,537.80426,772.947754,771.70105,77.624908,30.309252,2,3.722168,1.635252,1.503958,2.877041,0.38248,2.642349,128.675842,1.988487,1.593557,1.435427,3.587249
1773775568.259046,225.384796,548.809692,784.16803,774.194458,76.514214,29.112169,2,3.63761,1.700698,-0.023039,2.852498,0.383311,2.747541,124.457458,1.988487,1.593557,1.435427,3.587249
1773775569.007097,244.536804,525.917542,748.013916,770.454346,80.21241,31.739298,2,3.760889,1.563541,2.689082,2.813197,0.382343,2.531264,172.739365,1.988487,1.593557,1.435427,3.587249
1773775569.786315,246.664825,535.009766,779.181213,781.674561,77.003906,31.555948,2,3.50083,1.572372,1.997952,2.727781,0.387849,2.544708,136.195267,1.988487,1.593557,1.435427,3.587249
1773775570.558051,234.960815,523.026672,771.70105,757.987488,77.750313,30.99798,2,3.658255,1.59989,3.386049,2.823079,0.375911,2.587023,207.607773,1.988487,1.593557,1.435427,3.587249
1773775571.324802,239.216797,532.484253,766.714294,771.70105,78.256004,30.998634,2,3.777357,1.599857,3.980171,2.896154,0.382713,2.586972,210.144333,1.988487,1.593557,1.435427,3.587249
1773775572.105279,239.216797,541.21106,780.427856,780.427856,76.880905,30.652008,2,3.794153,1.617455,2.626258,2.961062,0.386922,2.614371,149.532669,1.988487,1.593557,1.435427,3.587249
1773775572.891977,233.896805,546.531067,786.661377,780.427856,76.271698,29.970329,2,3.620855,1.653251,1.615983,2.848387,0.38669,2.670916,139.770798,1.988487,1.593557,1.435427,3.587249
1773775573.659975,240.280807,535.160278,767.960999,775.441101,78.128967,30.98634,2,3.725207,1.600474,3.948337,2.860813,0.384563,2.587929,174.420334,1.988487,1.593557,1.435427,3.587249
1773775574.450412,225.384796,547.562988,790.401428,772.947754,75.910797,29.159126,2,3.731868,1.69803,1.421161,2.949674,0.38271,2.743181,147.169556,1.988487,1.593557,1.435427,3.587249
1773775575.214682,227.512787,539.201538,764.220947,766.714294,78.51133,29.673737,2,3.761905,1.669339,1.131792,2.874927,0.379796,2.696683,166.524414,1.988487,1.593557,1.435427,3.587249
1773775575.972706,230.704803,531.022705,757.987488,761.727539,79.156982,30.287052,2,3.76798,1.636419,0.406993,2.856081,0.37753,2.644192,142.54837,1.988487,1.593557,1.435427,3.587249
1773775576.744444,222.192795,539.534729,771.70105,761.727539,77.750313,29.16959,2,3.874796,1.697436,2.005443,2.990184,0.377158,2.742212,157.823486,1.988487,1.593557,1.435427,3.587249
1773775577.516181,226.448807,550.239014,771.70105,776.687805,77.750313,29.155704,2,3.859068,1.698224,1.355621,2.978047,0.384561,2.743498,164.658661,1.988487,1.593557,1.435427,3.587249
1773775578.275451,228.576797,533.150757,759.234192,761.727539,79.027,30.007685,2,3.908368,1.651247,1.728154,2.967367,0.377437,2.667722,151.256989,1.988487,1.593557,1.435427,3.587249
1773775579.044708,229.640793,540.813538,769.207703,770.454346,78.002342,29.805893,2,3.859107,1.662131,1.6791,2.968455,0.381693,2.685111,127.584419,1.988487,1.593557,1.435427,3.587249
1773775579.825172,224.320801,549.873657,780.427856,774.194458,76.880905,28.974735,2,3.835133,1.708558,1.473189,2.993044,0.383265,2.760419,168.300949,1.988487,1.593557,1.435427,3.587249
1773775580.58943,229.640793,540.813538,764.220947,770.454346,78.51133,29.805893,2,3.858196,1.662131,3.764861,2.948515,0.381693,2.685111,178.130966,1.988487,1.593557,1.435427,3.587249
1773775581.369893,232.832794,551.335205,780.427856,784.16803,76.880905,29.691696,2,3.796788,1.668356,1.865954,2.963119,0.388448,2.695102,174.027237,1.988487,1.593557,1.435427,3.587249
1773775582.14289,245.600784,542.307312,772.947754,787.908081,77.624908,31.171247,2,3.716798,1.591239,1.652333,2.872891,0.39081,2.573652,174.80986,1.988487,1.593557,1.435427,3.587249
1773775582.947042,231.768814,556.139282,804.11499,787.908081,74.616196,29.415718,2,3.374584,1.683599,-1.413302,2.713553,0.390206,2.719706,109.073853,1.988487,1.593557,1.435427,3.587249
1773775583.707559,236.024811,529.442871,760.480896,765.467651,78.897446,30.834066,2,3.64103,1.608162,0.94905,2.768934,0.379566,2.599871,137.692932,1.988487,1.593557,1.435427,3.587249
1773775584.489271,228.576797,544.370972,781.674561,772.947754,76.758286,29.572088,2,3.703081,1.674927,2.005259,2.894604,0.382849,2.705684,147.592957,1.988487,1.593557,1.435427,3.587249
1773775585.256033,238.152802,539.781738,766.714294,777.934509,78.256004,30.613476,2,3.802462,1.619436,2.91067,2.915402,0.385673,2.617472,112.671356,1.988487,1.593557,1.435427,3.587249
1773775586.031511,243.472794,538.201782,775.441101,781.674561,77.375313,31.147591,2,3.739234,1.592414,3.964713,2.899556,0.38771,2.575465,119.511757,1.988487,1.593557,1.435427,3.587249
1773775586.805742,239.216797,529.990906,774.194458,769.207703,77.499908,31.099117,2,3.664981,1.594828,3.371582,2.837408,0.38151,2.579192,161.206772,1.988487,1.593557,1.435427,3.587249
1773775587.578726,237.088791,533.36554,772.947754,770.454346,77.624908,30.772594,2,3.735849,1.611288,2.870245,2.887616,0.382018,2.60474,148.926453,1.988487,1.593557,1.435427,3.587249
1773775588.357956,230.704803,540.996216,779.181213,771.70105,77.003906,29.895618,2,3.758783,1.657273,2.310894,2.928773,0.382341,2.677337,137.636917,1.988487,1.593557,1.435427,3.587249
1773775589.133433,225.384796,543.822876,775.441101,769.207703,77.375313,29.300901,2,3.821487,1.690025,1.616644,2.963338,0.380906,2.730137,153.918686,1.988487,1.593557,1.435427,3.587249
1773775589.895197,227.512787,536.70813,761.727539,764.220947,78.768318,29.77055,2,3.525877,1.664052,6.314067,2.685758,0.378593,2.688191,155.328445,1.988487,1.593557,1.435427,3.587249
1773775590.671922,225.384796,548.809692,776.687805,774.194458,77.251114,29.112169,2,3.544726,1.700698,1.584553,2.753145,0.383311,2.747541,133.108597,1.988487,1.593557,1.435427,3.587249
1773775591.439919,227.512787,542.941528,767.960999,770.454346,78.128967,29.52969,2,4.000417,1.677269,1.840435,3.072164,0.3816,2.709465,150.542908,1.988487,1.593557,1.435427,3.587249
1773775592.219149,224.320801,551.1203,779.181213,775.441101,77.003906,28.928154,2,3.772765,1.711239,0.83251,2.939667,0.383866,2.764823,149.99913,1.988487,1.593557,1.435427,3.587249
1773775592.99712,223.256805,553.43103,777.934509,776.687805,77.127312,28.74473,2,3.780006,1.72188,0.505432,2.940597,0.384421,2.782366,172.138626,1.988487,1.593557,1.435427,3.587249
1773775593.758884,229.640793,539.566895,761.727539,769.207703,78.768318,29.854198,2,3.770789,1.659512,1.515781,2.872314,0.381092,2.680918,136.615723,1.988487,1.593557,1.435427,3.587249
1773775594.518155,244.536804,532.151001,759.234192,776.687805,79.027,31.484568,2,3.693809,1.575838,4.916939,2.804466,0.38535,2.550002,172.810165,1.988487,1.593557,1.435427,3.587249
1773775595.279931,247.728806,517.738831,761.727539,765.467651,78.768318,32.363068,2,3.156879,1.534247,6.705216,2.404682,0.380077,2.487142,161.575806,1.988487,1.593557,1.435427,3.587249
1773775596.066628,236.024811,536.922974,786.661377,772.947754,76.271698,30.535675,2,2.974693,1.623451,1.868524,2.340076,0.383175,2.623766,122.109489,1.988487,1.593557,1.435427,3.587249
1773775596.862053,222.192795,556.988403,795.388184,779.181213,75.434868,28.516191,2,3.593983,1.73533,-0.259609,2.858612,0.385578,2.804677,117.495361,1.988487,1.593557,1.435427,3.587249
1773775597.622571,225.384796,538.836182,760.480896,764.220947,78.897446,29.492098,2,3.608446,1.679351,-0.174608,2.744154,0.3785,2.71283,118.067947,1.988487,1.593557,1.435427,3.587249
1773775598.396813,224.320801,548.626953,774.194458,772.947754,77.499908,29.021469,2,3.659452,1.705877,1.215985,2.833128,0.382664,2.75602,138.877472,1.988487,1.593557,1.435427,3.587249
1773775599.177278,222.192795,555.741699,780.427856,777.934509,76.880905,28.56189,2,3.65972,1.732623,0.015918,2.856148,0.384976,2.800175,162.749786,1.988487,1.593557,1.435427,3.587249
1773775599.935302,224.320801,536.160095,757.987488,760.480896,79.156982,29.497231,2,3.731958,1.679067,0.888907,2.828777,0.37665,2.71237,172.527878,1.988487,1.593557,1.435427,3.587249
1773775600.677119,224.320801,517.459717,741.780518,741.780518,80.886459,30.240858,2,3.830615,1.638852,3.366552,2.841476,0.367629,2.64804,140.006409,1.988487,1.593557,1.435427,3.587249
1773775601.43639,227.512787,535.461426,759.234192,762.974243,79.027,29.819197,2,3.787004,1.661409,1.542328,2.875223,0.377992,2.683954,160.825958,1.988487,1.593557,1.435427,3.587249
1773775602.193167,223.256805,528.497314,756.740784,751.754089,79.287384,29.698116,2,3.686815,1.668005,0.017423,2.789963,0.372393,2.694537,159.793396,1.988487,1.593557,1.435427,3.587249
1773775602.937478,228.576797,521.930603,744.273865,750.507385,80.615486,30.456301,2,3.718753,1.627568,1.122613,2.767771,0.372024,2.630236,153.249725,1.988487,1.593557,1.435427,3.587249
1773775603.680553,234.960815,515.54657,743.027161,750.507385,80.750748,31.306929,2,3.854901,1.584532,3.249203,2.864296,0.372303,2.563328,111.755867,1.988487,1.593557,1.435427,3.587249
1773775604.451044,227.512787,534.214722,770.454346,761.727539,77.876129,29.868,2,3.80173,1.658765,1.788334,2.92906,0.37739,2.679723,144.719116,1.988487,1.593557,1.435427,3.587249
1773775605.212808,228.576797,534.397461,761.727539,762.974243,78.768318,29.958651,2,3.780012,1.653878,1.999201,2.879339,0.378038,2.671916,154.962387,1.988487,1.593557,1.435427,3.587249
1773775605.974572,246.664825,536.25647,761.727539,782.921326,78.768318,31.505697,2,3.846706,1.574811,4.867701,2.930142,0.38845,2.548431,157.168137,1.988487,1.593557,1.435427,3.587249
1773775606.760023,231.768814,536.1922,785.414673,767.960999,76.392769,30.179764,2,3.704602,1.642081,2.417888,2.909649,0.380583,2.653155,138.195908,1.988487,1.593557,1.435427,3.587249
1773775607.536759,229.640793,544.55365,776.687805,774.194458,77.251114,29.6619,2,3.643585,1.669988,1.133004,2.829928,0.383497,2.697726,153.733414,1.988487,1.593557,1.435427,3.587249
1773775608.312237,224.320801,544.886902,775.441101,769.207703,77.375313,29.16258,2,3.492497,1.697834,-0.136679,2.708226,0.380859,2.742861,118.20105,1.988487,1.593557,1.435427,3.587249
1773775609.081481,224.320801,544.886902,769.207703,769.207703,78.002342,29.16258,2,3.630497,1.697834,0.003838,2.792606,0.380859,2.742861,129.808395,1.988487,1.593557,1.435427,3.587249
1773775609.853219,214.744797,545.736084,771.70105,760.480896,77.750313,28.238026,2,3.68814,1.751994,-0.171561,2.846142,0.376231,2.832534,118.194153,1.988487,1.593557,1.435427,3.587249
1773775610.613748,225.384796,547.562988,760.480896,772.947754,78.897446,29.159126,2,3.638808,1.69803,-0.674587,2.767244,0.38271,2.743181,105.81636,1.988487,1.593557,1.435427,3.587249
1773775611.376759,224.320801,537.406738,762.974243,761.727539,78.63961,29.448956,2,3.601662,1.681748,-0.563077,2.747975,0.377251,2.716707,138.323669,1.988487,1.593557,1.435427,3.587249
1773775612.149743,225.384796,548.809692,772.947754,774.194458,77.624908,29.112169,2,3.564435,1.700698,0.819365,2.755122,0.383311,2.747541,151.757889,1.988487,1.593557,1.435427,3.587249
1773775612.922728,223.256805,547.19751,772.947754,770.454346,77.624908,28.977293,2,3.59781,1.708411,-0.233796,2.780919,0.381414,2.760178,131.468384,1.988487,1.593557,1.435427,3.587249
1773775613.698205,224.320801,552.367004,775.441101,776.687805,77.375313,28.88172,2,3.592833,1.71392,-0.324488,2.78603,0.384468,2.769234,131.520477,1.988487,1.593557,1.435427,3.587249
1773775614.461228,231.768814,539.932251,762.974243,771.70105,78.63961,30.033497,2,3.837154,1.649866,1.081893,2.927649,0.382387,2.665521,179.016556,1.988487,1.593557,1.435427,3.587249
1773775615.245432,238.152802,553.495361,784.16803,791.648132,76.514214,30.083164,2,3.715726,1.647214,1.223732,2.913754,0.392289,2.661303,150.579605,1.988487,1.593557,1.435427,3.587249
1773775616.018417,243.472794,535.708435,772.947754,779.181213,77.624908,31.247261,2,3.605607,1.587474,2.580545,2.786946,0.386507,2.567852,127.597557,1.988487,1.593557,1.435427,3.587249
1773775616.810101,230.704803,545.983032,791.648132,776.687805,75.791245,29.703674,2,3.625615,1.667701,1.231516,2.870212,0.384747,2.694049,146.155594,1.988487,1.593557,1.435427,3.587249
1773775617.581851,225.384796,540.082886,771.70105,765.467651,77.750313,29.444065,2,3.627546,1.68202,-1.298634,2.799381,0.379102,2.717148,114.418671,1.988487,1.593557,1.435427,3.587249
1773775618.349848,225.384796,542.576172,767.960999,767.960999,78.128967,29.348469,2,3.582616,1.687356,-0.941375,2.751309,0.380304,2.725801,121.376007,1.988487,1.593557,1.435427,3.587249
1773775619.112859,228.576797,538.137512,762.974243,766.714294,78.63961,29.812511,2,3.611649,1.661772,1.427807,2.755595,0.379842,2.684535,116.49604,1.988487,1.593557,1.435427,3.587249
1773775619.882103,224.320801,539.900146,769.207703,764.220947,78.002342,29.352873,2,3.771818,1.68711,0.874221,2.901311,0.378454,2.725401,153.110306,1.988487,1.593557,1.435427,3.587249
1773775620.663826,229.640793,558.267273,781.674561,787.908081,76.758286,29.145632,2,3.870212,1.698796,-1.221014,3.025246,0.390113,2.744432,122.772263,1.988487,1.593557,1.435427,3.587249
1773775621.448031,232.832794,555.075317,784.16803,787.908081,76.514214,29.550755,2,3.773174,1.676105,-0.52456,2.958803,0.390252,2.707585,124.345047,1.988487,1.593557,1.435427,3.587249
1773775622.222262,229.640793,540.813538,774.194458,770.454346,77.499908,29.805893,2,3.814726,1.662131,1.179304,2.95334,0.381693,2.685111,144.427353,1.988487,1.593557,1.435427,3.587249
1773775623.001479,238.152802,551.001953,779.181213,789.154724,77.003906,30.178213,2,3.739642,1.642163,2.577094,2.913859,0.391086,2.653285,149.945984,1.988487,1.593557,1.435427,3.587249
1773775623.781955,234.960815,541.72699,780.427856,776.687805,76.880905,30.251642,2,3.621022,1.638283,1.421602,2.825946,0.384932,2.64714,127.812111,1.988487,1.593557,1.435427,3.587249
1773775624.57364,227.512787,555.408569,791.648132,782.921326,75.791245,29.059469,2,3.644541,1.703703,-0.605705,2.885194,0.387614,2.752459,130.410126,1.988487,1.593557,1.435427,3.587249
1773775625.345378,224.320801,543.640198,771.70105,767.960999,77.750313,29.209921,2,3.766462,1.695153,0.159886,2.906583,0.380258,2.738487,151.939713,1.988487,1.593557,1.435427,3.587249
1773775626.114622,236.024811,546.896484,769.207703,782.921326,78.002342,30.146683,2,3.766914,1.643835,1.101611,2.897539,0.387986,2.655937,148.546768,1.988487,1.593557,1.435427,3.587249
1773775626.896346,239.216797,546.197876,781.674561,785.414673,76.758286,30.45739,2,3.55529,1.627511,0.064458,2.77908,0.389328,2.630147,117.459915,1.988487,1.593557,1.435427,3.587249
1773775627.675563,225.384796,537.589478,779.181213,762.974243,77.003906,29.540289,2,3.520607,1.676683,-0.552282,2.743191,0.377899,2.708519,105.795006,1.988487,1.593557,1.435427,3.587249
1773775628.453534,229.640793,553.280518,777.934509,782.921326,77.127312,29.331272,2,3.69402,1.68832,-0.325333,2.873706,0.387707,2.727367,126.902679,1.988487,1.593557,1.435427,3.587249
1773775629.238985,221.128799,554.312317,785.414673,775.441101,76.392769,28.51652,2,3.751597,1.73531,0.874294,2.946559,0.383727,2.804645,148.887039,1.988487,1.593557,1.435427,3.587249
1773775630.029436,233.896805,571.464905,790.401428,805.361694,75.910797,29.042456,2,3.674097,1.704676,-0.087001,2.904011,0.398718,2.754052,118.391922,1.988487,1.593557,1.435427,3.587249
1773775630.804913,240.280807,542.640503,775.441101,782.921326,77.375313,30.690289,2,3.681356,1.615492,1.780329,2.854675,0.388172,2.611302,107.232803,1.988487,1.593557,1.435427,3.587249
1773775631.585377,230.704803,538.50293,780.427856,769.207703,76.880905,29.992523,2,3.668219,1.65206,0.713876,2.86278,0.381138,2.669016,127.913948,1.988487,1.593557,1.435427,3.587249
1773775632.368335,229.640793,552.033752,782.921326,781.674561,76.636055,29.378056,2,3.680678,1.685701,-0.871575,2.881682,0.387106,2.723114,113.576202,1.988487,1.593557,1.435427,3.587249
1773775633.162525,227.512787,564.135376,794.141479,791.648132,75.553291,28.73913,2,3.502874,1.722207,-1.130322,2.781777,0.391824,2.782907,114.857071,1.988487,1.593557,1.435427,3.587249
1773775633.94299,220.064789,551.63623,780.427856,771.70105,76.880905,28.516844,2,3.608276,1.735291,-0.700436,2.816,0.381876,2.804613,103.260498,1.988487,1.593557,1.435427,3.587249
1773775634.709741,221.128799,546.832214,766.714294,767.960999,78.256004,28.794273,2,3.865528,1.718992,-1.15797,2.963755,0.380119,2.777596,129.653381,1.988487,1.593557,1.435427,3.587249
1773775635.488958,221.128799,558.052429,779.181213,779.181213,77.003906,28.379637,2,3.736785,1.743469,-0.564178,2.911633,0.385531,2.818255,104.936302,1.988487,1.593557,1.435427,3.587249
1773775636.274421,220.064789,564.103271,785.414673,784.16803,76.392769,28.063473,2,3.68106,1.762619,-0.599537,2.891158,0.38789,2.85042,123.444031,1.988487,1.593557,1.435427,3.587249
1773775637.054886,215.808792,559.632324,780.427856,775.441101,76.880905,27.830454,2,3.8504,1.777012,-0.213859,3.00496,0.383495,2.874798,120.399796,1.988487,1.593557,1.435427,3.587249
1773775637.832857,215.808792,562.125732,777.934509,777.934509,77.127312,27.741253,2,3.827352,1.782586,-0.65979,2.977429,0.384698,2.884286,116.03656,1.988487,1.593557,1.435427,3.587249
1773775638.600854,221.128799,553.065674,767.960999,774.194458,78.128967,28.562435,2,4.001045,1.732591,0.113659,3.072646,0.383126,2.800122,101.422493,1.988487,1.593557,1.435427,3.587249
1773775639.382577,225.384796,561.276611,781.674561,786.661377,76.758286,28.650803,2,4.002122,1.727381,-0.600638,3.128357,0.389326,2.791474,130.259888,1.988487,1.593557,1.435427,3.587249
1773775640.169275,227.512787,561.641968,786.661377,789.154724,76.271698,28.829935,2,3.722443,1.71692,0.418155,2.928302,0.390621,2.774178,137.013474,1.988487,1.593557,1.435427,3.587249
1773775640.963453,230.704803,567.176758,794.141479,797.881592,75.553291,28.914665,2,3.552396,1.712017,-1.114901,2.821105,0.39497,2.766103,121.360672,1.988487,1.593557,1.435427,3.587249
1773775641.748916,230.704803,554.709839,785.414673,785.414673,76.392769,29.373631,2,3.656415,1.685948,2.459415,2.871802,0.388956,2.723516,167.821884,1.988487,1.593557,1.435427,3.587249
1773775642.534367,243.472794,556.902161,785.414673,800.374939,76.392769,30.419842,2,3.646303,1.629466,4.502804,2.86386,0.396731,2.633223,153.972427,1.988487,1.593557,1.435427,3.587249
1773775643.328545,231.768814,548.659058,794.141479,780.427856,75.553291,29.69766,2,3.620049,1.668029,0.5257,2.874831,0.386597,2.694577,148.495041,1.988487,1.593557,1.435427,3.587249
1773775644.09031,245.600784,532.33374,761.727539,777.934509,78.768318,31.570881,2,3.675376,1.571649,1.801735,2.799635,0.385998,2.543605,118.988335,1.988487,1.593557,1.435427,3.587249
1773775644.863305,213.680801,521.866272,772.947754,735.547058,77.624908,29.050594,2,3.704156,1.70421,-2.186274,2.863119,0.364157,2.753289,109.879395,1.988487,1.593557,1.435427,3.587249
1773775645.627563,217.936798,551.270874,764.220947,769.207703,78.51133,28.332632,2,3.791199,1.746289,-0.25054,2.897314,0.380581,2.822972,111.259094,1.988487,1.593557,1.435427,3.587249
1773775646.396807,214.744797,550.722839,769.207703,765.467651,78.002342,28.054064,2,3.886329,1.763196,-0.394912,2.989394,0.378637,2.851393,133.208832,1.988487,1.593557,1.435427,3.587249
1773775647.159818,210.4888,547.498657,762.974243,757.987488,78.63961,27.769428,2,3.88377,1.780821,-0.219073,2.963217,0.374843,2.88128,129.064178,1.988487,1.593557,1.435427,3.587249
1773775647.920336,209.424805,549.809387,760.480896,759.234192,78.897446,27.583689,2,3.948577,1.792519,-0.76168,3.002817,0.375398,2.901261,129.732956,1.988487,1.593557,1.435427,3.587249
1773775648.685851,201.976791,554.763977,765.467651,756.740784,78.383453,26.690355,2,3.988714,1.851053,-1.437058,3.053231,0.37387,3.002995,111.866531,1.988487,1.593557,1.435427,3.587249
1773775649.445122,210.4888,558.718872,759.234192,769.207703,79.027,27.364365,2,4.21765,1.806536,1.177101,3.202184,0.380256,2.925358,174.089417,1.988487,1.593557,1.435427,3.587249
1773775650.221847,217.936798,567.477905,776.687805,785.414673,77.251114,27.747992,2,3.7076,1.782163,4.507358,2.879648,0.388399,2.883566,130.783966,1.988487,1.593557,1.435427,3.587249
1773775650.999818,216.872803,559.815002,777.934509,776.687805,77.127312,27.922777,2,3.536317,1.771281,0.737412,2.751023,0.384143,2.865069,162.667343,1.988487,1.593557,1.435427,3.587249
1773775651.775307,224.320801,559.847229,775.441101,784.16803,77.375313,28.606215,2,3.54398,1.730006,3.80749,2.748147,0.388076,2.795828,121.637444,1.988487,1.593557,1.435427,3.587249
1773775652.557018,219.000793,556.440308,781.674561,775.441101,76.758286,28.242094,2,3.404804,1.751748,0.406002,2.661448,0.383634,2.832121,158.301651,1.988487,1.593557,1.435427,3.587249
1773775653.326262,221.128799,550.572266,769.207703,771.70105,78.002342,28.654724,2,3.951211,1.727151,1.298635,3.039302,0.381923,2.791092,122.77076,1.988487,1.593557,1.435427,3.587249
1773775654.106727,220.064789,559.116455,780.427856,779.181213,76.880905,28.243082,2,4.029053,1.751688,1.272493,3.144385,0.385485,2.832021,127.059746,1.988487,1.593557,1.435427,3.587249
1773775654.900916,219.000793,573.894043,794.141479,792.894836,75.553291,27.620407,2,3.822598,1.790194,1.108403,3.035683,0.392054,2.89728,157.984116,1.988487,1.593557,1.435427,3.587249
1773775655.685121,214.744797,564.436401,784.16803,779.181213,76.514214,27.560314,2,3.807033,1.794002,-0.532858,2.985353,0.385253,2.903803,129.03244,1.988487,1.593557,1.435427,3.587249
1773775656.453119,215.808792,553.398926,767.960999,769.207703,78.128967,28.055984,2,3.963943,1.763078,0.478849,3.044154,0.380488,2.851194,116.219658,1.988487,1.593557,1.435427,3.587249
1773775657.233583,214.744797,564.436401,780.427856,779.181213,76.880905,27.560314,2,4.095675,1.794002,0.470771,3.196379,0.385253,2.903803,146.780853,1.988487,1.593557,1.435427,3.587249
1773775658.019047,215.808792,570.8526,785.414673,786.661377,76.392769,27.433506,2,4.084231,1.802093,0.748574,3.207815,0.388907,2.917702,132.451996,1.988487,1.593557,1.435427,3.587249
1773775658.813224,214.744797,578.150024,794.141479,792.894836,75.553291,27.083641,2,3.883363,1.824808,-0.403246,3.08394,0.391868,2.95702,122.882935,1.988487,1.593557,1.435427,3.587249
1773775659.591195,221.128799,564.285889,777.934509,785.414673,77.127312,28.1544,2,3.962793,1.757068,0.571891,3.082793,0.388538,2.841063,120.010384,1.988487,1.593557,1.435427,3.587249
1773775660.38662,219.000793,573.894043,795.388184,792.894836,75.434868,27.620407,2,3.788787,1.790194,0.416466,3.013556,0.392054,2.89728,160.785324,1.988487,1.593557,1.435427,3.587249
1773775661.167097,222.192795,561.97522,780.427856,784.16803,76.880905,28.334845,2,3.658301,1.746156,-0.936308,2.85504,0.387983,2.822749,115.266251,1.988487,1.593557,1.435427,3.587249
1773775661.935095,246.664825,549.970093,767.960999,796.634888,78.128967,30.963346,2,3.726058,1.60163,3.048874,2.861468,0.395066,2.589722,143.164108,1.988487,1.593557,1.435427,3.587249
1773775662.705585,243.472794,523.241516,770.454346,766.714294,77.876129,31.755348,2,3.472901,1.562773,0.197411,2.675712,0.380493,2.530098,110.48867,1.988487,1.593557,1.435427,3.587249
1773775663.524709,212.616806,570.304504,819.075317,782.921326,73.253334,27.156853,2,3.038992,1.820006,-2.444212,2.489163,0.386964,2.948672,94.213928,1.988487,1.593557,1.435427,3.587249
1773775664.3139,247.728806,582.56665,789.154724,830.295471,76.030716,29.836222,2,3.06727,1.660486,0.553348,2.420551,0.41135,2.682476,116.371361,1.988487,1.593557,1.435427,3.587249
1773775665.093118,251.984802,532.183228,779.181213,784.16803,77.003906,32.134033,2,3.068174,1.544871,-0.50958,2.390664,0.389284,2.503059,93.522842,1.988487,1.593557,1.435427,3.587249
1773775665.882309,231.768814,533.698853,789.154724,765.467651,76.030716,30.278069,2,3.257808,1.636891,-0.97857,2.570915,0.37938,2.644939,97.711723,1.988487,1.593557,1.435427,3.587249
1773775666.651565,231.768814,537.438904,769.207703,769.207703,78.002342,30.130848,2,3.464016,1.644676,0.985327,2.664548,0.381185,2.657271,106.2248,1.988487,1.593557,1.435427,3.587249
1773775667.434523,219.000793,548.960205,782.921326,767.960999,76.636055,28.517178,2,3.624874,1.735271,0.152212,2.837991,0.380026,2.80458,138.924332,1.988487,1.593557,1.435427,3.587249
1773775668.207507,226.448807,555.225769,772.947754,781.674561,77.624908,28.969706,2,3.773511,1.708847,1.689197,2.916727,0.386966,2.760894,160.391281,1.988487,1.593557,1.435427,3.587249
1773775668.963038,236.024811,530.689453,755.494141,766.714294,79.418221,30.783934,2,3.855062,1.61071,3.587333,2.912477,0.380168,2.60384,152.597549,1.988487,1.593557,1.435427,3.587249
1773775669.739774,237.088791,540.845703,776.687805,777.934509,77.251114,30.476704,2,3.669816,1.626507,1.596229,2.850301,0.385627,2.628568,161.59407,1.988487,1.593557,1.435427,3.587249
1773775670.509018,250.920792,534.493896,769.207703,785.414673,78.002342,31.947556,2,3.50613,1.553634,1.664964,2.696942,0.389839,2.51626,116.305992,1.988487,1.593557,1.435427,3.587249
1773775671.295716,229.640793,532.086731,786.661377,761.727539,76.271698,30.147367,2,3.382462,1.643799,-0.378609,2.660852,0.377483,2.655879,118.489471,1.988487,1.593557,1.435427,3.587249
1773775672.05374,234.960815,529.260132,757.987488,764.220947,79.156982,30.745142,2,3.630883,1.612687,1.373429,2.752164,0.378918,2.606923,137.438293,1.988487,1.593557,1.435427,3.587249
1773775672.814258,233.896805,525.337402,760.480896,759.234192,78.897446,30.806938,2,3.792333,1.60954,2.621742,2.883997,0.376466,2.602016,168.788559,1.988487,1.593557,1.435427,3.587249
1773775673.586007,230.704803,537.256226,771.70105,767.960999,77.750313,30.041214,2,3.659143,1.649453,1.583745,2.823764,0.380537,2.664865,111.340675,1.988487,1.593557,1.435427,3.587249
1773775674.347771,239.216797,532.484253,761.727539,771.70105,78.768318,30.998634,2,3.770581,1.599857,2.39549,2.872155,0.382713,2.586972,137.269379,1.988487,1.593557,1.435427,3.587249
1773775675.130729,241.344788,544.069885,782.921326,785.414673,76.636055,30.728329,2,3.614059,1.613546,2.892679,2.829524,0.389421,2.608263,165.388412,1.988487,1.593557,1.435427,3.587249
1773775675.911194,241.344788,539.083069,780.427856,780.427856,76.880905,30.924675,2,3.551528,1.603578,1.816532,2.771711,0.387015,2.592745,125.855797,1.988487,1.593557,1.435427,3.587249
1773775676.696656,238.152802,543.521729,785.414673,781.674561,76.392769,30.467001,2,3.532202,1.627011,0.548649,2.774243,0.387477,2.629361,108.771255,1.988487,1.593557,1.435427,3.587249
1773775677.487094,241.344788,552.796692,790.401428,794.141479,75.910797,30.390654,2,3.491954,1.630989,1.393293,2.760046,0.393631,2.635623,107.727364,1.988487,1.593557,1.435427,3.587249
1773775678.263819,228.576797,533.150757,776.687805,761.727539,77.251114,30.007685,2,3.542766,1.651247,0.518614,2.751623,0.377437,2.667722,114.470901,1.988487,1.593557,1.435427,3.587249
1773775679.025583,233.896805,534.064209,761.727539,767.960999,78.768318,30.45686,2,3.605099,1.627539,2.352531,2.746103,0.380676,2.63019,105.949348,1.988487,1.593557,1.435427,3.587249
1773775679.809799,224.320801,548.626953,784.16803,772.947754,76.514214,29.021469,2,3.59571,1.705877,-0.774605,2.819641,0.382664,2.75602,112.101593,1.988487,1.593557,1.435427,3.587249
1773775680.575303,224.320801,541.146851,765.467651,765.467651,78.383453,29.305065,2,3.579404,1.689791,0.672863,2.739918,0.379055,2.729757,148.549271,1.988487,1.593557,1.435427,3.587249
1773775681.343301,229.640793,544.55365,767.960999,774.194458,78.128967,29.6619,2,3.69099,1.669988,1.285858,2.834536,0.383497,2.697726,135.193527,1.988487,1.593557,1.435427,3.587249
1773775682.117532,230.704803,544.736328,774.194458,775.441101,77.499908,29.751429,2,3.607001,1.665094,1.868744,2.79252,0.384145,2.689862,138.578568,1.988487,1.593557,1.435427,3.587249
1773775682.88927,229.640793,540.813538,771.70105,770.454346,77.750313,29.805893,2,3.484127,1.662131,0.789514,2.688704,0.381693,2.685111,132.552872,1.988487,1.593557,1.435427,3.587249
1773775683.643565,241.344788,526.616211,754.247437,767.960999,79.549492,31.426699,2,3.616283,1.57866,3.45739,2.727572,0.381001,2.554319,115.798576,1.988487,1.593557,1.435427,3.587249
1773775684.434003,227.512787,546.681641,790.401428,774.194458,75.910797,29.387033,2,3.660544,1.685199,0.570459,2.893299,0.383404,2.722301,121.596474,1.988487,1.593557,1.435427,3.587249
1773775685.218208,226.448807,556.472534,784.16803,782.921326,76.514214,28.923571,2,3.540633,1.711503,-0.090746,2.776451,0.387568,2.765258,104.79023,1.988487,1.593557,1.435427,3.587249
1773775685.986205,222.192795,540.781433,767.960999,762.974243,78.128967,29.121927,2,3.558674,1.700143,-0.8874,2.732923,0.377759,2.746633,126.738129,1.988487,1.593557,1.435427,3.587249
1773775686.754214,229.640793,547.046997,767.960999,776.687805,78.128967,29.566679,2,3.671924,1.675225,2.337844,2.819894,0.3847,2.706166,135.784134,1.988487,1.593557,1.435427,3.587249
1773775687.527199,228.576797,543.124268,772.947754,771.70105,77.624908,29.619864,2,3.728334,1.672296,0.957165,2.881807,0.382248,2.701443,141.412781,1.988487,1.593557,1.435427,3.587249
1773775688.292703,228.576797,536.890869,765.467651,765.467651,78.383453,29.861065,2,3.733152,1.659141,0.090417,2.857607,0.379241,2.680323,123.15963,1.988487,1.593557,1.435427,3.587249
1773775689.065687,237.088791,545.83252,772.947754,782.921326,77.624908,30.282581,2,3.669718,1.636654,2.158113,2.8365,0.388032,2.644563,146.253769,1.988487,1.593557,1.435427,3.587249
1773775689.834944,244.536804,533.397705,769.207703,777.934509,78.002342,31.434113,2,3.544394,1.578298,1.375962,2.726376,0.385952,2.553765,122.690819,1.988487,1.593557,1.435427,3.587249
1773775690.610421,243.472794,530.72168,775.441101,774.194458,77.375313,31.448532,2,3.500535,1.577594,3.052619,2.714458,0.384101,2.552688,167.023026,1.988487,1.593557,1.435427,3.587249
1773775691.394626,231.768814,538.685547,784.16803,770.454346,76.514214,30.082094,2,3.416289,1.647271,-0.162014,2.678944,0.381786,2.661393,113.37149,1.988487,1.593557,1.435427,3.587249
1773775692.168857,232.832794,542.608276,774.194458,775.441101,77.499908,30.025852,2,3.493787,1.650275,1.174458,2.704871,0.384238,2.666172,116.191811,1.988487,1.593557,1.435427,3.587249
1773775692.955567,226.448807,552.732422,786.661377,779.181213,76.271698,29.062405,2,3.463717,1.703535,-0.008683,2.724772,0.385764,2.752184,107.799232,1.988487,1.593557,1.435427,3.587249
1773775693.731044,230.704803,549.723022,775.441101,780.427856,77.375313,29.561323,2,3.644405,1.675521,0.631226,2.826021,0.386551,2.706643,112.706818,1.988487,1.593557,1.435427,3.587249
1773775694.499041,223.256805,535.977417,767.960999,759.234192,78.128967,29.405525,2,3.844218,1.684167,0.228584,2.952209,0.376002,2.720627,133.946014,1.988487,1.593557,1.435427,3.587249
1773775695.247092,234.960815,526.766724,748.013916,761.727539,80.21241,30.845781,2,3.831479,1.607568,2.250163,2.865999,0.377716,2.598946,151.812195,1.988487,1.593557,1.435427,3.587249
1773775696.016336,229.640793,533.333435,769.207703,762.974243,78.002342,30.098104,2,3.837246,1.646418,1.148645,2.951639,0.378085,2.660038,149.173141,1.988487,1.593557,1.435427,3.587249
1773775696.793073,225.384796,546.316284,776.687805,771.70105,77.251114,29.206232,2,3.828101,1.695361,-0.485713,2.97324,0.382109,2.738827,131.428528,1.988487,1.593557,1.435427,3.587249
1773775697.56107,225.384796,542.576172,767.960999,767.960999,78.128967,29.348469,2,3.801456,1.687356,0.59348,2.91937,0.380304,2.725801,131.058502,1.988487,1.593557,1.435427,3.587249
1773775698.331561,226.448807,545.252258,770.454346,771.70105,77.876129,29.344112,2,3.818082,1.6876,0.777654,2.941658,0.382155,2.726198,127.794853,1.988487,1.593557,1.435427,3.587249
1773775699.099558,225.384796,541.329468,767.960999,766.714294,78.128967,29.396191,2,3.758231,1.684688,1.005632,2.886175,0.379703,2.721472,123.242928,1.988487,1.593557,1.435427,3.587249
1773775699.88127,223.256805,555.924438,781.674561,779.181213,76.758286,28.652746,2,3.835105,1.727267,0.487771,2.997804,0.385624,2.791285,179.880005,1.988487,1.593557,1.435427,3.587249
1773775700.64928,230.704803,545.983032,767.960999,776.687805,78.128967,29.703674,2,3.713916,1.667701,1.983559,2.852143,0.384747,2.694049,135.774231,1.988487,1.593557,1.435427,3.587249
1773775701.435977,226.448807,555.225769,786.661377,781.674561,76.271698,28.969706,2,3.510053,1.708847,-1.264083,2.761223,0.386966,2.760894,124.790802,1.988487,1.593557,1.435427,3.587249
1773775702.208961,243.472794,549.422058,772.947754,792.894836,77.624908,30.70682,2,3.605046,1.614646,3.257024,2.786512,0.393122,2.60998,153.022476,1.988487,1.593557,1.435427,3.587249
1773775702.991919,226.448807,536.525452,782.921326,762.974243,76.636055,29.679745,2,3.537092,1.66901,-0.083917,2.769265,0.377945,2.696154,127.357086,1.988487,1.593557,1.435427,3.587249
1773775703.771149,223.256805,552.184326,779.181213,775.441101,77.003906,28.790941,2,3.467915,1.719186,-1.308511,2.702134,0.38382,2.777916,105.974762,1.988487,1.593557,1.435427,3.587249
1773775704.532913,230.704803,539.749512,761.727539,770.454346,78.768318,29.943995,2,3.69973,1.654667,1.404895,2.818186,0.38174,2.673174,142.235626,1.988487,1.593557,1.435427,3.587249
1773775705.314624,231.768814,551.152527,781.674561,782.921326,76.758286,29.603079,2,3.768544,1.673219,0.948389,2.945775,0.3878,2.70293,152.022659,1.988487,1.593557,1.435427,3.587249
1773775706.085114,239.216797,539.964417,770.454346,779.181213,77.876129,30.701048,2,3.800915,1.614941,3.415092,2.928432,0.386321,2.610441,158.968918,1.988487,1.593557,1.435427,3.587249
1773775706.858111,241.344788,534.096313,772.947754,775.441101,77.624908,31.123549,2,3.802752,1.593611,3.702845,2.939328,0.38461,2.577312,132.252792,1.988487,1.593557,1.435427,3.587249
1773775707.643563,232.832794,542.608276,785.414673,775.441101,76.392769,30.025852,2,3.564053,1.650275,0.536789,2.799259,0.384238,2.666172,158.777115,1.988487,1.593557,1.435427,3.587249
1773775708.431507,231.768814,554.892578,787.908081,786.661377,76.151016,29.462334,2,3.385513,1.681004,0.924707,2.667473,0.389604,2.715503,125.314949,1.988487,1.593557,1.435427,3.587249
1773775709.211971,232.832794,548.841797,780.427856,781.674561,76.880905,29.786411,2,3.656798,1.66319,0.19877,2.853867,0.387245,2.686808,151.149521,1.988487,1.593557,1.435427,3.587249
1773775709.989954,229.640793,544.55365,777.934509,774.194458,77.127312,29.6619,2,3.752866,1.669988,0.887439,2.919484,0.383497,2.697726,146.614883,1.988487,1.593557,1.435427,3.587249
1773775710.782886,223.256805,562.157837,792.894836,785.414673,75.672081,28.425343,2,3.58182,1.740736,-1.487544,2.840007,0.388631,2.81369,108.146988,1.988487,1.593557,1.435427,3.587249
1773775711.550883,223.256805,544.704224,767.960999,767.960999,78.128967,29.071373,2,3.677256,1.703023,0.15269,2.823989,0.380212,2.751346,141.615585,1.988487,1.593557,1.435427,3.587249
1773775712.31888,220.064789,544.156128,767.960999,764.220947,78.128967,28.795963,2,3.747983,1.718894,-0.060491,2.878305,0.378268,2.777434,128.990906,1.988487,1.593557,1.435427,3.587249
1773775713.081903,223.256805,543.45752,762.974243,766.714294,78.63961,29.118645,2,3.870289,1.70033,1.820241,2.952931,0.37961,2.746939,135.802368,1.988487,1.593557,1.435427,3.587249
1773775713.867355,220.064789,561.609741,785.414673,781.674561,76.392769,28.152994,2,3.887431,1.757154,-0.459094,3.053245,0.386688,2.841207,121.064575,1.988487,1.593557,1.435427,3.587249
1773775714.636599,217.936798,548.777466,769.207703,766.714294,78.002342,28.424772,2,3.838206,1.74077,0.207288,2.952378,0.379378,2.813746,156.7668,1.988487,1.593557,1.435427,3.587249
1773775715.40709,215.808792,552.152222,770.454346,767.960999,77.876129,28.10153,2,3.696473,1.760292,-0.25098,2.847963,0.379886,2.846493,114.367783,1.988487,1.593557,1.435427,3.587249
1773775716.172606,222.192795,550.754944,765.467651,772.947754,78.383453,28.746161,2,3.894168,1.721796,0.391021,2.98086,0.382571,2.782228,142.802963,1.988487,1.593557,1.435427,3.587249
1773775716.944343,223.256805,549.690918,771.70105,772.947754,77.750313,28.883816,2,3.907149,1.713799,-0.381179,3.015151,0.382617,2.769035,133.753387,1.988487,1.593557,1.435427,3.587249
1773775717.719821,216.872803,551.088196,775.441101,767.960999,77.375313,28.240082,2,3.891195,1.751869,1.750955,3.017392,0.379933,2.832325,129.341843,1.988487,1.593557,1.435427,3.587249
1773775718.500286,221.128799,564.285889,780.427856,785.414673,76.880905,28.1544,2,3.928976,1.757068,0.28858,3.066282,0.388538,2.841063,111.782066,1.988487,1.593557,1.435427,3.587249
1773775719.272023,220.064789,550.389526,771.70105,770.454346,77.750313,28.56299,2,3.784345,1.732558,0.207215,2.920383,0.381275,2.800067,132.482101,1.988487,1.593557,1.435427,3.587249
1773775720.056239,227.512787,565.38208,784.16803,792.894836,76.514214,28.693941,2,3.754151,1.72485,0.702053,2.943885,0.392425,2.787281,165.899048,1.988487,1.593557,1.435427,3.587249
1773775720.840444,232.832794,557.568604,784.16803,790.401428,76.514214,29.457537,2,3.669654,1.68127,1.388556,2.877626,0.391455,2.715935,162.05455,1.988487,1.593557,1.435427,3.587249
1773775721.617168,247.728806,546.412659,776.687805,794.141479,77.251114,31.194544,2,3.564264,1.590083,4.587181,2.76832,0.393909,2.57187,159.836105,1.988487,1.593557,1.435427,3.587249
1773775722.408865,236.024811,541.909668,791.648132,777.934509,75.791245,30.339931,2,3.621156,1.633643,2.633161,2.866681,0.38558,2.639807,170.303192,1.988487,1.593557,1.435427,3.587249
1773775723.188082,238.152802,543.521729,779.181213,781.674561,77.003906,30.467001,2,3.566446,1.627011,0.514244,2.778908,0.387477,2.629361,148.392349,1.988487,1.593557,1.435427,3.587249
1773775723.961067,242.408798,535.525696,772.947754,777.934509,77.624908,31.160566,2,3.547323,1.591769,2.75319,2.741895,0.385859,2.57447,148.620651,1.988487,1.593557,1.435427,3.587249
1773775724.750258,238.152802,546.015259,789.154724,784.16803,76.030716,30.370125,2,3.388783,1.632062,0.933262,2.674274,0.38868,2.637314,121.369209,1.988487,1.593557,1.435427,3.587249
1773775725.535721,225.384796,545.06958,785.414673,770.454346,76.392769,29.253492,2,3.495508,1.692693,-1.080056,2.745423,0.381507,2.734479,122.406235,1.988487,1.593557,1.435427,3.587249
1773775726.304965,219.000793,542.726746,769.207703,761.727539,78.002342,28.750542,2,3.630077,1.721541,-0.244261,2.792283,0.377019,2.781806,104.813385,1.988487,1.593557,1.435427,3.587249
1773775727.058002,219.000793,533.999939,753.000732,753.000732,79.681198,29.083744,2,3.985841,1.702318,0.31509,3.001341,0.372809,2.75019,140.608017,1.988487,1.593557,1.435427,3.587249
1773775727.809793,212.616806,531.657043,751.754089,744.273865,79.813332,28.567013,2,4.10519,1.73232,2.669768,3.086093,0.36832,2.799672,103.91597,1.988487,1.593557,1.435427,3.587249
1773775728.574051,213.680801,551.786865,764.220947,765.467651,78.51133,27.915066,2,4.138512,1.771758,-0.618042,3.162737,0.378591,2.865879,133.264191,1.988487,1.593557,1.435427,3.587249
1773775729.33832,225.384796,552.549683,764.220947,777.934509,78.51133,28.972206,2,4.104724,1.708703,0.882262,3.136916,0.385116,2.760658,167.440048,1.988487,1.593557,1.435427,3.587249
1773775730.112551,239.216797,551.184631,774.194458,790.401428,77.499908,30.265226,2,3.939597,1.637568,2.905052,3.050014,0.391734,2.646008,111.078987,1.988487,1.593557,1.435427,3.587249
1773775730.896755,223.256805,542.210815,784.16803,765.467651,76.514214,29.166067,2,3.771214,1.697636,-0.802657,2.957266,0.379009,2.742538,122.580994,1.988487,1.593557,1.435427,3.587249
1773775731.658519,220.064789,537.922729,761.727539,757.987488,78.768318,29.032772,2,3.732337,1.70523,0.152322,2.843024,0.375261,2.754959,117.394691,1.988487,1.593557,1.435427,3.587249
1773775732.409063,228.576797,531.904114,750.507385,760.480896,79.945915,30.056875,2,3.800713,1.648616,1.934432,2.852463,0.376835,2.663533,135.524078,1.988487,1.593557,1.435427,3.587249
1773775733.165852,229.640793,528.34668,756.740784,757.987488,79.287384,30.29612,2,4.130563,1.635942,0.844516,3.125766,0.375679,2.643438,118.670799,1.988487,1.593557,1.435427,3.587249
1773775733.950057,221.128799,553.065674,784.16803,774.194458,76.514214,28.562435,2,4.095941,1.732591,-0.071175,3.211906,0.383126,2.800122,133.968536,1.988487,1.593557,1.435427,3.587249
1773775734.715561,222.192795,544.521484,765.467651,766.714294,78.383453,28.979868,2,4.076148,1.708263,-0.005635,3.120159,0.379564,2.759935,139.61676,1.988487,1.593557,1.435427,3.587249
1773775735.472338,230.704803,536.009521,756.740784,766.714294,79.287384,30.090061,2,4.023664,1.646846,2.630003,3.04487,0.379935,2.660718,168.409821,1.988487,1.593557,1.435427,3.587249
1773775736.214156,239.216797,512.537292,741.780518,751.754089,80.886459,31.82115,2,4.202528,1.559632,-1.486956,3.117354,0.37309,2.525333,132.201935,1.988487,1.593557,1.435427,3.587249
1773775736.999618,231.768814,544.919006,785.414673,776.687805,76.392769,29.840666,2,4.156558,1.660245,1.273558,3.264621,0.384793,2.68209,201.330002,1.988487,1.593557,1.435427,3.587249
1773775737.778836,230.704803,547.229736,779.181213,777.934509,77.003906,29.656071,2,3.997245,1.670307,2.031071,3.114578,0.385348,2.698241,146.788116,1.988487,1.593557,1.435427,3.587249
1773775738.5406,231.768814,531.205444,761.727539,762.974243,78.768318,30.377016,2,4.038958,1.631702,2.89378,3.076586,0.378178,2.636746,139.848526,1.988487,1.593557,1.435427,3.587249
1773775739.334778,224.320801,561.093872,794.141479,785.414673,75.553291,28.560812,2,3.871339,1.732687,1.43515,3.074391,0.388678,2.800281,135.539902,1.988487,1.593557,1.435427,3.587249
1773775740.107774,225.384796,548.809692,772.947754,774.194458,77.624908,29.112169,2,3.910919,1.700698,1.233352,3.022936,0.383311,2.747541,123.003227,1.988487,1.593557,1.435427,3.587249
1773775740.884499,226.448807,551.485718,776.687805,777.934509,77.251114,29.10898,2,3.947035,1.70088,1.230488,3.065614,0.385162,2.747838,118.631355,1.988487,1.593557,1.435427,3.587249
1773775741.661223,238.152802,552.248657,776.687805,790.401428,77.251114,30.130613,2,3.993255,1.644688,4.071083,3.101512,0.391687,2.657291,135.418411,1.988487,1.593557,1.435427,3.587249
1773775742.454155,232.832794,553.828613,792.894836,786.661377,75.672081,29.597589,2,3.838755,1.673522,0.246612,3.043729,0.389651,2.703418,116.400932,1.988487,1.593557,1.435427,3.587249
1773775743.227151,239.216797,541.21106,772.947754,780.427856,77.624908,30.652008,2,3.751086,1.617455,2.938318,2.899393,0.386922,2.614371,128.571915,1.988487,1.593557,1.435427,3.587249
1773775744.020082,228.576797,551.851074,792.894836,780.427856,75.672081,29.288652,2,3.723458,1.690713,1.294964,2.952311,0.386458,2.731257,127.171516,1.988487,1.593557,1.435427,3.587249
1773775744.798053,227.512787,549.175049,777.934509,776.687805,77.127312,29.292694,2,3.873346,1.690486,0.843892,3.01321,0.384607,2.730888,132.536911,1.988487,1.593557,1.435427,3.587249
1773775745.592231,227.512787,566.628662,794.141479,794.141479,75.553291,28.648897,2,3.837337,1.727494,-0.406771,3.047389,0.393027,2.79166,117.274689,1.988487,1.593557,1.435427,3.587249
1773775746.371461,222.192795,550.754944,779.181213,772.947754,77.003906,28.746161,2,3.827862,1.721796,0.399063,2.982598,0.382571,2.782228,146.378464,1.988487,1.593557,1.435427,3.587249
1773775747.140705,224.320801,547.380249,769.207703,771.70105,78.002342,29.068354,2,3.909559,1.703196,0.401339,3.007263,0.382062,2.751628,127.476265,1.988487,1.593557,1.435427,3.587249
1773775747.919922,227.512787,555.408569,779.181213,782.921326,77.003906,29.059469,2,3.895179,1.703703,1.93098,3.035051,0.387614,2.752459,132.076385,1.988487,1.593557,1.435427,3.587249
1773775748.707867,220.064789,559.116455,787.908081,779.181213,76.151016,28.243082,2,3.729984,1.751688,0.116927,2.938884,0.385485,2.832021,129.436478,1.988487,1.593557,1.435427,3.587249
1773775749.488344,223.256805,560.911255,780.427856,784.16803,76.880905,28.470531,2,3.668857,1.738043,0.546335,2.863278,0.38803,2.809197,152.885269,1.988487,1.593557,1.435427,3.587249
1773775750.263822,231.768814,553.645874,775.441101,785.414673,77.375313,29.5091,2,3.775983,1.678409,3.121097,2.928052,0.389003,2.711307,158.806976,1.988487,1.593557,1.435427,3.587249
1773775751.064232,214.744797,565.683044,800.374939,780.427856,74.964867,27.516291,2,3.745176,1.796802,-0.271101,2.997545,0.385854,2.908607,122.075485,1.988487,1.593557,1.435427,3.587249
1773775751.837229,231.768814,561.126038,772.947754,792.894836,77.624908,29.230713,2,3.840857,1.693978,1.170235,2.968782,0.392611,2.736572,133.585739,1.988487,1.593557,1.435427,3.587249
1773775752.627667,227.512787,557.901855,790.401428,785.414673,75.910797,28.96722,2,3.804862,1.70899,-0.212904,3.007369,0.388817,2.761128,120.628448,1.988487,1.593557,1.435427,3.587249
1773775753.389431,246.664825,537.503174,761.727539,784.16803,78.768318,31.455608,2,3.897515,1.577249,4.510295,2.968844,0.389052,2.55216,178.664719,1.988487,1.593557,1.435427,3.587249
1773775754.173636,234.960815,535.49353,784.16803,770.454346,76.514214,30.496397,2,3.714588,1.625485,2.053322,2.912862,0.381925,2.626962,129.772079,1.988487,1.593557,1.435427,3.587249
1773775754.971566,223.256805,560.911255,797.881592,784.16803,75.199127,28.470531,2,3.611288,1.738043,-1.027954,2.88138,0.38803,2.809197,129.330444,1.988487,1.593557,1.435427,3.587249
1773775755.747043,231.768814,553.645874,775.441101,785.414673,77.375313,29.5091,2,3.692108,1.678409,1.888535,2.863013,0.389003,2.711307,130.355148,1.988487,1.593557,1.435427,3.587249
1773775756.532495,232.832794,553.828613,785.414673,786.661377,76.392769,29.597589,2,3.833202,1.673522,1.881853,3.010653,0.389651,2.703418,158.694901,1.988487,1.593557,1.435427,3.587249
1773775757.3354,224.320801,568.574036,802.868286,792.894836,74.732056,28.291368,2,3.789121,1.748773,1.018519,3.042165,0.392286,2.827131,156.807083,1.988487,1.593557,1.435427,3.587249
1773775758.114629,228.576797,555.591248,779.181213,784.16803,77.003906,29.148956,2,3.873231,1.698607,1.302931,3.017949,0.388262,2.744123,159.096741,1.988487,1.593557,1.435427,3.587249
1773775758.910054,219.000793,565.167236,795.388184,784.16803,75.434868,27.92779,2,3.724404,1.770971,-0.947029,2.962347,0.387844,2.864544,123.712646,1.988487,1.593557,1.435427,3.587249
1773775759.685531,225.384796,557.536499,775.441101,782.921326,77.375313,28.78767,2,3.789359,1.719376,0.059611,2.938425,0.387521,2.778231,144.403366,1.988487,1.593557,1.435427,3.587249
1773775760.472241,222.192795,560.728516,786.661377,782.921326,76.271698,28.379965,2,3.762566,1.74345,-0.373726,2.959865,0.387382,2.818222,142.132767,1.988487,1.593557,1.435427,3.587249
1773775761.251459,228.576797,558.084595,779.181213,786.661377,77.003906,29.056566,2,3.702245,1.703869,0.088471,2.884719,0.389465,2.75273,117.766289,1.988487,1.593557,1.435427,3.587249
1773775762.041897,226.448807,561.45929,790.401428,787.908081,75.910797,28.740511,2,3.698763,1.722126,-0.787015,2.923508,0.389973,2.782774,113.953217,1.988487,1.593557,1.435427,3.587249
1773775762.818621,237.088791,552.065918,776.687805,789.154724,77.251114,30.043385,2,3.830935,1.649337,1.262285,2.975441,0.391039,2.66468,162.114914,1.988487,1.593557,1.435427,3.587249
1773775763.619045,233.896805,562.738098,800.374939,796.634888,74.964867,29.360601,2,3.697856,1.686677,0.851309,2.959671,0.394508,2.724699,139.379501,1.988487,1.593557,1.435427,3.587249
1773775764.398262,228.576797,544.370972,779.181213,772.947754,77.003906,29.572088,2,3.567342,1.674927,-0.381583,2.779606,0.382849,2.705684,116.263138,1.988487,1.593557,1.435427,3.587249
1773775765.18496,231.768814,558.632629,786.661377,790.401428,76.271698,29.322926,2,3.381454,1.688788,-0.504146,2.660059,0.391408,2.728127,113.570251,1.988487,1.593557,1.435427,3.587249
1773775765.957957,233.896805,541.544312,772.947754,775.441101,77.624908,30.163065,2,3.51088,1.642966,0.29339,2.713727,0.384284,2.654558,134.456284,1.988487,1.593557,1.435427,3.587249
1773775766.740915,233.896805,549.024536,782.921326,782.921326,76.636055,29.87488,2,3.428689,1.658394,0.676865,2.684394,0.387893,2.679128,101.309601,1.988487,1.593557,1.435427,3.587249
1773775767.527612,237.088791,553.312622,786.661377,790.401428,76.271698,29.995998,2,3.582675,1.651873,2.796296,2.818352,0.391641,2.66872,129.750961,1.988487,1.593557,1.435427,3.587249
1773775768.32179,227.512787,555.408569,794.141479,782.921326,75.553291,29.059469,2,3.638462,1.703703,1.02891,2.889453,0.387614,2.752459,137.661118,1.988487,1.593557,1.435427,3.587249
1773775769.10476,224.320801,554.860413,782.921326,779.181213,76.636055,28.789297,2,3.635124,1.719282,-0.590762,2.846016,0.385671,2.778075,113.297272,1.988487,1.593557,1.435427,3.587249
1773775769.871511,227.512787,542.941528,766.714294,770.454346,78.256004,29.52969,2,3.702796,1.677269,1.861621,2.838987,0.3816,2.709465,143.138306,1.988487,1.593557,1.435427,3.587249
1773775770.642002,232.832794,543.85498,770.454346,776.687805,77.876129,29.977655,2,3.88649,1.652858,2.273589,2.994363,0.384839,2.670288,138.700424,1.988487,1.593557,1.435427,3.587249
1773775771.419972,230.704803,544.736328,777.934509,775.441101,77.127312,29.751429,2,3.478229,1.665094,4.442625,2.705834,0.384145,2.689862,121.375877,1.988487,1.593557,1.435427,3.587249
1773775772.196709,219.000793,543.97345,776.687805,762.974243,77.251114,28.703564,2,3.397356,1.724287,0.703595,2.638685,0.37762,2.786348,125.884163,1.988487,1.593557,1.435427,3.587249
1773775772.977174,232.832794,563.802124,780.427856,796.634888,76.880905,29.227039,2,3.284457,1.694185,4.804143,2.563282,0.394462,2.73691,154.625534,1.988487,1.593557,1.435427,3.587249
1773775773.767612,237.088791,558.299377,790.401428,795.388184,75.910797,29.807934,2,3.150638,1.66202,0.954668,2.490269,0.394046,2.684933,123.115753,1.988487,1.593557,1.435427,3.587249
1773775774.563036,240.280807,558.847412,795.388184,799.128235,75.434868,30.067867,2,3.509414,1.64803,0.772771,2.791347,0.39599,2.6626,140.519241,1.988487,1.593557,1.435427,3.587249
1773775775.347253,242.408798,544.252563,784.16803,786.661377,76.514214,30.814886,2,3.395166,1.609136,-1.045028,2.662381,0.390069,2.601387,103.120682,1.988487,1.593557,1.435427,3.587249
1773775776.125224,248.792801,536.621887,777.934509,785.414673,77.127312,31.676617,2,3.437226,1.566549,3.008962,2.673937,0.389746,2.535835,137.093277,1.988487,1.593557,1.435427,3.587249
1773775776.910675,225.384796,532.602661,785.414673,757.987488,76.392769,29.734632,2,3.489248,1.66601,-0.992962,2.740506,0.375493,2.691332,123.53241,1.988487,1.593557,1.435427,3.587249
1773775777.683659,219.000793,546.466858,772.947754,765.467651,77.624908,28.610065,2,3.583164,1.729779,-1.205776,2.769599,0.378823,2.795451,118.196136,1.988487,1.593557,1.435427,3.587249
1773775778.456655,225.384796,555.043091,772.947754,780.427856,77.624908,28.879646,2,3.781692,1.71404,1.186281,2.92305,0.386318,2.769432,152.955383,1.988487,1.593557,1.435427,3.587249
1773775779.223406,232.832794,542.608276,766.714294,775.441101,78.256004,30.025852,2,3.768987,1.650275,0.35882,2.889736,0.384238,2.666172,110.346001,1.988487,1.593557,1.435427,3.587249
1773775779.995144,232.832794,538.868286,771.70105,771.70105,77.750313,30.171371,2,3.737897,1.642526,3.020749,2.884539,0.382434,2.653859,161.309799,1.988487,1.593557,1.435427,3.587249
1773775780.755661,232.832794,527.648071,760.480896,760.480896,78.897446,30.616522,2,3.862016,1.619279,3.834881,2.93699,0.377021,2.617227,117.817787,1.988487,1.593557,1.435427,3.587249
1773775781.532397,230.704803,543.489624,776.687805,774.194458,77.251114,29.799335,2,3.769985,1.662487,2.122387,2.928101,0.383544,2.685682,166.259598,1.988487,1.593557,1.435427,3.587249
1773775782.299148,236.024811,536.922974,766.714294,772.947754,78.256004,30.535675,2,3.247754,1.623451,5.740543,2.4901,0.383175,2.623766,147.483719,1.988487,1.593557,1.435427,3.587249
1773775783.084599,234.960815,549.207214,785.414673,784.16803,76.392769,29.96307,2,3.249645,1.653641,2.848728,2.552319,0.388541,2.671537,146.867691,1.988487,1.593557,1.435427,3.587249
1773775783.861324,229.640793,540.813538,776.687805,770.454346,77.251114,29.805893,2,3.816372,1.662131,2.062795,2.96413,0.381693,2.685111,150.858353,1.988487,1.593557,1.435427,3.587249
1773775784.633073,222.192795,540.781433,771.70105,762.974243,77.750313,29.121927,2,3.804833,1.700143,0.621018,2.936194,0.377759,2.746633,114.440536,1.988487,1.593557,1.435427,3.587249
1773775785.387357,228.576797,533.150757,754.247437,761.727539,79.549492,30.007685,2,3.91943,1.651247,1.7594,2.95622,0.377437,2.667722,142.373276,1.988487,1.593557,1.435427,3.587249
1773775786.166575,224.320801,549.873657,779.181213,774.194458,77.003906,28.974735,2,3.967899,1.708558,0.901575,3.091712,0.383265,2.760419,134.824387,1.988487,1.593557,1.435427,3.587249
1773775786.927092,234.960815,537.986938,760.480896,772.947754,78.897446,30.39802,2,3.989527,1.630605,2.626442,3.033959,0.383128,2.635016,132.472183,1.988487,1.593557,1.435427,3.587249
1773775787.726257,225.384796,562.523315,799.128235,787.908081,75.081818,28.605467,2,3.751902,1.73005,-5.4e-05,2.998251,0.389927,2.795901,118.698059,1.988487,1.593557,1.435427,3.587249
1773775788.520447,227.512787,569.12207,794.141479,796.634888,75.553291,28.559229,2,3.650666,1.73278,-1.134912,2.899146,0.39423,2.800437,110.400055,1.988487,1.593557,1.435427,3.587249
1773775789.302158,230.704803,554.709839,781.674561,785.414673,76.758286,29.373631,2,3.503301,1.685948,-0.25366,2.738441,0.388956,2.723516,107.971931,1.988487,1.593557,1.435427,3.587249
1773775790.086362,239.216797,554.924683,784.16803,794.141479,76.514214,30.122692,2,3.707949,1.645109,2.429087,2.907655,0.393538,2.657959,140.309952,1.988487,1.593557,1.435427,3.587249
1773775790.8818,230.704803,554.709839,795.388184,785.414673,75.434868,29.373631,2,3.634356,1.685948,-0.122323,2.890724,0.388956,2.723516,113.32019,1.988487,1.593557,1.435427,3.587249
1773775791.658523,230.704803,545.983032,776.687805,776.687805,77.251114,29.703674,2,3.66109,1.667701,1.322428,2.843524,0.384747,2.694049,124.268555,1.988487,1.593557,1.435427,3.587249
1773775792.442728,227.512787,552.915039,784.16803,780.427856,76.514214,29.152315,2,3.649153,1.698416,-0.918169,2.861549,0.386411,2.743812,107.206223,1.988487,1.593557,1.435427,3.587249
1773775793.229426,225.384796,558.783203,786.661377,784.16803,76.271698,28.741901,2,3.482553,1.722045,-1.876086,2.73959,0.388123,2.782639,92.624611,1.988487,1.593557,1.435427,3.587249
1773775794.01863,227.512787,564.135376,789.154724,791.648132,76.030716,28.73913,2,3.585301,1.722207,-1.130358,2.829357,0.391824,2.782907,104.529739,1.988487,1.593557,1.435427,3.587249
1773775794.806574,228.576797,560.577942,787.908081,789.154724,76.151016,28.964764,2,3.696921,1.709131,-0.57758,2.912834,0.390668,2.76136,118.207123,1.988487,1.593557,1.435427,3.587249
1773775795.598258,219.000793,561.427063,791.648132,780.427856,75.791245,28.061632,2,3.673065,1.762732,1.155034,2.907775,0.38604,2.85061,108.454369,1.988487,1.593557,1.435427,3.587249
1773775796.386215,226.448807,570.186096,787.908081,796.634888,76.151016,28.425671,2,3.587024,1.740717,-0.914644,2.826245,0.394183,2.813657,110.175735,1.988487,1.593557,1.435427,3.587249
1773775797.17042,229.640793,558.267273,784.16803,787.908081,76.514214,29.145632,2,3.428453,1.698796,-1.513283,2.688483,0.390113,2.744432,104.333755,1.988487,1.593557,1.435427,3.587249
1773775797.952131,236.024811,553.129883,781.674561,789.154724,76.758286,29.908558,2,3.43527,1.656575,-0.428251,2.685263,0.390993,2.676222,106.602356,1.988487,1.593557,1.435427,3.587249
1773775798.733842,233.896805,545.284424,781.674561,779.181213,76.758286,30.018282,2,3.338877,1.65068,-0.847342,2.609915,0.386089,2.666818,104.295158,1.988487,1.593557,1.435427,3.587249
1773775799.509331,233.896805,541.544312,775.441101,775.441101,77.375313,30.163065,2,3.318344,1.642966,-0.413491,2.57318,0.384284,2.654558,111.717682,1.988487,1.593557,1.435427,3.587249
1773775800.261122,236.024811,518.222656,751.754089,754.247437,79.813332,31.292757,2,3.576769,1.58523,-0.273818,2.688851,0.374154,2.5644,127.062195,1.988487,1.593557,1.435427,3.587249
1773775801.026626,228.576797,528.164001,765.467651,756.740784,78.383453,30.205429,2,3.563294,1.640723,0.625461,2.727586,0.375031,2.651002,112.047539,1.988487,1.593557,1.435427,3.587249
1773775801.79961,216.872803,542.361389,772.947754,759.234192,77.624908,28.564676,2,3.597761,1.732458,-0.499372,2.780881,0.375723,2.799901,108.09832,1.988487,1.593557,1.435427,3.587249
1773775802.573841,225.384796,558.783203,774.194458,784.16803,77.499908,28.741901,2,3.894499,1.722045,0.592305,3.0151,0.388123,2.782639,120.363518,1.988487,1.593557,1.435427,3.587249
1773775803.345591,231.768814,547.412415,771.70105,779.181213,77.750313,29.745174,2,3.883467,1.665435,0.734732,2.996876,0.385996,2.690409,116.642662,1.988487,1.593557,1.435427,3.587249
1773775804.127302,229.640793,549.540405,781.674561,779.181213,76.758286,29.472065,2,3.651024,1.680463,-0.218008,2.853913,0.385903,2.714629,123.666229,1.988487,1.593557,1.435427,3.587249
1773775804.912753,224.320801,554.860413,785.414673,779.181213,76.392769,28.789297,2,3.644962,1.719282,-0.660598,2.862807,0.385671,2.778075,116.783203,1.988487,1.593557,1.435427,3.587249
1773775805.677011,238.152802,542.275024,764.220947,780.427856,78.51133,30.515671,2,3.887683,1.624486,2.993798,2.971049,0.386876,2.625392,132.891617,1.988487,1.593557,1.435427,3.587249
1773775806.466214,228.576797,549.357727,789.154724,777.934509,76.030716,29.382524,2,3.729035,1.685451,1.704251,2.942786,0.385255,2.722709,124.654152,1.988487,1.593557,1.435427,3.587249
1773775807.267872,223.256805,572.131348,801.621643,795.388184,74.848282,28.068913,2,3.546297,1.762286,-0.368769,2.842788,0.393442,2.849857,122.587326,1.988487,1.593557,1.435427,3.587249
1773775808.05457,225.384796,563.769897,786.661377,789.154724,76.271698,28.56028,2,3.55825,1.732718,-0.437724,2.799138,0.390528,2.800333,122.400131,1.988487,1.593557,1.435427,3.587249
1773775808.847513,222.192795,566.961914,792.894836,789.154724,75.672081,28.155794,2,3.565214,1.756983,0.2085,2.82684,0.390389,2.84092,124.420349,1.988487,1.593557,1.435427,3.587249
1773775809.631717,222.192795,561.97522,784.16803,784.16803,76.514214,28.334845,2,3.723249,1.746156,-0.498087,2.919653,0.387983,2.822749,106.135254,1.988487,1.593557,1.435427,3.587249
1773775810.403455,217.936798,548.777466,771.70105,766.714294,77.750313,28.424772,2,3.788571,1.74077,0.440333,2.923645,0.379378,2.813746,98.260689,1.988487,1.593557,1.435427,3.587249
1773775811.185166,225.384796,565.016602,781.674561,790.401428,76.758286,28.515232,2,3.849153,1.735386,0.717695,3.008785,0.39113,2.804772,119.040352,1.988487,1.593557,1.435427,3.587249
1773775811.980602,222.192795,569.455322,795.388184,791.648132,75.434868,28.067116,2,3.667887,1.762396,-0.345527,2.917394,0.391592,2.850043,109.788177,1.988487,1.593557,1.435427,3.587249
1773775812.764807,215.808792,560.879028,784.16803,776.687805,76.514214,27.785784,2,3.653105,1.779799,-1.066471,2.864648,0.384096,2.879539,107.105682,1.988487,1.593557,1.435427,3.587249
1773775813.537791,225.384796,558.783203,772.947754,784.16803,77.624908,28.741901,2,3.71598,1.722045,0.146484,2.872258,0.388123,2.782639,118.192574,1.988487,1.593557,1.435427,3.587249
1773775814.320762,233.896805,558.998047,782.921326,792.894836,76.636055,29.499096,2,3.72284,1.678963,2.239001,2.91469,0.392704,2.712203,135.963699,1.988487,1.593557,1.435427,3.587249
1773775815.108706,242.408798,555.472778,787.908081,797.881592,76.151016,30.381552,2,3.690453,1.631465,-0.56304,2.907738,0.395481,2.636372,108.904968,1.988487,1.593557,1.435427,3.587249
1773775815.897897,234.960815,545.467041,789.154724,780.427856,76.030716,30.106667,2,3.527951,1.645962,0.06611,2.784099,0.386737,2.659313,119.464638,1.988487,1.593557,1.435427,3.587249
1773775816.679608,245.600784,548.54071,781.674561,794.141479,76.758286,30.926579,2,3.502911,1.603482,0.52078,2.738136,0.393817,2.592596,98.979393,1.988487,1.593557,1.435427,3.587249
1773775817.458838,225.384796,530.109375,779.181213,755.494141,77.003906,29.832766,2,3.778071,1.660673,-0.169578,2.943802,0.37429,2.682776,127.03511,1.988487,1.593557,1.435427,3.587249
1773775818.244289,223.256805,559.664551,785.414673,782.921326,76.392769,28.515867,2,3.739039,1.735349,0.045732,2.936696,0.387428,2.804709,115.47049,1.988487,1.593557,1.435427,3.587249
1773775819.016027,224.320801,548.626953,771.70105,772.947754,77.750313,29.021469,2,3.834654,1.705877,-0.274406,2.959206,0.382664,2.75602,125.868988,1.988487,1.593557,1.435427,3.587249
1773775819.801477,220.064789,560.363037,785.414673,780.427856,76.392769,28.197968,2,3.774484,1.754421,-0.271725,2.964535,0.386086,2.83661,139.338959,1.988487,1.593557,1.435427,3.587249
1773775820.581954,222.192795,560.728516,780.427856,782.921326,76.880905,28.379965,2,3.894777,1.74345,0.727535,3.039593,0.387382,2.818222,160.273758,1.988487,1.593557,1.435427,3.587249
1773775821.359926,225.384796,556.289795,777.934509,781.674561,77.127312,28.833586,2,3.859153,1.716708,0.06108,3.002168,0.38692,2.773829,123.285202,1.988487,1.593557,1.435427,3.587249
1773775822.145377,220.064789,559.116455,785.414673,779.181213,76.392769,28.243082,2,3.659154,1.751688,0.116854,2.873953,0.385485,2.832021,122.564629,1.988487,1.593557,1.435427,3.587249
1773775822.924594,220.064789,559.116455,779.181213,779.181213,77.003906,28.243082,2,3.607971,1.751688,-0.65957,2.811264,0.385485,2.832021,116.3517,1.988487,1.593557,1.435427,3.587249
1773775823.696344,220.064789,551.63623,771.70105,771.70105,77.750313,28.516844,2,3.818901,1.735291,0.10246,2.94705,0.381876,2.804613,94.952568,1.988487,1.593557,1.435427,3.587249
1773775824.479302,226.448807,563.952637,782.921326,790.401428,76.636055,28.649849,2,3.864911,1.727437,1.918717,3.025921,0.391176,2.791567,139.13913,1.988487,1.593557,1.435427,3.587249
1773775825.26226,223.256805,555.924438,782.921326,779.181213,76.636055,28.652746,2,3.853065,1.727267,1.074733,3.016646,0.385624,2.791285,121.093506,1.988487,1.593557,1.435427,3.587249
1773775826.033997,229.640793,549.540405,771.70105,779.181213,77.750313,29.472065,2,3.852256,1.680463,1.07231,2.97279,0.385903,2.714629,102.788094,1.988487,1.593557,1.435427,3.587249
1773775826.818213,226.448807,553.979065,784.16803,780.427856,76.514214,29.015982,2,3.843928,1.706191,0.564217,3.014286,0.386365,2.756536,109.283913,1.988487,1.593557,1.435427,3.587249
1773775827.594938,232.832794,551.335205,776.687805,784.16803,77.251114,29.691696,2,3.880722,1.668356,1.517691,3.014109,0.388448,2.695102,136.44693,1.988487,1.593557,1.435427,3.587249
1773775828.379142,230.704803,550.969727,784.16803,781.674561,76.514214,29.514175,2,3.800838,1.678128,0.322654,2.980495,0.387152,2.710853,121.579781,1.988487,1.593557,1.435427,3.587249
1773775829.169592,228.576797,559.331299,790.401428,787.908081,75.910797,29.010592,2,3.736258,1.7065,0.803577,2.953144,0.390066,2.757042,109.952019,1.988487,1.593557,1.435427,3.587249
1773775829.962523,221.128799,563.039246,792.894836,784.16803,75.672081,28.19916,2,3.707674,1.754348,-0.332456,2.939795,0.387937,2.836489,108.182312,1.988487,1.593557,1.435427,3.587249
1773775830.744234,219.000793,560.18042,781.674561,779.181213,76.758286,28.106529,2,3.70006,1.759986,-0.616354,2.892243,0.385438,2.845978,118.290146,1.988487,1.593557,1.435427,3.587249
1773775831.529686,226.448807,567.692688,785.414673,794.141479,76.392769,28.514919,2,3.761169,1.735405,-0.049512,2.954077,0.39298,2.804803,112.853989,1.988487,1.593557,1.435427,3.587249
1773775832.317642,230.704803,562.190063,787.908081,792.894836,76.151016,29.096519,2,3.784817,1.701589,1.746219,2.982088,0.392565,2.748999,110.196404,1.988487,1.593557,1.435427,3.587249
1773775833.098106,227.512787,549.175049,780.427856,776.687805,76.880905,29.292694,2,3.879512,1.690486,1.062103,3.027679,0.384607,2.730888,139.66188,1.988487,1.593557,1.435427,3.587249
1773775833.892284,229.640793,566.99408,794.141479,796.634888,75.553291,28.826353,2,3.727685,1.717128,0.718613,2.960309,0.394323,2.774521,128.42836,1.988487,1.593557,1.435427,3.587249
1773775834.670268,224.320801,547.380249,777.934509,771.70105,77.127312,29.068354,2,3.866112,1.703196,0.851015,3.007581,0.382062,2.751628,145.598557,1.988487,1.593557,1.435427,3.587249
1773775835.448239,232.832794,555.075317,777.934509,787.908081,77.127312,29.550755,2,3.831272,1.676105,1.969313,2.980479,0.390252,2.707585,134.083572,1.988487,1.593557,1.435427,3.587249
1773775836.242416,229.640793,560.76062,794.141479,790.401428,75.553291,29.053692,2,3.768069,1.704033,0.789257,2.99238,0.391316,2.752999,133.708084,1.988487,1.593557,1.435427,3.587249
1773775837.031608,231.768814,559.879333,789.154724,791.648132,76.030716,29.276747,2,3.674058,1.691383,0.949748,2.8994,0.39201,2.732347,161.357269,1.988487,1.593557,1.435427,3.587249
1773775837.824552,231.768814,561.126038,792.894836,792.894836,75.672081,29.230713,2,3.676762,1.693978,0.191867,2.915286,0.392611,2.736572,125.502419,1.988487,1.593557,1.435427,3.587249
1773775838.608756,233.896805,552.764587,784.16803,786.661377,76.514214,29.732843,2,3.729541,1.666107,0.919787,2.924587,0.389697,2.691489,124.479019,1.988487,1.593557,1.435427,3.587249
1773775839.40792,222.192795,563.221863,799.128235,785.414673,75.081818,28.289869,2,3.577763,1.748863,-2.601509,2.859091,0.388585,2.827283,101.572426,1.988487,1.593557,1.435427,3.587249
1773775840.163463,236.024811,535.67627,755.494141,771.70105,79.418221,30.585007,2,3.894906,1.620902,1.752424,2.942579,0.382573,2.61977,124.030113,1.988487,1.593557,1.435427,3.587249
1773775840.958888,228.576797,558.084595,795.388184,786.661377,75.434868,29.056566,2,3.633294,1.703869,0.93888,2.889879,0.389465,2.75273,119.038399,1.988487,1.593557,1.435427,3.587249
1773775841.718159,241.344788,532.84967,759.234192,774.194458,79.027,31.173664,2,3.86753,1.591119,3.813328,2.936361,0.384008,2.573466,167.06633,1.988487,1.593557,1.435427,3.587249
1773775842.50735,236.024811,546.896484,789.154724,782.921326,76.030716,30.146683,2,4.057684,1.643835,2.190424,3.202141,0.387986,2.655937,173.203796,1.988487,1.593557,1.435427,3.587249
1773775843.30154,226.448807,556.472534,794.141479,782.921326,75.553291,28.923571,2,3.935885,1.711503,-0.494305,3.12565,0.387568,2.765258,128.439331,1.988487,1.593557,1.435427,3.587249
1773775844.084498,226.448807,556.472534,782.921326,782.921326,76.636055,28.923571,2,3.979429,1.711503,2.268045,3.11558,0.387568,2.765258,164.176651,1.988487,1.593557,1.435427,3.587249
1773775844.883662,214.744797,570.669861,799.128235,785.414673,75.081818,27.341583,2,3.775286,1.808004,0.106977,3.016938,0.38826,2.927892,150.167465,1.988487,1.593557,1.435427,3.587249
1773775845.657893,223.256805,560.911255,774.194458,784.16803,77.499908,28.470531,2,3.817905,1.738043,-0.191241,2.955801,0.38803,2.809197,114.13028,1.988487,1.593557,1.435427,3.587249
1773775846.430889,228.576797,550.604431,772.947754,779.181213,77.624908,29.33551,2,3.750796,1.688082,0.868493,2.899169,0.385856,2.726981,129.284622,1.988487,1.593557,1.435427,3.587249
1773775847.206367,230.704803,547.229736,775.441101,777.934509,77.375313,29.656071,2,3.79878,1.670307,2.365125,2.94573,0.385348,2.698241,135.268082,1.988487,1.593557,1.435427,3.587249
1773775847.995558,230.704803,558.449951,789.154724,789.154724,76.030716,29.234419,2,3.752947,1.693769,0.287809,2.961656,0.390761,2.736231,131.906647,1.988487,1.593557,1.435427,3.587249
1773775848.787255,225.384796,560.029907,791.648132,785.414673,75.791245,28.696281,2,3.653294,1.724713,1.011764,2.892123,0.388724,2.787054,129.152023,1.988487,1.593557,1.435427,3.587249
1773775849.573953,230.704803,562.190063,786.661377,792.894836,76.271698,29.096519,2,3.814174,1.701589,1.474071,3.000463,0.392565,2.748999,177.823074,1.988487,1.593557,1.435427,3.587249
1773775850.371871,223.256805,565.897949,797.881592,789.154724,75.199127,28.290627,2,3.81369,1.748818,-1.226117,3.042873,0.390435,2.827206,132.700378,1.988487,1.593557,1.435427,3.587249
1773775851.136128,238.152802,543.521729,764.220947,781.674561,78.51133,30.467001,2,3.816645,1.627011,2.282291,2.91676,0.387477,2.629361,121.453194,1.988487,1.593557,1.435427,3.587249
1773775851.911619,238.152802,537.28833,775.441101,775.441101,77.375313,30.711914,2,3.89022,1.614385,4.065355,3.016637,0.38447,2.609573,181.07753,1.988487,1.593557,1.435427,3.587249
1773775852.703302,245.600784,554.77417,791.648132,800.374939,75.791245,30.685717,2,3.696545,1.615726,3.91217,2.926363,0.396824,2.611668,146.031784,1.988487,1.593557,1.435427,3.587249
1773775853.511194,225.384796,558.783203,807.855042,784.16803,74.270752,28.741901,2,3.786052,1.722045,-1.359548,3.058581,0.388123,2.782639,132.314072,1.988487,1.593557,1.435427,3.587249
1773775854.282932,229.640793,547.046997,771.70105,776.687805,77.750313,29.566679,2,3.795467,1.675225,0.517329,2.928966,0.3847,2.706166,130.645981,1.988487,1.593557,1.435427,3.587249
1773775855.075876,227.512787,562.888672,792.894836,790.401428,75.672081,28.78446,2,3.825396,1.719563,1.226156,3.033136,0.391223,2.77854,171.310898,1.988487,1.593557,1.435427,3.587249
1773775855.868807,221.128799,564.285889,792.894836,785.414673,75.672081,28.1544,2,3.84711,1.757068,-0.027188,3.050354,0.388538,2.841063,132.768692,1.988487,1.593557,1.435427,3.587249
1773775856.654257,220.064789,564.103271,785.414673,784.16803,76.392769,28.063473,2,3.717861,1.762619,-0.16117,2.920063,0.38789,2.85042,133.76918,1.988487,1.593557,1.435427,3.587249
1773775857.435981,227.512787,562.888672,781.674561,790.401428,76.758286,28.78446,2,3.731402,1.719563,1.032362,2.916742,0.391223,2.77854,133.24025,1.988487,1.593557,1.435427,3.587249
1773775858.215199,229.640793,552.033752,779.181213,781.674561,77.003906,29.378056,2,3.702284,1.685701,-1.679649,2.88475,0.387106,2.723114,119.171371,1.988487,1.593557,1.435427,3.587249
1773775859.003143,222.192795,556.988403,787.908081,779.181213,76.151016,28.516191,2,3.687729,1.73533,-0.70341,2.905591,0.385578,2.804677,121.648529,1.988487,1.593557,1.435427,3.587249
1773775859.792346,224.320801,567.327332,789.154724,791.648132,76.030716,28.335922,2,3.732409,1.746092,0.385036,2.945448,0.391685,2.822641,152.98999,1.988487,1.593557,1.435427,3.587249
1773775860.586524,223.256805,569.638062,794.141479,792.894836,75.553291,28.157177,2,3.729128,1.756899,-1.85501,2.961455,0.39224,2.840779,130.167877,1.988487,1.593557,1.435427,3.587249
1773775861.365742,223.256805,555.924438,779.181213,779.181213,77.003906,28.652746,2,3.847067,1.727267,1.015399,2.997562,0.385624,2.791285,143.74736,1.988487,1.593557,1.435427,3.587249
1773775862.1487,228.576797,560.577942,782.921326,789.154724,76.636055,28.964764,2,3.53582,1.709131,4.545984,2.768269,0.390668,2.76136,122.550941,1.988487,1.593557,1.435427,3.587249
1773775862.912969,230.704803,536.009521,764.220947,766.714294,78.51133,30.090061,2,3.476737,1.646846,0.212796,2.656995,0.379935,2.660718,111.089272,1.988487,1.593557,1.435427,3.587249
1773775863.682213,225.384796,537.589478,769.207703,762.974243,78.002342,29.540289,2,3.956805,1.676683,1.448185,3.043605,0.377899,2.708519,116.626221,1.988487,1.593557,1.435427,3.587249
1773775864.463925,212.616806,554.097473,781.674561,766.714294,76.758286,27.730904,2,4.053063,1.783234,0.109657,3.168176,0.379146,2.885393,115.927216,1.988487,1.593557,1.435427,3.587249
1773775865.248129,217.936798,572.4646,784.16803,790.401428,76.514214,27.572927,2,3.807035,1.793201,-2.485042,2.985355,0.390805,2.902431,95.204117,1.988487,1.593557,1.435427,3.587249
1773775866.033592,208.360794,565.833679,785.414673,774.194458,76.392769,26.913239,2,3.785614,1.836086,-1.661988,2.973276,0.382568,2.976704,108.170181,1.988487,1.593557,1.435427,3.587249
1773775866.826523,214.744797,585.630127,792.894836,800.374939,75.672081,26.830524,2,3.820289,1.841611,-0.764948,3.029087,0.395476,2.986387,129.642151,1.988487,1.593557,1.435427,3.587249
1773775867.615715,220.064789,575.323364,789.154724,795.388184,76.030716,27.667597,2,3.783087,1.787215,0.008831,2.985441,0.393303,2.892187,122.307594,1.988487,1.593557,1.435427,3.587249
1773775868.398672,214.744797,561.942993,782.921326,776.687805,76.636055,27.648792,2,3.923174,1.788401,-0.35489,3.071537,0.38405,2.894214,126.730087,1.988487,1.593557,1.435427,3.587249
1773775869.169175,227.512787,557.901855,770.454346,785.414673,77.876129,28.96722,2,4.123693,1.70899,3.973709,3.177117,0.388817,2.761128,198.454971,1.988487,1.593557,1.435427,3.587249
1773775869.942159,234.960815,546.713745,772.947754,781.674561,77.624908,30.058649,2,4.099857,1.648522,1.291843,3.168975,0.387338,2.663383,154.296585,1.988487,1.593557,1.435427,3.587249
1773775870.722624,242.408798,546.745911,780.427856,789.154724,76.880905,30.717525,2,3.793287,1.614098,4.696818,2.960387,0.391272,2.609125,125.350082,1.988487,1.593557,1.435427,3.587249
1773775871.523048,224.320801,554.860413,800.374939,779.181213,74.964867,28.789297,2,3.745437,1.719282,0.87881,2.997754,0.385671,2.778075,123.70768,1.988487,1.593557,1.435427,3.587249
1773775872.307252,230.704803,560.943359,784.16803,791.648132,76.514214,29.142342,2,3.725978,1.698982,0.184303,2.921793,0.391963,2.744737,111.787331,1.988487,1.593557,1.435427,3.587249
1773775873.086469,233.896805,549.024536,779.181213,782.921326,77.003906,29.87488,2,3.79198,1.658394,2.026005,2.954639,0.387893,2.679128,121.443001,1.988487,1.593557,1.435427,3.587249
1773775873.891868,219.000793,568.907288,805.361694,787.908081,74.500687,27.795223,2,3.694919,1.779209,0.045145,2.975747,0.389648,2.878535,145.972031,1.988487,1.593557,1.435427,3.587249
1773775874.669851,226.448807,560.212585,777.934509,786.661377,77.127312,28.78606,2,3.86,1.71947,-0.155552,3.002827,0.389372,2.778386,120.881592,1.988487,1.593557,1.435427,3.587249
1773775875.446576,233.896805,551.517883,776.687805,785.414673,77.251114,29.780039,2,3.862206,1.663536,2.934279,2.999728,0.389096,2.687363,153.128555,1.988487,1.593557,1.435427,3.587249
1773775876.239506,229.640793,558.267273,792.894836,787.908081,75.672081,29.145632,2,3.765912,1.698796,0.807469,2.985972,0.390113,2.744432,121.322464,1.988487,1.593557,1.435427,3.587249
1773775877.042423,217.936798,571.217896,802.868286,789.154724,74.732056,27.616486,2,3.64502,1.790442,-1.178054,2.926471,0.390203,2.897705,122.835037,1.988487,1.593557,1.435427,3.587249
1773775877.821641,230.704803,563.436646,779.181213,794.141479,77.003906,29.050844,2,3.706821,1.704196,1.76131,2.888285,0.393166,2.753266,113.156029,1.988487,1.593557,1.435427,3.587249
1773775878.617066,224.320801,563.58728,795.388184,787.908081,75.434868,28.470427,2,3.67583,1.738049,-0.119899,2.923712,0.389881,2.809207,118.956345,1.988487,1.593557,1.435427,3.587249
1773775879.400024,222.192795,558.235046,782.921326,780.427856,76.636055,28.470638,2,3.543496,1.738036,-0.824797,2.774279,0.386179,2.809186,109.355194,1.988487,1.593557,1.435427,3.587249
1773775880.17676,232.832794,556.321899,776.687805,789.154724,77.251114,29.504072,2,3.631459,1.678688,0.234165,2.82051,0.390854,2.711757,87.966652,1.988487,1.593557,1.435427,3.587249
1773775880.970938,226.448807,560.212585,794.141479,786.661377,75.553291,28.78606,2,3.643064,1.71947,-0.017274,2.893108,0.389372,2.778386,112.915222,1.988487,1.593557,1.435427,3.587249
1773775881.772596,212.616806,572.797852,801.621643,785.414673,74.848282,27.070644,2,3.718974,1.825663,-2.258754,2.98121,0.388167,2.958509,136.856506,1.988487,1.593557,1.435427,3.587249
1773775882.545592,219.000793,561.427063,772.947754,780.427856,77.624908,28.061632,2,3.778483,1.762732,-0.981911,2.92057,0.38604,2.85061,133.90657,1.988487,1.593557,1.435427,3.587249
1773775883.333537,215.808792,568.359253,787.908081,784.16803,76.151016,27.520735,2,3.751117,1.796519,-0.475359,2.955536,0.387705,2.908122,130.240768,1.988487,1.593557,1.435427,3.587249
1773775884.106521,222.192795,558.235046,772.947754,780.427856,77.624908,28.470638,2,3.87328,1.738036,1.027478,2.993843,0.386179,2.809186,132.821564,1.988487,1.593557,1.435427,3.587249
1773775884.890726,222.192795,561.97522,784.16803,784.16803,76.514214,28.334845,2,3.848252,1.746156,-0.142554,3.017676,0.387983,2.822749,113.875031,1.988487,1.593557,1.435427,3.587249
1773775885.666215,222.192795,553.248291,775.441101,775.441101,77.375313,28.653728,2,3.838655,1.72721,-0.184962,2.97665,0.383774,2.79119,123.026749,1.988487,1.593557,1.435427,3.587249
1773775886.460393,193.464798,567.016113,794.141479,760.480896,75.553291,25.439796,2,3.811455,1.939901,-0.696214,3.026834,0.375303,3.162975,126.942749,1.988487,1.593557,1.435427,3.587249
1773775887.234624,219.000793,585.114197,774.194458,804.11499,77.499908,27.23501,2,3.880394,1.814909,0.48711,3.004179,0.397466,2.939831,128.977554,1.988487,1.593557,1.435427,3.587249
1773775888.018829,221.128799,565.532593,784.16803,786.661377,76.514214,28.109783,2,4.006342,1.759787,0.834786,3.141645,0.38914,2.845643,145.313477,1.988487,1.593557,1.435427,3.587249
1773775888.811773,217.936798,571.217896,792.894836,789.154724,75.672081,27.616486,2,3.795464,1.790442,-1.426336,3.009403,0.390203,2.897705,124.058456,1.988487,1.593557,1.435427,3.587249
1773775889.583509,223.256805,554.677734,771.70105,777.934509,77.750313,28.698662,2,3.885461,1.724574,0.976662,2.998414,0.385023,2.786823,186.222107,1.988487,1.593557,1.435427,3.587249
1773775890.383921,222.192795,576.935425,800.374939,799.128235,74.964867,27.804398,2,3.816277,1.778636,-1.303995,3.054452,0.3952,2.877561,131.05481,1.988487,1.593557,1.435427,3.587249
1773775891.159411,230.704803,554.709839,775.441101,785.414673,77.375313,29.373631,2,3.780557,1.685948,1.189034,2.931599,0.388956,2.723516,160.657333,1.988487,1.593557,1.435427,3.587249
1773775891.939876,219.000793,547.713501,780.427856,766.714294,76.880905,28.563547,2,3.807611,1.732525,0.613638,2.971565,0.379424,2.800012,134.616486,1.988487,1.593557,1.435427,3.587249
1773775892.721587,224.320801,563.58728,781.674561,787.908081,76.758286,28.470427,2,3.854349,1.738049,0.667943,3.012846,0.389881,2.809207,120.629005,1.988487,1.593557,1.435427,3.587249
1773775893.508284,220.064789,561.609741,786.661377,781.674561,76.271698,28.152994,2,3.812294,1.757154,-1.231147,2.998984,0.386688,2.841207,116.257874,1.988487,1.593557,1.435427,3.587249
1773775894.301228,228.576797,574.291504,792.894836,802.868286,75.672081,28.470024,2,3.840258,1.738073,1.135537,3.04492,0.397283,2.809247,132.749985,1.988487,1.593557,1.435427,3.587249
1773775895.096652,231.768814,567.359436,795.388184,799.128235,75.434868,29.002705,2,3.878879,1.706952,2.656513,3.085215,0.395618,2.757784,138.176361,1.988487,1.593557,1.435427,3.587249
1773775895.898311,224.320801,568.574036,801.621643,792.894836,74.848282,28.291368,2,3.852875,1.748773,0.649952,3.088548,0.392286,2.827131,158.661819,1.988487,1.593557,1.435427,3.587249
1773775896.680033,215.808792,555.892273,781.674561,771.70105,76.758286,27.965338,2,3.75212,1.768651,-1.599789,2.932937,0.381691,2.860615,129.689514,1.988487,1.593557,1.435427,3.587249
1773775897.456758,220.064789,561.609741,776.687805,781.674561,77.251114,28.152994,2,3.710145,1.757154,0.028145,2.881624,0.386688,2.841207,108.285324,1.988487,1.593557,1.435427,3.587249
1773775898.237222,214.744797,559.449646,780.427856,774.194458,76.880905,27.737839,2,3.66343,1.7828,-1.00049,2.859043,0.382847,2.884651,111.830078,1.988487,1.593557,1.435427,3.587249
1773775899.011453,224.320801,561.093872,774.194458,785.414673,77.499908,28.560812,2,3.856401,1.732687,-0.218632,2.985605,0.388678,2.800281,116.533508,1.988487,1.593557,1.435427,3.587249
1773775899.793176,225.384796,557.536499,781.674561,782.921326,76.758286,28.78767,2,3.807042,1.719376,1.596119,2.975868,0.387521,2.778231,137.72197,1.988487,1.593557,1.435427,3.587249
1773775900.584861,221.128799,565.532593,791.648132,786.661377,75.791245,28.109783,2,3.645609,1.759787,-1.345191,2.88604,0.38914,2.845643,93.976608,1.988487,1.593557,1.435427,3.587249
1773775901.376545,226.448807,571.4328,791.648132,797.881592,75.791245,28.381256,2,3.715932,1.743372,-0.455018,2.94171,0.394785,2.818093,119.03801,1.988487,1.593557,1.435427,3.587249
1773775902.178215,209.424805,572.249756,801.621643,781.674561,74.848282,26.791815,2,3.651618,1.844209,-0.148502,2.927216,0.386223,2.990949,112.89566,1.988487,1.593557,1.435427,3.587249
1773775902.96242,223.256805,577.118164,784.16803,800.374939,76.514214,27.894026,2,3.692628,1.773062,0.351514,2.895641,0.395848,2.868089,125.033096,1.988487,1.593557,1.435427,3.587249
1773775903.759091,227.512787,574.108887,796.634888,801.621643,75.316811,28.381569,2,3.786697,1.743354,0.723937,3.016615,0.396635,2.818061,128.894806,1.988487,1.593557,1.435427,3.587249
1773775904.514622,250.920792,532.000549,755.494141,782.921326,79.418221,32.049297,2,3.818836,1.54884,5.17932,2.885109,0.388636,2.509031,102.334969,1.988487,1.593557,1.435427,3.587249
1773775905.321279,229.640793,552.033752,806.608398,781.674561,74.385536,29.378056,2,3.753985,1.685701,0.628692,3.027996,0.387106,2.723114,110.277542,1.988487,1.593557,1.435427,3.587249
1773775906.115457,219.000793,562.673767,794.141479,781.674561,75.553291,28.016876,2,3.765162,1.765478,-0.282263,2.990071,0.386641,2.855248,117.162659,1.988487,1.593557,1.435427,3.587249
1773775906.903401,226.448807,570.186096,787.908081,796.634888,76.151016,28.425671,2,3.617493,1.740717,-1.775297,2.850252,0.394183,2.813657,119.255234,1.988487,1.593557,1.435427,3.587249
1773775907.680138,227.512787,550.421753,776.687805,777.934509,77.251114,29.245752,2,3.607213,1.693129,0.704403,2.801678,0.385209,2.735189,122.404991,1.988487,1.593557,1.435427,3.587249
1773775908.455616,231.768814,548.659058,775.441101,780.427856,77.375313,29.69766,2,3.421449,1.668029,-0.126986,2.653132,0.386597,2.694577,105.126968,1.988487,1.593557,1.435427,3.587249
1773775909.189953,232.832794,502.714264,734.300354,735.547058,81.710434,31.654369,2,3.763659,1.567619,1.942583,2.763656,0.364993,2.537464,130.175888,1.988487,1.593557,1.435427,3.587249
1773775909.96917,223.256805,544.704224,779.181213,767.960999,77.003906,29.071373,2,3.917437,1.703023,0.527683,3.052393,0.380212,2.751346,144.202911,1.988487,1.593557,1.435427,3.587249
1773775910.737167,216.872803,543.608093,767.960999,760.480896,78.128967,28.517851,2,3.734005,1.735231,-1.283249,2.86757,0.376324,2.804513,113.589493,1.988487,1.593557,1.435427,3.587249
1773775911.516398,211.552795,561.394958,779.181213,772.947754,77.003906,27.369612,2,3.788526,1.806198,-1.829566,2.951948,0.382106,2.924775,128.492889,1.988487,1.593557,1.435427,3.587249
1773775912.264448,224.320801,538.653442,748.013916,762.974243,80.21241,29.400835,2,3.974221,1.684429,1.422813,2.972773,0.377852,2.721051,145.091019,1.988487,1.593557,1.435427,3.587249
1773775913.037431,227.512787,549.175049,772.947754,776.687805,77.624908,29.292694,2,3.903153,1.690486,2.534979,3.016934,0.384607,2.730888,111.952911,1.988487,1.593557,1.435427,3.587249
1773775913.83161,224.320801,566.080627,794.141479,790.401428,75.553291,28.380617,2,3.75212,1.743411,0.794691,2.979715,0.391083,2.818157,134.619675,1.988487,1.593557,1.435427,3.587249
1773775914.599607,225.384796,543.822876,767.960999,769.207703,78.128967,29.300901,2,3.729018,1.690025,0.002736,2.86374,0.380906,2.730137,99.708214,1.988487,1.593557,1.435427,3.587249
1773775915.377591,228.576797,553.097778,777.934509,781.674561,77.127312,29.24194,2,3.854021,1.693344,1.781394,2.998176,0.387059,2.73554,132.203751,1.988487,1.593557,1.435427,3.587249
1773775916.176756,219.000793,568.907288,799.128235,787.908081,75.081818,27.795223,2,3.780395,1.779209,-1.392483,3.02102,0.389648,2.878535,115.458328,1.988487,1.593557,1.435427,3.587249
1773775916.927299,249.856812,536.804565,750.507385,786.661377,79.945915,31.761673,2,3.802598,1.562471,4.604732,2.853878,0.390394,2.529639,121.444458,1.988487,1.593557,1.435427,3.587249
1773775917.742683,229.640793,562.007324,815.335266,791.648132,73.589363,29.007938,2,3.606824,1.706652,-1.996225,2.940771,0.391917,2.757292,116.476593,1.988487,1.593557,1.435427,3.587249
1773775918.514421,238.152802,543.521729,771.70105,781.674561,77.750313,30.467001,2,3.643547,1.627011,-0.835666,2.811729,0.387477,2.629361,118.744095,1.988487,1.593557,1.435427,3.587249
1773775919.297378,242.408798,545.499268,782.921326,787.908081,76.636055,30.766127,2,3.722607,1.611617,0.624323,2.914508,0.39067,2.605254,104.998787,1.988487,1.593557,1.435427,3.587249
1773775920.091557,234.960815,550.453857,794.141479,785.414673,75.553291,29.915512,2,3.916783,1.6562,4.52667,3.11048,0.389142,2.675623,170.55986,1.988487,1.593557,1.435427,3.587249
1773775920.886993,227.512787,559.14856,795.388184,786.661377,75.434868,28.921312,2,3.714322,1.711633,0.807873,2.954328,0.389418,2.765472,136.053299,1.988487,1.593557,1.435427,3.587249
1773775921.661224,233.896805,547.777771,774.194458,781.674561,77.499908,29.922529,2,3.569725,1.655822,0.662142,2.763661,0.387292,2.675019,132.90303,1.988487,1.593557,1.435427,3.587249
1773775922.440442,220.064789,542.909424,779.181213,762.974243,77.003906,28.843016,2,3.726185,1.716161,0.139398,2.903373,0.377667,2.772927,122.771172,1.988487,1.593557,1.435427,3.587249
1773775923.225905,210.4888,563.705688,785.414673,774.194458,76.392769,27.188105,2,3.614513,1.817964,-4.619748,2.838892,0.382661,2.945128,111.378998,1.988487,1.593557,1.435427,3.587249
1773775923.981435,217.936798,546.28418,755.494141,764.220947,79.418221,28.517511,2,3.989452,1.735251,0.389406,3.014008,0.378175,2.804547,139.342819,1.988487,1.593557,1.435427,3.587249
1773775924.760653,222.192795,561.97522,779.181213,784.16803,77.003906,28.334845,2,3.960671,1.746156,2.311188,3.08608,0.387983,2.822749,148.452698,1.988487,1.593557,1.435427,3.587249
1773775925.526157,224.320801,543.640198,765.467651,767.960999,78.383453,29.209921,2,3.968233,1.695153,0.280429,3.037554,0.380258,2.738487,116.748604,1.988487,1.593557,1.435427,3.587249
1773775926.311608,225.384796,561.276611,785.414673,786.661377,76.392769,28.650803,2,3.750741,1.727381,2.036506,2.945887,0.389326,2.791474,157.219986,1.988487,1.593557,1.435427,3.587249
1773775927.090838,225.384796,553.796387,779.181213,779.181213,77.003906,28.925852,2,3.533717,1.711371,-0.000385,2.753406,0.385717,2.765042,124.603958,1.988487,1.593557,1.435427,3.587249
1773775927.860082,227.512787,544.188232,769.207703,771.70105,78.002342,29.481987,2,3.55371,1.679912,0.292032,2.733541,0.382202,2.713737,125.203156,1.988487,1.593557,1.435427,3.587249
1773775928.593172,231.768814,506.271667,733.053711,738.040466,81.849388,31.403267,2,3.826866,1.579805,0.746004,2.805298,0.36615,2.556074,110.611443,1.988487,1.593557,1.435427,3.587249
1773775929.404804,229.640793,579.460938,811.595154,809.101746,73.928482,28.382191,2,3.45427,1.743317,0.461408,2.803469,0.400337,2.817999,144.677017,1.988487,1.593557,1.435427,3.587249
1773775930.151608,222.192795,515.847656,746.767273,738.040466,80.346313,30.105772,2,3.614174,1.64601,-0.792266,2.698947,0.365732,2.659389,120.566162,1.988487,1.593557,1.435427,3.587249
1773775930.893437,228.576797,520.683838,741.780518,749.26062,80.886459,30.506981,2,3.86689,1.624937,-2.255816,2.868384,0.371423,2.6261,120.681046,1.988487,1.593557,1.435427,3.587249
1773775931.646474,245.600784,527.346985,753.000732,772.947754,79.681198,31.774565,2,3.989939,1.561854,3.57595,3.004427,0.383593,2.528704,159.623596,1.988487,1.593557,1.435427,3.587249
1773775932.434419,239.216797,541.21106,787.908081,780.427856,76.151016,30.652008,2,3.797604,1.617455,2.69301,2.992163,0.386922,2.614371,123.659325,1.988487,1.593557,1.435427,3.587249
1773775933.22735,229.640793,552.033752,792.894836,781.674561,75.672081,29.378056,2,3.909184,1.685701,3.251003,3.099571,0.387106,2.723114,117.293457,1.988487,1.593557,1.435427,3.587249
1773775934.026526,225.384796,568.756714,799.128235,794.141479,75.081818,28.380936,2,3.852346,1.743392,-0.142884,3.078518,0.392934,2.818125,110.001404,1.988487,1.593557,1.435427,3.587249
1773775934.821951,232.832794,571.282227,795.388184,804.11499,75.434868,28.955162,2,3.820108,1.709683,1.09357,3.038469,0.39807,2.762267,166.611298,1.988487,1.593557,1.435427,3.587249
1773775935.593689,229.640793,538.32019,771.70105,767.960999,77.750313,29.902664,2,3.731305,1.656893,-1.464559,2.879452,0.38049,2.67673,121.299103,1.988487,1.593557,1.435427,3.587249
1773775936.389114,228.576797,565.564697,795.388184,794.141479,75.434868,28.782881,2,3.638438,1.719655,-1.91295,2.89397,0.393073,2.778691,148.000397,1.988487,1.593557,1.435427,3.587249
1773775937.159616,234.960815,542.973694,770.454346,777.934509,77.876129,30.203161,2,3.749604,1.640843,1.404712,2.888898,0.385534,2.651192,149.680801,1.988487,1.593557,1.435427,3.587249
1773775937.942574,228.576797,546.864319,782.921326,775.441101,76.636055,29.477003,2,3.872014,1.680189,1.877703,3.031482,0.384052,2.714185,180.732437,1.988487,1.593557,1.435427,3.587249
1773775938.735505,227.512787,564.135376,792.894836,791.648132,75.672081,28.73913,2,3.704788,1.722207,-0.57545,2.937507,0.391824,2.782907,111.526077,1.988487,1.593557,1.435427,3.587249
1773775939.512242,225.384796,548.809692,776.687805,774.194458,77.251114,29.112169,2,3.600033,1.700698,0.009823,2.796102,0.383311,2.747541,113.84182,1.988487,1.593557,1.435427,3.587249
1773775940.292707,230.704803,555.956543,780.427856,786.661377,76.880905,29.32708,2,3.791254,1.688555,2.371661,2.9588,0.389558,2.727748,157.499939,1.988487,1.593557,1.435427,3.587249
1773775941.086884,224.320801,562.340576,794.141479,786.661377,75.553291,28.515547,2,3.920453,1.735368,0.354451,3.113394,0.389279,2.804741,163.787354,1.988487,1.593557,1.435427,3.587249
1773775941.868595,219.000793,556.440308,781.674561,775.441101,76.758286,28.242094,2,3.85583,1.751748,0.586908,3.014004,0.383634,2.832121,164.586411,1.988487,1.593557,1.435427,3.587249
1773775942.637852,227.512787,551.668457,769.207703,779.181213,78.002342,29.198956,2,3.742517,1.695773,1.656445,2.878773,0.38581,2.739498,129.610016,1.988487,1.593557,1.435427,3.587249
1773775943.40959,219.000793,542.726746,771.70105,761.727539,77.750313,28.750542,2,3.915851,1.721541,0.272571,3.021866,0.377019,2.781806,139.49411,1.988487,1.593557,1.435427,3.587249
1773775944.190054,216.872803,561.061707,780.427856,777.934509,76.880905,27.878029,2,3.994948,1.774054,-0.972438,3.117769,0.384744,2.869773,119.019684,1.988487,1.593557,1.435427,3.587249
1773775944.970518,225.384796,565.016602,780.427856,790.401428,76.880905,28.515232,2,3.954839,1.735386,1.889637,3.086466,0.39113,2.804772,119.298653,1.988487,1.593557,1.435427,3.587249
1773775945.769695,221.128799,573.012695,799.128235,794.141479,75.081818,27.845013,2,3.936421,1.776106,0.729261,3.145705,0.392748,2.873258,145.042068,1.988487,1.593557,1.435427,3.587249
1773775946.56886,221.128799,577.999451,799.128235,799.128235,75.081818,27.671253,2,3.769295,1.786984,0.474406,3.01215,0.395154,2.891793,125.421898,1.988487,1.593557,1.435427,3.587249
1773775947.356804,230.704803,568.423462,787.908081,799.128235,76.151016,28.86956,2,3.801803,1.714623,1.865183,2.995471,0.395572,2.770393,141.385559,1.988487,1.593557,1.435427,3.587249
1773775948.143514,220.064789,554.129639,786.661377,774.194458,76.271698,28.425003,2,3.923199,1.740757,2.076821,3.086229,0.383079,2.813724,130.630615,1.988487,1.593557,1.435427,3.587249
1773775948.950159,226.448807,587.639771,806.608398,814.088562,74.385536,27.816236,2,3.858748,1.777898,0.98004,3.112499,0.402603,2.876304,125.936378,1.988487,1.593557,1.435427,3.587249
1773775949.738104,207.296799,558.170837,787.908081,765.467651,76.151016,27.081066,2,3.873719,1.824977,0.328088,3.052135,0.378312,2.957315,110.933853,1.988487,1.593557,1.435427,3.587249
1773775950.532293,223.256805,589.584961,794.141479,812.841797,75.553291,27.466208,2,3.930644,1.799999,0.581327,3.121488,0.401862,2.9141,122.083618,1.988487,1.593557,1.435427,3.587249
1773775951.327718,221.128799,571.766052,795.388184,792.894836,75.434868,27.888792,2,3.866594,1.773386,-0.259535,3.075443,0.392147,2.86864,112.5952,1.988487,1.593557,1.435427,3.587249
1773775952.116909,222.192795,568.208618,789.154724,790.401428,76.030716,28.111385,2,3.666602,1.75969,-0.663645,2.893516,0.39099,2.845478,115.491547,1.988487,1.593557,1.435427,3.587249
1773775952.903607,219.000793,563.920532,786.661377,782.921326,76.271698,27.97226,2,3.757742,1.768225,-0.119422,2.956071,0.387243,2.859893,112.22821,1.988487,1.593557,1.435427,3.587249
1773775953.68533,227.512787,564.135376,781.674561,791.648132,76.758286,28.73913,2,3.809641,1.722207,-0.332676,2.9779,0.391824,2.782907,111.765518,1.988487,1.593557,1.435427,3.587249
1773775954.473275,224.320801,559.847229,787.908081,784.16803,76.151016,28.606215,2,3.738539,1.730006,0.265926,2.945625,0.388076,2.795828,147.047134,1.988487,1.593557,1.435427,3.587249
1773775955.226312,231.768814,529.95874,753.000732,761.727539,79.681198,30.426735,2,3.783834,1.629107,1.906637,2.84923,0.377576,2.632658,112.601646,1.988487,1.593557,1.435427,3.587249
1773775956.004283,231.768814,546.16571,777.934509,777.934509,77.127312,29.792845,2,3.643178,1.66284,1.559144,2.834154,0.385394,2.686247,132.082123,1.988487,1.593557,1.435427,3.587249
1773775956.78102,230.704803,544.736328,776.687805,775.441101,77.251114,29.751429,2,3.689076,1.665094,2.170891,2.86526,0.384145,2.689862,147.442719,1.988487,1.593557,1.435427,3.587249
1773775957.56647,229.640793,554.527222,785.414673,784.16803,76.392769,29.284641,2,3.683852,1.690939,2.234705,2.893352,0.388309,2.731624,114.232658,1.988487,1.593557,1.435427,3.587249
1773775958.360648,217.936798,562.491089,794.141479,780.427856,75.553291,27.925297,2,3.69921,1.771125,-0.490413,2.937696,0.385993,2.864805,120.16954,1.988487,1.593557,1.435427,3.587249
1773775959.117426,223.256805,539.717407,756.740784,762.974243,79.287384,29.261381,2,3.837092,1.692248,0.686999,2.903684,0.377806,2.733755,127.429665,1.988487,1.593557,1.435427,3.587249
1773775959.896656,219.000793,555.193665,779.181213,774.194458,77.003906,28.287569,2,3.692379,1.749002,-0.368181,2.877033,0.383033,2.827515,119.882141,1.988487,1.593557,1.435427,3.587249
1773775960.655927,227.512787,541.694946,759.234192,769.207703,79.027,29.577551,2,3.76851,1.674626,2.10737,2.861182,0.380999,2.705199,145.571838,1.988487,1.593557,1.435427,3.587249
1773775961.422677,229.640793,539.566895,766.714294,769.207703,78.256004,29.854198,2,3.867916,1.659512,2.115448,2.965587,0.381092,2.680918,144.848572,1.988487,1.593557,1.435427,3.587249
1773775962.199401,223.256805,545.950928,776.687805,769.207703,77.251114,29.024256,2,3.928932,1.705717,2.135055,3.051554,0.380813,2.755759,125.279755,1.988487,1.593557,1.435427,3.587249
1773775962.969905,230.704803,548.47644,770.454346,779.181213,77.876129,29.60862,2,3.845157,1.672914,3.899062,2.962518,0.385949,2.702439,128.513214,1.988487,1.593557,1.435427,3.587249
1773775963.741642,238.152802,542.275024,771.70105,780.427856,77.750313,30.515671,2,3.843077,1.624486,4.437594,2.965706,0.386876,2.625392,126.902245,1.988487,1.593557,1.435427,3.587249
1773775964.52834,234.960815,547.96051,786.661377,782.921326,76.271698,30.010784,2,3.425731,1.651081,6.015225,2.69489,0.387939,2.667457,145.949265,1.988487,1.593557,1.435427,3.587249
1773775965.307557,238.152802,544.768555,779.181213,782.921326,77.003906,30.418486,2,3.375012,1.629537,2.94904,2.629746,0.388079,2.633335,147.824341,1.988487,1.593557,1.435427,3.587249
1773775966.071815,250.920792,528.260437,764.220947,779.181213,78.51133,32.203136,2,3.915709,1.54165,5.14822,2.992467,0.386832,2.498223,206.873413,1.988487,1.593557,1.435427,3.587249
1773775966.862265,240.280807,537.653687,790.401428,777.934509,75.910797,30.887022,2,3.675612,1.60548,3.217957,2.905209,0.385766,2.595699,119.080025,1.988487,1.593557,1.435427,3.587249
1773775967.641483,227.512787,536.70813,779.181213,764.220947,77.003906,29.77055,2,3.795388,1.664052,1.297057,2.957295,0.378593,2.688191,164.760788,1.988487,1.593557,1.435427,3.587249
1773775968.40948,224.320801,539.900146,767.960999,764.220947,78.128967,29.352873,2,3.8464,1.68711,1.393293,2.953885,0.378454,2.725401,155.504105,1.988487,1.593557,1.435427,3.587249
1773775969.187463,213.680801,551.786865,777.934509,765.467651,77.127312,27.915066,2,3.813915,1.771758,-1.617523,2.966976,0.378591,2.865879,133.902527,1.988487,1.593557,1.435427,3.587249
1773775969.949227,221.128799,549.325562,761.727539,770.454346,78.768318,28.701092,2,3.951737,1.724431,0.71439,3.010147,0.381321,2.786587,164.340286,1.988487,1.593557,1.435427,3.587249
1773775970.720965,223.256805,550.937622,771.70105,774.194458,77.750313,28.837303,2,3.907633,1.716492,2.702704,3.015525,0.383219,2.773473,145.687134,1.988487,1.593557,1.435427,3.587249
1773775971.498936,223.256805,554.677734,777.934509,777.934509,77.127312,28.698662,2,3.935249,1.724574,0.886962,3.061366,0.385023,2.786823,168.180435,1.988487,1.593557,1.435427,3.587249
1773775972.264439,230.704803,543.489624,765.467651,774.194458,78.383453,29.799335,2,3.967525,1.662487,2.920841,3.037012,0.383544,2.685682,144.479126,1.988487,1.593557,1.435427,3.587249
1773775973.04367,221.128799,546.832214,779.181213,767.960999,77.003906,28.794273,2,3.972066,1.718992,1.486518,3.094959,0.380119,2.777596,141.2892,1.988487,1.593557,1.435427,3.587249
1773775973.822887,215.808792,557.138977,779.181213,772.947754,77.003906,27.920231,2,3.97709,1.771438,-0.059903,3.098874,0.382292,2.865336,121.344254,1.988487,1.593557,1.435427,3.587249
1773775974.599612,215.808792,560.879028,776.687805,776.687805,77.251114,27.785784,2,3.779346,1.779799,-0.59693,2.935372,0.384096,2.879539,112.544586,1.988487,1.593557,1.435427,3.587249
1773775975.360129,222.192795,545.768188,760.480896,767.960999,78.897446,28.932821,2,3.782321,1.71097,2.295252,2.876383,0.380165,2.764381,141.62326,1.988487,1.593557,1.435427,3.587249
1773775976.119399,227.512787,537.954834,759.234192,765.467651,79.027,29.722065,2,3.972362,1.666696,1.577026,3.015953,0.379195,2.692434,143.589584,1.988487,1.593557,1.435427,3.587249
1773775976.882423,232.832794,536.374878,762.974243,769.207703,78.63961,30.269169,2,3.9592,1.63736,3.970808,3.020768,0.381231,2.645679,123.41465,1.988487,1.593557,1.435427,3.587249
1773775977.645433,249.856812,533.064514,762.974243,782.921326,78.63961,31.913399,2,3.934585,1.55525,7.33433,3.001987,0.38859,2.518702,207.135315,1.988487,1.593557,1.435427,3.587249
1773775978.418418,240.280807,521.446716,772.947754,761.727539,77.624908,31.544193,2,3.736151,1.572942,2.920217,2.887849,0.377948,2.545578,142.920456,1.988487,1.593557,1.435427,3.587249
1773775979.206362,228.576797,545.617676,787.908081,774.194458,76.151016,29.524469,2,3.520423,1.677558,-0.612718,2.77377,0.383451,2.709932,103.159309,1.988487,1.593557,1.435427,3.587249
1773775979.980605,221.128799,544.338867,774.194458,765.467651,77.499908,28.888065,2,3.706178,1.713553,-0.068091,2.869303,0.378916,2.768631,131.545471,1.988487,1.593557,1.435427,3.587249
1773775980.758576,223.256805,557.171021,777.934509,780.427856,77.127312,28.606976,2,3.849307,1.729961,1.022999,2.994509,0.386226,2.795753,124.10656,1.988487,1.593557,1.435427,3.587249
1773775981.545274,226.448807,563.952637,786.661377,790.401428,76.271698,28.649849,2,3.779176,1.727437,1.432029,2.972932,0.391176,2.791567,148.576736,1.988487,1.593557,1.435427,3.587249
1773775982.298311,224.320801,526.186584,753.000732,750.507385,79.681198,29.889219,2,3.658001,1.657619,0.159886,2.754477,0.371838,2.67789,106.879959,1.988487,1.593557,1.435427,3.587249
1773775983.050102,215.808792,525.971741,751.754089,741.780518,79.813332,29.093349,2,3.786357,1.70177,-2.313609,2.846409,0.367257,2.749294,109.303345,1.988487,1.593557,1.435427,3.587249
1773775983.810631,210.4888,543.758667,760.480896,754.247437,78.897446,27.907127,2,3.997664,1.77225,-0.468934,3.040147,0.373039,2.866712,137.051437,1.988487,1.593557,1.435427,3.587249
1773775984.508814,269.008789,497.705505,698.146362,766.714294,85.941864,35.085922,2,3.922553,1.418569,4.05221,2.738516,0.381608,2.320038,204.147202,1.988487,1.593557,1.435427,3.587249
1773775985.301745,237.088791,518.405334,792.894836,755.494141,75.672081,31.38195,2,3.820803,1.580848,1.171153,3.029495,0.374801,2.557674,137.309219,1.988487,1.593557,1.435427,3.587249
1773775986.07847,227.512787,537.954834,776.687805,765.467651,77.251114,29.722065,2,3.547129,1.666696,0.380887,2.755012,0.379195,2.692434,133.816803,1.988487,1.593557,1.435427,3.587249
1773775986.843973,234.960815,539.233643,765.467651,774.194458,78.383453,30.34907,2,3.614787,1.633164,1.86052,2.767003,0.38373,2.639052,153.558441,1.988487,1.593557,1.435427,3.587249
1773775987.625697,230.704803,545.983032,781.674561,776.687805,76.758286,29.703674,2,3.511588,1.667701,-1.205629,2.744919,0.384747,2.694049,131.888046,1.988487,1.593557,1.435427,3.587249
1773775988.384967,232.832794,528.894775,759.234192,761.727539,79.027,30.566416,2,3.388157,1.621862,0.373617,2.572405,0.377623,2.621274,141.288254,1.988487,1.593557,1.435427,3.587249
1773775989.141745,227.512787,522.994629,756.740784,750.507385,79.287384,30.314529,2,3.37053,1.634975,-0.454504,2.550617,0.371978,2.641911,118.499268,1.988487,1.593557,1.435427,3.587249
1773775989.867355,231.768814,498.791504,725.573547,730.560303,82.693199,31.724802,2,3.343768,1.564236,5.387727,2.426149,0.362541,2.532319,143.15976,1.988487,1.593557,1.435427,3.587249
1773775990.673999,227.512787,574.108887,806.608398,801.621643,74.385536,28.381569,2,2.874971,1.743354,0.238865,2.318976,0.396635,2.818061,130.722107,1.988487,1.593557,1.435427,3.587249
1773775991.443243,221.128799,540.598755,769.207703,761.727539,78.002342,29.029909,2,3.901938,1.705393,1.91387,3.001401,0.377112,2.755228,147.68959,1.988487,1.593557,1.435427,3.587249
1773775992.22746,219.000793,562.673767,784.16803,781.674561,76.514214,28.016876,2,4.074832,1.765478,0.92456,3.195353,0.386641,2.855248,177.403992,1.988487,1.593557,1.435427,3.587249
1773775993.009172,230.704803,564.68335,781.674561,795.388184,76.758286,29.00531,2,3.883957,1.706803,1.363368,3.03599,0.393768,2.757539,144.068359,1.988487,1.593557,1.435427,3.587249
1773775993.777169,237.088791,538.352295,767.960999,775.441101,78.128967,30.574699,2,4.037119,1.621434,3.454637,3.10035,0.384424,2.620604,169.861588,1.988487,1.593557,1.435427,3.587249
1773775994.565125,232.832794,550.088501,787.908081,782.921326,76.151016,29.738977,2,3.764446,1.665773,1.949045,2.966038,0.387846,2.690952,134.720322,1.988487,1.593557,1.435427,3.587249
1773775995.33811,237.088791,540.845703,772.947754,777.934509,77.624908,30.476704,2,3.73923,1.626507,2.816307,2.890229,0.385627,2.628568,133.362198,1.988487,1.593557,1.435427,3.587249
1773775996.117327,223.256805,539.717407,779.181213,762.974243,77.003906,29.261381,2,3.66987,1.692248,0.869043,2.859494,0.377806,2.733755,127.064819,1.988487,1.593557,1.435427,3.587249
1773775996.887818,231.768814,548.659058,770.454346,780.427856,77.876129,29.69766,2,3.631703,1.668029,2.251853,2.798061,0.386597,2.694577,120.162529,1.988487,1.593557,1.435427,3.587249
1773775997.678268,230.704803,558.449951,790.401428,789.154724,75.910797,29.234419,2,3.550414,1.693769,0.769907,2.806252,0.390761,2.736231,116.986183,1.988487,1.593557,1.435427,3.587249
1773775998.459979,222.192795,549.50824,781.674561,771.70105,76.758286,28.792599,2,3.740495,1.71909,0.802989,2.92385,0.381969,2.777757,137.772171,1.988487,1.593557,1.435427,3.587249
1773775999.231717,227.512787,550.421753,771.70105,777.934509,77.750313,29.245752,2,3.837501,1.693129,2.141627,2.961404,0.385209,2.735189,151.22142,1.988487,1.593557,1.435427,3.587249
1773775999.998468,236.024811,540.662964,766.714294,776.687805,78.256004,30.388632,2,3.9529,1.631095,3.784247,3.030745,0.384979,2.635789,173.879364,1.988487,1.593557,1.435427,3.587249
1773776000.783931,225.384796,547.562988,785.414673,772.947754,76.392769,29.159126,2,3.931802,1.69803,1.157458,3.088095,0.38271,2.743181,126.092651,1.988487,1.593557,1.435427,3.587249
1773776001.553175,223.256805,543.45752,769.207703,766.714294,78.002342,29.118645,2,4.059136,1.70033,2.280015,3.122319,0.37961,2.746939,134.055939,1.988487,1.593557,1.435427,3.587249
1773776002.342366,212.616806,564.070984,789.154724,776.687805,76.030716,27.374809,2,3.900614,1.805863,-0.911193,3.078188,0.383957,2.924198,122.325882,1.988487,1.593557,1.435427,3.587249
1773776003.110364,212.616806,555.344177,767.960999,767.960999,78.128967,27.685886,2,3.57405,1.786063,3.643363,2.744731,0.379747,2.890219,107.949547,1.988487,1.593557,1.435427,3.587249
1773776003.872128,220.064789,550.389526,761.727539,770.454346,78.768318,28.56299,2,3.739624,1.732558,1.987378,2.848575,0.381275,2.800067,151.315964,1.988487,1.593557,1.435427,3.587249
1773776004.663824,213.680801,570.487244,791.648132,784.16803,75.791245,27.249363,2,4.182612,1.813976,0.434568,3.311157,0.387612,2.938216,139.088028,1.988487,1.593557,1.435427,3.587249
1773776005.466729,214.744797,589.370178,802.868286,804.11499,74.732056,26.705732,2,4.054697,1.850013,0.253001,3.255388,0.397281,3.001161,155.668655,1.988487,1.593557,1.435427,3.587249
1773776006.260907,211.552795,578.848633,794.141479,790.401428,75.553291,26.765234,2,4.112096,1.845997,-0.560213,3.265586,0.390526,2.994092,136.912491,1.988487,1.593557,1.435427,3.587249
1773776007.052603,222.192795,581.92218,791.648132,804.11499,75.791245,27.631968,2,4.025716,1.789463,1.554224,3.18695,0.397606,2.89603,142.999924,1.988487,1.593557,1.435427,3.587249
1773776007.840548,213.680801,564.253723,787.908081,777.934509,76.151016,27.46771,2,4.035824,1.799903,0.483218,3.179858,0.384605,2.913935,147.15004,1.988487,1.593557,1.435427,3.587249
1773776008.628493,213.680801,574.227295,787.908081,787.908081,76.151016,27.120014,2,4.116333,1.822419,-1.704727,3.243292,0.389416,2.952865,120.61528,1.988487,1.593557,1.435427,3.587249
1773776009.41271,220.064789,571.583374,784.16803,791.648132,76.514214,27.798307,2,3.610379,1.779017,3.818174,2.831144,0.391499,2.878208,135.559921,1.988487,1.593557,1.435427,3.587249
1773776010.206888,216.872803,573.528625,794.141479,790.401428,75.553291,27.438311,2,3.382844,1.801785,-0.925366,2.686456,0.390758,2.917172,121.395111,1.988487,1.593557,1.435427,3.587249
1773776011.006052,220.064789,582.803467,799.128235,802.868286,75.081818,27.409824,2,3.852172,1.803612,-1.198469,3.07838,0.396912,2.920318,107.161499,1.988487,1.593557,1.435427,3.587249
1773776011.79275,225.384796,567.51001,786.661377,792.894836,76.271698,28.42556,2,3.895701,1.740723,-1.469039,3.064598,0.392333,2.813668,115.749146,1.988487,1.593557,1.435427,3.587249
1773776012.584447,233.896805,567.724854,791.648132,801.621643,75.791245,29.177956,2,3.822403,1.696962,0.182284,3.025998,0.396914,2.741438,94.168427,1.988487,1.593557,1.435427,3.587249
1773776013.369898,217.936798,548.777466,785.414673,766.714294,76.392769,28.424772,2,3.785685,1.74077,-0.301319,2.973333,0.379378,2.813746,122.123093,1.988487,1.593557,1.435427,3.587249
1773776014.162829,222.192795,575.688782,792.894836,797.881592,75.672081,27.847841,2,3.854108,1.77593,-0.809486,3.055902,0.394599,2.872959,130.22467,1.988487,1.593557,1.435427,3.587249
1773776014.950786,219.000793,565.167236,787.908081,784.16803,76.151016,27.92779,2,3.770693,1.770971,-1.636543,2.970959,0.387844,2.864544,113.144409,1.988487,1.593557,1.435427,3.587249
1773776015.726263,227.512787,557.901855,775.441101,785.414673,77.375313,28.96722,2,3.82241,1.70899,0.451789,2.964053,0.388817,2.761128,119.465462,1.988487,1.593557,1.435427,3.587249
1773776016.516701,227.512787,562.888672,790.401428,790.401428,75.910797,28.78446,2,3.809539,1.719563,1.641685,3.011065,0.391223,2.77854,142.287735,1.988487,1.593557,1.435427,3.587249
1773776017.297166,230.704803,553.463257,780.427856,784.16803,76.880905,29.420328,2,3.733116,1.683342,1.436178,2.913428,0.388355,2.719289,135.196457,1.988487,1.593557,1.435427,3.587249
1773776018.093849,223.256805,564.651245,796.634888,787.908081,75.316811,28.335386,2,3.689217,1.746124,-1.067205,2.938959,0.389834,2.822695,118.243057,1.988487,1.593557,1.435427,3.587249
1773776018.880547,230.704803,564.68335,786.661377,795.388184,76.271698,29.00531,2,3.708808,1.706803,1.17163,2.917576,0.393768,2.757539,146.365875,1.988487,1.593557,1.435427,3.587249
1773776019.675972,227.512787,564.135376,795.388184,791.648132,75.434868,28.73913,2,3.667071,1.722207,-0.751179,2.916745,0.391824,2.782907,114.324661,1.988487,1.593557,1.435427,3.587249
1773776020.476395,228.576797,573.044861,800.374939,801.621643,74.964867,28.514299,2,3.653026,1.735442,-1.747943,2.92379,0.396682,2.804864,106.483292,1.988487,1.593557,1.435427,3.587249
1773776021.271819,234.960815,567.907471,795.388184,802.868286,75.434868,29.265177,2,3.744883,1.692034,0.532089,2.978636,0.397562,2.733407,123.924591,1.988487,1.593557,1.435427,3.587249
1773776022.058517,228.576797,550.604431,786.661377,779.181213,76.271698,29.33551,2,3.557775,1.688082,0.192418,2.798765,0.385856,2.726981,133.72728,1.988487,1.593557,1.435427,3.587249
1773776022.855201,223.256805,567.144653,796.634888,790.401428,75.316811,28.246004,2,3.480467,1.751511,-0.709542,2.772662,0.391037,2.831724,120.950836,1.988487,1.593557,1.435427,3.587249
1773776023.636912,227.512787,559.14856,781.674561,786.661377,76.758286,28.921312,2,3.546808,1.711633,-0.292654,2.77245,0.389418,2.765472,117.63028,1.988487,1.593557,1.435427,3.587249
1773776024.419869,228.576797,555.591248,782.921326,784.16803,76.636055,29.148956,2,3.677623,1.698607,0.242647,2.87929,0.388262,2.744123,133.100021,1.988487,1.593557,1.435427,3.587249
1773776025.215307,217.936798,564.984497,795.388184,782.921326,75.434868,27.836359,2,3.653662,1.776644,-0.401484,2.90608,0.387196,2.874173,116.708435,1.988487,1.593557,1.435427,3.587249
1773776025.992031,225.384796,560.029907,776.687805,785.414673,77.251114,28.696281,2,3.912238,1.724713,1.298892,3.038588,0.388724,2.787054,131.215408,1.988487,1.593557,1.435427,3.587249
1773776026.79743,226.448807,580.159607,805.361694,806.608398,74.500687,28.074192,2,3.751052,1.761963,0.479216,3.020954,0.398994,2.849312,98.773628,1.988487,1.593557,1.435427,3.587249
1773776027.587867,216.872803,562.308411,790.401428,779.181213,75.910797,27.833424,2,3.640497,1.776827,-0.627405,2.877454,0.385345,2.874484,104.422073,1.988487,1.593557,1.435427,3.587249
1773776028.375824,229.640793,573.227478,787.908081,802.868286,76.151016,28.602549,2,3.616448,1.730222,-0.601667,2.849429,0.39733,2.796187,100.520699,1.988487,1.593557,1.435427,3.587249
1773776029.153795,234.960815,549.207214,777.934509,784.16803,77.127312,29.96307,2,3.713895,1.653641,1.963071,2.889167,0.388541,2.671537,126.193916,1.988487,1.593557,1.435427,3.587249
1773776029.940493,228.576797,550.604431,786.661377,779.181213,76.271698,29.33551,2,3.78305,1.688082,2.086184,2.975979,0.385856,2.726981,116.401741,1.988487,1.593557,1.435427,3.587249
1773776030.738422,231.768814,569.852844,797.881592,801.621643,75.199127,28.912493,2,3.600103,1.712142,-1.388224,2.872456,0.396821,2.766309,105.368637,1.988487,1.593557,1.435427,3.587249
1773776031.530107,236.024811,560.610107,791.648132,796.634888,75.791245,29.627728,2,3.558619,1.671864,1.26335,2.817174,0.394601,2.700746,131.454422,1.988487,1.593557,1.435427,3.587249
1773776032.301845,242.408798,536.7724,771.70105,779.181213,77.750313,31.11071,2,3.661886,1.59425,3.029671,2.825881,0.38646,2.578299,136.361679,1.988487,1.593557,1.435427,3.587249
1773776033.079816,245.600784,536.073792,777.934509,781.674561,77.127312,31.419827,2,3.640637,1.578995,3.163395,2.832177,0.387802,2.554833,133.503265,1.988487,1.593557,1.435427,3.587249
1773776033.876499,232.832794,548.841797,796.634888,781.674561,75.316811,29.786411,2,3.248033,1.66319,-0.068312,2.587496,0.387245,2.686808,99.063187,1.988487,1.593557,1.435427,3.587249
1773776034.664444,240.280807,556.354065,787.908081,796.634888,76.151016,30.161974,2,3.414698,1.643024,1.796154,2.690468,0.394787,2.654649,119.913185,1.988487,1.593557,1.435427,3.587249
1773776035.428701,258.368805,527.045898,764.220947,785.414673,78.51133,32.895844,2,3.623385,1.510106,3.003124,2.769067,0.390164,2.45133,122.313881,1.988487,1.593557,1.435427,3.587249
1773776036.225385,257.30481,538.083374,796.634888,795.388184,75.316811,32.34959,2,3.419811,1.534868,3.525868,2.724341,0.394929,2.48807,145.255173,1.988487,1.593557,1.435427,3.587249
1773776037.028289,237.088791,542.092407,802.868286,779.181213,74.732056,30.427938,2,3.561383,1.629044,1.948972,2.859322,0.386228,2.632559,154.725327,1.988487,1.593557,1.435427,3.587249
1773776037.816234,232.832794,550.088501,787.908081,782.921326,76.151016,29.738977,2,3.669885,1.665773,1.303666,2.891532,0.387846,2.690952,137.315155,1.988487,1.593557,1.435427,3.587249
1773776038.586725,231.768814,537.438904,770.454346,769.207703,77.876129,30.130848,2,3.808418,1.644676,3.122749,2.934212,0.381185,2.657271,158.138794,1.988487,1.593557,1.435427,3.587249
1773776039.359722,234.960815,541.72699,772.947754,776.687805,77.624908,30.251642,2,3.815806,1.638283,1.946548,2.949419,0.384932,2.64714,151.94902,1.988487,1.593557,1.435427,3.587249
1773776040.141433,226.448807,545.252258,781.674561,771.70105,76.758286,29.344112,2,3.738917,1.6876,-0.15401,2.922616,0.382155,2.726198,120.36235,1.988487,1.593557,1.435427,3.587249
1773776040.92065,223.256805,552.184326,779.181213,775.441101,77.003906,28.790941,2,3.800991,1.719186,-1.072455,2.96166,0.38382,2.777916,115.822845,1.988487,1.593557,1.435427,3.587249
1773776041.662467,243.472794,521.994873,741.780518,765.467651,80.886459,31.807064,2,3.855606,1.560303,2.930791,2.860013,0.379891,2.526351,121.702782,1.988487,1.593557,1.435427,3.587249
1773776042.44419,242.408798,538.019043,781.674561,780.427856,76.758286,31.061012,2,3.832907,1.596731,4.104826,2.996086,0.387062,2.582134,157.586182,1.988487,1.593557,1.435427,3.587249
1773776043.239615,229.640793,550.787048,795.388184,780.427856,75.434868,29.424986,2,3.719299,1.683082,1.163222,2.958287,0.386504,2.718869,140.202438,1.988487,1.593557,1.435427,3.587249
1773776044.037532,223.256805,567.144653,797.881592,790.401428,75.199127,28.246004,2,3.65665,1.751511,-0.844184,2.917573,0.391037,2.831724,120.453186,1.988487,1.593557,1.435427,3.587249
1773776044.81301,236.024811,554.376587,775.441101,790.401428,77.375313,29.861385,2,3.694682,1.659123,2.347795,2.865008,0.391594,2.680295,142.941483,1.988487,1.593557,1.435427,3.587249
1773776045.5885,226.448807,537.772156,775.441101,764.220947,77.375313,29.631325,2,3.810125,1.671666,1.094708,2.954528,0.378547,2.700428,141.165665,1.988487,1.593557,1.435427,3.587249
1773776046.377692,228.576797,563.07135,789.154724,791.648132,76.030716,28.873535,2,3.727906,1.714393,0.433613,2.941895,0.391871,2.770014,123.368202,1.988487,1.593557,1.435427,3.587249
1773776047.166883,236.024811,561.856812,789.154724,797.881592,76.030716,29.581434,2,3.449446,1.674412,0.137856,2.722147,0.395203,2.704853,114.090042,1.988487,1.593557,1.435427,3.587249
1773776047.952346,227.512787,547.928345,785.414673,775.441101,76.392769,29.33979,2,3.483514,1.687843,-1.08336,2.736003,0.384006,2.726591,107.548279,1.988487,1.593557,1.435427,3.587249
1773776048.734057,230.704803,554.709839,781.674561,785.414673,76.758286,29.373631,2,3.553997,1.685948,-0.209453,2.778069,0.388956,2.723516,107.061043,1.988487,1.593557,1.435427,3.587249
1773776049.500808,254.112808,540.028687,766.714294,794.141479,78.256004,31.998432,2,3.530104,1.551233,2.013264,2.706581,0.394188,2.512637,114.633392,1.988487,1.593557,1.435427,3.587249
1773776050.301219,250.920792,545.714111,800.374939,796.634888,74.964867,31.497589,2,3.295305,1.575205,1.914825,2.63748,0.395252,2.549034,122.259949,1.988487,1.593557,1.435427,3.587249
1773776051.091669,272.200806,543.13446,790.401428,815.335266,75.910797,33.385139,2,2.992625,1.488613,-0.264969,2.365375,0.405202,2.419863,90.054192,1.988487,1.593557,1.435427,3.587249
1773776051.908287,320.080811,552.602112,816.581909,872.682922,73.477013,36.677788,2,2.56051,1.358896,7.116156,2.090867,0.434957,2.238282,97.837067,1.988487,1.593557,1.435427,3.587249
1773776052.686259,671.947266,451.320312,777.934509,1123.267578,77.127312,59.820766,3,1.034928,0.815127,2.745816,0.805106,0.547722,1.599628,56.285789,5.217613,3.302011,0.468735,3.811238
1773776053.798367,650.429871,439.177185,1112.047363,1089.607056,53.954536,59.693985,3,0.658679,0.819059,15.606637,0.732483,0.53274,1.181933,33.499104,5.217613,3.302011,0.468735,3.811238
1773776054.806988,699.441833,360.24469,1008.572205,1059.686523,59.49004,66.004601,3,0.68066,0.810455,3.41368,0.686495,0.566866,1.288361,41.00893,5.217613,3.302011,0.468735,3.811238
1773776056.102371,722.154663,596.843384,1295.310913,1318.998047,46.320927,54.750244,3,0.1,0.806864,10.013528,0.129531,0.582681,1.008848,10.0,5.217613,3.302011,0.468735,3.811238
1773776057.288034,324.336792,468.558044,1185.602173,792.894836,50.607193,40.905399,2,1.4882,1.222965,1.055457,1.764413,0.396653,2.063341,34.683502,1.988487,1.593557,1.435427,3.587249
1773776058.157013,269.008789,535.106201,868.942871,804.11499,69.049416,33.454018,2,2.488384,1.485638,-2.315335,2.162263,0.39965,2.415539,109.07373,1.988487,1.593557,1.435427,3.587249
1773776058.923764,278.584808,499.349701,766.714294,777.934509,78.256004,35.810833,2,2.856096,1.390737,1.656959,2.18981,0.387438,2.28153,99.186531,1.988487,1.593557,1.435427,3.587249
1773776059.722941,281.776794,521.091492,799.128235,802.868286,75.081818,35.096268,2,2.810039,1.418164,0.588597,2.245581,0.399606,2.319473,105.767738,1.988487,1.593557,1.435427,3.587249
1773776060.529585,429.672791,550.225525,806.608398,979.898315,74.385536,43.848713,2,2.468015,1.143805,-0.954336,1.990722,0.491462,1.968696,83.333092,1.988487,1.593557,1.435427,3.587249
1773776061.399824,701.832642,416.448242,870.189575,1118.280884,68.950493,62.75996,3,1.732324,0.810066,15.658271,1.50745,0.568531,1.35281,35.199821,5.217613,3.302011,0.468735,3.811238
1773776062.56554,878.753906,471.411377,1165.655151,1350.165283,51.473198,65.084915,3,1.364693,0.787158,8.470231,1.590762,0.691718,1.111128,21.253883,5.217613,3.302011,0.468735,3.811238
1773776096.927299,215.808792,529.711792,748.013916,745.520569,80.21241,28.947395,2,4.188766,1.71013,1.998981,3.133255,0.369061,2.763002,140.886139,1.988487,1.593557,1.435427,3.587249
1773776097.68657,204.104813,541.415771,759.234192,745.520569,79.027,27.377489,2,4.383013,1.805691,-1.133002,3.327734,0.36855,2.9239,134.613647,1.988487,1.593557,1.435427,3.587249
1773776098.427141,186.0168,533.323364,740.533813,719.340149,81.022636,25.859365,2,4.537264,1.909134,-1.205445,3.359998,0.355131,3.106816,154.440033,1.988487,1.593557,1.435427,3.587249
1773776099.20263,200.912796,591.982056,775.441101,792.894836,77.375313,25.339148,2,4.281987,1.947433,0.224913,3.320429,0.391264,3.176845,186.152664,1.988487,1.593557,1.435427,3.587249
1773776099.938213,196.656799,533.903503,735.547058,730.560303,81.571938,26.918625,2,4.667818,1.835727,0.850722,3.433399,0.361008,2.976076,205.90007,1.988487,1.593557,1.435427,3.587249
1773776100.66133,209.424805,528.615662,723.0802,738.040466,82.978348,28.37579,2,4.738356,1.7437,1.810878,3.426211,0.365174,2.81864,205.515427,1.988487,1.593557,1.435427,3.587249
1773776101.406887,198.784805,534.268921,745.520569,733.053711,80.480675,27.117359,2,4.338298,1.822593,-0.497536,3.23429,0.362304,2.953167,153.373138,1.988487,1.593557,1.435427,3.587249
1773776102.147458,204.104813,542.662476,740.533813,746.767273,81.022636,27.331785,2,4.316357,1.808637,-0.009748,3.196409,0.369152,2.928985,145.884445,1.988487,1.593557,1.435427,3.587249
1773776102.875561,210.4888,525.058228,728.066956,735.547058,82.410004,28.616634,2,4.345941,1.729392,1.235886,3.164136,0.364018,2.794809,140.254929,1.988487,1.593557,1.435427,3.587249
1773776103.609898,205.168793,522.898193,734.300354,728.066956,81.710434,28.179935,2,4.333261,1.755515,0.36565,3.181916,0.360177,2.838451,158.040421,1.988487,1.593557,1.435427,3.587249
1773776104.335508,215.808792,522.231689,725.573547,738.040466,82.693199,29.240782,2,4.321162,1.69341,3.362476,3.135321,0.365453,2.735646,177.877579,1.988487,1.593557,1.435427,3.587249
1773776105.086051,199.848801,531.958191,750.507385,731.807007,79.945915,27.30895,2,4.254136,1.810113,1.441833,3.19276,0.361749,2.931534,186.511673,1.988487,1.593557,1.435427,3.587249
1773776105.811662,203.040817,526.272766,725.573547,729.313599,82.693199,27.839989,2,4.376443,1.776418,1.428284,3.175432,0.360685,2.873789,170.9384,1.988487,1.593557,1.435427,3.587249
1773776106.553479,200.912796,538.374329,741.780518,739.287109,80.886459,27.176559,2,4.463213,1.818718,3.342245,3.310725,0.365404,2.946436,142.134369,1.988487,1.593557,1.435427,3.587249
1773776107.277842,212.616806,525.423645,724.326904,738.040466,82.835526,28.808287,2,4.553926,1.718177,4.307836,3.298531,0.365313,2.776252,140.79982,1.988487,1.593557,1.435427,3.587249
1773776108.039619,199.848801,546.918457,761.727539,746.767273,78.768318,26.76186,2,4.380785,1.846224,1.80515,3.336965,0.368966,2.994492,189.663284,1.988487,1.593557,1.435427,3.587249
1773776108.780188,205.168793,541.598511,740.533813,746.767273,81.022636,27.47426,2,4.369821,1.799484,1.787269,3.236,0.369198,2.913215,152.121811,1.988487,1.593557,1.435427,3.587249
1773776109.529485,207.296799,544.457275,749.26062,751.754089,80.078941,27.575081,2,4.377847,1.793064,1.061295,3.280149,0.371697,2.902196,131.548416,1.988487,1.593557,1.435427,3.587249
1773776110.278783,203.040817,541.233032,749.26062,744.273865,80.078941,27.28039,2,4.411214,1.811962,1.449617,3.305149,0.367902,2.934731,162.085114,1.988487,1.593557,1.435427,3.587249
1773776111.026833,201.976791,544.790466,748.013916,746.767273,80.21241,27.046818,2,4.47015,1.827233,1.604123,3.343735,0.369059,2.961243,167.407028,1.988487,1.593557,1.435427,3.587249
1773776111.767404,208.360794,539.653137,740.533813,748.013916,81.022636,27.855202,2,4.574718,1.775472,1.451306,3.387734,0.369939,2.872181,143.765915,1.988487,1.593557,1.435427,3.587249
1773776112.519194,198.784805,541.749023,751.754089,740.533813,79.813332,26.843447,2,4.432739,1.840746,1.77853,3.33233,0.365912,2.984869,173.221054,1.988487,1.593557,1.435427,3.587249
1773776113.254778,206.232788,538.041077,735.547058,744.273865,81.571938,27.709261,2,4.49495,1.784593,1.429863,3.306247,0.368042,2.88771,147.632034,1.988487,1.593557,1.435427,3.587249
1773776114.01406,197.720795,551.539795,759.234192,749.26062,79.027,26.388788,2,4.385222,1.871708,0.80343,3.32941,0.370076,3.039588,157.076706,1.988487,1.593557,1.435427,3.587249
1773776114.762111,198.784805,550.47583,748.013916,749.26062,80.21241,26.530796,2,4.446455,1.861923,2.128629,3.32601,0.370122,3.022207,188.274216,1.988487,1.593557,1.435427,3.587249
1773776115.516395,200.912796,555.828003,754.247437,756.740784,79.549492,26.549751,2,4.451752,1.860625,1.044295,3.357723,0.373823,3.019907,168.945526,1.988487,1.593557,1.435427,3.587249
1773776116.258212,203.040817,541.233032,741.780518,744.273865,80.886459,27.28039,2,4.493292,1.811962,1.998907,3.333037,0.367902,2.934731,183.844101,1.988487,1.593557,1.435427,3.587249
1773776116.995042,207.296799,534.483704,736.793762,741.780518,81.433914,27.945841,2,4.485579,1.769855,1.433608,3.304947,0.366885,2.862653,189.283554,1.988487,1.593557,1.435427,3.587249
1773776117.739352,205.168793,536.611694,744.273865,741.780518,80.615486,27.658962,2,4.429178,1.787759,1.983449,3.296521,0.366792,2.893117,180.807053,1.988487,1.593557,1.435427,3.587249
1773776118.486156,208.360794,542.146606,746.767273,750.507385,80.346313,27.762657,2,4.362422,1.781245,1.673813,3.257714,0.371142,2.882002,132.021545,1.988487,1.593557,1.435427,3.587249
1773776119.250413,198.784805,554.215942,764.220947,753.000732,78.51133,26.399019,2,4.236467,1.871,0.333082,3.237597,0.371926,3.038326,153.938126,1.988487,1.593557,1.435427,3.587249
1773776120.00471,203.040817,556.193359,754.247437,759.234192,79.549492,26.742844,2,4.28092,1.847506,-0.177398,3.228873,0.375119,2.996747,146.977524,1.988487,1.593557,1.435427,3.587249
1773776120.751514,208.360794,544.639954,746.767273,753.000732,80.346313,27.670729,2,4.315235,1.787017,1.706307,3.222476,0.372344,2.89185,146.11705,1.988487,1.593557,1.435427,3.587249
1773776121.505797,208.360794,545.886658,754.247437,754.247437,79.549492,27.624992,2,4.29865,1.789904,2.226701,3.242246,0.372946,2.896784,147.488419,1.988487,1.593557,1.435427,3.587249
1773776122.253847,207.296799,539.470459,748.013916,746.767273,80.21241,27.759224,2,4.314491,1.78146,1.455271,3.227299,0.369291,2.882368,137.295151,1.988487,1.593557,1.435427,3.587249
1773776123.011871,203.040817,549.9599,757.987488,753.000732,79.156982,26.964226,2,4.284528,1.832696,0.003544,3.247618,0.372112,2.970776,161.289932,1.988487,1.593557,1.435427,3.587249
1773776123.761168,204.104813,546.402588,749.26062,750.507385,80.078941,27.195576,2,4.288101,1.817477,0.364438,3.212905,0.370956,2.944283,142.911316,1.988487,1.593557,1.435427,3.587249
1773776124.515452,207.296799,550.690674,754.247437,757.987488,79.549492,27.348312,2,4.378379,1.80757,1.177211,3.302381,0.374704,2.927143,165.392441,1.988487,1.593557,1.435427,3.587249
1773776125.280968,201.976791,557.257385,765.467651,759.234192,78.383453,26.602701,2,4.176758,1.857009,-0.061189,3.197173,0.375073,3.013508,147.693329,1.988487,1.593557,1.435427,3.587249
1773776126.014059,215.808792,533.451843,733.053711,749.26062,81.849388,28.802902,2,4.183885,1.71849,2.184109,3.067013,0.370865,2.776768,148.935699,1.988487,1.593557,1.435427,3.587249
1773776126.769589,211.552795,538.95459,755.494141,750.507385,79.418221,28.187969,2,4.187447,1.755028,1.524887,3.163591,0.371281,2.837631,164.073105,1.988487,1.593557,1.435427,3.587249
1773776127.535093,203.040817,552.453308,765.467651,755.494141,78.383453,26.875233,2,4.117399,1.83862,0.508627,3.151736,0.373315,2.981143,172.511581,1.988487,1.593557,1.435427,3.587249
1773776128.275664,217.936798,540.050659,740.533813,757.987488,81.022636,28.752031,2,4.113512,1.721454,3.746612,3.046194,0.375168,2.781662,159.819046,1.988487,1.593557,1.435427,3.587249
1773776129.057375,212.616806,562.82428,781.674561,775.441101,76.758286,27.418821,2,3.990825,1.803034,0.104113,3.119527,0.383355,2.919323,157.165543,1.988487,1.593557,1.435427,3.587249
1773776129.811671,229.640793,544.55365,754.247437,774.194458,79.549492,29.6619,2,4.037341,1.669988,2.789136,3.045154,0.383497,2.697726,159.322617,1.988487,1.593557,1.435427,3.587249
1773776130.577175,225.384796,535.096069,765.467651,760.480896,78.383453,29.63714,2,3.775033,1.671346,1.196561,2.889666,0.376696,2.699914,131.572601,1.988487,1.593557,1.435427,3.587249
1773776131.341432,224.320801,538.653442,764.220947,762.974243,78.51133,29.400835,2,3.89898,1.684429,0.776112,2.979682,0.377852,2.721051,146.180786,1.988487,1.593557,1.435427,3.587249
1773776132.114417,224.320801,548.626953,772.947754,772.947754,77.624908,29.021469,2,3.826479,1.705877,-0.003873,2.957668,0.382664,2.75602,133.561783,1.988487,1.593557,1.435427,3.587249
1773776132.896128,219.000793,556.440308,781.674561,775.441101,76.758286,28.242094,2,3.795835,1.751748,0.506718,2.967107,0.383634,2.832121,152.530243,1.988487,1.593557,1.435427,3.587249
1773776133.64045,213.680801,524.35968,744.273865,738.040466,80.615486,28.95245,2,4.295849,1.709839,0.144355,3.197288,0.36536,2.762524,131.520767,1.988487,1.593557,1.435427,3.587249
1773776134.415928,194.528793,558.471924,775.441101,753.000732,77.375313,25.833813,2,4.349863,1.910979,0.409086,3.373063,0.37174,3.110162,175.932663,1.988487,1.593557,1.435427,3.587249
1773776135.158991,212.616806,551.604126,743.027161,764.220947,80.750748,27.821381,2,4.441857,1.777577,3.118784,3.300421,0.377943,2.875759,163.320923,1.988487,1.593557,1.435427,3.587249
1773776135.929482,204.104813,556.376099,770.454346,760.480896,77.876129,26.838913,2,4.38242,1.841049,-0.236183,3.376455,0.375767,2.985401,135.973969,1.988487,1.593557,1.435427,3.587249
1773776136.687506,200.912796,553.334656,757.987488,754.247437,79.156982,26.637518,2,4.337279,1.854639,-2.52947,3.287604,0.372621,3.00932,142.145905,1.988487,1.593557,1.435427,3.587249
1773776137.40813,219.000793,522.779724,720.586792,741.780518,83.265472,29.523664,2,4.222647,1.677603,0.305213,3.042784,0.367396,2.710004,152.060226,1.988487,1.593557,1.435427,3.587249
1773776138.138726,233.896805,514.117126,730.560303,748.013916,82.128746,31.269043,2,4.150685,1.586399,3.923223,3.032326,0.371054,2.566197,195.817413,1.988487,1.593557,1.435427,3.587249
1773776138.929176,222.192795,554.494995,790.401428,776.687805,75.910797,28.607735,2,3.904297,1.729916,1.432543,3.085962,0.384375,2.795679,167.116409,1.988487,1.593557,1.435427,3.587249
1773776139.688447,220.064789,536.676025,759.234192,756.740784,79.027,29.080603,2,4.01722,1.702497,1.89966,3.05001,0.37466,2.750484,157.859085,1.988487,1.593557,1.435427,3.587249
1773776140.457691,221.128799,549.325562,769.207703,770.454346,78.002342,28.701092,2,3.982729,1.724431,2.694736,3.063546,0.381321,2.786587,178.505432,1.988487,1.593557,1.435427,3.587249
1773776141.220702,225.384796,542.576172,762.974243,767.960999,78.63961,29.348469,2,3.880412,1.687356,1.708877,2.960655,0.380304,2.725801,146.760605,1.988487,1.593557,1.435427,3.587249
1773776141.978725,224.320801,532.419983,757.987488,756.740784,79.156982,29.643017,2,3.990346,1.671024,2.05446,3.024632,0.374845,2.699394,151.130157,1.988487,1.593557,1.435427,3.587249
1773776142.747982,220.064789,544.156128,769.207703,764.220947,78.002342,28.795963,2,3.963708,1.718894,2.209848,3.048915,0.378268,2.777434,153.440842,1.988487,1.593557,1.435427,3.587249
1773776143.503513,222.192795,535.794678,755.494141,757.987488,79.418221,29.313517,2,3.980339,1.689316,2.380473,3.007123,0.375354,2.728985,145.627502,1.988487,1.593557,1.435427,3.587249
1773776144.26777,222.192795,542.028137,764.220947,764.220947,78.51133,29.074419,2,4.006125,1.70285,1.671206,3.061565,0.378361,2.751061,145.936661,1.988487,1.593557,1.435427,3.587249
1773776145.023301,221.128799,533.118652,755.494141,754.247437,79.418221,29.317804,2,4.008785,1.689076,2.219761,3.028614,0.373503,2.728594,135.0961,1.988487,1.593557,1.435427,3.587249
1773776145.783817,220.064789,539.169434,760.480896,759.234192,78.897446,28.985102,2,4.070354,1.707962,1.757822,3.095427,0.375862,2.759442,159.43721,1.988487,1.593557,1.435427,3.587249
1773776146.535608,226.448807,532.7854,751.754089,759.234192,79.813332,29.825951,2,4.034568,1.661043,3.208778,3.033003,0.376141,2.683367,147.382675,1.988487,1.593557,1.435427,3.587249
1773776147.312345,214.744797,548.229431,776.687805,762.974243,77.251114,28.145746,2,3.838579,1.757595,0.107858,2.981378,0.377434,2.84195,142.458817,1.988487,1.593557,1.435427,3.587249
1773776148.066629,223.256805,540.964111,754.247437,764.220947,79.549492,29.213646,2,3.910372,1.694942,1.96946,2.949389,0.378407,2.738143,148.221176,1.988487,1.593557,1.435427,3.587249
1773776148.84086,221.128799,550.572266,774.194458,771.70105,77.499908,28.654724,2,3.812602,1.727151,0.313989,2.951695,0.381923,2.791092,150.715652,1.988487,1.593557,1.435427,3.587249
1773776149.593896,234.960815,534.246887,753.000732,769.207703,79.681198,30.545822,2,3.852087,1.622926,3.644942,2.900624,0.381324,2.622943,180.992188,1.988487,1.593557,1.435427,3.587249
1773776150.395567,214.744797,563.189697,801.621643,777.934509,74.848282,27.604481,2,3.671404,1.791201,-4.047178,2.943077,0.384651,2.899005,112.042633,1.988487,1.593557,1.435427,3.587249
1773776151.146111,221.128799,536.858704,750.507385,757.987488,79.945915,29.173147,2,4.045791,1.697235,0.963664,3.036396,0.375307,2.741883,129.114319,1.988487,1.593557,1.435427,3.587249
1773776151.914109,220.064789,546.649536,767.960999,766.714294,78.128967,28.702318,2,3.960739,1.724359,1.502049,3.041693,0.379471,2.786468,137.672501,1.988487,1.593557,1.435427,3.587249
1773776152.677119,225.384796,543.822876,762.974243,769.207703,78.63961,29.300901,2,3.974935,1.690025,1.294413,3.032773,0.380906,2.730137,112.703308,1.988487,1.593557,1.435427,3.587249
1773776153.435143,226.448807,532.7854,757.987488,759.234192,79.156982,29.825951,2,3.985458,1.661043,2.417594,3.020927,0.376141,2.683367,137.802719,1.988487,1.593557,1.435427,3.587249
1773776154.216854,219.000793,553.94696,781.674561,772.947754,76.758286,28.333197,2,3.911257,1.746255,0.132642,3.05733,0.382431,2.822915,109.879501,1.988487,1.593557,1.435427,3.587249
1773776154.989851,221.128799,554.312317,772.947754,775.441101,77.624908,28.51652,2,3.988895,1.73531,0.429538,3.083208,0.383727,2.804645,138.098312,1.988487,1.593557,1.435427,3.587249
1773776155.766575,219.000793,555.193665,776.687805,774.194458,77.251114,28.287569,2,3.839031,1.749002,-1.167259,2.981729,0.383033,2.827515,121.241058,1.988487,1.593557,1.435427,3.587249
1773776156.537065,214.744797,550.722839,770.454346,765.467651,77.876129,28.054064,2,3.791251,1.763196,-1.422995,2.920986,0.378637,2.851393,116.996201,1.988487,1.593557,1.435427,3.587249
1773776157.297583,220.064789,546.649536,760.480896,766.714294,78.897446,28.702318,2,3.807171,1.724359,-0.386246,2.895281,0.379471,2.786468,126.17337,1.988487,1.593557,1.435427,3.587249
1773776158.073073,211.552795,553.914856,775.441101,765.467651,77.375313,27.637064,2,3.818447,1.789141,-1.98253,2.960981,0.378498,2.89548,103.961044,1.988487,1.593557,1.435427,3.587249
1773776158.81863,222.192795,535.794678,745.520569,757.987488,80.480675,29.313517,2,4.074433,1.689316,0.934767,3.037574,0.375354,2.728985,121.008675,1.988487,1.593557,1.435427,3.587249
1773776159.592861,219.000793,551.453552,774.194458,770.454346,77.499908,28.424889,2,3.997462,1.740763,0.732896,3.094813,0.381229,2.813735,112.59623,1.988487,1.593557,1.435427,3.587249
1773776160.364598,223.256805,553.43103,771.70105,776.687805,77.750313,28.74473,2,3.947055,1.72188,0.628582,3.045946,0.384421,2.782366,129.490311,1.988487,1.593557,1.435427,3.587249
1773776161.106415,220.064789,517.975708,741.780518,738.040466,80.886459,29.817442,2,3.932482,1.661504,2.040838,2.917038,0.365639,2.684107,137.168869,1.988487,1.593557,1.435427,3.587249
1773776161.885645,226.448807,560.212585,779.181213,786.661377,77.003906,28.78606,2,3.763053,1.71947,2.145005,2.9321,0.389372,2.778386,124.8321,1.988487,1.593557,1.435427,3.587249
1773776162.649903,221.128799,536.858704,764.220947,757.987488,78.51133,29.173147,2,4.039099,1.697235,1.542915,3.086764,0.375307,2.741883,148.630173,1.988487,1.593557,1.435427,3.587249
1773776163.41042,217.936798,538.803955,760.480896,756.740784,78.897446,28.7994,2,4.068238,1.718694,1.747431,3.093817,0.374567,2.777104,144.550217,1.988487,1.593557,1.435427,3.587249
1773776164.170937,220.064789,542.909424,760.480896,762.974243,78.897446,28.843016,2,3.992804,1.716161,0.657589,3.036451,0.377667,2.772927,142.351074,1.988487,1.593557,1.435427,3.587249
1773776164.930207,227.512787,540.448242,759.234192,767.960999,79.027,29.625565,2,3.95967,1.671983,2.851519,3.006317,0.380397,2.700938,143.284897,1.988487,1.593557,1.435427,3.587249
1773776165.710672,220.064789,551.63623,780.427856,771.70105,76.880905,28.516844,2,3.912886,1.735291,0.698272,3.053725,0.381876,2.804613,142.7892,1.988487,1.593557,1.435427,3.587249
1773776166.467462,223.256805,537.224121,756.740784,760.480896,79.287384,29.357321,2,3.939112,1.686861,1.54163,2.980887,0.376603,2.724997,144.513596,1.988487,1.593557,1.435427,3.587249
1773776167.235459,224.320801,544.886902,767.960999,769.207703,78.128967,29.16258,2,3.796177,1.697834,0.233504,2.915316,0.380859,2.742861,132.025635,1.988487,1.593557,1.435427,3.587249
1773776168.008443,222.192795,548.261536,772.947754,770.454346,77.624908,28.83919,2,3.753328,1.716383,0.226748,2.901126,0.381368,2.773293,145.101486,1.988487,1.593557,1.435427,3.587249
1773776168.775194,224.320801,544.886902,766.714294,769.207703,78.256004,29.16258,2,3.880019,1.697834,1.695366,2.974866,0.380859,2.742861,164.571411,1.988487,1.593557,1.435427,3.587249
1773776169.533218,230.704803,534.762817,757.987488,765.467651,79.156982,30.139069,2,3.851535,1.644239,2.248768,2.919415,0.379334,2.656578,131.348999,1.988487,1.593557,1.435427,3.587249
1773776170.304968,227.512787,540.448242,771.70105,767.960999,77.750313,29.625565,2,3.858925,1.671983,1.617048,2.977936,0.380397,2.700938,138.518906,1.988487,1.593557,1.435427,3.587249
1773776171.070471,225.384796,537.589478,765.467651,762.974243,78.383453,29.540289,2,3.894436,1.676683,1.314424,2.981065,0.377899,2.708519,144.317459,1.988487,1.593557,1.435427,3.587249
1773776171.838469,225.384796,542.576172,767.960999,767.960999,78.128967,29.348469,2,3.877838,1.687356,2.316548,2.978029,0.380304,2.725801,144.58812,1.988487,1.593557,1.435427,3.587249
1773776172.60896,227.512787,545.434937,770.454346,772.947754,77.876129,29.434433,2,3.781898,1.682556,0.599429,2.91378,0.382803,2.718016,133.851807,1.988487,1.593557,1.435427,3.587249
1773776173.37697,234.960815,541.72699,767.960999,776.687805,78.128967,30.251642,2,3.704062,1.638283,1.42252,2.844575,0.384932,2.64714,144.671356,1.988487,1.593557,1.435427,3.587249
1773776174.146214,233.896805,534.064209,769.207703,767.960999,78.002342,30.45686,2,3.699401,1.627539,0.685751,2.845608,0.380676,2.63019,146.990479,1.988487,1.593557,1.435427,3.587249
1773776174.930418,226.448807,548.99231,784.16803,775.441101,76.514214,29.202579,2,3.573529,1.695568,0.122912,2.802247,0.383959,2.739164,141.513397,1.988487,1.593557,1.435427,3.587249
1773776175.688442,237.088791,533.36554,757.987488,770.454346,79.156982,30.772594,2,3.618046,1.611288,2.204414,2.742433,0.382018,2.60474,111.860771,1.988487,1.593557,1.435427,3.587249
1773776176.461426,227.512787,534.214722,772.947754,761.727539,77.624908,29.868,2,3.805721,1.658765,2.146584,2.941623,0.37739,2.679723,116.918343,1.988487,1.593557,1.435427,3.587249
1773776177.238163,223.256805,548.444214,776.687805,771.70105,77.251114,28.930479,2,3.721697,1.711105,0.572221,2.890597,0.382016,2.764603,141.081757,1.988487,1.593557,1.435427,3.587249
1773776177.98746,229.640793,527.099976,749.26062,756.740784,80.078941,30.346029,2,3.736558,1.633323,0.277675,2.799656,0.375078,2.639303,118.187798,1.988487,1.593557,1.435427,3.587249
1773776178.741743,227.512787,524.241333,754.247437,751.754089,79.549492,30.264256,2,3.695122,1.637619,0.985878,2.787036,0.372579,2.646088,150.633224,1.988487,1.593557,1.435427,3.587249
1773776179.517221,224.320801,547.380249,775.441101,771.70105,77.375313,29.068354,2,3.738578,1.703196,-0.153826,2.899047,0.382062,2.751628,132.618652,1.988487,1.593557,1.435427,3.587249
1773776180.296439,227.512787,555.408569,779.181213,782.921326,77.003906,29.059469,2,3.61839,1.703703,-0.127463,2.819381,0.387614,2.752459,124.249802,1.988487,1.593557,1.435427,3.587249
1773776181.063202,229.640793,539.566895,766.714294,769.207703,78.256004,29.854198,2,3.679483,1.659512,1.722867,2.821112,0.381092,2.680918,133.21373,1.988487,1.593557,1.435427,3.587249
1773776181.832447,233.896805,540.297668,769.207703,774.194458,78.002342,30.211636,2,3.809494,1.640395,3.45974,2.930292,0.383683,2.650482,132.317947,1.988487,1.593557,1.435427,3.587249
1773776182.59421,231.768814,527.465393,761.727539,759.234192,78.768318,30.526655,2,3.758379,1.623917,1.879539,2.862861,0.376373,2.624499,143.49292,1.988487,1.593557,1.435427,3.587249
1773776183.359714,223.256805,532.237305,765.467651,755.494141,78.383453,29.551098,2,3.837114,1.676086,0.645986,2.937186,0.374198,2.707554,149.460434,1.988487,1.593557,1.435427,3.587249
1773776184.123972,225.384796,541.329468,764.220947,766.714294,78.51133,29.396191,2,3.71983,1.684688,0.014155,2.842772,0.379703,2.721472,139.950394,1.988487,1.593557,1.435427,3.587249
1773776184.900709,224.320801,551.1203,776.687805,775.441101,77.251114,28.928154,2,3.616814,1.711239,-0.571375,2.809135,0.383866,2.764823,123.652603,1.988487,1.593557,1.435427,3.587249
1773776185.668706,234.960815,545.467041,767.960999,780.427856,78.128967,30.106667,2,3.718209,1.645962,1.722573,2.855439,0.386737,2.659313,137.686996,1.988487,1.593557,1.435427,3.587249
1773776186.441689,220.064789,535.429321,772.947754,755.494141,77.624908,29.12859,2,3.654813,1.699764,0.0273,2.82498,0.374058,2.746014,123.140053,1.988487,1.593557,1.435427,3.587249
1773776187.205947,224.320801,544.886902,764.220947,769.207703,78.51133,29.16258,2,3.71903,1.697834,-0.323166,2.842161,0.380859,2.742861,130.341629,1.988487,1.593557,1.435427,3.587249
1773776187.980191,224.320801,549.873657,774.194458,774.194458,77.499908,28.974735,2,3.79113,1.708558,0.96539,2.935072,0.383265,2.760419,143.813339,1.988487,1.593557,1.435427,3.587249
1773776188.748188,230.704803,544.736328,767.960999,775.441101,78.128967,29.751429,2,3.800714,1.665094,1.859161,2.918801,0.384145,2.689862,128.533676,1.988487,1.593557,1.435427,3.587249
1773776189.519925,232.832794,541.361694,771.70105,774.194458,77.750313,30.0742,2,3.815082,1.647692,0.720999,2.944103,0.383637,2.662062,126.567924,1.988487,1.593557,1.435427,3.587249
1773776190.292909,231.768814,539.932251,772.947754,771.70105,77.624908,30.033497,2,3.718067,1.649866,0.985731,2.873872,0.382387,2.665521,142.914566,1.988487,1.593557,1.435427,3.587249
1773776191.0634,239.216797,539.964417,770.454346,779.181213,77.876129,30.701048,2,3.62475,1.614941,1.588959,2.792704,0.386321,2.610441,141.287094,1.988487,1.593557,1.435427,3.587249
1773776191.83515,237.088791,532.118896,771.70105,769.207703,77.750313,30.822468,2,3.641054,1.608751,1.646091,2.809805,0.381417,2.600788,117.920799,1.988487,1.593557,1.435427,3.587249
1773776192.614368,236.024811,541.909668,779.181213,777.934509,77.003906,30.339931,2,3.698925,1.633643,0.88865,2.882133,0.38558,2.639807,118.25515,1.988487,1.593557,1.435427,3.587249
1773776193.404805,247.728806,556.386169,790.401428,804.11499,75.910797,30.807634,2,3.418349,1.609505,3.40874,2.701868,0.398721,2.601961,144.759659,1.988487,1.593557,1.435427,3.587249
1773776194.157843,226.448807,501.618164,753.000732,728.066956,79.681198,31.102743,2,3.828315,1.594648,-0.474551,2.882724,0.361106,2.578913,134.539719,1.988487,1.593557,1.435427,3.587249
1773776194.922113,241.344788,540.329773,764.220947,781.674561,78.51133,30.875355,2,3.702389,1.60607,2.352898,2.829443,0.387617,2.596617,130.641693,1.988487,1.593557,1.435427,3.587249
1773776195.700084,230.704803,534.762817,777.934509,765.467651,77.127312,30.139069,2,3.768761,1.644239,0.795132,2.931849,0.379334,2.656578,118.734184,1.988487,1.593557,1.435427,3.587249
1773776196.469328,236.024811,539.41626,769.207703,775.441101,78.002342,30.43749,2,3.663501,1.628546,1.411284,2.817993,0.384377,2.631776,126.907913,1.988487,1.593557,1.435427,3.587249
1773776197.252285,232.832794,546.348389,782.921326,779.181213,76.636055,29.881725,2,3.50574,1.658024,0.131651,2.744718,0.386042,2.678537,129.748383,1.988487,1.593557,1.435427,3.587249
1773776198.016542,244.536804,533.397705,764.220947,777.934509,78.51133,31.434113,2,3.502651,1.578298,1.755508,2.676799,0.385952,2.553765,138.94545,1.988487,1.593557,1.435427,3.587249
1773776198.788293,241.344788,526.616211,771.70105,767.960999,77.750313,31.426699,2,3.443541,1.57866,1.642529,2.657384,0.381001,2.554319,120.621315,1.988487,1.593557,1.435427,3.587249
1773776199.568757,234.960815,537.986938,780.427856,772.947754,76.880905,30.39802,2,3.62229,1.630605,1.394284,2.826936,0.383128,2.635016,140.037155,1.988487,1.593557,1.435427,3.587249
1773776200.335508,230.704803,531.022705,766.714294,761.727539,78.256004,30.287052,2,3.698084,1.636419,2.280492,2.835374,0.37753,2.644192,144.631638,1.988487,1.593557,1.435427,3.587249
1773776201.099765,234.960815,534.246887,764.220947,769.207703,78.51133,30.545822,2,3.771173,1.622926,2.089929,2.88201,0.381324,2.622943,123.386787,1.988487,1.593557,1.435427,3.587249
1773776201.883982,225.384796,547.562988,784.16803,772.947754,76.514214,29.159126,2,3.632566,1.69803,-0.377104,2.848542,0.38271,2.743181,123.446457,1.988487,1.593557,1.435427,3.587249
1773776202.643252,231.768814,534.945496,759.234192,766.714294,79.027,30.228838,2,3.75343,1.639486,1.009928,2.849733,0.379982,2.649044,138.489517,1.988487,1.593557,1.435427,3.587249
1773776203.421224,228.576797,545.617676,777.934509,774.194458,77.127312,29.524469,2,3.867153,1.677558,0.159739,3.008392,0.383451,2.709932,140.587662,1.988487,1.593557,1.435427,3.587249
1773776204.187974,232.832794,538.868286,766.714294,771.70105,78.256004,30.171371,2,3.909118,1.642526,2.522055,2.997176,0.382434,2.653859,151.945328,1.988487,1.593557,1.435427,3.587249
1773776204.949738,232.832794,528.894775,761.727539,761.727539,78.768318,30.566416,2,3.84869,1.621862,1.301389,2.931653,0.377623,2.621274,162.298782,1.988487,1.593557,1.435427,3.587249
1773776205.723981,232.832794,541.361694,774.194458,774.194458,77.499908,30.0742,2,3.765747,1.647692,0.410151,2.91542,0.383637,2.662062,161.035294,1.988487,1.593557,1.435427,3.587249
1773776206.515666,246.664825,561.190186,791.648132,807.855042,75.791245,30.533302,2,3.609103,1.623573,-1.455343,2.857139,0.400478,2.623959,129.556229,1.988487,1.593557,1.435427,3.587249
1773776207.311091,293.480804,556.761719,795.388184,850.242554,75.434868,34.517303,2,3.114573,1.441219,1.067207,2.477294,0.42297,2.351862,198.110245,1.988487,1.593557,1.435427,3.587249
1773776208.131461,650.429871,523.951965,820.322021,1174.381836,73.142006,55.384872,3,2.102822,0.819059,9.164837,1.724991,0.53274,1.539959,54.776573,5.217613,3.302011,0.468735,3.811238
1773776209.217377,732.913391,438.975159,1085.866943,1171.88855,55.25539,62.541218,3,1.543786,0.805241,14.087046,1.676346,0.590172,1.270414,39.345394,5.217613,3.302011,0.468735,3.811238
1773776210.401793,738.890442,451.698425,1184.355469,1190.588867,50.660465,62.060921,3,1.328972,0.80436,13.20813,1.573975,0.594334,1.11972,24.34927,5.217613,3.302011,0.468735,3.811238
1773776211.602416,735.304199,461.518188,1200.562378,1196.822388,49.976578,61.438034,3,1.290339,0.804887,14.54982,1.549132,0.591837,1.127589,25.300991,5.217613,3.302011,0.468735,3.811238
1773776212.768132,676.728943,427.838318,1165.655151,1104.567261,51.473198,61.266434,3,1.351252,0.814287,14.256947,1.575093,0.551052,1.184477,32.818832,5.217613,3.302011,0.468735,3.811238
1773776213.874006,713.786804,430.674622,1105.813965,1144.461426,54.258675,62.368797,3,1.319603,0.808161,15.185163,1.459236,0.576854,1.236118,35.757843,5.217613,3.302011,0.468735,3.811238
1773776215.00979,713.786804,421.947693,1135.734497,1135.734497,52.82925,62.84803,3,1.578431,0.808161,15.618972,1.792678,0.576854,1.232342,39.321484,5.217613,3.302011,0.468735,3.811238
1773776216.141845,688.683167,417.130798,1131.994507,1105.813965,53.003792,62.278397,3,1.506438,0.812239,16.606264,1.705279,0.559375,1.212038,36.660141,5.217613,3.302011,0.468735,3.811238
1773776217.242733,711.395996,413.118408,1100.827271,1124.514404,54.504463,63.262505,3,1.507911,0.808537,18.04685,1.659949,0.57519,1.23569,38.633701,5.217613,3.302011,0.468735,3.811238
1773776218.367295,717.373047,413.374756,1124.514404,1130.747803,53.356365,63.442356,3,1.401943,0.807601,17.328279,1.576505,0.579351,1.1781,32.28944,5.217613,3.302011,0.468735,3.811238
1773776219.521791,705.418884,436.549133,1154.434814,1141.968018,51.973484,61.772209,3,1.352407,0.809488,16.257202,1.561265,0.571028,1.178384,31.849049,5.217613,3.302011,0.468735,3.811238
1773776220.643874,722.154663,417.319946,1122.020996,1139.474609,53.474934,63.37611,3,1.330223,0.806864,13.506412,1.492538,0.582681,1.144269,27.187332,5.217613,3.302011,0.468735,3.811238
1773776221.782162,742.476807,416.944824,1138.227905,1159.421631,52.71352,64.038551,3,1.3221,0.803838,13.123346,1.504851,0.596831,1.151349,27.951843,5.217613,3.302011,0.468735,3.811238
1773776222.936658,728.131775,411.342834,1154.434814,1139.474609,51.973484,63.900654,3,1.345545,0.805957,15.340618,1.553344,0.586843,1.186647,32.789551,5.217613,3.302011,0.468735,3.811238
1773776224.077427,737.695068,412.999756,1140.721191,1150.694824,52.598305,64.108665,3,1.347993,0.804535,13.53182,1.537685,0.593501,1.165952,30.632881,5.217613,3.302011,0.468735,3.811238
1773776225.238156,698.24646,421.281128,1160.668335,1119.527588,51.694355,62.36974,3,1.375128,0.810651,15.89314,1.596067,0.566034,1.15667,30.272133,5.217613,3.302011,0.468735,3.811238
1773776226.347771,695.855591,411.205078,1109.553955,1107.060669,54.075783,62.856136,3,1.414255,0.811044,15.665346,1.569193,0.564369,1.186114,32.471157,5.217613,3.302011,0.468735,3.811238
1773776227.457374,697.051025,413.749756,1109.553955,1110.800781,54.075783,62.752121,3,1.43817,0.810847,14.081861,1.595727,0.565202,1.19564,32.938107,5.217613,3.302011,0.468735,3.811238
1773776228.583196,707.809692,429.171509,1125.760986,1136.981201,53.297283,62.253422,3,1.429317,0.809106,17.673231,1.60907,0.572693,1.186558,32.661438,5.217613,3.302011,0.468735,3.811238
1773776229.717744,711.395996,426.831909,1134.487915,1138.227905,52.887299,62.500309,3,1.444388,0.808537,16.464922,1.638641,0.57519,1.194177,33.051273,5.217613,3.302011,0.468735,3.811238
1773776230.847306,714.982239,418.25885,1129.501099,1133.241089,53.1208,63.091805,3,1.35777,0.807974,15.742684,1.533603,0.577687,1.167857,29.217888,5.217613,3.302011,0.468735,3.811238
1773776232.00553,731.718018,443.910645,1158.175049,1175.628662,51.805641,62.24057,3,1.291299,0.805419,16.308466,1.495551,0.58934,1.08848,19.902996,5.217613,3.302011,0.468735,3.811238
1773776233.142572,698.24646,403.827393,1136.981201,1102.073853,52.77132,63.357502,3,1.3491,0.810651,14.922772,1.533902,0.566034,1.176438,31.260078,5.217613,3.302011,0.468735,3.811238
1773776234.248447,730.522583,408.952026,1105.813965,1139.474609,54.258675,64.110474,3,1.336846,0.805598,14.973555,1.478303,0.588507,1.187315,30.586468,5.217613,3.302011,0.468735,3.811238
1773776235.404189,698.24646,423.774536,1155.681641,1122.020996,51.917412,62.23114,3,1.362798,0.810651,14.975184,1.57496,0.566034,1.160745,29.609596,5.217613,3.302011,0.468735,3.811238
1773776236.523765,713.786804,421.947693,1119.527588,1135.734497,53.594036,62.84803,3,1.378038,0.808161,15.958404,1.542751,0.576854,1.221415,36.350143,5.217613,3.302011,0.468735,3.811238
1773776237.658314,697.051025,419.983276,1134.487915,1117.034302,52.887299,62.401939,3,1.381418,0.810847,14.416476,1.567202,0.565202,1.22455,37.360332,5.217613,3.302011,0.468735,3.811238
1773776238.766682,722.154663,412.333252,1108.307373,1134.487915,54.136608,63.654678,3,1.310986,0.806864,15.607044,1.452976,0.582681,1.194296,30.854786,5.217613,3.302011,0.468735,3.811238
1773776239.899971,709.005127,410.522461,1133.241089,1119.527588,52.945484,63.330738,3,1.308371,0.808915,14.414921,1.4827,0.573525,1.202198,33.99427,5.217613,3.302011,0.468735,3.811238
1773776241.035767,724.545532,427.395996,1135.734497,1151.941528,52.82925,62.89777,3,1.343015,0.806499,15.23272,1.525308,0.584346,1.188238,31.182476,5.217613,3.302011,0.468735,3.811238
1773776242.182783,784.316223,424.973083,1146.954712,1209.289307,52.312439,64.857613,3,1.240412,0.7981,15.030781,1.422697,0.625963,1.153191,26.767208,5.217613,3.302011,0.468735,3.811238
1773776243.508075,701.832642,537.377075,1325.231323,1239.209717,45.275116,56.635498,3,1.107427,0.810066,3.993277,1.467596,0.568531,1.040061,16.453178,5.217613,3.302011,0.468735,3.811238
1773776244.656337,742.476807,448.112061,1148.201416,1190.588867,52.255642,62.362144,3,1.194377,0.803838,14.174904,1.371385,0.596831,1.091601,18.448694,5.217613,3.302011,0.468735,3.811238
1773776245.825793,787.902405,428.867004,1169.395142,1216.769409,51.308575,64.753632,3,1.171715,0.797636,13.853325,1.370197,0.62846,1.102587,20.657539,5.217613,3.302011,0.468735,3.811238
1773776247.035143,758.01709,420.104858,1209.289307,1178.121948,49.615917,64.341141,3,0.935454,0.801633,3.289671,1.131235,0.607651,1.10024,22.455276,5.217613,3.302011,0.468735,3.811238
1773776248.255713,748.453796,462.082092,1220.509521,1210.535889,49.159798,61.828304,3,0.875105,0.802979,13.931034,1.068074,0.600992,1.085614,20.132547,5.217613,3.302011,0.468735,3.811238
1773776249.433895,755.626282,429.975891,1178.121948,1185.602173,50.928513,63.733543,3,1.222557,0.801966,14.818543,1.440321,0.605986,1.108147,22.119774,5.217613,3.302011,0.468735,3.811238
1773776250.618312,750.844666,428.523987,1184.355469,1179.368652,50.660465,63.664967,3,1.231916,0.802639,14.912883,1.459026,0.602657,1.101454,22.258947,5.217613,3.302011,0.468735,3.811238
1773776251.800235,758.01709,431.325195,1181.862183,1189.342285,50.767342,63.734142,3,1.246447,0.801633,14.950996,1.473129,0.607651,1.088976,20.390409,5.217613,3.302011,0.468735,3.811238
1773776252.987145,748.453796,428.421448,1186.848877,1176.875244,50.554035,63.596695,3,1.271374,0.802979,15.608304,1.508928,0.600992,1.10186,22.235813,5.217613,3.302011,0.468735,3.811238
1773776254.165327,740.085876,429.309265,1178.121948,1169.395142,50.928513,63.287918,3,1.221196,0.804185,14.871657,1.438718,0.595166,1.123417,25.570251,5.217613,3.302011,0.468735,3.811238
1773776255.338523,765.189514,434.126282,1173.135254,1199.315796,51.144997,63.80217,3,1.185403,0.800645,15.616304,1.390638,0.612645,1.12032,23.648813,5.217613,3.302011,0.468735,3.811238
1773776256.535406,750.844666,431.017517,1196.822388,1181.862183,50.132751,63.530647,3,1.24951,0.802639,15.481739,1.495442,0.602657,1.121034,24.588642,5.217613,3.302011,0.468735,3.811238
1773776257.731043,732.913391,443.961853,1195.575684,1176.875244,50.185028,62.276222,3,1.254434,0.805241,15.724498,1.499771,0.590172,1.09319,21.527023,5.217613,3.302011,0.468735,3.811238
1773776258.881798,740.085876,418.089172,1150.694824,1158.175049,52.14241,63.901035,3,1.269601,0.804185,13.904589,1.460924,0.595166,1.138391,26.187107,5.217613,3.302011,0.468735,3.811238
1773776260.076188,729.327148,453.781616,1194.328979,1183.108765,50.237415,61.644978,3,1.187672,0.805777,13.502226,1.418472,0.587675,1.089329,20.28356,5.217613,3.302011,0.468735,3.811238
1773776261.260605,748.453796,455.848694,1184.355469,1204.30249,50.660465,62.148319,3,1.223203,0.802979,15.599748,1.448708,0.600992,1.072542,17.564354,5.217613,3.302011,0.468735,3.811238
1773776262.447514,740.085876,438.036072,1186.848877,1178.121948,50.554035,62.819122,3,1.178842,0.804185,16.384842,1.399107,0.595166,1.070998,17.807022,5.217613,3.302011,0.468735,3.811238
1773776263.616958,741.281372,429.360474,1169.395142,1170.641846,51.308575,63.322647,3,1.22085,0.804011,15.9487,1.427656,0.595998,1.137877,26.571949,5.217613,3.302011,0.468735,3.811238
1773776264.77644,741.281372,418.140259,1159.421631,1159.421631,51.749939,63.935448,3,1.266141,0.804011,14.693571,1.467991,0.595998,1.166325,28.824203,5.217613,3.302011,0.468735,3.811238
1773776265.920962,734.108765,402.872437,1144.461426,1136.981201,52.426407,64.566483,3,1.2478,0.805064,14.099603,1.428059,0.591004,1.188357,31.463837,5.217613,3.302011,0.468735,3.811238
1773776267.069224,740.085876,414.348938,1148.201416,1154.434814,52.255642,64.10807,3,1.232903,0.804185,12.619902,1.415621,0.595166,1.116908,22.737455,5.217613,3.302011,0.468735,3.811238
1773776268.217487,752.040039,408.628296,1148.201416,1160.668335,52.255642,64.793709,3,1.227957,0.80247,13.7628,1.409942,0.603489,1.159675,28.443344,5.217613,3.302011,0.468735,3.811238
1773776269.383203,731.718018,412.743408,1165.655151,1144.461426,51.473198,63.935577,3,1.245538,0.805419,15.451034,1.451868,0.58934,1.133999,26.143169,5.217613,3.302011,0.468735,3.811238
1773776270.532699,722.154663,417.319946,1149.44812,1139.474609,52.198963,63.37611,3,1.317786,0.806864,15.573301,1.514726,0.582681,1.17992,31.150517,5.217613,3.302011,0.468735,3.811238
1773776271.659767,742.476807,405.724609,1127.00769,1148.201416,53.238323,64.664337,3,0.963209,0.803838,2.570359,1.085544,0.596831,1.146894,26.858345,5.217613,3.302011,0.468735,3.811238
1773776272.844184,766.384949,442.904358,1184.355469,1209.289307,50.660465,63.374825,3,0.870074,0.800482,15.124751,1.030477,0.613478,1.142212,25.752144,5.217613,3.302011,0.468735,3.811238
1773776274.073482,747.258362,462.030945,1229.236206,1209.289307,48.810799,61.793182,3,1.198946,0.803149,14.505558,1.473788,0.60016,1.061114,16.96051,5.217613,3.302011,0.468735,3.811238
1773776275.260391,736.499634,439.129028,1186.848877,1175.628662,50.554035,62.647301,3,1.180289,0.80471,15.733794,1.400825,0.592669,1.077002,18.621887,5.217613,3.302011,0.468735,3.811238
1773776276.431094,723.350098,433.578125,1170.641846,1156.928223,51.253933,62.523335,3,1.274956,0.806682,15.602378,1.492517,0.583513,1.14559,27.334511,5.217613,3.302011,0.468735,3.811238
1773776277.570629,747.258362,417.149963,1139.474609,1164.408325,52.655846,64.174942,3,1.224562,0.803149,12.322177,1.395357,0.60016,1.13064,23.307751,5.217613,3.302011,0.468735,3.811238
1773776278.728864,760.407898,411.480652,1158.175049,1171.88855,51.805641,64.88739,3,1.002842,0.801301,3.418013,1.161466,0.609316,1.021928,10.539133,5.217613,3.302011,0.468735,3.811238
1773776280.013016,457.968323,510.709717,1284.090576,968.67804,46.725677,47.27766,3,0.888483,0.870657,3.784558,1.140893,0.398733,0.9965,10.0,5.217613,3.302011,0.468735,3.811238
1773776280.895721,288.160797,434.919403,882.656494,723.0802,67.976616,39.851845,2,2.11512,1.254143,-1.171739,1.866924,0.361395,2.102078,70.728615,1.988487,1.593557,1.435427,3.587249
1773776281.689898,256.240814,500.499969,794.141479,756.740784,75.553291,33.861107,2,2.661333,1.468302,-1.252076,2.113475,0.376239,2.390487,79.292984,1.988487,1.593557,1.435427,3.587249
1773776282.452909,246.664825,505.089264,762.974243,751.754089,78.63961,32.811905,2,2.799632,1.513857,-1.007943,2.136047,0.373415,2.456862,77.496468,1.988487,1.593557,1.435427,3.587249
1773776283.2234,243.472794,523.241516,770.454346,766.714294,77.876129,31.755348,2,3.109081,1.562773,-0.632509,2.395405,0.380493,2.530098,95.121689,1.988487,1.593557,1.435427,3.587249
1773776283.982683,237.088791,514.665283,759.234192,751.754089,79.027,31.538078,2,3.165175,1.573239,-0.540312,2.403109,0.372997,2.54603,104.167854,1.988487,1.593557,1.435427,3.587249
1773776284.731981,242.408798,513.085327,749.26062,755.494141,80.078941,32.086124,2,3.201212,1.547113,-0.503264,2.398542,0.375034,2.50643,95.551498,1.988487,1.593557,1.435427,3.587249
1773776285.492497,245.600784,518.620178,760.480896,764.220947,78.897446,32.137405,2,3.289276,1.544714,1.140237,2.501432,0.379383,2.502823,96.684563,1.988487,1.593557,1.435427,3.587249
1773776286.260495,237.088791,520.898682,767.960999,757.987488,78.128967,31.278721,2,3.21172,1.585922,-1.224722,2.466475,0.376004,2.565463,94.782272,1.988487,1.593557,1.435427,3.587249
1773776287.021012,242.408798,524.305481,760.480896,766.714294,78.897446,31.616575,2,3.30172,1.569441,-0.076463,2.510895,0.380446,2.540238,102.152412,1.988487,1.593557,1.435427,3.587249
1773776287.795243,241.344788,531.602966,774.194458,772.947754,77.499908,31.223948,2,3.248365,1.588627,-0.509763,2.514866,0.383407,2.569626,100.685646,1.988487,1.593557,1.435427,3.587249
1773776288.562007,238.152802,524.821411,766.714294,762.974243,78.256004,31.213739,2,3.185054,1.589132,-0.631738,2.442026,0.378456,2.570404,100.687607,1.988487,1.593557,1.435427,3.587249
1773776289.306316,240.280807,506.48645,744.273865,746.767273,80.615486,32.176132,2,3.411438,1.542907,1.17835,2.539044,0.370731,2.500109,108.676506,1.988487,1.593557,1.435427,3.587249
1773776290.069327,253.048798,524.885742,762.974243,777.934509,78.63961,32.52829,2,3.349951,1.526676,0.879912,2.555927,0.386323,2.475857,114.424507,1.988487,1.593557,1.435427,3.587249
1773776290.841065,242.408798,516.825378,771.70105,759.234192,77.750313,31.928066,2,3.317209,1.554555,0.727241,2.559894,0.376838,2.517652,87.236626,1.988487,1.593557,1.435427,3.587249
1773776291.616542,244.536804,533.397705,775.441101,777.934509,77.375313,31.434113,2,3.336436,1.578298,0.797518,2.58721,0.385952,2.553765,108.137848,1.988487,1.593557,1.435427,3.587249
1773776292.354632,236.024811,492.042145,738.040466,728.066956,81.296356,32.418011,2,3.54932,1.531721,3.284489,2.619541,0.361524,2.483371,95.983574,1.988487,1.593557,1.435427,3.587249
1773776293.142576,250.920792,554.440918,787.908081,805.361694,76.151016,31.156286,2,3.381937,1.591982,1.319124,2.664655,0.399461,2.574798,106.46875,1.988487,1.593557,1.435427,3.587249
1773776293.899353,257.30481,506.916138,756.740784,764.220947,79.287384,33.668903,2,3.335829,1.476435,1.870103,2.524358,0.379894,2.402208,71.237953,1.988487,1.593557,1.435427,3.587249
1773776294.666104,239.216797,506.303772,766.714294,745.520569,78.256004,32.087215,2,3.236289,1.547061,-1.43849,2.481309,0.370083,2.506353,85.343994,1.988487,1.593557,1.435427,3.587249
1773776295.426621,239.216797,521.264099,760.480896,760.480896,78.897446,31.45599,2,3.365225,1.57723,1.661953,2.55919,0.3773,2.552131,103.333359,1.988487,1.593557,1.435427,3.587249
1773776296.190891,248.792801,526.648315,764.220947,775.441101,78.51133,32.084038,2,3.402121,1.54721,1.465405,2.599972,0.384935,2.506577,70.26873,1.988487,1.593557,1.435427,3.587249
1773776296.965122,250.920792,525.767029,774.194458,776.687805,77.499908,32.306519,2,3.305259,1.536856,1.977207,2.558913,0.385629,2.491042,80.565453,1.988487,1.593557,1.435427,3.587249
1773776297.740599,225.384796,520.135742,775.441101,745.520569,77.375313,30.231869,2,3.371301,1.639326,3.555205,2.614246,0.369479,2.64879,119.537056,1.988487,1.593557,1.435427,3.587249
1773776298.51857,228.576797,553.097778,777.934509,781.674561,77.127312,29.24194,2,3.56676,1.693344,1.540345,2.774706,0.387059,2.73554,127.661797,1.988487,1.593557,1.435427,3.587249
1773776299.284075,222.192795,535.794678,765.467651,757.987488,78.383453,29.313517,2,3.423328,1.689316,0.017607,2.620447,0.375354,2.728985,106.991051,1.988487,1.593557,1.435427,3.587249
1773776300.03463,233.896805,530.324158,750.507385,764.220947,79.945915,30.605915,2,3.387739,1.619825,0.169984,2.542523,0.378872,2.618082,89.678642,1.988487,1.593557,1.435427,3.587249
1773776300.798888,231.768814,529.95874,764.220947,761.727539,78.51133,30.426735,2,3.386867,1.629107,1.596302,2.588315,0.377576,2.632658,111.987221,1.988487,1.593557,1.435427,3.587249
1773776301.571872,232.832794,541.361694,772.947754,774.194458,77.624908,30.0742,2,3.251971,1.647692,-0.657,2.513604,0.383637,2.662062,107.982025,1.988487,1.593557,1.435427,3.587249
1773776302.331143,234.960815,526.766724,759.234192,761.727539,79.027,30.845781,2,3.330615,1.607568,0.156986,2.528717,0.377716,2.598946,86.332802,1.988487,1.593557,1.435427,3.587249
1773776303.09914,239.216797,533.730957,767.960999,772.947754,78.128967,30.948635,2,3.291914,1.602371,0.797004,2.528062,0.383314,2.590871,100.078804,1.988487,1.593557,1.435427,3.587249
1773776303.868396,233.896805,529.077454,769.207703,762.974243,78.002342,30.655924,2,3.222772,1.617254,-0.827478,2.478981,0.37827,2.614057,97.701714,1.988487,1.593557,1.435427,3.587249
1773776304.6339,234.960815,531.753479,765.467651,766.714294,78.383453,30.645159,2,3.292014,1.617806,0.342555,2.51993,0.380121,2.614922,108.216156,1.988487,1.593557,1.435427,3.587249
1773776305.395665,242.408798,528.045532,761.727539,770.454346,78.768318,31.463095,2,3.322477,1.576884,0.637872,2.530822,0.382251,2.551601,103.901649,1.988487,1.593557,1.435427,3.587249
1773776306.173636,240.280807,535.160278,777.934509,775.441101,77.127312,30.98634,2,3.095225,1.600474,0.030531,2.407882,0.384563,2.587929,109.018471,1.988487,1.593557,1.435427,3.587249
1773776306.934153,243.472794,520.748169,760.480896,764.220947,78.897446,31.858953,2,3.234039,1.557833,0.986135,2.459424,0.37929,2.522609,97.970604,1.988487,1.593557,1.435427,3.587249
1773776307.712136,236.024811,533.182861,777.934509,769.207703,77.127312,30.684147,2,3.178599,1.615806,-0.230565,2.472741,0.38137,2.611794,99.214172,1.988487,1.593557,1.435427,3.587249
1773776308.471406,239.216797,523.757446,759.234192,762.974243,79.027,31.353193,2,3.361918,1.582258,0.626342,2.552483,0.378503,2.559836,96.255577,1.988487,1.593557,1.435427,3.587249
1773776309.255611,234.960815,544.220398,784.16803,779.181213,76.514214,30.154837,2,3.216187,1.643402,-0.685749,2.522031,0.386135,2.65525,106.001968,1.988487,1.593557,1.435427,3.587249
1773776310.023609,238.152802,533.548218,767.960999,771.70105,78.128967,30.860758,2,3.179742,1.606809,-1.025678,2.441918,0.382666,2.597766,97.061249,1.988487,1.593557,1.435427,3.587249
1773776310.795359,248.792801,535.375244,771.70105,784.16803,77.750313,31.726976,2,3.114254,1.564132,-0.326324,2.403273,0.389145,2.53216,105.917542,1.988487,1.593557,1.435427,3.587249
1773776311.553382,253.048798,509.925446,757.987488,762.974243,79.156982,33.1661,2,3.185892,1.498156,1.03831,2.414866,0.379107,2.433786,89.441414,1.988487,1.593557,1.435427,3.587249
1773776312.32886,246.664825,521.296143,775.441101,767.960999,77.375313,32.119446,2,3.285259,1.545553,1.225678,2.547525,0.381234,2.504084,85.915855,1.988487,1.593557,1.435427,3.587249
1773776313.096857,243.472794,520.748169,767.960999,764.220947,78.128967,31.858953,2,3.332932,1.557833,0.200459,2.559561,0.37929,2.522609,83.127342,1.988487,1.593557,1.435427,3.587249
1773776313.871088,243.472794,530.72168,774.194458,774.194458,77.499908,31.448532,2,3.309374,1.577594,1.395753,2.562099,0.384101,2.552688,106.358643,1.988487,1.593557,1.435427,3.587249
1773776314.636605,240.280807,521.446716,765.467651,761.727539,78.383453,31.544193,2,3.238467,1.572942,-0.770236,2.478942,0.377948,2.545578,95.573601,1.988487,1.593557,1.435427,3.587249
1773776315.402108,247.728806,526.465637,765.467651,774.194458,78.383453,31.998268,2,3.322766,1.551241,1.603315,2.54347,0.384287,2.512648,102.781212,1.988487,1.593557,1.435427,3.587249
1773776316.180079,239.216797,528.744202,777.934509,767.960999,77.127312,31.149601,2,3.357981,1.592314,0.974826,2.61229,0.380908,2.57531,121.264366,1.988487,1.593557,1.435427,3.587249
1773776316.949324,241.344788,530.356262,769.207703,771.70105,78.002342,31.274391,2,3.345738,1.586135,1.03798,2.573567,0.382805,2.565792,105.339897,1.988487,1.593557,1.435427,3.587249
1773776317.709841,237.088791,518.405334,760.480896,755.494141,78.897446,31.38195,2,3.429647,1.580848,1.872783,2.608181,0.374801,2.557674,113.347694,1.988487,1.593557,1.435427,3.587249
1773776318.492811,231.768814,544.919006,782.921326,776.687805,76.636055,29.840666,2,3.317995,1.660245,0.121884,2.597729,0.384793,2.68209,122.623375,1.988487,1.593557,1.435427,3.587249
1773776319.243354,248.792801,521.66156,750.507385,770.454346,79.945915,32.291698,2,3.451974,1.537541,3.421297,2.590732,0.382529,2.492068,134.917465,1.988487,1.593557,1.435427,3.587249
1773776320.021326,242.408798,528.045532,777.934509,770.454346,77.127312,31.463095,2,3.378436,1.576884,2.528113,2.628202,0.382251,2.551601,135.855194,1.988487,1.593557,1.435427,3.587249
1773776320.78309,249.856812,520.597534,761.727539,770.454346,78.768318,32.429802,2,3.474575,1.53118,2.662094,2.646679,0.382576,2.482564,110.422256,1.988487,1.593557,1.435427,3.587249
1773776321.543607,251.984802,510.989441,760.480896,762.974243,78.897446,33.026646,2,3.572798,1.504298,3.765118,2.717045,0.37906,2.442788,125.163506,1.988487,1.593557,1.435427,3.587249
1773776322.305383,258.368805,510.838898,761.727539,769.207703,78.768318,33.588951,2,3.437716,1.479846,3.573196,2.618603,0.382346,2.40714,121.658623,1.988487,1.593557,1.435427,3.587249
1773776323.102054,247.728806,536.439209,796.634888,784.16803,75.316811,31.59129,2,3.201274,1.570662,1.720113,2.550247,0.389098,2.542099,108.415337,1.988487,1.593557,1.435427,3.587249
1773776323.871299,248.792801,521.66156,769.207703,770.454346,78.002342,32.291698,2,3.236186,1.537541,2.400741,2.489299,0.382529,2.492068,105.38472,1.988487,1.593557,1.435427,3.587249
1773776324.64927,239.216797,527.497498,777.934509,766.714294,77.127312,31.200254,2,3.268029,1.5898,-0.140278,2.542313,0.380307,2.571434,109.450699,1.988487,1.593557,1.435427,3.587249
1773776325.42102,246.664825,533.763062,771.70105,780.427856,77.750313,31.606358,2,3.259806,1.569934,1.155622,2.515596,0.387248,2.540989,115.033829,1.988487,1.593557,1.435427,3.587249
1773776326.18777,244.536804,519.684143,766.714294,764.220947,78.256004,31.99818,2,3.339781,1.551245,0.522579,2.560658,0.379336,2.512655,132.440994,1.988487,1.593557,1.435427,3.587249
1773776326.944547,251.984802,513.482849,756.740784,765.467651,79.287384,32.919067,2,3.34903,1.509071,2.749555,2.534347,0.380263,2.449806,104.429047,1.988487,1.593557,1.435427,3.587249
1773776327.705065,251.984802,508.496094,760.480896,760.480896,78.897446,33.13493,2,3.489314,1.499524,1.985065,2.653556,0.377857,2.435789,111.768227,1.988487,1.593557,1.435427,3.587249
1773776328.496762,241.344788,537.836426,791.648132,779.181213,75.791245,30.974154,2,3.311277,1.601087,0.90308,2.621366,0.386414,2.588879,127.744942,1.988487,1.593557,1.435427,3.587249
1773776329.261019,244.536804,523.424194,764.220947,767.960999,78.51133,31.842348,2,3.3815,1.558623,0.125592,2.584213,0.381141,2.523805,120.538872,1.988487,1.593557,1.435427,3.587249
1773776330.025276,243.472794,519.501465,764.220947,762.974243,78.51133,31.911009,2,3.358059,1.555363,0.43108,2.566299,0.378689,2.518873,103.01844,1.988487,1.593557,1.435427,3.587249
1773776330.800754,247.728806,532.699036,775.441101,780.427856,77.375313,31.742691,2,3.261756,1.563379,2.866903,2.5293,0.387294,2.531017,138.614517,1.988487,1.593557,1.435427,3.587249
1773776331.581218,243.472794,531.968323,780.427856,775.441101,76.880905,31.397974,2,3.046682,1.580064,0.778021,2.377716,0.384703,2.556471,105.109306,1.988487,1.593557,1.435427,3.587249
1773776332.356709,244.536804,532.151001,775.441101,776.687805,77.375313,31.484568,2,3.100565,1.575838,1.406254,2.404306,0.38535,2.550002,123.547791,1.988487,1.593557,1.435427,3.587249
1773776333.137173,240.280807,535.160278,780.427856,775.441101,76.880905,30.98634,2,3.121882,1.600474,1.317288,2.436404,0.384563,2.587929,136.245804,1.988487,1.593557,1.435427,3.587249
1773776333.907663,234.960815,529.260132,770.454346,764.220947,77.876129,30.745142,2,3.173028,1.612687,-0.226563,2.444673,0.378918,2.606923,106.998642,1.988487,1.593557,1.435427,3.587249
1773776334.673167,243.472794,531.968323,765.467651,775.441101,78.383453,31.397974,2,3.263529,1.580064,0.33657,2.498126,0.384703,2.556471,118.949867,1.988487,1.593557,1.435427,3.587249
1773776335.448657,239.216797,531.237549,775.441101,770.454346,77.375313,31.048796,2,3.199172,1.597342,0.011512,2.480769,0.382111,2.58308,108.090385,1.988487,1.593557,1.435427,3.587249
1773776336.221642,240.280807,533.913635,772.947754,774.194458,77.624908,31.036234,2,3.105644,1.597971,-0.231777,2.4005,0.383962,2.584053,101.114693,1.988487,1.593557,1.435427,3.587249
1773776336.995872,242.408798,534.278992,774.194458,776.687805,77.499908,31.210583,2,3.243112,1.589289,0.12618,2.510799,0.385258,2.570645,102.424751,1.988487,1.593557,1.435427,3.587249
1773776337.78257,243.472794,544.435303,786.661377,787.908081,76.271698,30.901167,2,3.203526,1.604765,0.165467,2.52009,0.390717,2.594588,96.787071,1.988487,1.593557,1.435427,3.587249
1773776338.551827,240.280807,525.186829,769.207703,765.467651,78.002342,31.390068,2,2.960959,1.580451,3.218985,2.277593,0.379752,2.557064,83.213654,1.988487,1.593557,1.435427,3.587249
1773776339.333538,245.600784,542.307312,781.674561,787.908081,76.758286,31.171247,2,3.014589,1.591239,0.869447,2.356428,0.39081,2.573652,111.695755,1.988487,1.593557,1.435427,3.587249
1773776340.114002,238.152802,533.548218,780.427856,771.70105,76.880905,30.860758,2,3.232013,1.606809,0.070076,2.522353,0.382666,2.597766,114.917061,1.988487,1.593557,1.435427,3.587249
1773776340.893219,243.472794,541.941895,779.181213,785.414673,77.003906,30.999268,2,3.177987,1.599825,1.382571,2.476228,0.389514,2.586923,118.637657,1.988487,1.593557,1.435427,3.587249
1773776341.667463,244.536804,530.904297,774.194458,775.441101,77.499908,31.535187,2,3.250818,1.573379,1.262028,2.516765,0.384749,2.546244,119.392494,1.988487,1.593557,1.435427,3.587249
1773776342.452914,245.600784,541.060608,785.414673,786.661377,76.392769,31.220648,2,3.178768,1.58879,0.247567,2.496651,0.390208,2.569878,99.819984,1.988487,1.593557,1.435427,3.587249
1773776343.223405,248.792801,525.401672,770.454346,774.194458,77.876129,32.135696,2,3.118786,1.544793,1.239631,2.402882,0.384333,2.502943,121.351379,1.988487,1.593557,1.435427,3.587249
1773776344.005116,245.600784,532.33374,781.674561,777.934509,76.758286,31.570881,2,3.160974,1.571649,0.40725,2.470853,0.385998,2.543605,100.12307,1.988487,1.593557,1.435427,3.587249
1773776344.774372,242.408798,523.058838,769.207703,765.467651,78.002342,31.668068,2,3.188516,1.56696,0.420726,2.452631,0.379845,2.53646,89.29586,1.988487,1.593557,1.435427,3.587249
1773776345.548603,253.048798,533.612549,774.194458,786.661377,77.499908,32.167439,2,3.139961,1.543312,0.224729,2.43094,0.390533,2.500718,86.340828,1.988487,1.593557,1.435427,3.587249
1773776346.330314,247.728806,527.71228,781.674561,775.441101,76.758286,31.946823,2,3.061587,1.553668,-0.256304,2.393164,0.384888,2.516312,105.984406,1.988487,1.593557,1.435427,3.587249
1773776347.094572,261.560822,518.867065,764.220947,780.427856,78.51133,33.515053,2,3.057818,1.483012,1.494926,2.336849,0.387898,2.411728,96.019081,1.988487,1.593557,1.435427,3.587249
1773776347.880035,256.240814,522.94043,785.414673,779.181213,76.392769,32.88591,2,3.00142,1.510549,1.048958,2.35736,0.387064,2.451982,106.367271,1.988487,1.593557,1.435427,3.587249
1773776348.649279,259.4328,513.514954,769.207703,772.947754,78.002342,33.564079,2,2.952502,1.48091,1.311927,2.271088,0.384197,2.40868,89.770287,1.988487,1.593557,1.435427,3.587249
1773776349.440964,245.600784,529.840332,791.648132,775.441101,75.791245,31.672398,2,2.966099,1.566752,-1.181469,2.348106,0.384795,2.536144,93.961349,1.988487,1.593557,1.435427,3.587249
1773776350.211454,254.112808,526.315063,770.454346,780.427856,77.876129,32.560703,2,3.185893,1.5252,0.735319,2.454585,0.387573,2.473663,104.228012,1.988487,1.593557,1.435427,3.587249
1773776350.984439,255.176788,519.0177,772.947754,774.194458,77.624908,32.960297,2,3.187525,1.507238,0.086672,2.46379,0.384612,2.447109,96.584724,1.988487,1.593557,1.435427,3.587249
1773776351.743721,251.984802,503.509338,759.234192,755.494141,79.027,33.353642,2,3.103911,1.489978,-0.284026,2.356595,0.375452,2.421849,96.194786,1.988487,1.593557,1.435427,3.587249
1773776352.510472,246.664825,513.81604,766.714294,760.480896,78.256004,32.435375,2,3.218304,1.530924,0.610958,2.46752,0.377625,2.482183,79.147743,1.988487,1.593557,1.435427,3.587249
1773776353.28969,225.384796,528.862671,779.181213,754.247437,77.003906,29.882076,2,3.469604,1.658005,-0.44672,2.703451,0.373689,2.678506,93.246773,1.988487,1.593557,1.435427,3.587249
1773776354.042727,217.936798,526.337036,753.000732,744.273865,79.681198,29.281801,2,3.931299,1.691099,2.323304,2.960271,0.368553,2.731884,142.50415,1.988487,1.593557,1.435427,3.587249
1773776354.805738,222.192795,545.768188,762.974243,767.960999,78.63961,28.932821,2,3.780681,1.71097,-0.587824,2.884562,0.380165,2.764381,129.0103,1.988487,1.593557,1.435427,3.587249
1773776355.56502,238.152802,539.781738,759.234192,777.934509,79.027,30.613476,2,3.690107,1.619436,0.983418,2.801655,0.385673,2.617472,121.279259,1.988487,1.593557,1.435427,3.587249
1773776356.345485,234.960815,541.72699,780.427856,776.687805,76.880905,30.251642,2,3.395805,1.638283,0.46497,2.650181,0.384932,2.64714,120.315865,1.988487,1.593557,1.435427,3.587249
1773776357.096029,244.536804,517.190735,750.507385,761.727539,79.945915,32.102921,2,3.309253,1.546326,0.781032,2.483619,0.378134,2.505247,95.566963,1.988487,1.593557,1.435427,3.587249
1773776357.876493,239.216797,534.977661,780.427856,774.194458,76.880905,30.8988,2,3.270503,1.604885,-0.153716,2.552392,0.383915,2.594774,103.188705,1.988487,1.593557,1.435427,3.587249
1773776358.653229,231.768814,536.1922,776.687805,767.960999,77.251114,30.179764,2,3.413333,1.642081,0.255094,2.651094,0.380583,2.653155,94.682747,1.988487,1.593557,1.435427,3.587249
1773776359.433694,222.192795,547.014893,780.427856,769.207703,76.880905,28.885931,2,3.537677,1.713676,-1.128706,2.760902,0.380767,2.768834,108.177933,1.988487,1.593557,1.435427,3.587249
1773776360.201691,222.192795,545.768188,767.960999,767.960999,78.128967,28.932821,2,3.558499,1.71097,-0.618997,2.732789,0.380165,2.764381,109.270798,1.988487,1.593557,1.435427,3.587249
1773776360.970936,229.640793,548.293701,769.207703,777.934509,78.002342,29.519295,2,3.548608,1.677844,-0.389551,2.729616,0.385302,2.710394,115.668488,1.988487,1.593557,1.435427,3.587249
1773776361.733946,239.216797,534.977661,762.974243,774.194458,78.63961,30.8988,2,3.436205,1.604885,0.722505,2.621736,0.383915,2.594774,121.764366,1.988487,1.593557,1.435427,3.587249
1773776362.508189,238.152802,534.794922,774.194458,772.947754,77.499908,30.810982,2,3.236223,1.609334,0.883363,2.505466,0.383268,2.601696,104.896873,1.988487,1.593557,1.435427,3.587249
1773776363.273693,240.280807,527.680176,765.467651,767.960999,78.383453,31.288153,2,3.624331,1.585457,2.895726,2.774308,0.380955,2.564749,114.521004,1.988487,1.593557,1.435427,3.587249
1773776364.030471,228.576797,514.450378,756.740784,743.027161,79.287384,30.762915,2,3.710497,1.611781,4.871152,2.807884,0.368416,2.605509,97.064735,1.988487,1.593557,1.435427,3.587249
1773776364.797222,256.240814,542.887451,766.714294,799.128235,78.256004,32.065044,2,3.605124,1.548101,3.915989,2.7641,0.396687,2.507918,103.158684,1.988487,1.593557,1.435427,3.587249
1773776365.558986,244.536804,503.477112,761.727539,748.013916,78.768318,32.691479,2,3.659418,1.519273,4.447178,2.78748,0.371518,2.46487,156.427979,1.988487,1.593557,1.435427,3.587249
1773776366.336968,261.560822,536.320801,777.934509,797.881592,77.127312,32.78191,2,3.401743,1.515202,1.060083,2.646333,0.396318,2.458849,103.545662,1.988487,1.593557,1.435427,3.587249
1773776367.117433,249.856812,516.857483,780.427856,766.714294,76.880905,32.587994,2,3.259681,1.523959,0.716079,2.543946,0.380771,2.471819,113.130348,1.988487,1.593557,1.435427,3.587249
1773776367.892911,257.30481,526.86322,775.441101,784.16803,77.375313,32.812458,2,3.247841,1.513832,0.724781,2.51851,0.389516,2.456826,111.924858,1.988487,1.593557,1.435427,3.587249
1773776368.672128,260.496826,522.4245,779.181213,782.921326,77.003906,33.272415,2,3.100917,1.493509,0.39271,2.416176,0.389054,2.426996,92.735008,1.988487,1.593557,1.435427,3.587249
1773776369.455098,258.368805,522.059082,782.921326,780.427856,76.636055,33.106049,2,3.011338,1.500795,0.729555,2.357641,0.387759,2.437649,125.635811,1.988487,1.593557,1.435427,3.587249
1773776370.235562,260.496826,522.4245,780.427856,782.921326,76.880905,33.272415,2,2.875274,1.493509,-0.398804,2.243944,0.389054,2.426996,97.633041,1.988487,1.593557,1.435427,3.587249
1773776371.019767,249.856812,521.844238,784.16803,771.70105,76.514214,32.377411,2,3.003954,1.533587,-0.096988,2.355605,0.383177,2.486156,97.460052,1.988487,1.593557,1.435427,3.587249
1773776371.786518,255.176788,517.770996,766.714294,772.947754,78.256004,33.013458,2,3.274994,1.504881,1.235041,2.510985,0.384011,2.443645,99.402565,1.988487,1.593557,1.435427,3.587249
1773776372.562007,258.368805,520.812378,775.441101,779.181213,77.375313,33.159016,2,3.206384,1.498467,2.917573,2.486362,0.387157,2.434241,127.209511,1.988487,1.593557,1.435427,3.587249
1773776373.351198,279.648804,534.439758,789.154724,814.088562,76.030716,34.351151,2,3.134765,1.447979,1.550736,2.473814,0.404925,2.361444,147.278412,1.988487,1.593557,1.435427,3.587249
1773776374.119196,423.288788,512.975342,767.960999,936.264099,78.128967,45.210403,2,2.551257,1.11067,1.986056,1.959266,0.470134,1.93066,116.932182,1.988487,1.593557,1.435427,3.587249
1773776374.955774,640.866577,387.652588,836.528931,1028.519165,71.724953,62.309639,3,1.822177,0.820891,19.081408,1.524304,0.526082,1.458629,45.925396,5.217613,3.302011,0.468735,3.811238
1773776375.996808,671.947266,401.452759,1040.986084,1073.400024,57.637657,62.599892,3,1.517777,0.815127,18.868206,1.579985,0.547722,1.238232,37.168583,5.217613,3.302011,0.468735,3.811238
1773776377.090216,669.556458,421.297302,1093.347168,1090.85376,54.877354,61.379124,3,1.4019,0.815552,14.477741,1.532764,0.546058,1.196337,32.669571,5.217613,3.302011,0.468735,3.811238
1773776378.182365,695.855591,423.671997,1092.100342,1119.527588,54.940006,62.156181,3,1.352336,0.811044,14.421626,1.476887,0.564369,1.167512,28.142475,5.217613,3.302011,0.468735,3.811238
1773776379.329381,663.579407,449.714661,1146.954712,1113.294067,52.312439,59.605045,3,1.268008,0.816626,14.823469,1.454348,0.541896,1.181047,31.286205,5.217613,3.302011,0.468735,3.811238
1773776380.406569,682.706055,414.381104,1077.140137,1097.087158,55.70306,62.228973,3,1.433458,0.813254,17.687899,1.544035,0.555214,1.161854,28.14081,5.217613,3.302011,0.468735,3.811238
1773776381.521171,661.188599,430.911743,1114.540771,1092.100342,53.833832,60.542847,3,1.490474,0.817061,17.087189,1.661194,0.540231,1.153166,29.142044,5.217613,3.302011,0.468735,3.811238
1773776382.590892,670.751892,408.881653,1069.660034,1079.633545,56.092587,62.127739,3,1.458853,0.815339,19.358873,1.560476,0.54689,1.212575,34.289276,5.217613,3.302011,0.468735,3.811238
1773776383.671821,655.211548,409.46167,1080.880127,1064.673218,55.510319,61.541092,3,1.538743,0.818163,19.084742,1.663196,0.53607,1.222462,36.937485,5.217613,3.302011,0.468735,3.811238
1773776384.715349,655.211548,388.267944,1043.479492,1043.479492,57.499931,62.791031,3,1.5624,0.818163,18.446102,1.630332,0.53607,1.290133,42.880093,5.217613,3.302011,0.468735,3.811238
1773776385.771356,655.211548,400.734863,1055.946411,1055.946411,56.821064,62.049698,3,1.572438,0.818163,18.60541,1.660411,0.53607,1.247906,38.79007,5.217613,3.302011,0.468735,3.811238
1773776386.823611,662.384033,397.30249,1052.206299,1059.686523,57.023037,62.507545,3,1.563579,0.816843,18.933952,1.645208,0.541064,1.245632,38.62289,5.217613,3.302011,0.468735,3.811238
1773776387.889591,658.797729,403.382202,1065.919922,1062.179932,56.289406,62.023174,3,1.583037,0.817499,19.296497,1.687391,0.538567,1.238227,37.897453,5.217613,3.302011,0.468735,3.811238
1773776388.953067,663.579407,404.833801,1063.426514,1068.413208,56.421387,62.108875,3,1.558372,0.816626,19.734936,1.657215,0.541896,1.232435,37.501698,5.217613,3.302011,0.468735,3.811238
1773776390.025281,663.579407,408.573914,1072.15332,1072.15332,55.962147,61.892212,3,1.557471,0.816626,18.836018,1.669847,0.541896,1.19003,32.662399,5.217613,3.302011,0.468735,3.811238
1773776391.092496,645.648193,402.818115,1067.166626,1048.466309,56.223648,61.580254,3,1.586255,0.819968,19.868872,1.692798,0.529411,1.200702,33.944923,5.217613,3.302011,0.468735,3.811238
1773776392.142258,637.280273,403.705811,1049.712891,1040.986084,57.158485,61.218906,3,1.657026,0.821592,20.468138,1.739402,0.523585,1.232008,37.633629,5.217613,3.302011,0.468735,3.811238
1773776393.184551,639.671143,405.055054,1042.232788,1044.726196,57.568714,61.228592,3,1.685135,0.821124,20.062071,1.756303,0.525249,1.241803,38.482502,5.217613,3.302011,0.468735,3.811238
1773776394.235559,658.797729,412.108887,1050.959595,1070.906616,57.090683,61.517757,3,1.597366,0.817499,19.256086,1.678767,0.538567,1.226905,35.520187,5.217613,3.302011,0.468735,3.811238
1773776395.265374,320.080811,378.065552,1029.765869,698.146362,58.265671,45.847237,2,1.593057,1.095849,-1.67605,1.640476,0.35076,1.913949,68.513702,1.988487,1.593557,1.435427,3.587249
1773776396.07577,278.584808,483.142731,810.34845,761.727539,74.042221,36.572762,2,2.213804,1.362673,-0.803465,1.793953,0.37962,2.243367,67.199898,1.988487,1.593557,1.435427,3.587249
1773776396.876182,260.496826,518.684387,800.374939,779.181213,74.964867,33.432121,2,2.587875,1.486583,-0.85597,2.07127,0.38725,2.416911,71.932617,1.988487,1.593557,1.435427,3.587249
1773776397.652906,256.240814,515.460205,776.687805,771.70105,77.251114,33.204674,2,2.833887,1.496467,0.108849,2.201046,0.383456,2.431315,83.362175,1.988487,1.593557,1.435427,3.587249
1773776398.443357,257.30481,534.343323,790.401428,791.648132,75.910797,32.502422,2,2.890901,1.527856,0.235891,2.284972,0.393125,2.477613,91.850304,1.988487,1.593557,1.435427,3.587249
1773776399.222575,247.728806,520.232178,779.181213,767.960999,77.003906,32.257992,2,3.051876,1.539102,0.29585,2.377964,0.38128,2.494405,92.463646,1.988487,1.593557,1.435427,3.587249
1773776400.003038,256.240814,534.160645,780.427856,790.401428,76.880905,32.419075,2,3.084899,1.531672,1.384995,2.407541,0.392477,2.483298,105.369331,1.988487,1.593557,1.435427,3.587249
1773776400.779763,258.368805,520.812378,776.687805,779.181213,77.251114,33.159016,2,3.084933,1.498467,0.561867,2.39603,0.387157,2.434241,96.737144,1.988487,1.593557,1.435427,3.587249
1773776401.568966,248.792801,529.141724,789.154724,777.934509,76.030716,31.981199,2,3.066988,1.552045,0.810296,2.420328,0.386138,2.513862,106.63813,1.988487,1.593557,1.435427,3.587249
1773776402.353171,249.856812,535.557861,784.16803,785.414673,76.514214,31.81209,2,3.024904,1.560064,0.407434,2.372033,0.389793,2.525988,92.522095,1.988487,1.593557,1.435427,3.587249
1773776403.124909,257.30481,523.123047,771.70105,780.427856,77.750313,32.969711,2,3.174717,1.50682,1.830081,2.449932,0.387712,2.446494,88.496452,1.988487,1.593557,1.435427,3.587249
1773776403.901645,276.456787,522.671448,776.687805,799.128235,77.251114,34.594795,2,3.332891,1.438088,4.514811,2.588616,0.397569,2.347437,79.83522,1.988487,1.593557,1.435427,3.587249
1773776404.692083,256.240814,510.47348,790.401428,766.714294,75.910797,33.420639,2,3.396898,1.487078,1.101868,2.684913,0.38105,2.417631,77.095238,1.988487,1.593557,1.435427,3.587249
1773776405.475041,255.176788,526.497803,782.921326,781.674561,76.636055,32.64489,2,3.229921,1.521379,1.80493,2.528774,0.388221,2.467991,98.07399,1.988487,1.593557,1.435427,3.587249
1773776406.261738,240.280807,528.92688,786.661377,769.207703,76.271698,31.237442,2,3.184603,1.58796,-0.261444,2.505204,0.381556,2.568599,101.13829,1.988487,1.593557,1.435427,3.587249
1773776407.030994,240.280807,528.92688,769.207703,769.207703,78.002342,31.237442,2,3.304975,1.58796,-0.038681,2.542212,0.381556,2.568599,103.947952,1.988487,1.593557,1.435427,3.587249
1773776407.797745,241.344788,526.616211,766.714294,767.960999,78.256004,31.426699,2,3.256334,1.57866,0.726177,2.496678,0.381001,2.554319,94.106728,1.988487,1.593557,1.435427,3.587249
1773776408.57447,248.792801,536.621887,776.687805,785.414673,77.251114,31.676617,2,3.328444,1.566549,2.28622,2.585161,0.389746,2.535835,123.800194,1.988487,1.593557,1.435427,3.587249
1773776409.341221,255.176788,519.0177,766.714294,774.194458,78.256004,32.960297,2,3.416803,1.507238,1.908876,2.619712,0.384612,2.447109,125.49295,1.988487,1.593557,1.435427,3.587249
1773776410.114205,260.496826,518.684387,772.947754,779.181213,77.624908,33.432121,2,3.288786,1.486583,-0.071616,2.54206,0.38725,2.416911,95.073853,1.988487,1.593557,1.435427,3.587249
1773776410.905901,257.30481,530.603271,791.648132,787.908081,75.791245,32.656704,2,3.097981,1.520844,1.857032,2.452511,0.391321,2.467199,82.972603,1.988487,1.593557,1.435427,3.587249
1773776411.690106,266.880798,528.507385,784.16803,795.388184,76.514214,33.553528,2,3.097723,1.481362,1.242311,2.429135,0.395347,2.409335,101.022545,1.988487,1.593557,1.435427,3.587249
1773776412.47431,261.560822,516.373657,784.16803,777.934509,76.514214,33.622475,2,3.013857,1.478414,1.32397,2.363371,0.386695,2.405068,90.992958,1.988487,1.593557,1.435427,3.587249
1773776413.26102,262.624817,525.283264,786.661377,787.908081,76.271698,33.331909,2,2.948199,1.490921,-0.113768,2.319234,0.391553,2.423223,92.594437,1.988487,1.593557,1.435427,3.587249
1773776414.036497,270.072815,514.095215,775.441101,784.16803,77.375313,34.440681,2,2.977163,1.444328,2.561746,2.308614,0.390074,2.356265,96.463539,1.988487,1.593557,1.435427,3.587249
1773776414.800755,283.904816,496.523041,764.220947,780.427856,78.51133,36.378098,2,2.997085,1.369732,2.596884,2.290435,0.388873,2.252902,86.584442,1.988487,1.593557,1.435427,3.587249
1773776415.5887,273.264801,502.1763,787.908081,775.441101,76.151016,35.239918,2,2.757257,1.412561,2.072158,2.172465,0.386003,2.311669,91.188507,1.988487,1.593557,1.435427,3.587249
1773776416.342995,524.911438,476.180542,754.247437,1001.09198,79.549492,52.433884,3,2.362615,0.848418,9.352777,1.781997,0.445344,1.627407,59.106682,5.217613,3.302011,0.468735,3.811238
1773776417.259349,612.176636,395.148865,916.317139,1007.3255,65.479515,60.772472,3,1.816576,0.826731,18.866577,1.664559,0.506105,1.440716,52.024746,5.217613,3.302011,0.468735,3.811238
1773776418.274215,658.797729,404.628784,1014.805603,1063.426514,59.124626,61.95047,3,1.612325,0.817499,18.888615,1.636196,0.538567,1.226309,34.13578,5.217613,3.302011,0.468735,3.811238
1773776419.332704,679.119812,400.513733,1058.439697,1079.633545,56.687218,62.902809,3,1.51978,0.813872,18.760754,1.608595,0.552717,1.252681,39.441925,5.217613,3.302011,0.468735,3.811238
1773776420.402412,679.119812,390.540222,1069.660034,1069.660034,56.092587,63.489311,3,1.514985,0.813872,17.926064,1.620519,0.552717,1.246742,39.128204,5.217613,3.302011,0.468735,3.811238
1773776421.483354,677.924377,401.709167,1080.880127,1079.633545,55.510319,62.79208,3,1.499818,0.814079,17.438028,1.621123,0.551884,1.220038,35.704662,5.217613,3.302011,0.468735,3.811238
1773776422.566788,676.728943,405.397888,1083.373535,1082.126831,55.382561,62.536938,3,1.476764,0.814287,17.364542,1.599888,0.551052,1.216292,35.290066,5.217613,3.302011,0.468735,3.811238
1773776423.65021,670.751892,406.388245,1083.373535,1077.140137,55.382561,62.271553,3,1.490669,0.815339,17.718939,1.614951,0.54689,1.218727,35.673752,5.217613,3.302011,0.468735,3.811238
1773776424.744864,662.384033,423.48291,1094.59375,1085.866943,54.814857,61.000477,3,1.435612,0.816843,13.787617,1.571412,0.541064,1.190557,31.738674,5.217613,3.302011,0.468735,3.811238
1773776425.803353,677.924377,396.722351,1058.439697,1074.646729,56.687218,63.083466,3,1.461826,0.814079,15.378473,1.547255,0.551884,1.238238,35.845375,5.217613,3.302011,0.468735,3.811238
1773776426.875567,675.533569,394.126465,1072.15332,1069.660034,55.962147,63.154041,3,1.429982,0.814496,14.224945,1.53316,0.550219,1.210572,33.205418,5.217613,3.302011,0.468735,3.811238
1773776427.957742,688.683167,407.157288,1082.126831,1095.840454,55.446365,62.845207,3,1.419826,0.812239,14.641604,1.536432,0.559375,1.186431,30.302635,5.217613,3.302011,0.468735,3.811238
1773776429.044916,728.131775,400.12262,1087.113647,1128.254395,55.19202,64.536133,3,1.283959,0.805957,10.969893,1.395809,0.586843,1.137909,23.611956,5.217613,3.302011,0.468735,3.811238
1773776430.189427,796.270325,419.25238,1144.461426,1215.522705,52.426407,65.508469,3,0.827988,0.796571,3.243112,0.9476,0.634286,1.069649,15.016315,5.217613,3.302011,0.468735,3.811238
1773776431.407504,1000.0,1000.0,1218.016113,2400.0,49.260433,41.666664,3,0.337364,0.776139,3.260446,0.410914,0.776139,0.97707,10.0,5.217613,3.302011,0.468735,3.811238
1773776436.445633,774.75293,434.536377,1149.44812,1209.289307,52.198963,64.066795,3,1.056308,0.799357,10.666242,1.214171,0.619304,1.081445,17.503006,5.217613,3.302011,0.468735,3.811238
1773776437.651255,777.143738,430.898743,1205.549072,1208.04248,49.769852,64.330826,3,1.163907,0.79904,9.901891,1.403147,0.620969,1.058567,15.905983,5.217613,3.302011,0.468735,3.811238
1773776438.92668,673.1427,493.759033,1275.36377,1166.901733,47.045403,57.686321,3,1.048149,0.814916,3.862119,1.336771,0.548555,1.035534,14.815779,5.217613,3.302011,0.468735,3.811238
1773776440.031296,738.890442,434.244812,1104.567261,1173.135254,54.319916,62.984253,3,1.289046,0.80436,13.67209,1.423838,0.594334,1.144225,24.127861,5.217613,3.302011,0.468735,3.811238
1773776441.220699,700.637207,448.810913,1189.342285,1149.44812,50.448051,60.954224,3,1.274728,0.810261,12.693352,1.516088,0.567699,1.156364,28.737816,5.217613,3.302011,0.468735,3.811238
1773776442.373948,779.534546,455.935181,1153.188232,1235.469727,52.029667,63.096207,3,1.179178,0.798724,15.662418,1.359814,0.622633,1.097335,19.891033,5.217613,3.302011,0.468735,3.811238
1773776443.673072,750.844666,518.285706,1299.050903,1269.130371,46.187565,59.16214,3,1.184781,0.802639,12.09479,1.539091,0.602657,1.065616,17.76549,5.217613,3.302011,0.468735,3.811238
1773776444.837541,795.074951,415.460938,1164.408325,1210.535889,51.528316,65.679588,3,1.181646,0.796722,5.398527,1.375918,0.633454,1.12342,25.520424,5.217613,3.302011,0.468735,3.811238
1773776446.166573,744.867554,531.74292,1328.971558,1276.610474,45.147694,58.347286,3,1.151018,0.803492,8.197286,1.52967,0.598495,1.042551,16.662577,5.217613,3.302011,0.468735,3.811238
1773776447.390883,845.282288,483.68927,1224.249512,1328.971558,49.009617,63.60424,3,1.13623,0.790756,12.247394,1.391029,0.668412,1.096038,19.995192,5.217613,3.302011,0.468735,3.811238
1773776476.101118,711.395996,443.038818,1160.668335,1154.434814,51.694355,61.622883,3,1.019661,0.808537,4.097507,1.183488,0.57519,1.049849,13.579586,5.217613,3.302011,0.468735,3.811238
1773776477.246887,789.097839,437.645081,1145.708008,1226.74292,52.369366,64.324631,3,1.138561,0.797483,12.766135,1.304458,0.629292,1.063149,14.75127,5.217613,3.302011,0.468735,3.811238
1773776478.471197,698.24646,431.254639,1224.249512,1129.501099,49.009617,61.819016,3,1.176995,0.810651,13.730279,1.440935,0.566034,1.090459,22.085556,5.217613,3.302011,0.468735,3.811238
1773776479.593279,681.51062,423.056641,1122.020996,1104.567261,53.474934,61.699329,3,1.343515,0.813459,15.310616,1.507452,0.554381,1.160848,28.498978,5.217613,3.302011,0.468735,3.811238
1773776480.704128,686.292297,429.495178,1110.800781,1115.787476,54.015087,61.507439,3,1.381503,0.812643,14.531708,1.534575,0.557711,1.171626,29.078365,5.217613,3.302011,0.468735,3.811238
1773776481.817483,704.22345,427.771057,1113.294067,1131.994507,53.894115,62.210854,3,1.274902,0.80968,14.478927,1.419341,0.570196,1.118671,21.931509,5.217613,3.302011,0.468735,3.811238
1773776482.953278,688.683167,430.844421,1135.734497,1119.527588,52.82925,61.515514,3,1.306204,0.812239,14.495002,1.4835,0.559375,1.136865,25.147404,5.217613,3.302011,0.468735,3.811238
1773776484.076594,683.901489,434.379395,1123.267578,1118.280884,53.415588,61.156506,3,1.282073,0.81305,11.33629,1.44011,0.556046,1.153487,26.367699,5.217613,3.302011,0.468735,3.811238
1773776485.187456,744.867554,429.514282,1110.800781,1174.381836,54.015087,63.426353,3,1.233057,0.803492,13.257245,1.369681,0.598495,1.173851,27.230764,5.217613,3.302011,0.468735,3.811238
1773776486.399299,656.406982,463.120605,1211.782593,1119.527588,49.513832,58.6325,3,1.163301,0.817941,10.584311,1.409668,0.536902,1.103731,22.587013,5.217613,3.302011,0.468735,3.811238
1773776487.472761,665.970276,417.403259,1073.400024,1083.373535,55.897148,61.471897,3,1.370794,0.816194,13.538784,1.47141,0.543561,1.1922,29.712978,5.217613,3.302011,0.468735,3.811238
1773776488.561169,651.625305,421.774719,1088.360352,1073.400024,55.128799,60.706665,3,1.388801,0.818834,16.009888,1.511515,0.533573,1.138176,24.821274,5.217613,3.302011,0.468735,3.811238
1773776489.63837,659.993164,425.873779,1077.140137,1085.866943,55.70306,60.7803,3,1.405023,0.81728,16.203865,1.513407,0.539399,1.148176,25.215509,5.217613,3.302011,0.468735,3.811238
1773776490.728026,662.384033,429.716309,1089.607056,1092.100342,55.065723,60.652306,3,1.443207,0.816843,15.404474,1.572529,0.541064,1.185717,30.446507,5.217613,3.302011,0.468735,3.811238
1773776491.8152,657.602417,424.524414,1087.113647,1082.126831,55.19202,60.76944,3,1.398585,0.81772,16.075855,1.520421,0.537734,1.13444,24.28904,5.217613,3.302011,0.468735,3.811238
1773776492.888648,661.188599,415.951538,1073.400024,1077.140137,55.897148,61.383713,3,1.406518,0.817061,16.590895,1.509756,0.540231,1.153102,26.038157,5.217613,3.302011,0.468735,3.811238
1773776493.970836,658.797729,420.835815,1082.126831,1079.633545,55.446365,61.020493,3,1.397755,0.817499,16.389545,1.512549,0.538567,1.144053,25.278898,5.217613,3.302011,0.468735,3.811238
1773776495.038052,674.338135,409.0354,1067.166626,1083.373535,56.223648,62.244289,3,1.407022,0.814706,19.575294,1.501527,0.549387,1.15274,25.587479,5.217613,3.302011,0.468735,3.811238
1773776496.135199,652.82074,421.825989,1097.087158,1074.646729,54.690277,60.747475,3,1.440634,0.818609,17.086966,1.580501,0.534405,1.185582,30.838776,5.217613,3.302011,0.468735,3.811238
1773776497.193688,692.269348,407.311096,1058.439697,1099.580444,56.687218,62.957592,3,1.380016,0.811638,19.44684,1.460664,0.561872,1.163792,26.537769,5.217613,3.302011,0.468735,3.811238
1773776498.295823,697.051025,410.009644,1102.073853,1107.060669,54.442814,62.964123,3,1.388142,0.810847,19.430876,1.529835,0.565202,1.127221,23.830809,5.217613,3.302011,0.468735,3.811238
1773776499.406684,654.016174,411.903748,1110.800781,1065.919922,54.015087,61.356972,3,1.394704,0.818386,16.275389,1.549238,0.535237,1.139952,26.787971,5.217613,3.302011,0.468735,3.811238
1773776500.466419,667.16571,406.234314,1059.686523,1073.400024,56.620518,62.154434,3,1.464456,0.815979,19.709045,1.551865,0.544393,1.167396,28.130726,5.217613,3.302011,0.468735,3.811238
1773776501.534881,674.338135,401.555298,1068.413208,1075.893433,56.158047,62.677036,3,1.457827,0.814706,20.27479,1.557562,0.549387,1.176639,29.660439,5.217613,3.302011,0.468735,3.811238
1773776502.625796,668.361084,416.259155,1090.85376,1084.620239,55.002789,61.621666,3,1.424497,0.815765,17.846539,1.553918,0.545225,1.163649,28.734489,5.217613,3.302011,0.468735,3.811238
1773776503.712957,662.384033,418.496094,1087.113647,1080.880127,55.19202,61.281914,3,1.420955,0.816843,16.752127,1.544739,0.541064,1.15156,26.755623,5.217613,3.302011,0.468735,3.811238
1773776504.796392,699.441833,422.579163,1083.373535,1122.020996,55.382561,62.337677,3,1.308313,0.810455,18.571777,1.417392,0.566866,1.124919,21.896629,5.217613,3.302011,0.468735,3.811238
1773776505.896034,682.706055,399.420776,1099.580444,1082.126831,54.566265,63.089283,3,1.411483,0.813254,19.137409,1.552039,0.555214,1.141732,26.218872,5.217613,3.302011,0.468735,3.811238
1773776506.988182,680.315247,409.291809,1092.100342,1089.607056,54.940006,62.436752,3,1.390455,0.813665,19.669266,1.518517,0.553549,1.155823,27.816738,5.217613,3.302011,0.468735,3.811238
1773776508.090317,663.579407,421.040833,1102.073853,1084.620239,54.442814,61.180805,3,1.468621,0.816626,17.023443,1.618529,0.541896,1.15904,29.361023,5.217613,3.302011,0.468735,3.811238
1773776509.163766,675.533569,410.333374,1073.400024,1085.866943,55.897148,62.211449,3,1.449317,0.814496,20.076849,1.555697,0.550219,1.153681,26.837524,5.217613,3.302011,0.468735,3.811238
1773776510.25842,655.211548,418.188477,1094.59375,1073.400024,54.814857,61.04076,3,1.442035,0.818163,16.96129,1.578442,0.53607,1.164968,29.234936,5.217613,3.302011,0.468735,3.811238
1773776511.329375,656.406982,415.746338,1070.906616,1072.15332,56.027294,61.22324,3,1.471212,0.817941,15.11312,1.575531,0.536902,1.188771,31.142715,5.217613,3.302011,0.468735,3.811238
1773776512.391616,673.1427,406.490845,1062.179932,1079.633545,56.487606,62.349182,3,1.467683,0.814916,19.62141,1.558943,0.548555,1.174225,29.056984,5.217613,3.302011,0.468735,3.811238
1773776513.475038,657.602417,409.564209,1083.373535,1067.166626,55.382561,61.621346,3,1.463267,0.81772,17.651007,1.585265,0.537734,1.171203,30.331875,5.217613,3.302011,0.468735,3.811238
1773776514.534785,681.51062,403.109619,1059.686523,1084.620239,56.620518,62.83403,3,1.465603,0.813459,19.190525,1.553079,0.554381,1.173384,28.919247,5.217613,3.302011,0.468735,3.811238
1773776515.625688,670.751892,408.881653,1090.85376,1079.633545,55.002789,62.127739,3,1.447873,0.815339,20.285162,1.579418,0.54689,1.154741,27.881193,5.217613,3.302011,0.468735,3.811238
1773776516.709122,682.706055,413.134399,1083.373535,1095.840454,55.382561,62.29977,3,1.378895,0.813254,19.61241,1.493859,0.555214,1.147539,25.826212,5.217613,3.302011,0.468735,3.811238
1773776517.797531,674.338135,405.29541,1088.360352,1079.633545,55.128799,62.459911,3,1.430876,0.814706,20.482769,1.557309,0.549387,1.156035,27.899452,5.217613,3.302011,0.468735,3.811238
1773776518.884705,668.361084,412.519043,1087.113647,1080.880127,55.19202,61.834896,3,1.417958,0.815765,18.432545,1.541482,0.545225,1.179412,30.442989,5.217613,3.302011,0.468735,3.811238
1773776519.968128,699.441833,416.345642,1083.373535,1115.787476,55.382561,62.685936,3,1.362441,0.810455,20.181858,1.476033,0.566866,1.125138,22.47253,5.217613,3.302011,0.468735,3.811238
1773776521.09769,673.1427,428.931152,1129.501099,1102.073853,53.1208,61.079639,3,1.393411,0.814916,17.297499,1.573859,0.548555,1.136709,26.140526,5.217613,3.302011,0.468735,3.811238
1773776522.17489,700.637207,405.176758,1077.140137,1105.813965,55.70306,63.359409,3,1.4123,0.810261,20.023514,1.521245,0.567699,1.175184,28.595379,5.217613,3.302011,0.468735,3.811238
1773776523.299453,682.706055,423.10791,1124.514404,1105.813965,53.356365,61.737877,3,1.428776,0.813254,19.857723,1.606679,0.555214,1.150809,28.282097,5.217613,3.302011,0.468735,3.811238
1773776524.412809,687.487732,430.793152,1113.294067,1118.280884,53.894115,61.477196,3,1.429873,0.812441,18.222679,1.591869,0.558543,1.127064,24.350964,5.217613,3.302011,0.468735,3.811238
1773776525.51993,695.855591,419.931885,1107.060669,1115.787476,54.197571,62.364532,3,1.436218,0.811044,18.980436,1.58998,0.564369,1.13962,26.215607,5.217613,3.302011,0.468735,3.811238
1773776526.639506,709.005127,424.235962,1119.527588,1133.241089,53.594036,62.564365,3,1.311812,0.808915,19.383503,1.468609,0.573525,1.106929,21.391441,5.217613,3.302011,0.468735,3.811238
1773776527.770314,703.028015,421.486389,1130.747803,1124.514404,53.062229,62.518364,3,1.315362,0.809873,17.737606,1.487342,0.569363,1.108737,22.281967,5.217613,3.302011,0.468735,3.811238
1773776528.897382,671.947266,422.646484,1127.00769,1094.59375,53.238323,61.387825,3,1.352343,0.815127,17.775351,1.5241,0.547722,1.128627,24.985901,5.217613,3.302011,0.468735,3.811238
1773776529.990779,609.785828,418.733337,1093.347168,1028.519165,54.877354,59.287746,3,1.556234,0.827242,17.423361,1.701504,0.504441,1.205352,36.519371,5.217613,3.302011,0.468735,3.811238
1773776530.846056,449.888824,276.931427,855.229309,726.820251,70.156624,61.898224,2,1.649493,0.823003,4.09774,1.410695,0.37026,1.639648,104.1567,1.988487,1.593557,1.435427,3.587249
1773776531.723775,633.694092,397.318481,877.669739,1031.012573,68.362846,61.463272,3,1.805092,0.822301,19.017475,1.584275,0.521088,1.43636,46.962662,5.217613,3.302011,0.468735,3.811238
1773776532.771043,645.648193,414.03833,1047.219604,1059.686523,57.294575,60.928226,3,1.65277,0.819968,19.189119,1.730813,0.529411,1.292044,42.888447,5.217613,3.302011,0.468735,3.811238
1773776533.837012,671.947266,421.399902,1065.919922,1093.347168,56.289406,61.457813,3,1.427763,0.815127,16.839651,1.521881,0.547722,1.154224,25.40299,5.217613,3.302011,0.468735,3.811238
1773776534.917952,657.602417,408.317505,1080.880127,1065.919922,55.510319,61.693417,3,1.538173,0.81772,18.34091,1.662581,0.537734,1.202076,33.915314,5.217613,3.302011,0.468735,3.811238
1773776535.970208,670.751892,395.16803,1052.206299,1065.919922,57.023037,62.927044,3,1.479853,0.815339,20.952284,1.557111,0.54689,1.208467,32.895538,5.217613,3.302011,0.468735,3.811238
1773776537.057382,671.947266,416.413086,1087.113647,1088.360352,55.19202,61.73941,3,1.419482,0.815127,18.781015,1.543138,0.547722,1.16816,29.561478,5.217613,3.302011,0.468735,3.811238
1773776538.137064,683.901489,408.198853,1079.633545,1092.100342,55.574413,62.622589,3,1.45382,0.81305,20.574183,1.569593,0.556046,1.183468,30.730263,5.217613,3.302011,0.468735,3.811238
1773776539.230471,681.51062,409.34314,1093.347168,1090.85376,54.877354,62.474979,3,1.464192,0.813459,19.33787,1.60087,0.554381,1.159245,28.684196,5.217613,3.302011,0.468735,3.811238
1773776540.336335,683.901489,424.405884,1105.813965,1108.307373,54.258675,61.706841,3,1.420685,0.81305,19.676338,1.571013,0.556046,1.131575,24.993534,5.217613,3.302011,0.468735,3.811238
1773776541.422262,707.809692,402.991089,1085.866943,1110.800781,55.25539,63.720669,3,1.378394,0.809106,20.699562,1.496753,0.572693,1.150644,26.109932,5.217613,3.302011,0.468735,3.811238
1773776542.561797,693.464783,431.049622,1139.474609,1124.514404,52.655846,61.667931,3,1.347641,0.811439,18.035404,1.535602,0.562705,1.091456,20.475632,5.217613,3.302011,0.468735,3.811238
1773776543.68262,661.188599,425.925049,1120.774292,1087.113647,53.53442,60.82056,3,1.446483,0.817061,17.105782,1.621181,0.540231,1.136803,26.715183,5.217613,3.302011,0.468735,3.811238
1773776544.762315,670.751892,418.855164,1079.633545,1089.607056,55.574413,61.559063,3,1.446826,0.815339,18.472103,1.562042,0.54689,1.187807,30.257645,5.217613,3.302011,0.468735,3.811238
1773776545.856969,670.751892,423.841858,1094.59375,1094.59375,54.814857,61.278618,3,1.406321,0.815339,15.753759,1.53935,0.54689,1.169256,28.903458,5.217613,3.302011,0.468735,3.811238
1773776546.950365,671.947266,422.646484,1093.347168,1094.59375,54.877354,61.387825,3,1.402473,0.815127,15.945107,1.53339,0.547722,1.173927,29.613304,5.217613,3.302011,0.468735,3.811238
1773776548.028812,689.87854,407.208618,1078.386719,1097.087158,55.638668,62.882744,3,1.39585,0.812038,17.964363,1.505266,0.560208,1.16971,28.497799,5.217613,3.302011,0.468735,3.811238
1773776549.139662,665.970276,419.896667,1110.800781,1085.866943,54.015087,61.330742,3,1.419855,0.816194,16.297983,1.577177,0.543561,1.185272,31.877998,5.217613,3.302011,0.468735,3.811238
1773776550.216863,670.751892,411.374939,1077.140137,1082.126831,55.70306,61.984592,3,1.403234,0.815339,17.374838,1.51148,0.54689,1.148991,26.219957,5.217613,3.302011,0.468735,3.811238
1773776551.312751,697.051025,426.216553,1095.840454,1123.267578,54.752495,62.055653,3,1.332664,0.810847,17.196716,1.460387,0.565202,1.116628,21.424995,5.217613,3.302011,0.468735,3.811238
1773776552.436081,670.751892,425.088562,1123.267578,1095.840454,53.415588,61.208897,3,1.40762,0.815339,14.96885,1.581134,0.54689,1.18428,31.455006,5.217613,3.302011,0.468735,3.811238
1773776553.541955,680.315247,435.472229,1105.813965,1115.787476,54.258675,60.97176,3,1.396986,0.813665,13.100789,1.544806,0.553549,1.177939,29.435387,5.217613,3.302011,0.468735,3.811238
1773776554.654051,692.269348,432.245056,1112.047363,1124.514404,53.954536,61.561626,3,1.340273,0.811638,16.585817,1.490447,0.561872,1.114169,21.60998,5.217613,3.302011,0.468735,3.811238
1773776555.767406,704.22345,421.537537,1113.294067,1125.760986,53.894115,62.555325,3,1.368878,0.80968,16.24646,1.523964,0.570196,1.160891,28.242039,5.217613,3.302011,0.468735,3.811238
1773776556.905694,701.832642,433.901855,1138.227905,1135.734497,52.71352,61.795486,3,1.228024,0.810066,14.779874,1.397771,0.568531,1.102041,21.344957,5.217613,3.302011,0.468735,3.811238
1773776558.027764,693.464783,419.829285,1122.020996,1113.294067,53.474934,62.289452,3,1.309722,0.811439,14.298728,1.469535,0.562705,1.141264,25.606213,5.217613,3.302011,0.468735,3.811238
1773776559.142366,713.786804,421.947693,1114.540771,1135.734497,53.833832,62.84803,3,1.282558,0.808161,17.92399,1.429463,0.576854,1.105095,21.129181,5.217613,3.302011,0.468735,3.811238
1773776560.281901,689.87854,424.662231,1139.474609,1114.540771,52.655846,61.89801,3,1.343674,0.812038,17.294832,1.531082,0.560208,1.144482,27.026726,5.217613,3.302011,0.468735,3.811238
1773776561.402724,687.487732,430.793152,1120.774292,1118.280884,53.53442,61.477196,3,1.375261,0.812441,17.873764,1.541357,0.558543,1.104482,21.142696,5.217613,3.302011,0.468735,3.811238
1773776562.518572,699.441833,428.812561,1115.787476,1128.254395,53.773682,61.993271,3,1.339407,0.810455,18.069111,1.494493,0.566866,1.104865,20.608547,5.217613,3.302011,0.468735,3.811238
1773776563.649381,686.292297,430.742004,1130.747803,1117.034302,53.062229,61.438786,3,1.34722,0.812643,16.620451,1.523366,0.557711,1.108473,21.846745,5.217613,3.302011,0.468735,3.811238
1773776564.758996,724.545532,424.902588,1109.553955,1149.44812,54.075783,63.034206,3,1.334833,0.806499,18.152155,1.481069,0.584346,1.123154,23.079397,5.217613,3.302011,0.468735,3.811238
1773776565.924699,705.418884,440.289124,1165.655151,1145.708008,51.473198,61.570568,3,1.297441,0.809488,15.808059,1.512369,0.571028,1.119451,23.922043,5.217613,3.302011,0.468735,3.811238
1773776567.076702,719.763916,447.137817,1151.941528,1166.901733,52.085976,61.681622,3,1.273898,0.807232,16.49333,1.467456,0.581016,1.082024,18.323101,5.217613,3.302011,0.468735,3.811238
1773776568.227457,752.040039,432.31543,1150.694824,1184.355469,52.14241,63.497829,3,1.281574,0.80247,17.188492,1.4747,0.603489,1.112577,22.606232,5.217613,3.302011,0.468735,3.811238
1773776569.423094,716.177612,441.997437,1195.575684,1158.175049,50.185028,61.836731,3,1.284089,0.807787,16.016001,1.535226,0.578519,1.111234,23.564983,5.217613,3.302011,0.468735,3.811238
1773776570.593796,720.95929,454.669373,1170.641846,1175.628662,51.253933,61.325424,3,1.305966,0.807048,14.369511,1.528818,0.581849,1.11139,22.614105,5.217613,3.302011,0.468735,3.811238
1773776571.779459,752.040039,465.976074,1185.602173,1218.016113,50.607193,61.743027,3,1.233313,0.80247,15.442292,1.462219,0.603489,1.075096,17.483749,5.217613,3.302011,0.468735,3.811238
1773776572.998782,779.534546,468.4021,1219.262695,1247.936646,49.210068,62.465878,3,1.174289,0.798724,13.149348,1.431767,0.622633,1.083683,19.028547,5.217613,3.302011,0.468735,3.811238
1773776574.330321,859.627258,555.365906,1331.464844,1414.993164,45.063148,60.751335,3,1.027418,0.78918,4.383194,1.367971,0.6784,1.027315,12.809322,5.217613,3.302011,0.468735,3.811238
1773776575.583305,1000.0,615.710083,1252.92334,1615.710083,47.888004,61.892288,3,0.651272,0.776139,-1.753805,0.815993,0.776139,0.966086,10.0,5.217613,3.302011,0.468735,3.811238
1773776577.392336,779.534546,583.097534,1808.947144,1362.63208,33.168465,57.208,3,1.235878,0.798724,12.458038,2.235637,0.622633,0.986617,15.389164,5.217613,3.302011,0.468735,3.811238
1773776578.655306,803.442871,484.387939,1262.896851,1287.830811,47.509819,62.387299,3,1.040976,0.795676,12.935259,1.314645,0.63928,1.042978,14.086458,5.217613,3.302011,0.468735,3.811238
1773776579.929484,791.488647,470.161621,1274.117065,1261.650269,47.091434,62.734394,3,0.963132,0.797177,12.856327,1.227143,0.630957,1.032584,13.287054,5.217613,3.302011,0.468735,3.811238
1773776581.283463,1000.0,590.776367,1353.905273,1590.776367,44.316246,62.862385,3,0.856341,0.776139,13.385292,1.159405,0.776139,0.985197,10.0,5.217613,3.302011,0.468735,3.811238
1773776582.846885,875.167603,538.578735,1563.349121,1413.746338,38.379143,61.904144,3,1.050051,0.78753,9.303625,1.641596,0.689221,0.984773,10.860523,5.217613,3.302011,0.468735,3.811238
1773776584.215823,862.018005,493.133972,1368.865479,1355.151978,43.831917,63.610428,3,1.052282,0.788922,14.678051,1.440433,0.680065,1.011595,12.180643,5.217613,3.302011,0.468735,3.811238
1773776585.663303,846.477722,584.722229,1447.406982,1431.199951,41.453442,59.144615,3,0.857452,0.790623,3.285522,1.241082,0.669245,0.988193,10.0,5.217613,3.302011,0.468735,3.811238
1773776593.542785,830.937256,530.44812,1295.310913,1361.385376,46.320927,61.036152,3,1.20658,0.792387,10.038938,1.562896,0.658424,1.066314,17.853172,5.217613,3.302011,0.468735,3.811238
1773776595.031405,1000.0,691.758301,1488.547729,1691.758301,40.307743,59.1101,3,0.957079,0.776139,4.753888,1.424658,0.776139,0.98814,10.0,5.217613,3.302011,0.468735,3.811238
1773776609.865276,954.064941,570.636841,1706.718506,1524.701782,35.155182,62.573875,3,0.743212,0.779984,12.954556,1.268453,0.744155,0.958769,10.0,5.217613,3.302011,0.468735,3.811238
1773777256.342994,1000.0,462.36731,1242.949829,1462.36731,48.272263,68.382278,3,0.98545,0.776139,7.052314,1.224865,0.776139,1.026875,10.699759,5.217613,3.302011,0.468735,3.811238
1773777257.930104,982.754883,556.907227,1587.036255,1539.662109,37.80632,63.829254,3,0.808816,0.77754,17.484848,1.28362,0.764132,0.989003,11.578608,5.217613,3.302011,0.468735,3.811238
1773777259.478577,801.051941,557.840027,1548.388916,1358.891968,38.749954,58.948906,3,1.109966,0.795973,10.633018,1.718659,0.637615,1.014451,14.797913,5.217613,3.302011,0.468735,3.811238
1773777260.785169,915.811646,510.401611,1306.531006,1426.213257,45.923134,64.212814,3,0.691481,0.78348,3.628732,0.903441,0.71752,0.981381,10.0,5.217613,3.302011,0.468735,3.811238
1773777262.182782,826.155701,477.881897,1397.539429,1304.037598,42.932598,63.353668,3,0.865633,0.792943,12.60316,1.209756,0.655095,1.012329,13.365526,5.217613,3.302011,0.468735,3.811238
1773777263.455713,746.062988,443.279297,1272.870361,1189.342285,47.137558,62.729038,3,1.152579,0.803321,15.007891,1.467084,0.599328,1.056952,17.763231,5.217613,3.302011,0.468735,3.811238
1773777266.92668,759.212524,450.076782,1231.729614,1209.289307,48.71199,62.781708,3,1.184915,0.801467,13.748576,1.459494,0.608483,1.069216,18.830921,5.217613,3.302011,0.468735,3.811238
1773777268.133536,793.879517,449.070312,1206.795898,1242.949829,49.718433,63.870602,3,1.111567,0.796873,14.491113,1.341434,0.632621,1.067314,17.385532,5.217613,3.302011,0.468735,3.811238
1773777269.389015,803.442871,461.947388,1255.416748,1265.390259,47.792892,63.493683,3,1.097955,0.795676,16.252758,1.378392,0.63928,1.041592,14.63933,5.217613,3.302011,0.468735,3.811238
1773777270.664439,783.120789,471.049377,1275.36377,1254.170166,47.045403,62.441349,3,1.024887,0.798255,13.017412,1.307104,0.62513,1.043063,15.089375,5.217613,3.302011,0.468735,3.811238
1773777271.912448,802.247437,465.63623,1247.936646,1267.883667,48.079365,63.274532,3,1.067355,0.795824,13.893624,1.331992,0.638448,1.04332,14.709988,5.217613,3.302011,0.468735,3.811238
1773777273.17416,793.879517,459.043823,1261.650269,1252.92334,47.556759,63.362175,3,1.049913,0.796873,15.947402,1.324623,0.632621,1.046982,16.102596,5.217613,3.302011,0.468735,3.811238
1773777274.434624,758.01709,464.98584,1260.403442,1223.00293,47.603806,61.979992,3,1.066331,0.801633,13.08464,1.344007,0.607651,1.047032,15.898224,5.217613,3.302011,0.468735,3.811238
1773777275.651454,769.971191,459.265015,1216.769409,1229.236206,49.310905,62.63818,3,1.174869,0.799997,15.766057,1.429544,0.615975,1.077345,19.142279,5.217613,3.302011,0.468735,3.811238
1773777276.894465,746.062988,471.953125,1242.949829,1218.016113,48.272263,61.252308,3,1.113536,0.803321,13.449407,1.384069,0.599328,1.069621,18.20435,5.217613,3.302011,0.468735,3.811238
1773777278.073894,791.488647,435.254272,1179.368652,1226.74292,50.874676,64.519516,3,1.158713,0.797177,18.694046,1.36655,0.630957,1.06369,16.449209,5.217613,3.302011,0.468735,3.811238
1773777279.299463,768.775818,433.033264,1225.496216,1201.809082,48.959759,63.968216,3,1.172974,0.800158,17.522774,1.437476,0.615142,1.075712,19.621931,5.217613,3.302011,0.468735,3.811238
1773777280.50258,725.740906,432.434143,1203.055786,1158.175049,49.872997,62.662453,3,1.251489,0.806318,14.90377,1.505611,0.585178,1.113322,24.733047,5.217613,3.302011,0.468735,3.811238
1773777281.667036,771.166687,440.615906,1164.408325,1211.782593,51.528316,63.639034,3,1.223762,0.799836,18.218567,1.424959,0.616807,1.102494,20.962128,5.217613,3.302011,0.468735,3.811238
1773777282.881373,766.384949,442.904358,1214.276001,1209.289307,49.412159,63.374825,3,1.23435,0.800482,17.321983,1.498842,0.613478,1.08147,19.942158,5.217613,3.302011,0.468735,3.811238
1773777284.119409,723.350098,469.732178,1237.963135,1193.082275,48.466709,60.628681,3,1.274073,0.806682,14.308357,1.577255,0.583513,1.05757,17.222462,5.217613,3.302011,0.468735,3.811238
1773777285.303825,746.062988,461.979492,1184.355469,1208.04248,50.660465,61.758011,3,1.205905,0.803321,15.509075,1.42822,0.599328,1.072931,17.460785,5.217613,3.302011,0.468735,3.811238
1773777286.494475,738.890442,444.218323,1190.588867,1183.108765,50.395229,62.4533,3,1.180893,0.80436,16.492664,1.405959,0.594334,1.085781,20.214817,5.217613,3.302011,0.468735,3.811238
1773777287.676399,738.890442,442.971741,1181.862183,1181.862183,50.767342,62.519169,3,1.241245,0.80436,17.641487,1.46698,0.594334,1.097799,21.752031,5.217613,3.302011,0.468735,3.811238
1773777288.852075,771.166687,438.12262,1175.628662,1209.289307,51.036522,63.770241,3,1.231364,0.799836,18.027517,1.447627,0.616807,1.095954,20.343529,5.217613,3.302011,0.468735,3.811238
1773777290.092605,725.740906,467.34137,1240.456543,1193.082275,48.369289,60.829075,3,1.196058,0.806318,13.85614,1.483658,0.585178,1.066598,18.834835,5.217613,3.302011,0.468735,3.811238
1773777291.237114,735.304199,419.130615,1144.461426,1154.434814,52.426407,63.693871,3,1.31793,0.804887,17.429361,1.508319,0.591837,1.126162,25.092968,5.217613,3.302011,0.468735,3.811238
1773777292.427764,695.855591,453.592529,1190.588867,1149.44812,50.395229,60.538231,3,1.332597,0.811044,14.857398,1.586575,0.564369,1.093118,21.702934,5.217613,3.302011,0.468735,3.811238
1773777293.55608,712.59137,433.116638,1128.254395,1145.708008,53.179497,62.196594,3,1.334298,0.808348,16.177048,1.505428,0.576022,1.118174,23.429504,5.217613,3.302011,0.468735,3.811238
1773777294.691875,749.649231,424.732605,1135.734497,1174.381836,52.82925,63.833515,3,1.270618,0.802809,18.476809,1.443084,0.601825,1.099141,20.379009,5.217613,3.302011,0.468735,3.811238
1773777295.883772,781.925415,443.570801,1191.835571,1225.496216,50.342514,63.804798,3,1.190755,0.798411,17.314131,1.419184,0.624298,1.088253,20.722691,5.217613,3.302011,0.468735,3.811238
1773777297.085641,732.913391,417.781433,1201.809082,1150.694824,49.924736,63.693119,3,1.273543,0.805241,16.253647,1.530556,0.590172,1.112395,24.459438,5.217613,3.302011,0.468735,3.811238
1773777298.267564,742.476807,449.358765,1181.862183,1191.835571,50.767342,62.296913,3,1.227429,0.803838,15.717978,1.450652,0.596831,1.080487,18.966476,5.217613,3.302011,0.468735,3.811238
1773777299.458214,731.718018,447.650635,1190.588867,1179.368652,50.395229,62.043198,3,1.207983,0.805419,16.156454,1.438211,0.58934,1.078542,18.958775,5.217613,3.302011,0.468735,3.811238
1773777300.630163,705.418884,439.042542,1171.88855,1144.461426,51.199409,61.637627,3,1.269501,0.809488,16.015369,1.487714,0.571028,1.099754,21.996067,5.217613,3.302011,0.468735,3.811238
1773777301.77592,711.395996,440.545532,1145.708008,1151.941528,52.369366,61.75626,3,1.288922,0.808537,16.201828,1.476728,0.57519,1.109104,22.135344,5.217613,3.302011,0.468735,3.811238
1773777302.927922,731.718018,441.417236,1151.941528,1173.135254,52.085976,62.372864,3,1.2422,0.805419,15.294355,1.430942,0.58934,1.091303,19.371704,5.217613,3.302011,0.468735,3.811238
1773777304.114832,756.821655,456.207764,1186.848877,1213.029419,50.554035,62.391037,3,1.129402,0.801799,15.278021,1.34043,0.606819,1.056695,15.076141,5.217613,3.302011,0.468735,3.811238
1773777305.311715,810.615295,442.308044,1196.822388,1252.92334,50.132751,64.697914,3,1.101214,0.794797,16.450106,1.317958,0.644274,1.063243,16.236689,5.217613,3.302011,0.468735,3.811238
1773777306.588398,809.419861,465.943909,1276.610474,1275.36377,46.999458,63.465805,3,0.993438,0.794942,13.890475,1.268233,0.643442,1.031092,13.105824,5.217613,3.302011,0.468735,3.811238
1773777307.92117,854.845581,525.240112,1332.711548,1380.085693,45.020996,61.941486,3,1.047281,0.789699,10.044864,1.395724,0.675071,1.012125,10.954039,5.217613,3.302011,0.468735,3.811238
1773777309.267669,725.740906,486.041687,1346.425171,1211.782593,44.562447,59.890354,3,1.14723,0.806318,12.363365,1.544659,0.585178,1.034075,15.854979,5.217613,3.302011,0.468735,3.811238
1773777310.464552,758.01709,472.465942,1196.822388,1230.483032,50.132751,61.60321,3,1.139168,0.801633,12.21928,1.363382,0.607651,1.059977,15.601454,5.217613,3.302011,0.468735,3.811238
1773777311.710056,700.637207,484.964966,1245.443237,1185.602173,48.175621,59.09547,3,1.174356,0.810261,9.499269,1.462594,0.567699,1.063651,18.000975,5.217613,3.302011,0.468735,3.811238
1773777312.77353,576.314209,357.456543,1063.426514,933.770752,56.421387,61.719025,3,1.217569,0.834849,2.216556,1.294795,0.481135,1.059551,14.825001,5.217613,3.302011,0.468735,3.811238
1773777313.765956,706.614319,421.640076,992.365173,1128.254395,60.461613,62.62899,3,1.508429,0.809296,17.951694,1.496913,0.57186,1.160548,21.348095,5.217613,3.302011,0.468735,3.811238
1773777314.910467,710.200623,438.000793,1144.461426,1148.201416,52.426407,61.853313,3,1.291139,0.808726,14.56734,1.477659,0.574358,1.120624,23.318882,5.217613,3.302011,0.468735,3.811238
1773777316.057482,737.695068,437.933594,1146.954712,1175.628662,52.312439,62.748985,3,1.19353,0.804535,16.736052,1.368925,0.593501,1.084088,18.563103,5.217613,3.302011,0.468735,3.811238
1773777317.228185,729.327148,432.587891,1170.641846,1161.915039,51.253933,62.769405,3,1.234025,0.805777,17.593077,1.444602,0.587675,1.078743,19.175343,5.217613,3.302011,0.468735,3.811238
1773777318.362733,726.93634,405.058167,1134.487915,1131.994507,52.887299,64.217308,3,1.315937,0.806137,17.724123,1.492915,0.58601,1.110556,22.360847,5.217613,3.302011,0.468735,3.811238
1773777319.525955,747.258362,437.097107,1163.161743,1184.355469,51.583538,63.094097,3,1.210364,0.803149,14.852101,1.407849,0.60016,1.09702,20.598076,5.217613,3.302011,0.468735,3.811238
1773777320.573224,590.659241,293.243958,1047.219604,883.903198,57.294575,66.823975,3,1.285686,0.831483,5.43853,1.346395,0.491123,1.225208,41.682991,5.217613,3.302011,0.468735,3.811238
1773777321.613012,639.671143,451.182617,1039.73938,1090.85376,57.706768,58.639496,3,1.497681,0.821124,11.284324,1.557198,0.525249,1.20982,30.243149,5.217613,3.302011,0.468735,3.811238
1773777322.68398,738.890442,435.491394,1070.906616,1174.381836,56.027294,62.917393,3,1.305071,0.80436,18.316277,1.397609,0.594334,1.116753,20.56826,5.217613,3.302011,0.468735,3.811238
1773777323.830995,750.844666,408.576965,1146.954712,1159.421631,52.312439,64.760277,3,1.268139,0.802639,19.73201,1.454498,0.602657,1.113019,23.274307,5.217613,3.302011,0.468735,3.811238
1773777325.027878,716.177612,444.490723,1196.822388,1160.668335,50.132751,61.703896,3,1.217261,0.807787,15.623602,1.456845,0.578519,1.070213,18.269665,5.217613,3.302011,0.468735,3.811238
1773777326.183608,754.430847,441.144836,1155.681641,1195.575684,51.917412,63.101887,3,1.201056,0.802133,18.424692,1.388038,0.605154,1.071455,16.940441,5.217613,3.302011,0.468735,3.811238
1773777327.381738,740.085876,443.022888,1198.06897,1183.108765,50.080589,62.55434,3,1.137445,0.804185,15.547189,1.362737,0.595166,1.066063,17.629337,5.217613,3.302011,0.468735,3.811238
1773777328.564908,735.304199,442.817749,1183.108765,1178.121948,50.713848,62.41325,3,1.206893,0.804887,15.88925,1.427886,0.591837,1.074193,18.521107,5.217613,3.302011,0.468735,3.811238
1773777329.735611,713.786804,434.414612,1170.641846,1148.201416,51.253933,62.165642,3,1.257843,0.808161,16.453661,1.472484,0.576854,1.079436,19.192835,5.217613,3.302011,0.468735,3.811238
1773777330.880133,742.476807,431.905029,1144.461426,1174.381836,52.426407,63.222778,3,1.209598,0.803838,18.292906,1.384338,0.596831,1.082781,18.725052,5.217613,3.302011,0.468735,3.811238
1773777332.059562,722.154663,436.020386,1179.368652,1158.175049,50.874676,62.352806,3,1.177033,0.806864,17.043446,1.388156,0.582681,1.082397,19.366817,5.217613,3.302011,0.468735,3.811238
1773777333.230265,728.131775,448.743469,1170.641846,1176.875244,51.253933,61.869919,3,1.220151,0.805957,14.916846,1.42836,0.586843,1.078515,18.354261,5.217613,3.302011,0.468735,3.811238
1773777334.382267,749.649231,424.732605,1151.941528,1174.381836,52.085976,63.833515,3,1.211311,0.802809,18.894207,1.39536,0.601825,1.088009,19.471794,5.217613,3.302011,0.468735,3.811238
1773777335.534257,752.040039,402.394775,1151.941528,1154.434814,52.085976,65.14357,3,1.23788,0.80247,18.328501,1.425966,0.603489,1.082429,18.459646,5.217613,3.302011,0.468735,3.811238
1773777336.724907,744.867554,438.241211,1190.588867,1183.108765,50.395229,62.958504,3,1.131749,0.803492,8.706211,1.347447,0.598495,1.076741,18.885857,5.217613,3.302011,0.468735,3.811238
1773777337.960449,663.579407,487.115417,1235.469727,1150.694824,48.564526,57.667713,3,0.998973,0.816626,6.778812,1.2342,0.541896,1.027352,11.380434,5.217613,3.302011,0.468735,3.811238
1773777339.063819,717.373047,442.048584,1103.320679,1159.421631,54.381287,61.873352,3,1.265384,0.807601,15.828209,1.396124,0.579351,1.107274,19.86401,5.217613,3.302011,0.468735,3.811238
1773777340.18964,710.200623,408.080261,1125.760986,1118.280884,53.297283,63.508247,3,0.977849,0.808726,3.308302,1.100824,0.574358,1.116675,22.723888,5.217613,3.302011,0.468735,3.811238
1773777341.327929,735.304199,429.104126,1138.227905,1164.408325,52.71352,63.148315,3,0.970477,0.804887,19.86565,1.104624,0.591837,1.100361,20.440886,5.217613,3.302011,0.468735,3.811238
1773777342.476179,738.890442,413.051086,1148.201416,1151.941528,52.255642,64.143051,3,1.268084,0.80436,19.016069,1.456015,0.594334,1.127492,25.140892,5.217613,3.302011,0.468735,3.811238
1773777343.656855,701.832642,440.135376,1180.615356,1141.968018,50.820953,61.458172,3,1.266808,0.810066,16.586189,1.495613,0.568531,1.086982,20.47851,5.217613,3.302011,0.468735,3.811238
1773777344.761483,731.718018,404.016479,1104.567261,1135.734497,54.319916,64.426857,3,1.323845,0.805419,17.856133,1.462276,0.58934,1.124861,22.890369,5.217613,3.302011,0.468735,3.811238
1773777345.933433,694.660156,438.580933,1171.88855,1133.241089,51.199409,61.298531,3,1.270708,0.811241,15.386289,1.489128,0.563537,1.100964,21.913456,5.217613,3.302011,0.468735,3.811238
1773777347.045541,737.695068,419.233154,1112.047363,1156.928223,53.954536,63.763256,3,1.273308,0.804535,19.759382,1.415978,0.593501,1.115771,21.749691,5.217613,3.302011,0.468735,3.811238
1773777348.205011,754.430847,422.444397,1159.421631,1176.875244,51.749939,64.104576,3,1.191465,0.802133,20.318905,1.381411,0.605154,1.092514,20.786022,5.217613,3.302011,0.468735,3.811238
1773777349.380701,710.200623,419.300476,1175.628662,1129.501099,51.036522,62.877377,3,1.236318,0.808726,17.848688,1.453451,0.574358,1.101118,22.546999,5.217613,3.302011,0.468735,3.811238