timestamp,gct_ms,swing_time,stride_time,gait_cycle_time,cadence,gct_pct,activity_type,speed_mps,vgrf_average,fsa_deg,stride_len_m,vgrf_impulse_bws,vgrf_active_peak_bw,lr_instantaneous_bwps,vgrf_curve_bn_output_0,vgrf_curve_bn_output_1,vgrf_curve_bn_output_2,vgrf_curve_bn_output_3
1776192564.834934,858.431824,470.539734,2400.0,1328.971558,25.0,64.593697,3,0.302888,0.789309,1.785895,0.726932,0.677568,0.929145,10.0,3.506193,3.590457,0.0,3.673894
1776192570.364283,681.51062,436.770264,1057.193115,1118.280884,56.754059,60.942703,3,1.346575,0.813459,14.974627,1.42359,0.554381,1.160858,24.438932,3.010913,4.367163,0.0,4.246532
1776192571.458926,670.751892,412.621643,1094.59375,1083.373535,54.814857,61.913265,3,1.42692,0.815339,18.092299,1.561897,0.54689,1.172687,28.855675,3.143394,3.928453,0.0,4.344043
1776192572.556074,603.808777,423.463684,1097.087158,1027.272461,54.690277,58.777863,3,1.434651,0.828539,16.145306,1.573937,0.500279,1.18361,29.927818,2.290657,4.678695,0.0,4.453391
1776192577.929575,1000.0,810.193726,1077.140137,1810.193726,55.70306,55.242706,3,0.898567,0.776139,1.324825,0.967882,0.776139,0.995599,10.0,3.238431,3.424505,0.0,3.102857
1776192579.820901,614.567444,485.013,1891.228638,1099.580444,31.725409,55.891083,3,1.669919,0.826223,12.721687,3.1582,0.50777,1.010173,24.876209,2.873786,4.403585,0.0,4.214021
1776192580.855714,1000.0,1000.0,1034.752686,2400.0,57.984871,41.666664,3,1.155116,0.776139,11.0992,1.19526,0.776139,1.12462,15.4921,3.054178,4.285746,0.0,3.990343
1776192583.222053,658.797729,379.695068,2366.217529,1038.492798,25.356924,63.437874,3,0.880511,0.817499,4.231628,2.083479,0.538567,1.007826,31.233078,3.054178,4.285746,0.0,3.990343
1776192584.355343,706.614319,476.494446,1133.241089,1183.108765,52.945484,59.72522,3,0.965561,0.809296,2.796635,1.094213,0.57186,0.995264,10.0,3.054178,4.285746,0.0,3.990343
1776192585.484905,627.717041,419.502563,1129.501099,1047.219604,53.1208,59.941299,3,1.647879,0.823501,19.852465,1.861281,0.516926,1.158052,30.238434,3.054178,4.285746,0.0,3.990343
1776192586.538406,646.843628,426.556396,1053.453003,1073.400024,56.955555,60.261189,3,1.606936,0.81974,21.197821,1.692832,0.530243,1.20437,31.932411,3.054178,4.285746,0.0,3.990343
1776192587.601893,281.776794,417.616272,1063.426514,699.393066,56.421387,40.288761,2,1.804337,1.241015,2.596371,1.918779,0.349689,2.085667,45.72253,1.634065,1.896814,0.851627,3.367627
1776192588.397318,243.472794,507.034607,795.388184,750.507385,75.434868,32.441093,2,2.618019,1.530662,2.730536,2.082342,0.372675,2.481792,83.369164,1.634065,1.896814,0.851627,3.367627
1776192589.165316,240.280807,523.940125,767.960999,764.220947,78.128967,31.441275,2,2.962435,1.577948,4.103651,2.275034,0.379151,2.55323,109.272591,1.634065,1.896814,0.851627,3.367627
1776192589.920859,240.280807,515.213318,755.494141,755.494141,79.418221,31.804457,2,3.182335,1.560428,4.169228,2.404235,0.374941,2.52654,105.826897,1.634065,1.896814,0.851627,3.367627
1776192590.686362,249.856812,526.830994,765.467651,776.687805,78.383453,32.169529,2,3.286783,1.543215,5.251579,2.515926,0.385583,2.500571,106.470795,1.634065,1.896814,0.851627,3.367627
1776192591.459347,250.920792,523.273682,772.947754,774.194458,77.624908,32.410564,2,3.360448,1.532063,7.386689,2.597451,0.384426,2.483881,104.976204,1.634065,1.896814,0.851627,3.367627
1776192592.243551,244.536804,532.151001,784.16803,776.687805,76.514214,31.484568,2,3.231263,1.575838,7.88072,2.533853,0.38535,2.550002,172.383881,1.634065,1.896814,0.851627,3.367627
1776192593.020276,234.960815,530.506836,776.687805,765.467651,77.251114,30.695068,2,3.367843,1.615247,4.635721,2.615762,0.37952,2.61092,116.842079,1.634065,1.896814,0.851627,3.367627
1776192593.775819,236.024811,520.715942,755.494141,756.740784,79.418221,31.18965,2,3.390101,1.590326,6.862293,2.561201,0.375356,2.572244,132.916946,1.634065,1.896814,0.851627,3.367627
1776192594.533842,240.280807,522.69342,757.987488,762.974243,79.156982,31.492651,2,3.441785,1.575445,5.03458,2.60883,0.378549,2.549401,114.881119,1.634065,1.896814,0.851627,3.367627
1776192595.310566,233.896805,535.310913,776.687805,769.207703,77.251114,30.407497,2,3.45934,1.63011,5.814749,2.686827,0.381277,2.634237,116.084335,1.634065,1.896814,0.851627,3.367627
1776192596.07233,241.344788,529.109558,761.727539,770.454346,78.768318,31.324995,2,3.570109,1.583643,8.29724,2.71945,0.382204,2.561962,115.202408,1.634065,1.896814,0.851627,3.367627
1776192596.860288,222.192795,543.274841,787.908081,765.467651,76.151016,29.027065,2,3.375038,1.705556,5.275299,2.65922,0.378962,2.755495,121.289207,1.634065,1.896814,0.851627,3.367627
1776192597.638258,227.512787,556.655273,777.934509,784.16803,77.127312,29.013269,2,3.573429,1.706347,5.14543,2.779894,0.388216,2.756791,117.483063,1.634065,1.896814,0.851627,3.367627
1776192598.417476,223.256805,550.937622,779.181213,774.194458,77.003906,28.837303,2,3.691724,1.716492,5.42819,2.876522,0.383219,2.773473,122.898834,1.634065,1.896814,0.851627,3.367627
1776192599.191707,214.744797,549.476135,774.194458,764.220947,77.499908,28.099833,2,3.70801,1.760395,5.544106,2.870721,0.378036,2.846668,130.909729,1.634065,1.896814,0.851627,3.367627
1776192599.964691,209.424805,557.28949,772.947754,766.714294,77.624908,27.314583,2,3.740766,1.809749,5.18457,2.891416,0.379006,2.930904,141.787186,1.634065,1.896814,0.851627,3.367627
1776192600.728961,209.424805,554.796143,764.220947,764.220947,78.51133,27.403698,2,3.889832,1.804005,3.659813,2.972691,0.377803,2.920995,164.131516,1.634065,1.896814,0.851627,3.367627
1776192601.501944,213.680801,564.253723,772.947754,777.934509,77.624908,27.46771,2,3.89707,1.799903,4.365445,3.012231,0.384605,2.913935,132.412827,1.634065,1.896814,0.851627,3.367627
1776192602.284902,209.424805,568.509705,782.921326,777.934509,76.636055,26.920622,2,3.823796,1.835594,4.085953,2.993731,0.384419,2.975843,151.952438,1.634065,1.896814,0.851627,3.367627
1776192603.054146,216.872803,561.061707,769.207703,777.934509,78.002342,27.878029,2,3.745325,1.774054,3.898695,2.880933,0.384744,2.869773,143.774551,1.634065,1.896814,0.851627,3.367627
1776192603.82839,226.448807,558.965881,774.194458,785.414673,77.499908,28.831751,2,3.63973,1.716814,3.750725,2.817859,0.388771,2.774004,138.728531,1.634065,1.896814,0.851627,3.367627
1776192604.581427,233.896805,527.83075,753.000732,761.727539,79.681198,30.706099,2,3.414828,1.614682,1.307705,2.571368,0.377669,2.610038,94.80558,1.634065,1.896814,0.851627,3.367627
1776192605.31327,212.616806,494.256348,731.807007,706.873169,81.988831,30.078495,2,3.30338,1.647463,1.836984,2.417437,0.350278,2.661698,117.419548,1.634065,1.896814,0.851627,3.367627
1776192606.092488,219.000793,567.660583,779.181213,786.661377,77.003906,27.83927,2,3.645578,1.776463,4.985453,2.840566,0.389047,2.873865,137.903427,1.634065,1.896814,0.851627,3.367627
1776192606.866719,242.408798,559.21283,774.194458,801.621643,77.499908,30.239803,2,3.580582,1.638908,4.764782,2.772067,0.397286,2.648128,149.617493,1.634065,1.896814,0.851627,3.367627
1776192607.630989,245.600784,522.360229,764.220947,767.960999,78.51133,31.980892,2,3.309673,1.55206,5.083158,2.529321,0.381187,2.513884,111.329224,1.634065,1.896814,0.851627,3.367627
1776192608.422674,280.712799,552.07605,791.648132,832.788879,75.791245,33.707558,2,2.922054,1.474792,3.928289,2.313239,0.413993,2.399836,113.464371,1.634065,1.896814,0.851627,3.367627
1776192609.225578,342.424805,532.751526,802.868286,875.176331,74.732056,39.126377,2,2.359945,1.276587,-1.159218,1.894725,0.437135,2.130476,59.323784,1.634065,1.896814,0.851627,3.367627
1776192610.019756,277.520813,440.572571,794.141479,718.093384,75.553291,38.646896,2,2.612615,1.291883,1.264488,2.074786,0.358525,2.150075,63.02718,1.634065,1.896814,0.851627,3.367627
1776192610.82392,237.088791,519.651978,804.11499,756.740784,74.616196,31.330252,2,3.181239,1.583385,2.737401,2.558082,0.375403,2.561566,123.32943,1.634065,1.896814,0.851627,3.367627
1776192611.594411,228.576797,531.904114,770.454346,760.480896,77.876129,30.056875,2,3.404298,1.648616,3.506922,2.622856,0.376835,2.663533,114.093628,1.634065,1.896814,0.851627,3.367627
1776192612.381109,224.320801,557.35376,786.661377,781.674561,76.271698,28.697468,2,3.511817,1.724644,2.727525,2.762611,0.386873,2.786939,136.06102,1.634065,1.896814,0.851627,3.367627
1776192613.141638,223.256805,535.977417,760.480896,759.234192,78.897446,29.405525,2,3.535542,1.684167,2.881407,2.688712,0.376002,2.720627,113.691689,1.634065,1.896814,0.851627,3.367627
1776192613.914622,222.192795,549.50824,772.947754,771.70105,77.624908,28.792599,2,3.621901,1.71909,3.107034,2.79954,0.381969,2.777757,138.827286,1.634065,1.896814,0.851627,3.367627
1776192614.670153,224.320801,533.666687,755.494141,757.987488,79.418221,29.594261,2,3.844071,1.673705,4.010977,2.904173,0.375447,2.703713,149.659195,1.634065,1.896814,0.851627,3.367627
1776192615.431917,221.128799,536.858704,761.727539,757.987488,78.768318,29.173147,2,3.749674,1.697235,6.05231,2.85623,0.375307,2.741883,148.299698,1.634065,1.896814,0.851627,3.367627
1776192616.191187,232.832794,540.11499,759.234192,772.947754,79.027,30.122709,2,3.776352,1.645109,6.141496,2.867135,0.383035,2.657958,134.286636,1.634065,1.896814,0.851627,3.367627
1776192616.954197,239.216797,531.237549,762.974243,770.454346,78.63961,31.048796,2,3.746667,1.597342,7.656304,2.858611,0.382111,2.58308,167.800018,1.634065,1.896814,0.851627,3.367627
1776192617.734674,227.512787,539.201538,780.427856,766.714294,76.880905,29.673737,2,3.466534,1.669339,3.47127,2.70538,0.379796,2.696683,115.743065,1.634065,1.896814,0.851627,3.367627
1776192618.500179,229.640793,538.32019,765.467651,767.960999,78.383453,29.902664,2,3.492157,1.656893,4.18498,2.673133,0.38049,2.67673,126.381973,1.634065,1.896814,0.851627,3.367627
1776192619.256956,230.704803,527.282715,756.740784,757.987488,79.287384,30.436493,2,3.551467,1.628599,3.951678,2.68754,0.375726,2.631858,138.075653,1.634065,1.896814,0.851627,3.367627
1776192620.022459,228.576797,534.397461,765.467651,762.974243,78.383453,29.958651,2,3.707482,1.653878,3.522049,2.837958,0.378038,2.671916,150.754776,1.634065,1.896814,0.851627,3.367627
1776192620.77425,238.152802,524.821411,751.754089,762.974243,79.813332,31.213739,2,3.634585,1.589132,6.38651,2.732314,0.378456,2.570404,179.376678,1.634065,1.896814,0.851627,3.367627
1776192621.54974,232.832794,536.374878,775.441101,769.207703,77.375313,30.269169,2,3.542308,1.63736,5.007924,2.746851,0.381231,2.645679,141.939301,1.634065,1.896814,0.851627,3.367627
1776192622.311504,220.064789,526.702515,761.727539,746.767273,78.768318,29.468992,2,3.541291,1.680634,3.519443,2.697499,0.369848,2.714905,142.807724,1.634065,1.896814,0.851627,3.367627
1776192623.093216,217.936798,561.244385,781.674561,779.181213,76.758286,27.969976,2,3.745115,1.768366,2.33017,2.927461,0.385392,2.860131,142.462936,1.634065,1.896814,0.851627,3.367627
1776192623.869939,223.256805,559.664551,776.687805,782.921326,77.251114,28.515867,2,3.748216,1.735349,3.312981,2.911194,0.387428,2.804709,129.868057,1.634065,1.896814,0.851627,3.367627
1776192624.649169,214.744797,554.462891,779.181213,769.207703,77.003906,27.91766,2,3.667993,1.771598,1.712512,2.858032,0.380441,2.865606,108.388412,1.634065,1.896814,0.851627,3.367627
1776192625.432127,210.4888,567.445679,782.921326,777.934509,76.636055,27.057394,2,3.885819,1.826536,3.289813,3.04229,0.384465,2.960029,144.480591,1.634065,1.896814,0.851627,3.367627
1776192626.200125,214.744797,558.202942,767.960999,772.947754,78.128967,27.782578,2,4.014864,1.779999,3.949695,3.083259,0.382246,2.87988,142.24263,1.634065,1.896814,0.851627,3.367627
1776192626.959396,221.128799,545.58551,759.234192,766.714294,79.027,28.841097,2,3.755397,1.716272,4.143306,2.851226,0.379517,2.77311,145.926956,1.634065,1.896814,0.851627,3.367627
1776192627.719912,229.640793,540.813538,760.480896,770.454346,78.897446,29.805893,2,3.772108,1.662131,4.31059,2.868616,0.381693,2.685111,134.757004,1.634065,1.896814,0.851627,3.367627
1776192628.561477,189.208801,604.932678,841.515686,794.141479,71.299919,23.825579,2,3.517811,2.068374,-11.283857,2.960293,0.391355,3.406166,107.594894,1.634065,1.896814,0.851627,3.367627
1776192629.27088,199.848801,521.98468,709.366577,721.833496,84.582504,27.686274,2,4.943858,1.786039,3.982888,3.507007,0.356938,2.890178,240.53215,1.634065,1.896814,0.851627,3.367627
1776192630.030151,195.592804,558.654663,759.234192,754.247437,79.027,25.93218,2,4.62891,1.903896,4.551014,3.514427,0.372388,3.097336,192.925964,1.634065,1.896814,0.851627,3.367627
1776192630.776955,204.104813,552.635986,746.767273,756.740784,80.346313,26.971563,2,4.599898,1.832209,8.012901,3.435053,0.373963,2.969926,253.630219,1.634065,1.896814,0.851627,3.367627
1776192631.542458,211.552795,562.641663,765.467651,774.194458,78.383453,27.325539,2,4.379086,1.809041,7.301358,3.352049,0.382708,2.929681,193.40007,1.634065,1.896814,0.851627,3.367627
1776192632.296754,217.936798,543.790771,754.247437,761.727539,79.549492,28.610859,2,4.411,1.729732,7.575268,3.326986,0.376972,2.795374,223.209778,1.634065,1.896814,0.851627,3.367627
1776192633.054778,217.936798,540.050659,757.987488,757.987488,79.156982,28.752031,2,4.235036,1.721454,7.434678,3.210104,0.375168,2.781662,226.369736,1.634065,1.896814,0.851627,3.367627
1776192633.811556,215.808792,538.43866,756.740784,754.247437,79.287384,28.612465,2,4.170098,1.729638,6.919205,3.155683,0.373271,2.795217,204.418106,1.634065,1.896814,0.851627,3.367627
1776192634.560852,222.192795,534.547974,749.26062,756.740784,80.078941,29.361811,2,4.205338,1.686609,6.71737,3.150895,0.374752,2.724589,190.641953,1.634065,1.896814,0.851627,3.367627
1776192635.345057,211.552795,560.148254,784.16803,771.70105,76.514214,27.413828,2,4.10234,1.803355,6.155412,3.216924,0.381505,2.919875,157.541458,1.634065,1.896814,0.851627,3.367627
1776192636.106821,221.128799,551.81897,761.727539,772.947754,78.768318,28.608503,2,4.18898,1.729871,7.881381,3.190861,0.382524,2.795604,213.62468,1.634065,1.896814,0.851627,3.367627
1776192636.882311,216.872803,553.581543,775.441101,770.454346,77.375313,28.148689,2,4.092421,1.757416,6.892218,3.173431,0.381136,2.841648,156.691727,1.634065,1.896814,0.851627,3.367627
1776192637.660282,209.424805,559.782898,777.934509,769.207703,77.127312,27.22604,2,4.005105,1.815492,4.92531,3.115709,0.380209,2.940842,145.191559,1.634065,1.896814,0.851627,3.367627
1776192638.420799,207.296799,550.690674,760.480896,757.987488,78.897446,27.348312,2,4.280955,1.80757,6.845182,3.255584,0.374704,2.927143,194.715927,1.634065,1.896814,0.851627,3.367627
1776192639.176329,219.000793,550.206909,755.494141,769.207703,79.418221,28.470957,2,4.339694,1.738017,7.506166,3.278613,0.380627,2.809155,212.418533,1.634065,1.896814,0.851627,3.367627
1776192639.940587,215.808792,544.672119,764.220947,760.480896,78.51133,28.377937,2,4.149104,1.743571,7.077566,3.170832,0.376278,2.818425,149.884796,1.634065,1.896814,0.851627,3.367627
1776192640.706104,213.680801,549.293457,765.467651,762.974243,78.383453,28.006294,2,4.115769,1.766129,7.03413,3.150488,0.377388,2.856348,175.129929,1.634065,1.896814,0.851627,3.367627
1776192641.472855,216.872803,553.581543,766.714294,770.454346,78.256004,28.148689,2,4.102173,1.757416,6.069677,3.145195,0.381136,2.841648,142.131378,1.634065,1.896814,0.851627,3.367627
1776192642.240851,216.872803,551.088196,767.960999,767.960999,78.128967,28.240082,2,4.107675,1.751869,5.264064,3.154534,0.379933,2.832325,167.08876,1.634065,1.896814,0.851627,3.367627
1776192643.000122,224.320801,543.640198,759.234192,767.960999,79.027,29.209921,2,4.059711,1.695153,8.514423,3.082272,0.380258,2.738487,145.637894,1.634065,1.896814,0.851627,3.367627
1776192643.770613,211.552795,543.941345,770.454346,755.494141,77.876129,28.001911,2,3.997004,1.766399,5.311832,3.079509,0.373687,2.856803,147.265717,1.634065,1.896814,0.851627,3.367627
1776192644.529896,219.000793,548.960205,759.234192,767.960999,79.027,28.517178,2,4.128014,1.735271,6.978907,3.134129,0.380026,2.80458,156.527588,1.634065,1.896814,0.851627,3.367627
1776192645.289167,221.128799,540.598755,759.234192,761.727539,79.027,29.029909,2,4.086801,1.705393,6.446726,3.102839,0.377112,2.755228,146.324768,1.634065,1.896814,0.851627,3.367627
1776192646.05467,222.192795,544.521484,765.467651,766.714294,78.383453,28.979868,2,4.024786,1.708263,6.347406,3.080843,0.379564,2.759935,161.102692,1.634065,1.896814,0.851627,3.367627
1776192646.831395,219.000793,553.94696,776.687805,772.947754,77.251114,28.333197,2,4.010445,1.746255,5.770541,3.114864,0.382431,2.822915,185.915054,1.634065,1.896814,0.851627,3.367627
1776192647.600639,222.192795,550.754944,769.207703,772.947754,78.002342,28.746161,2,3.989177,1.721796,5.801714,3.068506,0.382571,2.782228,164.843658,1.634065,1.896814,0.851627,3.367627
1776192648.362416,222.192795,539.534729,761.727539,761.727539,78.768318,29.16959,2,4.023734,1.697436,5.6822,3.064989,0.377158,2.742212,166.754684,1.634065,1.896814,0.851627,3.367627
1776192649.129166,216.872803,543.608093,766.714294,760.480896,78.256004,28.517851,2,3.962546,1.735231,5.961361,3.038141,0.376324,2.804513,163.855148,1.634065,1.896814,0.851627,3.367627
1776192649.885943,219.000793,540.233398,756.740784,759.234192,79.287384,28.844959,2,4.076618,1.716048,4.468511,3.084943,0.375816,2.772741,161.642258,1.634065,1.896814,0.851627,3.367627
1776192650.645214,215.808792,539.685364,759.234192,755.494141,79.027,28.565248,2,4.143927,1.732424,5.8106,3.146211,0.373872,2.799845,174.449188,1.634065,1.896814,0.851627,3.367627
1776192651.420691,213.680801,559.266968,775.441101,772.947754,77.375313,27.64492,2,4.148277,1.788645,4.392028,3.216745,0.382199,2.894632,166.615738,1.634065,1.896814,0.851627,3.367627
1776192652.211142,207.296799,575.624512,790.401428,782.921326,75.910797,26.477348,2,4.178473,1.865594,5.879188,3.302671,0.386732,3.028718,163.96489,1.634065,1.896814,0.851627,3.367627
1776192652.972905,208.360794,554.613464,761.727539,762.974243,78.768318,27.309021,2,4.266068,1.810108,6.871509,3.249581,0.377156,2.931526,166.102722,1.634065,1.896814,0.851627,3.367627
1776192653.740903,206.232788,559.234863,767.960999,765.467651,78.128967,26.942066,2,4.224276,1.834167,4.25019,3.244079,0.378265,2.973348,166.933105,1.634065,1.896814,0.851627,3.367627
1776192654.515134,205.168793,567.778931,774.194458,772.947754,77.499908,26.543682,2,4.520523,1.861041,8.134766,3.499764,0.381827,3.020643,253.076736,1.634065,1.896814,0.851627,3.367627
1776192655.299351,203.040817,578.633728,784.16803,781.674561,76.514214,25.975109,2,4.348766,1.900822,6.202557,3.410163,0.385944,3.091782,184.115021,1.634065,1.896814,0.851627,3.367627
1776192656.078569,200.912796,575.775024,779.181213,776.687805,77.003906,25.867897,2,4.367208,1.908519,6.855757,3.402847,0.383446,3.105702,197.499451,1.634065,1.896814,0.851627,3.367627
1776192656.830358,204.104813,551.389343,751.754089,755.494141,79.813332,27.016068,2,4.358719,1.829263,5.509297,3.276685,0.373361,2.964783,168.057587,1.634065,1.896814,0.851627,3.367627
1776192657.625783,197.720795,590.187256,795.388184,787.908081,75.434868,25.094398,2,4.323425,1.966,5.345356,3.438801,0.388719,3.211244,170.515915,1.634065,1.896814,0.851627,3.367627
1776192658.40252,201.976791,579.697754,776.687805,781.674561,77.251114,25.838985,2,4.432536,1.910605,6.672538,3.442697,0.385898,3.109484,200.010956,1.634065,1.896814,0.851627,3.367627
1776192659.176751,193.464798,570.756165,774.194458,764.220947,77.499908,25.315296,2,4.408681,1.949226,5.937678,3.413176,0.377107,3.180155,228.383179,1.634065,1.896814,0.851627,3.367627
1776192659.957216,195.592804,587.328491,780.427856,782.921326,76.880905,24.982435,2,4.414449,1.974616,5.855505,3.445159,0.386221,3.227305,172.248505,1.634065,1.896814,0.851627,3.367627
1776192660.727706,203.040817,576.140381,770.454346,779.181213,77.876129,26.058228,2,4.493936,1.894898,5.819926,3.462372,0.384742,3.081103,206.284882,1.634065,1.896814,0.851627,3.367627
1776192661.508183,201.976791,577.204407,780.427856,779.181213,76.880905,25.921673,2,4.405467,1.90465,5.612584,3.438149,0.384695,3.098699,201.874359,1.634065,1.896814,0.851627,3.367627
1776192662.28366,200.912796,573.281677,775.441101,774.194458,77.375313,25.951206,2,4.397505,1.902532,3.868293,3.410006,0.382243,3.094871,187.223694,1.634065,1.896814,0.851627,3.367627
1776192663.044178,205.168793,560.298828,760.480896,765.467651,78.897446,26.803064,2,4.420763,1.843453,5.591985,3.361906,0.378219,2.989621,184.770386,1.634065,1.896814,0.851627,3.367627
1776192663.805942,200.912796,555.828003,761.727539,756.740784,78.768318,26.549751,2,4.309835,1.860625,2.91559,3.28292,0.373823,3.019907,169.908432,1.634065,1.896814,0.851627,3.367627
1776192664.586405,204.104813,580.063232,780.427856,784.16803,76.880905,26.028198,2,4.278408,1.897033,3.946795,3.338989,0.387194,3.08495,153.305145,1.634065,1.896814,0.851627,3.367627
1776192665.350675,212.616806,561.577637,764.220947,774.194458,78.51133,27.462971,2,4.247323,1.800206,4.911431,3.245893,0.382754,2.914456,151.430084,1.634065,1.896814,0.851627,3.367627
1776192666.1274,206.232788,562.974915,776.687805,769.207703,77.251114,26.811066,2,4.242031,1.842916,7.295446,3.294734,0.38007,2.988678,197.999084,1.634065,1.896814,0.851627,3.367627
1776192666.907864,211.552795,575.108582,780.427856,786.661377,76.880905,26.892487,2,4.228452,1.837469,5.040639,3.300002,0.388722,2.979125,172.994125,1.634065,1.896814,0.851627,3.367627
1776192667.679602,210.4888,559.965576,771.70105,770.454346,77.750313,27.320087,2,4.21458,1.809393,6.790767,3.252396,0.380857,2.93029,205.824097,1.634065,1.896814,0.851627,3.367627
1776192668.437638,219.000793,548.960205,757.987488,767.960999,79.156982,28.517178,2,4.200223,1.735271,6.511973,3.183717,0.380026,2.80458,218.7341,1.634065,1.896814,0.851627,3.367627
1776192669.220596,211.552795,562.641663,782.921326,774.194458,76.636055,27.325539,2,4.021152,1.809041,5.246733,3.148245,0.382708,2.929681,183.259613,1.634065,1.896814,0.851627,3.367627
1776192669.98984,221.128799,559.299072,769.207703,780.427856,78.002342,28.334305,2,4.109076,1.746189,6.064867,3.160733,0.386133,2.822803,163.465302,1.634065,1.896814,0.851627,3.367627
1776192670.764071,219.000793,552.700256,774.194458,771.70105,77.499908,28.378967,2,4.01754,1.74351,5.031313,3.110358,0.38183,2.818322,133.882629,1.634065,1.896814,0.851627,3.367627
1776192671.532067,216.872803,548.594849,767.960999,765.467651,78.128967,28.332066,2,4.098115,1.746323,6.298536,3.147192,0.37873,2.823029,180.467728,1.634065,1.896814,0.851627,3.367627
1776192672.308804,200.912796,557.074707,776.687805,757.987488,77.251114,26.506084,2,4.13839,1.863619,6.758273,3.214237,0.374425,3.025213,253.694519,1.634065,1.896814,0.851627,3.367627
1776192673.084282,219.000793,577.634094,775.441101,796.634888,77.375313,27.490734,2,4.240299,1.798432,6.334702,3.288102,0.393858,2.911407,192.036911,1.634065,1.896814,0.851627,3.367627
1776192673.87472,208.360794,569.57373,790.401428,777.934509,75.910797,26.783848,2,4.167085,1.844745,5.273169,3.29367,0.384372,2.99189,142.256958,1.634065,1.896814,0.851627,3.367627
1776192674.663923,197.720795,578.967041,789.154724,776.687805,76.030716,25.456921,2,4.220057,1.938625,2.663306,3.330278,0.383306,3.16063,168.819702,1.634065,1.896814,0.851627,3.367627
1776192675.433167,205.168793,572.765747,769.207703,777.934509,78.002342,26.373529,2,4.295452,1.872766,6.134116,3.304095,0.384233,3.041471,185.714798,1.634065,1.896814,0.851627,3.367627
1776192676.196178,204.104813,557.622742,762.974243,761.727539,78.63961,26.794989,2,4.331206,1.843996,5.355599,3.304599,0.376368,2.990574,207.177124,1.634065,1.896814,0.851627,3.367627
1776192676.959189,208.360794,559.60022,762.974243,767.960999,78.63961,27.131689,2,4.436542,1.821654,5.715172,3.384967,0.379561,2.951534,212.153442,1.634065,1.896814,0.851627,3.367627
1776192677.747134,201.976791,578.45105,787.908081,780.427856,76.151016,25.880264,2,4.390466,1.907628,5.086903,3.459284,0.385297,3.104088,209.038986,1.634065,1.896814,0.851627,3.367627
1776192678.517636,205.168793,569.025635,770.454346,774.194458,77.876129,26.500937,2,4.449448,1.863972,4.656025,3.428096,0.382429,3.02584,210.046127,1.634065,1.896814,0.851627,3.367627
1776192679.285634,206.232788,562.974915,767.960999,769.207703,78.128967,26.811066,2,4.577039,1.842916,6.73705,3.514987,0.38007,2.988678,231.99469,1.634065,1.896814,0.851627,3.367627
1776192680.052385,211.552795,561.394958,766.714294,772.947754,78.256004,27.369612,2,4.697091,1.806198,7.531318,3.601326,0.382106,2.924775,157.948898,1.634065,1.896814,0.851627,3.367627
1776192680.810409,214.744797,546.982727,757.987488,761.727539,79.156982,28.191811,2,4.613014,1.754794,7.604973,3.496607,0.376833,2.837239,157.869431,1.634065,1.896814,0.851627,3.367627
1776192681.583393,207.296799,556.924133,772.947754,764.220947,77.624908,27.125246,2,4.486087,1.822076,8.996264,3.467511,0.377711,2.952268,262.676819,1.634065,1.896814,0.851627,3.367627
1776192682.357636,215.808792,568.359253,774.194458,784.16803,77.499908,27.520735,2,4.386445,1.796519,3.04333,3.395961,0.387705,2.908122,170.652405,1.634065,1.896814,0.851627,3.367627
1776192683.143087,205.168793,567.778931,785.414673,772.947754,76.392769,26.543682,2,4.241055,1.861041,6.581185,3.330987,0.381827,3.020643,179.4823,1.634065,1.896814,0.851627,3.367627
1776192683.914825,200.912796,565.801514,771.70105,766.714294,77.750313,26.20439,2,4.1636,1.884572,5.14532,3.213055,0.378635,3.062561,150.347534,1.634065,1.896814,0.851627,3.367627
1776192684.685316,209.424805,571.003052,770.454346,780.427856,77.876129,26.834614,2,4.3084,1.841337,6.293139,3.319425,0.385622,2.985906,229.020981,1.634065,1.896814,0.851627,3.367627
1776192685.465792,208.360794,570.820435,780.427856,779.181213,76.880905,26.740992,2,4.275844,1.847631,5.585082,3.336987,0.384974,2.996967,186.397202,1.634065,1.896814,0.851627,3.367627
1776192686.230049,214.744797,556.956238,764.220947,771.70105,78.51133,27.827459,2,4.254383,1.777198,5.879922,3.251288,0.381644,2.875115,200.577759,1.634065,1.896814,0.851627,3.367627
1776192687.013007,208.360794,567.080322,782.921326,775.441101,76.636055,26.86997,2,4.258722,1.838972,5.852568,3.334244,0.38317,2.981759,215.451843,1.634065,1.896814,0.851627,3.367627
1776192687.802198,196.656799,578.784302,789.154724,775.441101,76.030716,25.360638,2,4.173485,1.945819,4.949066,3.293526,0.382659,3.17387,147.081024,1.634065,1.896814,0.851627,3.367627
1776192688.575194,198.784805,576.656311,772.947754,775.441101,77.624908,25.635061,2,4.36377,1.925457,5.217616,3.372966,0.382752,3.13651,178.407364,1.634065,1.896814,0.851627,3.367627
1776192689.345685,204.104813,572.583008,770.454346,776.687805,77.876129,26.278873,2,4.43387,1.879354,5.879922,3.416095,0.383585,3.053226,222.412781,1.634065,1.896814,0.851627,3.367627
1776192690.113683,197.720795,562.760132,767.960999,760.480896,78.128967,25.999441,2,4.499051,1.899084,5.563896,3.455096,0.375488,3.088646,224.67131,1.634065,1.896814,0.851627,3.367627
1776192690.882927,199.848801,571.852234,769.207703,771.70105,78.002342,25.897179,2,4.638531,1.90641,7.37784,3.567994,0.380994,3.101883,281.646332,1.634065,1.896814,0.851627,3.367627
1776192691.639704,200.912796,557.074707,756.740784,757.987488,79.287384,26.506084,2,4.64626,1.863619,11.914625,3.516015,0.374425,3.025213,266.648346,1.634065,1.896814,0.851627,3.367627
1776192692.372806,198.784805,531.775513,733.053711,730.560303,81.849388,27.209911,2,4.828118,1.816543,7.180118,3.53927,0.361101,2.942662,191.026062,1.634065,1.896814,0.851627,3.367627
1776192693.149531,193.464798,576.989563,776.687805,770.454346,77.251114,25.110483,2,4.702864,1.964769,6.781698,3.652657,0.380114,3.208954,208.235138,1.634065,1.896814,0.851627,3.367627
1776192693.915035,199.848801,573.098938,765.467651,772.947754,78.383453,25.85541,2,4.608909,1.90942,7.409674,3.527971,0.381595,3.107334,259.554321,1.634065,1.896814,0.851627,3.367627
1776192694.678046,206.232788,564.221558,762.974243,770.454346,78.63961,26.767683,2,4.542499,1.845832,5.794481,3.46581,0.380671,2.993802,285.191162,1.634065,1.896814,0.851627,3.367627
1776192695.459757,198.784805,574.162964,781.674561,772.947754,76.758286,25.717752,2,4.339309,1.919406,4.554429,3.391927,0.381549,3.125476,172.837402,1.634065,1.896814,0.851627,3.367627
1776192696.23774,201.976791,579.697754,777.934509,781.674561,77.127312,25.838985,2,4.408458,1.910605,5.271077,3.429492,0.385898,3.109484,185.093445,1.634065,1.896814,0.851627,3.367627
1776192697.025684,199.848801,585.565857,787.908081,785.414673,76.151016,25.445005,2,4.450437,1.939512,4.656539,3.506535,0.387609,3.162261,182.335373,1.634065,1.896814,0.851627,3.367627
1776192697.801162,206.232788,576.688538,775.441101,782.921326,77.375313,26.341444,2,4.527428,1.874994,5.548953,3.510754,0.386685,3.045442,204.939117,1.634065,1.896814,0.851627,3.367627
1776192698.58412,201.976791,575.957703,782.921326,777.934509,76.636055,25.963215,2,4.512275,1.901672,5.560445,3.532757,0.384094,3.093318,184.034637,1.634065,1.896814,0.851627,3.367627
1776192699.372076,194.528793,584.652405,787.908081,779.181213,76.151016,24.965796,2,4.610436,1.975903,2.940117,3.6326,0.38437,3.22971,213.055206,1.634065,1.896814,0.851627,3.367627
1776192700.13758,203.040817,572.400269,765.467651,775.441101,78.383453,26.183912,2,4.616308,1.886012,5.01446,3.533634,0.382937,3.065141,207.952194,1.634065,1.896814,0.851627,3.367627
1776192700.905578,200.912796,564.554871,767.960999,765.467651,78.128967,26.247066,2,4.517398,1.881579,4.554356,3.469186,0.378033,3.057203,184.704147,1.634065,1.896814,0.851627,3.367627
1776192701.686042,197.720795,578.967041,780.427856,776.687805,76.880905,25.456921,2,4.475608,1.938625,3.269398,3.492889,0.383306,3.16063,188.679276,1.634065,1.896814,0.851627,3.367627
1776192702.461533,196.656799,577.537659,775.441101,774.194458,77.375313,25.401474,2,4.43962,1.942761,2.856513,3.442664,0.382057,3.168237,200.496429,1.634065,1.896814,0.851627,3.367627
1776192703.244489,191.336807,585.351013,782.921326,776.687805,76.636055,24.63497,2,4.485544,2.001851,2.914856,3.511828,0.383028,3.278492,197.437027,1.634065,1.896814,0.851627,3.367627
1776192704.01498,197.720795,580.213745,770.454346,777.934509,77.876129,25.416124,2,4.544736,1.941667,3.883641,3.501512,0.383908,3.166223,171.157013,1.634065,1.896814,0.851627,3.367627
1776192704.781731,200.912796,569.541565,766.714294,770.454346,78.256004,26.077185,2,4.420709,1.893552,3.669102,3.389421,0.380439,3.078681,189.297775,1.634065,1.896814,0.851627,3.367627
1776192705.553482,206.232788,571.701721,771.70105,777.934509,77.750313,26.510302,2,4.306599,1.863329,4.94422,3.323407,0.38428,3.024699,153.350647,1.634065,1.896814,0.851627,3.367627
1776192706.337686,206.232788,577.935242,784.16803,784.16803,76.514214,26.299566,2,4.2816,1.87791,3.165709,3.357494,0.387287,3.050646,153.155563,1.634065,1.896814,0.851627,3.367627
1776192707.123136,194.528793,577.172241,785.414673,771.70105,76.392769,25.20779,2,4.322143,1.957353,3.019574,3.394675,0.380762,3.195188,165.240738,1.634065,1.896814,0.851627,3.367627
1776192707.896121,201.976791,579.697754,772.947754,781.674561,77.624908,25.838985,2,4.405117,1.910605,4.044316,3.404925,0.385898,3.109484,146.219391,1.634065,1.896814,0.851627,3.367627
1776192708.676598,194.528793,577.172241,780.427856,771.70105,76.880905,25.20779,2,4.352492,1.957353,3.310815,3.396806,0.380762,3.195188,178.315811,1.634065,1.896814,0.851627,3.367627
1776192709.442102,207.296799,573.131042,765.467651,780.427856,78.383453,26.561943,2,4.466096,1.859791,5.470782,3.418652,0.385529,3.018431,212.088272,1.634065,1.896814,0.851627,3.367627
1776192710.226306,195.592804,574.861572,784.16803,770.454346,76.514214,25.386683,2,4.394263,1.943868,3.473216,3.44584,0.380207,3.170274,184.247681,1.634065,1.896814,0.851627,3.367627
1776192710.994303,201.976791,573.464294,767.960999,775.441101,78.128967,26.046696,2,4.434871,1.895717,3.772278,3.405808,0.382891,3.082579,192.764664,1.634065,1.896814,0.851627,3.367627
1776192711.761067,203.040817,564.920166,766.714294,767.960999,78.256004,26.438948,2,4.370459,1.86824,3.117829,3.350893,0.379329,3.033418,177.837708,1.634065,1.896814,0.851627,3.367627
1776192712.519091,210.4888,556.225464,757.987488,766.714294,79.156982,27.453354,2,4.22455,1.800821,0.655716,3.202156,0.379053,2.915514,151.519257,1.634065,1.896814,0.851627,3.367627
1776192713.302049,204.104813,571.336304,782.921326,775.441101,76.636055,26.321125,2,4.196944,1.876408,0.908111,3.285877,0.382984,3.047964,167.553391,1.634065,1.896814,0.851627,3.367627
1776192714.075032,204.104813,568.842957,772.947754,772.947754,77.624908,26.406029,2,4.321282,1.870515,4.032603,3.340125,0.381781,3.037463,161.678467,1.634065,1.896814,0.851627,3.367627
1776192714.855496,209.424805,577.236572,780.427856,786.661377,76.880905,26.621977,2,4.31653,1.855696,1.096507,3.368741,0.388629,3.011188,125.870155,1.634065,1.896814,0.851627,3.367627
1776192715.64096,211.552795,576.355286,785.414673,787.908081,76.392769,26.849934,2,4.280109,1.840312,4.239064,3.36166,0.389323,2.984107,159.796005,1.634065,1.896814,0.851627,3.367627
1776192716.422671,201.976791,568.477539,781.674561,770.454346,76.758286,26.215282,2,4.185799,1.883807,3.640683,3.271933,0.380485,3.061191,159.556686,1.634065,1.896814,0.851627,3.367627
1776192717.184436,208.360794,560.846924,761.727539,769.207703,78.768318,27.087715,2,4.366766,1.82454,3.99192,3.326286,0.380163,2.956554,173.23616,1.634065,1.896814,0.851627,3.367627
1776192717.956172,211.552795,563.888306,771.70105,775.441101,77.750313,27.281607,2,4.350788,1.811883,5.501367,3.357508,0.383309,2.934595,182.407501,1.634065,1.896814,0.851627,3.367627
1776192718.746623,198.784805,576.656311,790.401428,775.441101,75.910797,25.635061,2,4.302934,1.925457,4.757401,3.401045,0.382752,3.13651,163.183472,1.634065,1.896814,0.851627,3.367627
1776192719.523347,206.232788,579.181885,776.687805,785.414673,77.251114,26.257822,2,4.399447,1.880826,6.059836,3.416997,0.387888,3.055856,222.399796,1.634065,1.896814,0.851627,3.367627
1776192720.293838,211.552795,565.13501,770.454346,776.687805,77.876129,27.237814,2,4.387142,1.814726,7.063099,3.380092,0.38391,2.939516,187.302368,1.634065,1.896814,0.851627,3.367627
1776192721.084276,201.976791,577.204407,790.401428,779.181213,75.910797,25.921673,2,4.348848,1.90465,5.063624,3.437335,0.384695,3.098699,172.427246,1.634065,1.896814,0.851627,3.367627
1776192721.849792,208.360794,564.586975,765.467651,772.947754,78.383453,26.956648,2,4.41612,1.833199,6.814229,3.380397,0.381967,2.971655,195.714218,1.634065,1.896814,0.851627,3.367627
1776192722.637737,205.168793,578.999268,787.908081,784.16803,76.151016,26.163881,2,4.369442,1.887422,6.413277,3.442719,0.38724,3.06767,219.102402,1.634065,1.896814,0.851627,3.367627
1776192723.415708,201.976791,572.217651,777.934509,774.194458,77.127312,26.088636,2,4.388177,1.89274,6.318216,3.413715,0.38229,3.077221,183.753067,1.634065,1.896814,0.851627,3.367627
1776192724.189939,205.168793,572.765747,774.194458,777.934509,77.499908,26.373529,2,4.368892,1.872766,6.111167,3.382372,0.384233,3.041471,194.500305,1.634065,1.896814,0.851627,3.367627
1776192724.965428,201.976791,569.724243,775.441101,771.70105,77.375313,26.172934,2,4.377764,1.886784,4.915323,3.394698,0.381087,3.066526,162.759521,1.634065,1.896814,0.851627,3.367627
1776192725.742152,205.168793,575.259033,776.687805,780.427856,77.251114,26.289272,2,4.528888,1.878628,6.238466,3.517532,0.385436,3.051928,235.728317,1.634065,1.896814,0.851627,3.367627
1776192726.523864,199.848801,575.592285,781.674561,775.441101,76.758286,25.772274,2,4.492748,1.915438,6.242248,3.511867,0.382798,3.118258,209.833984,1.634065,1.896814,0.851627,3.367627
1776192727.308068,199.848801,584.319214,784.16803,784.16803,76.514214,25.485456,2,4.426543,1.936503,5.144218,3.471153,0.387008,3.156734,192.636658,1.634065,1.896814,0.851627,3.367627
1776192728.073584,208.360794,567.080322,765.467651,775.441101,78.383453,26.86997,2,4.378978,1.838972,4.941098,3.351966,0.38317,2.981759,185.787781,1.634065,1.896814,0.851627,3.367627
1776192728.859035,197.720795,575.226929,785.414673,772.947754,76.392769,25.580099,2,4.317582,1.9295,4.169081,3.391092,0.381502,3.1439,162.259857,1.634065,1.896814,0.851627,3.367627
1776192729.625786,201.976791,569.724243,766.714294,771.70105,78.256004,26.172934,2,4.400804,1.886784,5.556993,3.374159,0.381087,3.066526,160.367554,1.634065,1.896814,0.851627,3.367627
1776192730.392537,197.720795,564.006714,766.714294,761.727539,78.256004,25.956894,2,4.389466,1.902125,3.808995,3.365466,0.37609,3.094135,178.769485,1.634065,1.896814,0.851627,3.367627
1776192731.144328,193.464798,553.30249,751.754089,746.767273,79.813332,25.906975,2,4.419187,1.905706,3.133471,3.322142,0.368687,3.100609,159.889923,1.634065,1.896814,0.851627,3.367627
1776192731.901117,200.912796,564.554871,756.740784,765.467651,79.287384,26.247066,2,4.450709,1.881579,4.889437,3.368033,0.378033,3.057203,159.951965,1.634065,1.896814,0.851627,3.367627
1776192732.670361,205.168793,569.025635,769.207703,774.194458,78.002342,26.500937,2,4.389099,1.863972,4.579654,3.376129,0.382429,3.02584,174.775024,1.634065,1.896814,0.851627,3.367627
1776192733.444592,195.592804,567.38147,774.194458,762.974243,77.499908,25.635571,2,4.225302,1.925419,2.60085,3.271206,0.376598,3.136442,165.516739,1.634065,1.896814,0.851627,3.367627
1776192734.23503,190.272812,593.895203,790.401428,784.16803,75.910797,24.264292,2,4.17611,2.031766,0.488212,3.300803,0.38659,3.33544,179.64006,1.634065,1.896814,0.851627,3.367627
1776192734.996806,206.232788,574.195068,761.727539,780.427856,78.768318,26.425606,2,4.35007,1.869161,3.941104,3.313568,0.385482,3.035056,180.613388,1.634065,1.896814,0.851627,3.367627
1776192735.733636,212.616806,531.657043,736.793762,744.273865,81.433914,28.567013,2,4.357281,1.73232,5.112311,3.210417,0.36832,2.799672,139.921036,1.634065,1.896814,0.851627,3.367627
1776192736.544021,224.320801,599.741272,810.34845,824.062073,74.042221,27.22135,2,3.820319,1.815797,2.841862,3.09579,0.407321,2.941371,92.372475,1.634065,1.896814,0.851627,3.367627
1776192737.303292,237.088791,537.105652,759.234192,774.194458,79.027,30.623934,2,3.826869,1.618898,6.045737,2.90549,0.383822,2.61663,74.346504,1.634065,1.896814,0.851627,3.367627
1776192738.093741,236.024811,553.129883,790.401428,789.154724,75.910797,29.908558,2,3.816725,1.656575,4.254339,3.016745,0.390993,2.676222,93.949448,1.634065,1.896814,0.851627,3.367627
1776192738.892906,213.680801,559.266968,799.128235,772.947754,75.081818,27.64492,2,3.832046,1.788645,0.944865,3.062296,0.382199,2.894632,87.234535,1.634065,1.896814,0.851627,3.367627
1776192739.684591,216.872803,578.515381,791.648132,795.388184,75.791245,27.266285,2,3.97992,1.812877,2.910413,3.150697,0.393164,2.936314,106.184517,1.634065,1.896814,0.851627,3.367627
1776192740.473782,211.552795,571.36853,789.154724,782.921326,76.030716,27.020952,2,4.164869,1.82894,2.922824,3.286726,0.386917,2.96422,138.453796,1.634065,1.896814,0.851627,3.367627
1776192741.251766,213.680801,566.74707,777.934509,780.427856,77.127312,27.379957,2,4.198845,1.805532,4.123184,3.266427,0.385807,2.923626,106.583473,1.634065,1.896814,0.851627,3.367627
1776192742.04719,206.232788,580.428589,795.388184,786.661377,75.434868,26.216209,2,4.277329,1.883742,2.329546,3.402137,0.388489,3.061074,120.29789,1.634065,1.896814,0.851627,3.367627
1776192742.821421,215.808792,569.605896,774.194458,785.414673,77.499908,27.477051,2,4.388744,1.799306,2.331345,3.397742,0.388306,2.912908,141.962967,1.634065,1.896814,0.851627,3.367627
1776192743.583185,212.616806,545.370667,761.727539,757.987488,78.768318,28.050173,2,4.425757,1.763435,1.170602,3.371221,0.374936,2.851795,116.930832,1.634065,1.896814,0.851627,3.367627
1776192744.387349,215.808792,592.046265,804.11499,807.855042,74.616196,26.7138,2,4.320527,1.849467,3.045863,3.4742,0.399131,3.0002,138.821136,1.634065,1.896814,0.851627,3.367627
1776192745.175293,201.976791,569.724243,787.908081,771.70105,76.151016,26.172934,2,4.129773,1.886784,0.875469,3.253881,0.381087,3.066526,147.178787,1.634065,1.896814,0.851627,3.367627
1776192745.952017,212.616806,576.537903,776.687805,789.154724,77.251114,26.942348,2,4.199639,1.834149,5.0876,3.261809,0.389971,2.973316,140.549713,1.634065,1.896814,0.851627,3.367627
1776192746.732494,213.680801,567.993774,780.427856,781.674561,76.880905,27.336288,2,4.123377,1.808346,4.057534,3.217998,0.386409,2.928483,152.439377,1.634065,1.896814,0.851627,3.367627
1776192747.521685,199.848801,573.098938,789.154724,772.947754,76.030716,25.85541,2,4.134854,1.90942,4.541284,3.26304,0.381595,3.107334,141.330261,1.634065,1.896814,0.851627,3.367627
1776192748.297163,208.360794,577.053894,775.441101,785.414673,77.375313,26.528763,2,4.250861,1.862063,5.61442,3.296292,0.387981,3.022454,148.328537,1.634065,1.896814,0.851627,3.367627
1776192749.078873,204.104813,572.583008,781.674561,776.687805,76.758286,26.278873,2,4.2532,1.879354,4.280959,3.324618,0.383585,3.053226,187.091385,1.634065,1.896814,0.851627,3.367627
1776192749.853117,208.360794,570.820435,774.194458,779.181213,77.499908,26.740992,2,4.364225,1.847631,5.565108,3.378759,0.384974,2.996967,150.182281,1.634065,1.896814,0.851627,3.367627
1776192750.634828,210.4888,573.679199,781.674561,784.16803,76.758286,26.842308,2,4.267108,1.840822,6.413387,3.33549,0.387472,2.985003,141.400497,1.634065,1.896814,0.851627,3.367627
1776192751.404072,209.424805,558.536194,769.207703,767.960999,78.002342,27.270239,2,4.231134,1.812621,4.52656,3.254621,0.379608,2.93587,138.193542,1.634065,1.896814,0.851627,3.367627
1776192752.177057,214.744797,564.436401,772.947754,779.181213,77.624908,27.560314,2,4.229081,1.794002,5.674122,3.268858,0.385253,2.903803,171.296661,1.634065,1.896814,0.851627,3.367627
1776192752.953793,219.000793,562.673767,776.687805,781.674561,77.251114,28.016876,2,4.060588,1.765478,4.231941,3.15381,0.386641,2.855248,146.626694,1.634065,1.896814,0.851627,3.367627
1776192753.730517,204.104813,555.129395,776.687805,759.234192,77.251114,26.882986,2,4.008617,1.838103,2.446013,3.113444,0.375166,2.980235,155.664413,1.634065,1.896814,0.851627,3.367627
1776192754.481061,205.168793,546.585327,750.507385,751.754089,79.945915,27.292009,2,4.176398,1.811209,0.692617,3.134418,0.371604,2.933429,192.952774,1.634065,1.896814,0.851627,3.367627
1776192755.244072,205.168793,557.80542,762.974243,762.974243,78.63961,26.890656,2,4.215101,1.837591,3.098553,3.216013,0.377016,2.979339,168.49231,1.634065,1.896814,0.851627,3.367627
1776192756.014563,209.424805,566.016296,770.454346,775.441101,77.876129,27.007183,2,4.253326,1.829851,4.55722,3.276994,0.383216,2.965808,142.070435,1.634065,1.896814,0.851627,3.367627
1776192756.795039,208.360794,570.820435,780.427856,779.181213,76.880905,26.740992,2,4.306218,1.847631,6.333417,3.360692,0.384974,2.996967,165.511536,1.634065,1.896814,0.851627,3.367627
1776192757.58423,197.720795,578.967041,789.154724,776.687805,76.030716,25.456921,2,4.343798,1.938625,3.928436,3.427928,0.383306,3.16063,195.467026,1.634065,1.896814,0.851627,3.367627
1776192758.363448,197.720795,581.460449,779.181213,779.181213,77.003906,25.375458,2,4.410546,1.944708,5.386809,3.436615,0.384509,3.171823,184.916306,1.634065,1.896814,0.851627,3.367627
1776192759.140172,200.912796,579.515076,776.687805,780.427856,77.251114,25.743929,2,4.361238,1.917499,4.719106,3.38732,0.38525,3.122005,167.01088,1.634065,1.896814,0.851627,3.367627
1776192759.918155,199.848801,576.838989,777.934509,776.687805,77.127312,25.730906,2,4.293036,1.918447,5.702724,3.3397,0.383399,3.123731,161.804749,1.634065,1.896814,0.851627,3.367627
1776192760.689893,211.552795,573.861877,771.70105,785.414673,77.750313,26.935173,2,4.342315,1.834626,5.267772,3.350969,0.38812,2.97415,157.390686,1.634065,1.896814,0.851627,3.367627
1776192761.466617,205.168793,564.03894,776.687805,769.207703,77.251114,26.672741,2,4.286271,1.852247,5.329861,3.329094,0.380023,3.0051,165.608521,1.634065,1.896814,0.851627,3.367627
1776192762.240848,209.424805,569.756409,774.194458,779.181213,77.499908,26.87755,2,4.313386,1.838465,5.830831,3.3394,0.38502,2.980871,165.675537,1.634065,1.896814,0.851627,3.367627
1776192763.025064,197.720795,572.733521,784.16803,770.454346,76.514214,25.662884,2,4.238472,1.923417,4.41953,3.323675,0.380299,3.132786,168.575684,1.634065,1.896814,0.851627,3.367627
1776192763.788075,210.4888,567.445679,762.974243,777.934509,78.63961,27.057394,2,4.437057,1.826536,6.176451,3.38536,0.384465,2.960029,228.856781,1.634065,1.896814,0.851627,3.367627
1776192764.5648,205.168793,565.285522,776.687805,770.454346,77.251114,26.629585,2,4.383561,1.855178,4.454815,3.404658,0.380625,3.010273,191.198013,1.634065,1.896814,0.851627,3.367627
1776192765.341524,197.720795,570.240234,776.687805,767.960999,77.251114,25.746202,2,4.432339,1.917333,5.398816,3.442544,0.379097,3.121704,195.759338,1.634065,1.896814,0.851627,3.367627
1776192766.130727,188.144791,589.789734,789.154724,777.934509,76.030716,24.185171,2,4.491172,2.03827,2.981645,3.54423,0.38349,3.347922,244.323349,1.634065,1.896814,0.851627,3.367627
1776192766.878777,196.656799,561.330688,748.013916,757.987488,80.21241,25.944597,2,4.645218,1.903006,5.594702,3.474688,0.374239,3.095726,172.33667,1.634065,1.896814,0.851627,3.367627
1776192767.654255,196.656799,578.784302,775.441101,775.441101,77.375313,25.360638,2,4.444964,1.945819,3.52473,3.446808,0.382659,3.17387,163.908325,1.634065,1.896814,0.851627,3.367627
1776192768.423499,207.296799,574.377747,769.207703,781.674561,78.002342,26.519579,2,4.45031,1.862692,5.942489,3.423213,0.38613,3.023571,196.610962,1.634065,1.896814,0.851627,3.367627
1776192769.202717,192.400787,569.326782,779.181213,761.727539,77.003906,25.258478,2,4.463543,1.953513,4.376056,3.477909,0.375857,3.188077,189.756943,1.634065,1.896814,0.851627,3.367627
1776192769.958259,194.528793,563.458679,755.494141,757.987488,79.418221,25.663853,2,4.504508,1.923346,3.144743,3.40313,0.374146,3.132657,205.932693,1.634065,1.896814,0.851627,3.367627
1776192770.72875,192.400787,575.560181,770.454346,767.960999,77.876129,25.053459,2,4.515032,1.969142,1.209229,3.478626,0.378864,3.217093,243.383011,1.634065,1.896814,0.851627,3.367627
1776192771.479294,190.272812,557.741089,750.507385,748.013916,79.945915,25.437069,2,4.555342,1.940104,3.14522,3.418818,0.369149,3.163348,221.685532,1.634065,1.896814,0.851627,3.367627
1776192772.242305,199.848801,574.345642,762.974243,774.194458,78.63961,25.813774,2,4.4613,1.912429,4.887381,3.403857,0.382197,3.112792,162.169037,1.634065,1.896814,0.851627,3.367627
1776192773.016536,206.232788,575.441772,774.194458,781.674561,77.499908,26.383459,2,4.310422,1.872077,4.071671,3.337105,0.386084,3.040245,186.114655,1.634065,1.896814,0.851627,3.367627
1776192773.797012,191.336807,571.637451,780.427856,762.974243,76.880905,25.077755,2,4.360385,1.967276,2.946837,3.402966,0.376412,3.213619,210.717361,1.634065,1.896814,0.851627,3.367627
1776192774.555036,200.912796,568.294922,757.987488,769.207703,79.156982,26.119446,2,4.328454,1.890559,2.045685,3.280914,0.379837,3.073301,160.335587,1.634065,1.896814,0.851627,3.367627
1776192775.295607,212.616806,541.630615,740.533813,754.247437,81.022636,28.189266,2,4.123601,1.754949,3.689076,3.053666,0.373132,2.837498,168.337585,1.634065,1.896814,0.851627,3.367627
1776192776.042411,215.808792,534.698608,746.767273,750.507385,80.346313,28.755054,2,3.855948,1.721277,3.936367,2.879496,0.371467,2.78137,153.879547,1.634065,1.896814,0.851627,3.367627
1776192776.792955,236.024811,538.169678,750.507385,774.194458,79.945915,30.486504,2,3.742828,1.625999,2.336743,2.80902,0.383776,2.627769,125.58419,1.634065,1.896814,0.851627,3.367627
1776192777.550979,239.216797,522.510742,757.987488,761.727539,79.156982,31.40451,2,3.473814,1.579744,-1.693014,2.633108,0.377901,2.555981,85.326233,1.634065,1.896814,0.851627,3.367627
1776192778.314001,227.512787,521.747803,762.974243,749.26062,78.63961,30.364973,2,3.721727,1.632331,2.493966,2.839581,0.371376,2.637739,117.4589,1.634065,1.896814,0.851627,3.367627
1776192779.093219,219.000793,550.206909,779.181213,769.207703,77.003906,28.470957,2,4.097589,1.738017,3.521609,3.192765,0.380627,2.809155,128.329727,1.634065,1.896814,0.851627,3.367627
1776192779.891137,198.784805,575.409668,797.881592,774.194458,75.199127,25.67634,2,4.344984,1.922431,2.564757,3.466783,0.38215,3.13099,180.244644,1.634065,1.896814,0.851627,3.367627
1776192780.655395,205.168793,566.532227,764.220947,771.70105,78.51133,26.586565,2,4.521932,1.858109,3.523592,3.455755,0.381226,3.015455,178.535385,1.634065,1.896814,0.851627,3.367627
1776192781.439611,194.528793,577.172241,784.16803,771.70105,76.514214,25.20779,2,4.456551,1.957353,2.417557,3.494685,0.380762,3.195188,158.807159,1.634065,1.896814,0.851627,3.367627
1776192782.200128,200.912796,567.048218,760.480896,767.960999,78.897446,26.16185,2,4.510435,1.887565,3.949035,3.4301,0.379236,3.067927,195.351913,1.634065,1.896814,0.851627,3.367627
1776192782.985579,200.912796,584.501892,785.414673,785.414673,76.392769,25.580475,2,4.325996,1.929472,3.431248,3.397701,0.387656,3.14385,166.154221,1.634065,1.896814,0.851627,3.367627
1776192783.75981,200.912796,573.281677,774.194458,774.194458,77.499908,25.951206,2,4.347699,1.902532,2.882618,3.365965,0.382243,3.094871,155.878891,1.634065,1.896814,0.851627,3.367627
1776192784.522821,195.592804,561.147949,762.974243,756.740784,78.63961,25.846737,2,4.389597,1.910046,3.103913,3.34915,0.373591,3.108469,164.360352,1.634065,1.896814,0.851627,3.367627
1776192785.29457,195.592804,576.108276,771.70105,771.70105,77.750313,25.345671,2,4.319614,1.946943,2.356643,3.333451,0.380808,3.175941,157.62085,1.634065,1.896814,0.851627,3.367627
1776192786.056335,203.040817,567.413513,761.727539,770.454346,78.768318,26.353386,2,4.431231,1.874164,4.076994,3.37539,0.380532,3.043962,160.855347,1.634065,1.896814,0.851627,3.367627
1776192786.824332,199.848801,564.372131,767.960999,764.220947,78.128967,26.15066,2,4.393584,1.888354,3.202499,3.374101,0.377385,3.069343,182.729965,1.634065,1.896814,0.851627,3.367627
1776192787.593576,196.656799,568.810852,769.207703,765.467651,78.002342,25.691065,2,4.30989,1.921355,2.717648,3.315201,0.377847,3.129026,189.022873,1.634065,1.896814,0.851627,3.367627
1776192788.350354,201.976791,560.997437,756.740784,762.974243,79.287384,26.472294,2,4.262948,1.865942,3.663705,3.225946,0.376877,3.029335,182.029984,1.634065,1.896814,0.851627,3.367627
1776192789.117116,200.912796,564.554871,766.714294,765.467651,78.256004,26.247066,2,4.246349,1.881579,2.75308,3.255737,0.378033,3.057203,166.840408,1.634065,1.896814,0.851627,3.367627
1776192789.892594,196.656799,573.797546,775.441101,770.454346,77.375313,25.524784,2,4.287562,1.933587,1.315746,3.324752,0.380253,3.151384,142.979691,1.634065,1.896814,0.851627,3.367627
1776192790.661838,192.400787,571.82019,769.207703,764.220947,78.002342,25.176069,2,4.334789,1.959764,1.116554,3.334353,0.37706,3.199659,155.928329,1.634065,1.896814,0.851627,3.367627
1776192791.413629,198.784805,560.449402,751.754089,759.234192,79.813332,26.18228,2,4.41247,1.886127,3.385718,3.317092,0.374933,3.065347,174.384628,1.634065,1.896814,0.851627,3.367627
1776192792.181627,195.592804,568.628174,767.960999,764.220947,78.128967,25.593752,2,4.381083,1.928494,1.452738,3.364501,0.3772,3.142061,152.324905,1.634065,1.896814,0.851627,3.367627
1776192792.938415,201.976791,562.244141,756.740784,764.220947,79.287384,26.429111,2,4.35026,1.868919,2.607716,3.292019,0.377478,3.034626,170.638596,1.634065,1.896814,0.851627,3.367627
1776192793.710153,190.272812,567.714661,771.70105,757.987488,77.750313,25.102367,2,4.236266,1.96539,0.363887,3.269131,0.37396,3.210109,166.301865,1.634065,1.896814,0.851627,3.367627
1776192794.470671,194.528793,570.938843,760.480896,765.467651,78.897446,25.413067,2,4.340818,1.941895,1.257622,3.301109,0.377755,3.166643,168.634567,1.634065,1.896814,0.851627,3.367627
1776192795.228695,206.232788,565.468262,757.987488,771.70105,79.156982,26.72444,2,4.345319,1.848748,2.858385,3.293698,0.381273,2.998933,152.202377,1.634065,1.896814,0.851627,3.367627
1776192796.000432,199.848801,564.372131,771.70105,764.220947,77.750313,26.15066,2,4.343568,1.888354,2.59156,3.351936,0.377385,3.069343,178.574966,1.634065,1.896814,0.851627,3.367627
1776192796.762208,204.104813,562.609497,761.727539,766.714294,78.768318,26.620712,2,4.3787,1.855782,1.650828,3.335376,0.378774,3.01134,135.192398,1.634065,1.896814,0.851627,3.367627
1776192797.531452,196.656799,563.824097,769.207703,760.480896,78.002342,25.859531,2,4.360115,1.909122,2.518346,3.353834,0.375442,3.106795,160.133347,1.634065,1.896814,0.851627,3.367627
1776192798.313163,200.912796,585.748596,781.674561,786.661377,76.758286,25.539934,2,4.465715,1.932466,4.033264,3.490736,0.388257,3.14933,165.298828,1.634065,1.896814,0.851627,3.367627
1776192799.081161,198.784805,566.682861,767.960999,765.467651,78.128967,25.969067,2,4.392204,1.901254,2.477921,3.373041,0.37794,3.092562,180.269363,1.634065,1.896814,0.851627,3.367627
1776192799.859144,197.720795,578.967041,777.934509,776.687805,77.127312,25.456921,2,4.277508,1.938625,2.429894,3.327621,0.383306,3.16063,162.390305,1.634065,1.896814,0.851627,3.367627
1776192800.632128,205.168793,576.505737,772.947754,781.674561,77.624908,26.247341,2,4.149936,1.88156,2.894919,3.207684,0.386037,3.057168,154.60994,1.634065,1.896814,0.851627,3.367627
1776192801.397632,204.104813,560.11615,765.467651,764.220947,78.383453,26.707565,2,4.15801,1.849889,2.057104,3.182822,0.377571,3.000943,135.483688,1.634065,1.896814,0.851627,3.367627
1776192802.164383,208.360794,563.340271,766.714294,771.70105,78.256004,27.000195,2,4.244602,1.830313,2.758367,3.254397,0.381365,2.966614,142.673141,1.634065,1.896814,0.851627,3.367627
1776192802.936121,205.168793,562.792236,771.70105,767.960999,77.750313,26.716045,2,4.271072,1.849315,2.83283,3.295991,0.379422,2.999932,159.110519,1.634065,1.896814,0.851627,3.367627
1776192803.712857,204.104813,571.336304,776.687805,775.441101,77.251114,26.321125,2,4.321678,1.876408,2.740192,3.356594,0.382984,3.047964,151.568619,1.634065,1.896814,0.851627,3.367627
1776192804.492075,201.976791,574.710999,779.181213,776.687805,77.003906,26.004887,2,4.350831,1.898695,2.681591,3.390085,0.383492,3.087945,178.720535,1.634065,1.896814,0.851627,3.367627
1776192805.250099,209.424805,557.28949,757.987488,766.714294,79.156982,27.314583,2,4.409997,1.809749,2.344086,3.342723,0.379006,2.930904,162.809616,1.634065,1.896814,0.851627,3.367627
1776192806.033057,204.104813,572.583008,782.921326,776.687805,76.636055,26.278873,2,4.34294,1.879354,1.94519,3.400181,0.383585,3.053226,161.379471,1.634065,1.896814,0.851627,3.367627
1776192806.808546,207.296799,571.884399,775.441101,779.181213,77.375313,26.604441,2,4.3191,1.85689,1.32408,3.349207,0.384927,3.013299,133.346848,1.634065,1.896814,0.851627,3.367627
1776192807.598984,200.912796,582.008545,790.401428,782.921326,75.910797,25.66194,2,4.214151,1.923486,1.982825,3.330871,0.386453,3.132913,169.559189,1.634065,1.896814,0.851627,3.367627
1776192808.388175,208.360794,589.520813,789.154724,797.881592,76.030716,26.11425,2,4.087995,1.890926,1.534801,3.226061,0.393995,3.073961,159.751175,1.634065,1.896814,0.851627,3.367627
1776192809.166146,215.808792,570.8526,777.934509,786.661377,77.127312,27.433506,2,3.98458,1.802093,1.734653,3.099742,0.388907,2.917702,165.922623,1.634065,1.896814,0.851627,3.367627
1776192809.939142,228.576797,559.331299,772.947754,787.908081,77.624908,29.010592,2,4.008084,1.7065,2.415061,3.098039,0.390066,2.757042,142.468124,1.634065,1.896814,0.851627,3.367627
1776192810.743294,225.384796,574.990112,804.11499,800.374939,74.616196,28.159901,2,3.739969,1.756733,1.20508,3.007365,0.395941,2.8405,153.006989,1.634065,1.896814,0.851627,3.367627
1776192811.538719,241.344788,572.743774,795.388184,814.088562,75.434868,29.646011,2,3.54283,1.670859,2.401255,2.817925,0.403253,2.699129,141.012177,1.634065,1.896814,0.851627,3.367627
1776192812.326676,221.128799,543.092163,787.908081,764.220947,76.151016,28.93519,2,3.491795,1.710833,-0.495333,2.751214,0.378314,2.764157,117.235855,1.634065,1.896814,0.851627,3.367627
1776192813.094673,269.008789,555.053284,767.960999,824.062073,78.128967,32.644238,2,3.607149,1.521408,4.499904,2.77015,0.409272,2.468035,195.812469,1.634065,1.896814,0.851627,3.367627
1776192813.937471,430.736816,601.522461,842.76239,1032.259277,71.194443,41.727577,2,2.870096,1.199729,5.843352,2.418809,0.516768,2.035007,138.080383,1.634065,1.896814,0.851627,3.367627
1776192814.81145,797.465698,423.043823,873.929626,1220.509521,68.655411,65.338753,3,1.485862,0.796421,5.851523,1.298539,0.635118,1.425082,39.325642,3.054178,4.285746,0.0,3.990343
1776192828.119299,244.536804,524.670898,791.648132,769.207703,75.791245,31.790739,2,2.973742,1.561082,1.834304,2.354157,0.381742,2.527532,84.229012,1.634065,1.896814,0.851627,3.367627
1776192828.899764,232.832794,533.88147,780.427856,766.714294,76.880905,30.367607,2,3.347327,1.632194,1.500948,2.612347,0.380028,2.637522,104.990799,1.634065,1.896814,0.851627,3.367627
1776192829.687708,221.128799,553.065674,787.908081,774.194458,76.151016,28.562435,2,3.733143,1.732591,4.165667,2.941374,0.383126,2.800122,130.340622,1.634065,1.896814,0.851627,3.367627
1776192830.480639,229.640793,573.227478,792.894836,802.868286,75.672081,28.602549,2,3.57398,1.730222,4.012886,2.83379,0.39733,2.796187,148.689529,1.634065,1.896814,0.851627,3.367627
1776192831.281063,222.192795,569.455322,800.374939,791.648132,74.964867,28.067116,2,3.361539,1.762396,2.93931,2.690492,0.391592,2.850043,147.999741,1.634065,1.896814,0.851627,3.367627
1776192832.057787,240.280807,557.600769,776.687805,797.881592,77.251114,30.114845,2,3.523044,1.645527,5.860279,2.736305,0.395388,2.658622,135.322388,1.634065,1.896814,0.851627,3.367627
1776192832.866926,211.552795,563.888306,809.101746,775.441101,74.156311,27.281607,2,3.36345,1.811883,0.78217,2.721373,0.383309,2.934595,161.36882,1.634065,1.896814,0.851627,3.367627
1776192833.617481,233.896805,542.791016,750.507385,776.687805,79.945915,30.114647,2,3.565291,1.645537,3.781126,2.675778,0.384886,2.658639,164.031876,1.634065,1.896814,0.851627,3.367627
1776192834.406672,244.536804,557.084839,789.154724,801.621643,76.030716,30.505264,2,3.370419,1.625026,6.440558,2.659782,0.397379,2.626239,140.72049,1.634065,1.896814,0.851627,3.367627
1776192835.213317,264.752808,565.542664,806.608398,830.295471,74.385536,31.886578,2,2.907973,1.556521,0.960029,2.345596,0.412093,2.520624,124.233833,1.634065,1.896814,0.851627,3.367627
1776192836.007507,497.416992,524.868774,794.141479,1022.285767,75.553291,48.657333,3,2.359397,0.856827,9.066163,1.873695,0.426201,1.694501,69.076622,3.054178,4.285746,0.0,3.990343
1776192836.910147,748.453796,415.954529,902.603516,1164.408325,66.474373,64.277611,3,1.854522,0.802979,17.494329,1.673898,0.600992,1.377466,41.607452,3.054178,4.285746,0.0,3.990343
1776192838.190571,1000.0,626.93042,1280.350586,1626.93042,46.862164,61.465443,3,0.923573,0.776139,6.481495,1.182497,0.776139,0.995504,10.0,3.054178,4.285746,0.0,3.990343
1776192899.280231,264.752808,465.807495,895.123352,730.560303,67.029869,36.239693,2,1.990504,1.374796,-0.682922,1.781747,0.363981,2.25977,70.732727,1.634065,1.896814,0.851627,3.367627
1776192900.059449,242.408798,510.591919,779.181213,753.000732,77.003906,32.192375,2,2.99927,1.54215,3.924801,2.336975,0.373831,2.498974,79.05442,1.634065,1.896814,0.851627,3.367627
1776192900.84116,230.704803,537.256226,781.674561,767.960999,76.758286,30.041214,2,3.200807,1.649453,1.857215,2.50199,0.380537,2.664865,73.243034,1.634065,1.896814,0.851627,3.367627
1776192901.619143,213.680801,544.306702,777.934509,757.987488,77.127312,28.190544,2,3.503165,1.754871,2.925357,2.725233,0.374982,2.837368,131.966019,1.634065,1.896814,0.851627,3.367627
1776192902.384647,211.552795,551.421448,765.467651,762.974243,78.383453,27.727383,2,3.755178,1.783455,3.574372,2.874468,0.377295,2.885769,150.754044,1.634065,1.896814,0.851627,3.367627
1776192903.160124,211.552795,563.888306,775.441101,775.441101,77.375313,27.281607,2,3.824857,1.811883,4.895165,2.965951,0.383309,2.934595,148.476044,1.634065,1.896814,0.851627,3.367627
1776192903.910668,221.128799,540.598755,750.507385,761.727539,79.945915,29.029909,2,3.941851,1.705393,4.507724,2.958388,0.377112,2.755228,171.956665,1.634065,1.896814,0.851627,3.367627
1776192904.697378,213.680801,564.253723,786.661377,777.934509,76.271698,27.46771,2,3.797705,1.799903,2.890292,2.987508,0.384605,2.913935,155.499466,1.634065,1.896814,0.851627,3.367627
1776192905.466622,229.640793,558.267273,769.207703,787.908081,78.002342,29.145632,2,3.802003,1.698796,5.625949,2.92453,0.390113,2.744432,127.965782,1.634065,1.896814,0.851627,3.367627
1776192906.232126,231.768814,536.1922,765.467651,767.960999,78.383453,30.179764,2,3.66606,1.642081,4.699646,2.806251,0.380583,2.653155,151.06575,1.634065,1.896814,0.851627,3.367627
1776192906.992644,219.000793,526.519775,760.480896,745.520569,78.897446,29.375553,2,3.64851,1.685841,3.991884,2.774622,0.3692,2.723341,133.709824,1.634065,1.896814,0.851627,3.367627
1776192907.760641,231.768814,551.152527,767.960999,782.921326,78.128967,29.603079,2,3.666248,1.673219,5.150277,2.815535,0.3878,2.70293,120.765785,1.634065,1.896814,0.851627,3.367627
1776192908.539871,220.064789,545.402832,779.181213,765.467651,77.003906,28.749063,2,3.572892,1.721627,3.840278,2.78393,0.378869,2.781948,140.746323,1.634065,1.896814,0.851627,3.367627
1776192909.310362,224.320801,551.1203,770.454346,775.441101,77.876129,28.928154,2,3.622116,1.711239,4.13398,2.790675,0.383866,2.764823,127.78653,1.634065,1.896814,0.851627,3.367627
1776192910.08584,220.064789,550.389526,775.441101,770.454346,77.375313,28.56299,2,3.576723,1.732558,3.191154,2.773538,0.381275,2.800067,139.26355,1.634065,1.896814,0.851627,3.367627
1776192910.850097,232.832794,546.348389,764.220947,779.181213,78.51133,29.881725,2,3.635566,1.658024,5.521782,2.778376,0.386042,2.678537,176.992142,1.634065,1.896814,0.851627,3.367627
1776192911.623081,232.832794,540.11499,772.947754,772.947754,77.624908,30.122709,2,3.562532,1.645109,6.21214,2.753651,0.383035,2.657958,155.158203,1.634065,1.896814,0.851627,3.367627
1776192912.394831,233.896805,539.050964,771.70105,772.947754,77.750313,30.260363,2,3.517152,1.637824,4.871372,2.71419,0.383082,2.646413,121.573662,1.634065,1.896814,0.851627,3.367627
1776192913.157841,238.152802,529.808228,762.974243,767.960999,78.63961,31.011053,2,3.420546,1.599233,5.096008,2.609788,0.380862,2.586007,120.862724,1.634065,1.896814,0.851627,3.367627
1776192913.903399,249.856812,509.37738,745.520569,759.234192,80.480675,32.909058,2,3.397736,1.509517,7.169506,2.533082,0.377163,2.450462,111.270561,1.634065,1.896814,0.851627,3.367627
1776192914.691343,236.024811,535.67627,787.908081,771.70105,76.151016,30.585007,2,3.371376,1.620902,3.967834,2.656334,0.382573,2.61977,173.215134,1.634065,1.896814,0.851627,3.367627
1776192915.458094,232.832794,530.141479,766.714294,762.974243,78.256004,30.51647,2,3.246285,1.624445,3.202793,2.488973,0.378224,2.625327,124.13784,1.634065,1.896814,0.851627,3.367627
1776192916.23857,221.128799,545.58551,780.427856,766.714294,76.880905,28.841097,2,3.324818,1.716272,1.460816,2.594781,0.379517,2.77311,143.375595,1.634065,1.896814,0.851627,3.367627
1776192917.006568,229.640793,548.293701,767.960999,777.934509,78.128967,29.519295,2,3.593763,1.677844,4.354871,2.75987,0.385302,2.710394,145.169022,1.634065,1.896814,0.851627,3.367627
1776192917.782046,231.768814,546.16571,775.441101,777.934509,77.375313,29.792845,2,3.545292,1.66284,5.856093,2.749165,0.385394,2.686247,121.983864,1.634065,1.896814,0.851627,3.367627
1776192918.541316,232.832794,527.648071,759.234192,760.480896,79.027,30.616522,2,3.234613,1.619279,2.846892,2.455829,0.377021,2.617227,49.242584,1.634065,1.896814,0.851627,3.367627
1776192919.314312,221.128799,538.105408,772.947754,759.234192,77.624908,29.125244,2,3.188648,1.699954,3.017407,2.464658,0.375909,2.746325,132.478134,1.634065,1.896814,0.851627,3.367627
1776192920.105997,219.000793,570.153931,791.648132,789.154724,75.791245,27.751312,2,3.504106,1.781955,2.586457,2.774019,0.39025,2.883212,120.65136,1.634065,1.896814,0.851627,3.367627
1776192920.885215,216.872803,559.815002,779.181213,776.687805,77.003906,27.922777,2,3.633981,1.771281,2.691689,2.83153,0.384143,2.865069,132.919037,1.634065,1.896814,0.851627,3.367627
1776192921.656952,216.872803,554.828247,771.70105,771.70105,77.750313,28.103214,2,3.658985,1.760189,3.222841,2.823642,0.381737,2.846319,144.042664,1.634065,1.896814,0.851627,3.367627
1776192922.423715,215.808792,549.658875,766.714294,765.467651,78.256004,28.193066,2,3.762642,1.754718,3.284709,2.884871,0.378684,2.83711,129.173141,1.634065,1.896814,0.851627,3.367627
1776192923.206673,222.192795,568.208618,782.921326,790.401428,76.636055,28.111385,2,3.840221,1.75969,4.822281,3.006591,0.39099,2.845478,169.38887,1.634065,1.896814,0.851627,3.367627
1776192923.984644,224.320801,556.107056,777.934509,780.427856,77.127312,28.743311,2,3.777237,1.721962,5.461308,2.938443,0.386272,2.782503,177.216812,1.634065,1.896814,0.851627,3.367627
1776192924.757628,216.872803,547.348145,772.947754,764.220947,77.624908,28.378286,2,3.7256,1.74355,2.629453,2.879694,0.378129,2.81839,130.488968,1.634065,1.896814,0.851627,3.367627
1776192925.538105,220.064789,564.103271,780.427856,784.16803,76.880905,28.063473,2,3.783223,1.762619,4.906951,2.952533,0.38789,2.85042,133.278076,1.634065,1.896814,0.851627,3.367627
1776192926.317322,217.936798,558.750977,779.181213,776.687805,77.003906,28.059769,2,3.931899,1.762846,4.936068,3.063662,0.384189,2.850802,138.809067,1.634065,1.896814,0.851627,3.367627
1776192927.0928,221.128799,558.052429,775.441101,779.181213,77.375313,28.379637,2,3.836925,1.743469,4.321568,2.975309,0.385531,2.818255,123.294296,1.634065,1.896814,0.851627,3.367627
1776192927.879498,220.064789,565.349854,786.661377,785.414673,76.271698,28.01893,2,3.721778,1.765352,3.052142,2.927779,0.388492,2.855035,146.483109,1.634065,1.896814,0.851627,3.367627
1776192928.654988,223.256805,555.924438,775.441101,779.181213,77.375313,28.652746,2,3.566548,1.727267,3.320655,2.765648,0.385624,2.791285,132.476471,1.634065,1.896814,0.851627,3.367627
1776192929.437945,228.576797,560.577942,782.921326,789.154724,76.636055,28.964764,2,3.516616,1.709131,3.126384,2.753234,0.390668,2.76136,126.188545,1.634065,1.896814,0.851627,3.367627
1776192930.219656,231.768814,553.645874,781.674561,785.414673,76.758286,29.5091,2,3.494713,1.678409,3.713861,2.731728,0.389003,2.711307,122.916023,1.634065,1.896814,0.851627,3.367627
1776192930.975187,264.752808,529.388672,755.494141,794.141479,79.418221,33.338242,2,3.383011,1.490646,5.992607,2.555845,0.394653,2.422822,119.39222,1.634065,1.896814,0.851627,3.367627
1776192931.764391,273.264801,525.863403,789.154724,799.128235,76.030716,34.195362,2,3.157575,1.454377,4.4948,2.491815,0.39743,2.370549,148.499588,1.634065,1.896814,0.851627,3.367627
1776192932.572282,321.144806,542.811279,807.855042,863.956116,74.270752,37.171425,2,2.893495,1.34143,5.964519,2.337524,0.430793,2.214924,150.936829,1.634065,1.896814,0.851627,3.367627
1776192933.3889,609.785828,486.054626,816.581909,1095.840454,73.477013,55.645496,3,1.951443,0.827242,3.84597,1.593513,0.504441,1.434109,43.12941,3.054178,4.285746,0.0,3.990343
1776192934.504749,1000.0,1000.0,1115.787476,2185.44751,53.773682,45.757217,3,0.990091,0.776139,6.323372,1.104731,0.776139,1.02329,10.0,3.054178,4.285746,0.0,3.990343
1776192936.424749,932.547485,254.301392,1919.902466,1186.848877,31.251587,78.573402,3,0.293558,0.781915,-1.972044,0.563602,0.729173,0.925489,10.0,3.054178,4.285746,0.0,3.990343
1776192937.773739,273.874634,388.117737,1348.918457,661.992371,44.48008,41.371269,3,1.612386,0.98787,1.719149,2.174977,0.270552,1.068046,32.117786,3.054178,4.285746,0.0,3.990343
1776192938.605318,230.704803,565.930054,831.542175,796.634888,72.15509,28.959919,2,2.87818,1.70941,-0.006076,2.393328,0.394369,2.761818,86.642944,1.634065,1.896814,0.851627,3.367627
1776192939.40199,222.192795,564.468567,796.634888,786.661377,75.316811,28.245037,2,3.117147,1.75157,3.210283,2.483228,0.389186,2.831822,130.94519,1.634065,1.896814,0.851627,3.367627
1776192940.174986,237.088791,553.312622,772.947754,790.401428,77.624908,29.995998,2,3.319404,1.651873,5.708269,2.565726,0.391641,2.66872,146.833405,1.634065,1.896814,0.851627,3.367627
1776192940.949217,245.600784,538.567261,774.194458,784.16803,77.499908,31.31992,2,3.319932,1.583893,5.621102,2.570272,0.389005,2.562346,162.249222,1.634065,1.896814,0.851627,3.367627
1776192941.743395,227.512787,545.434937,794.141479,772.947754,75.553291,29.434433,2,3.308336,1.682556,4.447104,2.627287,0.382803,2.718016,120.112686,1.634065,1.896814,0.851627,3.367627
1776192942.523872,234.960815,554.193909,780.427856,789.154724,76.880905,29.773733,2,3.43348,1.663879,6.757245,2.679583,0.390946,2.687913,138.774841,1.634065,1.896814,0.851627,3.367627
1776192943.31431,237.088791,555.80603,790.401428,792.894836,75.910797,29.901669,2,3.397048,1.656947,3.990084,2.685031,0.392844,2.676816,122.91256,1.634065,1.896814,0.851627,3.367627
1776192944.103501,240.280807,552.614014,789.154724,792.894836,76.030716,30.304247,2,3.254122,1.635515,3.91665,2.568006,0.392983,2.642764,120.453156,1.634065,1.896814,0.851627,3.367627
1776192944.883964,239.216797,539.964417,780.427856,779.181213,76.880905,30.701048,2,3.205499,1.614941,4.778625,2.501661,0.386321,2.610441,124.43895,1.634065,1.896814,0.851627,3.367627
1776192945.656961,238.152802,533.548218,772.947754,771.70105,77.624908,30.860758,2,3.335998,1.606809,4.07593,2.578552,0.382666,2.597766,135.402206,1.634065,1.896814,0.851627,3.367627
1776192946.447399,232.832794,551.335205,790.401428,784.16803,75.910797,29.691696,2,3.3474,1.668356,3.623279,2.64579,0.388448,2.695102,141.363922,1.634065,1.896814,0.851627,3.367627
1776192947.222877,236.024811,543.156372,775.441101,779.181213,77.375313,30.291388,2,3.560092,1.636191,6.309367,2.760642,0.386182,2.643831,201.486954,1.634065,1.896814,0.851627,3.367627
1776192948.013314,234.960815,554.193909,790.401428,789.154724,75.910797,29.773733,2,3.347102,1.663879,5.991212,2.645555,0.390946,2.687913,116.061691,1.634065,1.896814,0.851627,3.367627
1776192948.801271,228.576797,551.851074,787.908081,780.427856,76.151016,29.288652,2,3.316208,1.690713,3.311953,2.612867,0.386458,2.731257,149.777863,1.634065,1.896814,0.851627,3.367627
1776192949.573009,227.512787,542.941528,771.70105,770.454346,77.750313,29.52969,2,3.430971,1.677269,1.615065,2.647684,0.3816,2.709465,120.043259,1.634065,1.896814,0.851627,3.367627
1776192950.338513,231.768814,538.685547,765.467651,770.454346,78.383453,30.082094,2,3.564271,1.647271,5.688882,2.728334,0.381786,2.661393,117.904587,1.634065,1.896814,0.851627,3.367627
1776192951.109004,233.896805,539.050964,770.454346,772.947754,77.876129,30.260363,2,3.601631,1.637824,5.333459,2.774893,0.383082,2.646413,183.703094,1.634065,1.896814,0.851627,3.367627
1776192951.89322,229.640793,549.540405,784.16803,779.181213,76.514214,29.472065,2,3.447945,1.680463,2.765931,2.703768,0.385903,2.714629,144.756897,1.634065,1.896814,0.851627,3.367627
1776192952.669945,232.832794,547.595093,776.687805,780.427856,77.251114,29.833994,2,3.503938,1.660606,4.655438,2.721466,0.386644,2.682669,111.590157,1.634065,1.896814,0.851627,3.367627
1776192953.436696,234.960815,534.246887,766.714294,769.207703,78.256004,30.545822,2,3.520372,1.622926,5.435717,2.69912,0.381324,2.622943,158.13739,1.634065,1.896814,0.851627,3.367627
1776192954.214667,234.960815,542.973694,777.934509,777.934509,77.127312,30.203161,2,3.453685,1.640843,3.478907,2.68674,0.385534,2.651192,149.479355,1.634065,1.896814,0.851627,3.367627
1776192954.997636,231.768814,547.412415,782.921326,779.181213,76.636055,29.745174,2,3.416106,1.665435,1.308255,2.674542,0.385996,2.690409,122.657967,1.634065,1.896814,0.851627,3.367627
1776192955.781841,233.896805,552.764587,784.16803,786.661377,76.514214,29.732843,2,3.530218,1.666107,2.406689,2.768284,0.389697,2.691489,137.703888,1.634065,1.896814,0.851627,3.367627
1776192956.576019,231.768814,559.879333,794.141479,791.648132,75.553291,29.276747,2,3.507885,1.691383,3.169858,2.785757,0.39201,2.732347,115.991508,1.634065,1.896814,0.851627,3.367627
1776192957.352743,233.896805,545.284424,776.687805,779.181213,77.251114,30.018282,2,3.475808,1.65068,3.330973,2.699617,0.386089,2.666818,137.643143,1.634065,1.896814,0.851627,3.367627
1776192958.130726,239.216797,544.951233,777.934509,784.16803,77.127312,30.50581,2,3.497847,1.624997,4.019789,2.721096,0.388727,2.626195,147.059891,1.634065,1.896814,0.851627,3.367627
1776192958.916177,227.512787,544.188232,785.414673,771.70105,76.392769,29.481987,2,3.508088,1.679912,2.853244,2.755303,0.382202,2.713737,155.410995,1.634065,1.896814,0.851627,3.367627
1776192959.696642,239.216797,554.924683,780.427856,794.141479,76.880905,30.122692,2,3.415434,1.645109,2.938502,2.665499,0.393538,2.657959,132.027328,1.634065,1.896814,0.851627,3.367627
1776192960.484599,233.896805,547.777771,787.908081,781.674561,76.151016,29.922529,2,3.384007,1.655822,3.088418,2.666287,0.387292,2.675019,138.478043,1.634065,1.896814,0.851627,3.367627
1776192961.265062,240.280807,547.627258,780.427856,787.908081,76.880905,30.496046,2,3.351426,1.625504,3.626253,2.615546,0.390577,2.62699,133.587906,1.634065,1.896814,0.851627,3.367627
1776192962.05176,207.296799,540.717102,786.661377,748.013916,76.271698,27.712959,2,3.390742,1.784361,2.148126,2.667366,0.369892,2.887314,136.480209,1.634065,1.896814,0.851627,3.367627
1776192962.830978,220.064789,574.07666,779.181213,794.141479,77.003906,27.711031,2,3.487394,1.784482,3.01939,2.717312,0.392702,2.887521,138.600143,1.634065,1.896814,0.851627,3.367627
1776192963.600235,227.512787,550.421753,769.207703,777.934509,78.002342,29.245752,2,3.544703,1.693129,7.212722,2.726613,0.385209,2.735189,129.396393,1.634065,1.896814,0.851627,3.367627
1776192964.384439,239.216797,558.664795,784.16803,797.881592,76.514214,29.981491,2,3.507747,1.652652,5.319507,2.750663,0.395342,2.66996,135.713974,1.634065,1.896814,0.851627,3.367627
1776192965.16615,238.152802,542.275024,781.674561,780.427856,76.758286,30.515671,2,3.358558,1.624486,3.606059,2.625299,0.386876,2.625392,109.360649,1.634065,1.896814,0.851627,3.367627
1776192965.949107,234.960815,544.220398,782.921326,779.181213,76.636055,30.154837,2,3.44041,1.643402,3.536553,2.693571,0.386135,2.65525,137.336548,1.634065,1.896814,0.851627,3.367627
1776192966.722104,232.832794,537.621582,772.947754,770.454346,77.624908,30.220192,2,3.495272,1.639943,4.355091,2.701663,0.381832,2.649766,145.163177,1.634065,1.896814,0.851627,3.367627
1776192967.500075,238.152802,546.015259,777.934509,784.16803,77.127312,30.370125,2,3.505406,1.632062,4.326194,2.726976,0.38868,2.637314,115.608002,1.634065,1.896814,0.851627,3.367627
1776192968.284279,236.024811,545.64978,784.16803,781.674561,76.514214,30.194765,2,3.450961,1.641287,6.223228,2.706133,0.387384,2.651896,130.29425,1.634065,1.896814,0.851627,3.367627
1776192969.070977,244.536804,552.098083,786.661377,796.634888,76.271698,30.696222,2,3.310763,1.615188,3.711951,2.604449,0.394973,2.610827,129.326401,1.634065,1.896814,0.851627,3.367627
1776192969.876388,232.832794,558.815308,805.361694,791.648132,74.500687,29.411146,2,3.212504,1.683853,1.070291,2.587227,0.392056,2.720119,100.156517,1.634065,1.896814,0.851627,3.367627
1776192970.656852,232.832794,547.595093,780.427856,780.427856,76.880905,29.833994,2,3.388262,1.660606,2.481372,2.644294,0.386644,2.682669,131.323685,1.634065,1.896814,0.851627,3.367627
1776192971.45103,232.832794,561.308716,794.141479,794.141479,75.553291,29.318806,2,3.489073,1.689019,3.566037,2.770818,0.393259,2.728503,131.207336,1.634065,1.896814,0.851627,3.367627
1776192972.258934,238.152802,575.935791,807.855042,814.088562,74.270752,29.253918,2,3.327075,1.692669,2.508139,2.687794,0.403114,2.73444,139.543732,1.634065,1.896814,0.851627,3.367627
1776192973.065579,243.472794,569.369019,806.608398,812.841797,74.385536,29.953283,2,3.176844,1.654167,2.84256,2.562469,0.402745,2.672377,121.668663,1.634065,1.896814,0.851627,3.367627
1776192973.86225,236.024811,551.883301,796.634888,787.908081,75.316811,29.955881,2,3.408599,1.654027,3.240575,2.715409,0.390391,2.672154,153.228897,1.634065,1.896814,0.851627,3.367627
1776192974.64896,236.024811,550.636597,786.661377,786.661377,76.271698,30.003357,2,3.429273,1.651479,2.901197,2.697676,0.38979,2.668091,142.543198,1.634065,1.896814,0.851627,3.367627
1776192975.41197,234.960815,526.766724,762.974243,761.727539,78.63961,30.845781,2,3.442181,1.607568,4.342313,2.626295,0.377716,2.598946,134.850357,1.634065,1.896814,0.851627,3.367627
1776192976.204902,227.512787,556.655273,792.894836,784.16803,75.672081,29.013269,2,3.578278,1.706347,4.73919,2.837198,0.388216,2.756791,141.97818,1.634065,1.896814,0.851627,3.367627
1776192976.982873,227.512787,550.421753,777.934509,777.934509,77.127312,29.245752,2,3.653409,1.693129,5.87581,2.842113,0.385209,2.735189,148.737885,1.634065,1.896814,0.851627,3.367627
1776192977.774569,228.576797,564.318054,791.648132,792.894836,75.791245,28.828135,2,3.582667,1.717024,5.218644,2.836211,0.392472,2.77435,147.243179,1.634065,1.896814,0.851627,3.367627
1776192978.565007,213.680801,559.266968,790.401428,772.947754,75.910797,27.64492,2,3.69274,1.788645,2.12459,2.918747,0.382199,2.894632,177.029007,1.634065,1.896814,0.851627,3.367627
1776192979.337992,222.192795,560.728516,772.947754,782.921326,77.624908,28.379965,2,3.742763,1.74345,4.87934,2.89296,0.387382,2.818222,141.921478,1.634065,1.896814,0.851627,3.367627
1776192980.112235,232.832794,553.828613,774.194458,786.661377,77.499908,29.597589,2,3.637602,1.673522,5.616476,2.816211,0.389651,2.703418,155.63623,1.634065,1.896814,0.851627,3.367627
1776192980.905166,223.256805,558.417725,792.894836,781.674561,75.672081,28.56135,2,3.473221,1.732655,3.245385,2.753899,0.386827,2.800228,130.148331,1.634065,1.896814,0.851627,3.367627
1776192981.68937,230.704803,562.190063,784.16803,792.894836,76.514214,29.096519,2,3.521781,1.701589,5.182514,2.761668,0.392565,2.748999,135.573914,1.634065,1.896814,0.851627,3.367627
1776192982.478561,232.832794,558.815308,789.154724,791.648132,76.030716,29.411146,2,3.483621,1.683853,4.108277,2.749116,0.392056,2.720119,123.504265,1.634065,1.896814,0.851627,3.367627
1776192983.264025,230.704803,552.216553,785.414673,782.921326,76.392769,29.467175,2,3.488547,1.680735,4.766287,2.739956,0.387754,2.715068,121.248055,1.634065,1.896814,0.851627,3.367627
1776192984.056957,226.448807,561.45929,792.894836,787.908081,75.672081,28.740511,2,3.518688,1.722126,2.358773,2.78995,0.389973,2.782774,144.338974,1.634065,1.896814,0.851627,3.367627
1776192984.849887,223.256805,565.897949,792.894836,789.154724,75.672081,28.290627,2,3.54417,1.748818,3.85357,2.810154,0.390435,2.827206,117.076233,1.634065,1.896814,0.851627,3.367627
1776192985.631611,222.192795,558.235046,781.674561,780.427856,76.758286,28.470638,2,3.688519,1.738036,4.174332,2.883221,0.386179,2.809186,158.220505,1.634065,1.896814,0.851627,3.367627
1776192986.398362,231.768814,546.16571,766.714294,777.934509,78.256004,29.792845,2,3.683855,1.66284,6.379975,2.824464,0.385394,2.686247,161.638885,1.634065,1.896814,0.851627,3.367627
1776192987.181319,220.064789,549.142944,782.921326,769.207703,76.636055,28.609282,2,3.554532,1.729825,1.816606,2.782919,0.380674,2.795528,144.813263,1.634065,1.896814,0.851627,3.367627
1776192987.970511,229.640793,570.734131,789.154724,800.374939,76.030716,28.691652,2,3.541985,1.724984,2.082586,2.795174,0.396127,2.787503,178.629135,1.634065,1.896814,0.851627,3.367627
1776192988.74974,225.384796,548.809692,779.181213,774.194458,77.003906,29.112169,2,3.54114,1.700698,2.507184,2.75919,0.383311,2.747541,109.774208,1.634065,1.896814,0.851627,3.367627
1776192989.540178,225.384796,565.016602,790.401428,790.401428,75.910797,28.515232,2,3.577177,1.735386,2.577094,2.827406,0.39113,2.804772,143.171524,1.634065,1.896814,0.851627,3.367627
1776192990.316903,228.576797,551.851074,776.687805,780.427856,77.251114,29.288652,2,3.613493,1.690713,3.366699,2.806556,0.386458,2.731257,129.565308,1.634065,1.896814,0.851627,3.367627
1776192991.094874,233.896805,550.27124,777.934509,784.16803,77.127312,29.827383,2,3.787736,1.660965,4.805575,2.94661,0.388494,2.683243,122.731018,1.634065,1.896814,0.851627,3.367627
1776192991.895297,230.704803,565.930054,800.374939,796.634888,74.964867,28.959919,2,3.560513,1.70941,3.393319,2.849745,0.394369,2.761818,155.95079,1.634065,1.896814,0.851627,3.367627
1776192992.678255,230.704803,552.216553,782.921326,782.921326,76.636055,29.467175,2,3.516778,1.680735,2.783114,2.753361,0.387754,2.715068,159.588455,1.634065,1.896814,0.851627,3.367627
1776192993.443759,239.216797,536.224304,765.467651,775.441101,78.383453,30.849127,2,3.522741,1.607399,5.966501,2.696544,0.384517,2.598682,124.338417,1.634065,1.896814,0.851627,3.367627
1776192994.225482,229.640793,540.813538,781.674561,770.454346,76.758286,29.805893,2,3.331953,1.662131,2.677809,2.604503,0.381693,2.685111,143.07402,1.634065,1.896814,0.851627,3.367627
1776192994.999713,239.216797,546.197876,774.194458,785.414673,77.499908,30.45739,2,3.534944,1.627511,5.233221,2.736734,0.389328,2.630147,126.970169,1.634065,1.896814,0.851627,3.367627
1776192995.77893,230.704803,538.50293,779.181213,769.207703,77.003906,29.992523,2,3.581326,1.65206,3.790967,2.790501,0.381138,2.669016,165.257736,1.634065,1.896814,0.851627,3.367627
1776192996.556902,230.704803,547.229736,777.934509,777.934509,77.127312,29.656071,2,3.613286,1.670307,2.536632,2.810899,0.385348,2.698241,167.331787,1.634065,1.896814,0.851627,3.367627
1776192997.342365,227.512787,554.161743,785.414673,781.674561,76.392769,29.105818,2,3.464203,1.70106,5.062633,2.720836,0.387013,2.748132,131.308502,1.634065,1.896814,0.851627,3.367627
1776192998.110362,239.216797,542.457764,767.960999,781.674561,78.128967,30.603119,2,3.537326,1.619969,5.377006,2.716529,0.387524,2.618307,153.777939,1.634065,1.896814,0.851627,3.367627
1776192998.910773,228.576797,559.331299,800.374939,787.908081,74.964867,29.010592,2,3.498231,1.7065,3.372977,2.799897,0.390066,2.757042,176.907135,1.634065,1.896814,0.851627,3.367627
1776192999.693731,232.832794,555.075317,782.921326,787.908081,76.636055,29.550755,2,3.50653,1.676105,4.138055,2.745337,0.390252,2.707585,118.685905,1.634065,1.896814,0.851627,3.367627
1776193000.464235,234.960815,537.986938,770.454346,772.947754,77.876129,30.39802,2,3.52831,1.630605,5.686385,2.718402,0.383128,2.635016,131.875839,1.634065,1.896814,0.851627,3.367627
1776193001.240959,229.640793,540.813538,776.687805,770.454346,77.251114,29.805893,2,3.512822,1.662131,4.570437,2.728366,0.381693,2.685111,158.391251,1.634065,1.896814,0.851627,3.367627
1776193002.008956,234.960815,539.233643,767.960999,774.194458,78.128967,30.34907,2,3.529806,1.633164,6.402078,2.710753,0.38373,2.639052,123.477997,1.634065,1.896814,0.851627,3.367627
1776193002.791914,233.896805,547.777771,782.921326,781.674561,76.636055,29.922529,2,3.499436,1.655822,4.962101,2.739783,0.387292,2.675019,116.535263,1.634065,1.896814,0.851627,3.367627
1776193003.564911,234.960815,539.233643,772.947754,774.194458,77.624908,30.34907,2,3.553145,1.633164,5.264651,2.746396,0.38373,2.639052,129.476212,1.634065,1.896814,0.851627,3.367627
1776193004.341635,228.576797,540.63092,776.687805,769.207703,77.251114,29.715876,2,3.61932,1.667034,3.230918,2.811082,0.381045,2.692977,154.279221,1.634065,1.896814,0.851627,3.367627
1776193005.117112,233.896805,547.777771,775.441101,781.674561,77.375313,29.922529,2,3.589716,1.655822,4.816297,2.783613,0.387292,2.675019,143.548584,1.634065,1.896814,0.851627,3.367627
1776193005.90007,230.704803,548.47644,782.921326,779.181213,76.636055,29.60862,2,3.577832,1.672914,5.4717,2.801161,0.385949,2.702439,149.937744,1.634065,1.896814,0.851627,3.367627
1776193006.69052,227.512787,559.14856,790.401428,786.661377,75.910797,28.921312,2,3.554725,1.711633,4.277544,2.80966,0.389418,2.765472,168.679382,1.634065,1.896814,0.851627,3.367627
1776193007.480958,230.704803,563.436646,790.401428,794.141479,75.910797,29.050844,2,3.519424,1.704196,3.21491,2.781758,0.393166,2.753266,156.075134,1.634065,1.896814,0.851627,3.367627
1776193008.267656,226.448807,555.225769,786.661377,781.674561,76.271698,28.969706,2,3.494833,1.708847,2.030888,2.74925,0.386966,2.760894,140.100494,1.634065,1.896814,0.851627,3.367627
1776193009.053106,224.320801,558.600525,785.414673,782.921326,76.392769,28.651768,2,3.582567,1.727325,3.251149,2.813801,0.387475,2.79138,162.994766,1.634065,1.896814,0.851627,3.367627
1776193009.824857,226.448807,547.745667,771.70105,774.194458,77.750313,29.249603,2,3.537322,1.692912,4.989088,2.729755,0.383358,2.734836,132.36203,1.634065,1.896814,0.851627,3.367627
1776193010.606568,233.896805,556.504639,781.674561,790.401428,76.758286,29.592154,2,3.524476,1.673821,5.639571,2.754993,0.391501,2.703901,130.555832,1.634065,1.896814,0.851627,3.367627
1776193011.390772,230.704803,549.723022,784.16803,780.427856,76.514214,29.561323,2,3.450965,1.675521,3.89473,2.706136,0.386551,2.706643,151.338272,1.634065,1.896814,0.851627,3.367627
1776193012.161263,236.024811,540.662964,770.454346,776.687805,77.876129,30.388632,2,3.541756,1.631095,3.858526,2.728762,0.384979,2.635789,145.518951,1.634065,1.896814,0.851627,3.367627
1776193012.946726,233.896805,549.024536,785.414673,782.921326,76.392769,29.87488,2,3.463033,1.658394,2.921575,2.719917,0.387893,2.679128,128.432205,1.634065,1.896814,0.851627,3.367627
1776193013.720957,232.832794,540.11499,774.194458,772.947754,77.499908,30.122709,2,3.456135,1.645109,3.908646,2.67572,0.383035,2.657958,105.237328,1.634065,1.896814,0.851627,3.367627
1776193014.502668,225.384796,547.562988,781.674561,772.947754,76.758286,29.159126,2,3.546821,1.69803,4.038698,2.77246,0.38271,2.743181,123.919037,1.634065,1.896814,0.851627,3.367627
1776193015.276899,234.960815,550.453857,774.194458,785.414673,77.499908,29.915512,2,3.651418,1.6562,6.340944,2.826908,0.389142,2.675623,176.238831,1.634065,1.896814,0.851627,3.367627
1776193016.069842,219.000793,555.193665,792.894836,774.194458,75.672081,28.287569,2,3.588574,1.749002,3.029451,2.845362,0.383033,2.827515,154.97464,1.634065,1.896814,0.851627,3.367627
1776193016.844073,222.192795,555.741699,774.194458,777.934509,77.499908,28.56189,2,3.657138,1.732623,4.603116,2.831336,0.384976,2.800175,127.907089,1.634065,1.896814,0.851627,3.367627
1776193017.617058,228.576797,551.851074,772.947754,780.427856,77.624908,29.288652,2,3.660131,1.690713,4.844715,2.82909,0.386458,2.731257,131.84024,1.634065,1.896814,0.851627,3.367627
1776193018.385055,234.960815,540.480286,767.960999,775.441101,78.128967,30.300278,2,3.580143,1.635724,3.375033,2.74941,0.384331,2.643093,145.736053,1.634065,1.896814,0.851627,3.367627
1776193019.159298,224.320801,537.406738,774.194458,761.727539,77.499908,29.448956,2,3.531399,1.681748,3.6651,2.73399,0.377251,2.716707,126.159042,1.634065,1.896814,0.851627,3.367627
1776193019.917322,233.896805,535.310913,757.987488,769.207703,79.156982,30.407497,2,3.571092,1.63011,3.945987,2.706843,0.381277,2.634237,147.190628,1.634065,1.896814,0.851627,3.367627
1776193020.674099,241.344788,524.122864,756.740784,765.467651,79.287384,31.529062,2,3.535131,1.573676,4.224194,2.675178,0.379798,2.546698,131.414246,1.634065,1.896814,0.851627,3.367627
1776193021.459551,237.088791,543.33905,785.414673,780.427856,76.392769,30.379333,2,3.508239,1.631581,2.395454,2.755422,0.386829,2.636555,149.029831,1.634065,1.896814,0.851627,3.367627
1776193022.243767,238.152802,547.261841,784.16803,785.414673,76.514214,30.32192,2,3.453424,1.634587,1.618149,2.708064,0.389282,2.641298,96.163033,1.634065,1.896814,0.851627,3.367627
1776193023.027971,234.960815,545.467041,784.16803,780.427856,76.514214,30.106667,2,3.460789,1.645962,2.248585,2.71384,0.386737,2.659313,113.950371,1.634065,1.896814,0.851627,3.367627
1776193023.798462,232.832794,535.128174,770.454346,767.960999,77.876129,30.318312,2,3.517461,1.634777,2.697637,2.710043,0.38063,2.641597,134.439026,1.634065,1.896814,0.851627,3.367627
1776193024.568953,240.280807,538.900391,770.454346,779.181213,77.876129,30.837601,2,3.520792,1.607983,3.929207,2.71261,0.386367,2.599592,123.678474,1.634065,1.896814,0.851627,3.367627
1776193025.350676,242.408798,541.759216,781.674561,784.16803,76.758286,30.912865,2,3.481102,1.604174,4.462195,2.721089,0.388866,2.59367,120.505524,1.634065,1.896814,0.851627,3.367627
1776193026.131141,240.280807,537.653687,780.427856,777.934509,76.880905,30.887022,2,3.500538,1.60548,3.214065,2.731917,0.385766,2.595699,118.445168,1.634065,1.896814,0.851627,3.367627
1776193026.921579,229.640793,548.293701,790.401428,777.934509,75.910797,29.519295,2,3.579859,1.677844,2.68038,2.829526,0.385302,2.710394,139.285782,1.634065,1.896814,0.851627,3.367627
1776193027.687083,228.576797,535.644165,765.467651,764.220947,78.383453,29.909781,2,3.308904,1.656509,1.447928,2.532859,0.37864,2.676116,106.951683,1.634065,1.896814,0.851627,3.367627
1776193028.466313,243.472794,553.162109,779.181213,796.634888,77.003906,30.562656,2,3.257044,1.622056,1.581469,2.537827,0.394926,2.621578,113.817451,1.634065,1.896814,0.851627,3.367627
1776193029.251763,229.640793,539.566895,785.414673,769.207703,76.392769,29.854198,2,3.473928,1.659512,1.224577,2.728474,0.381092,2.680918,123.625313,1.634065,1.896814,0.851627,3.367627
1776193030.033475,233.896805,552.764587,781.674561,786.661377,76.758286,29.732843,2,3.424078,1.666107,3.656949,2.676515,0.389697,2.691489,114.224251,1.634065,1.896814,0.851627,3.367627
1776193030.820172,243.472794,554.408813,786.661377,797.881592,76.271698,30.514902,2,3.559191,1.624526,3.856691,2.799878,0.395528,2.625455,130.943695,1.634065,1.896814,0.851627,3.367627
1776193031.603143,229.640793,537.073486,782.921326,766.714294,76.636055,29.951286,2,3.5686,1.654274,3.644722,2.793933,0.379889,2.672548,141.155563,1.634065,1.896814,0.851627,3.367627
1776193032.391088,229.640793,558.267273,787.908081,787.908081,76.151016,29.145632,2,3.556695,1.698796,2.611572,2.802349,0.390113,2.744432,154.176834,1.634065,1.896814,0.851627,3.367627
1776193033.182771,226.448807,561.45929,791.648132,787.908081,75.791245,28.740511,2,3.576039,1.722126,2.658129,2.830965,0.389973,2.782774,139.720352,1.634065,1.896814,0.851627,3.367627
1776193033.965742,220.064789,555.376343,782.921326,775.441101,76.636055,28.379303,2,3.551977,1.743489,2.880782,2.780919,0.383681,2.818288,140.204849,1.634065,1.896814,0.851627,3.367627
1776193034.741219,220.064789,555.376343,775.441101,775.441101,77.375313,28.379303,2,3.68443,1.743489,1.624611,2.857058,0.383681,2.818288,158.088684,1.634065,1.896814,0.851627,3.367627
1776193035.517944,225.384796,557.536499,776.687805,782.921326,77.251114,28.78767,2,3.642206,1.719376,2.06173,2.828857,0.387521,2.778231,132.602737,1.634065,1.896814,0.851627,3.367627
1776193036.293422,222.192795,549.50824,775.441101,771.70105,77.375313,28.792599,2,3.649366,1.71909,2.857981,2.829869,0.381969,2.777757,133.866684,1.634065,1.896814,0.851627,3.367627
1776193037.070158,227.512787,555.408569,776.687805,782.921326,77.251114,29.059469,2,3.632379,1.703703,3.51243,2.821225,0.387614,2.752459,147.472336,1.634065,1.896814,0.851627,3.367627
1776193037.833168,234.960815,536.740234,762.974243,771.70105,78.63961,30.447128,2,3.625912,1.628045,5.206821,2.766477,0.382527,2.630986,102.481705,1.634065,1.896814,0.851627,3.367627
1776193038.607399,241.344788,540.329773,774.194458,781.674561,77.499908,30.875355,2,3.581787,1.60607,4.821951,2.772999,0.387617,2.596617,128.214142,1.634065,1.896814,0.851627,3.367627
1776193039.37041,246.664825,522.542847,762.974243,769.207703,78.63961,32.067387,2,3.457944,1.547991,4.604328,2.638323,0.381835,2.507752,129.069565,1.634065,1.896814,0.851627,3.367627
1776193040.15586,229.640793,535.826843,785.414673,765.467651,76.392769,30.000063,2,3.521217,1.651656,1.530578,2.765615,0.379288,2.668372,140.258804,1.634065,1.896814,0.851627,3.367627
1776193040.942571,228.576797,556.837891,786.661377,785.414673,76.271698,29.10269,2,3.382659,1.701238,1.858684,2.661007,0.388864,2.748424,110.226631,1.634065,1.896814,0.851627,3.367627
1776193041.716802,234.960815,546.713745,774.194458,781.674561,77.499908,30.058649,2,3.47559,1.648522,3.387187,2.690782,0.387338,2.663383,136.303299,1.634065,1.896814,0.851627,3.367627
1776193042.504747,233.896805,552.764587,787.908081,786.661377,76.151016,29.732843,2,3.472437,1.666107,2.342397,2.735961,0.389697,2.691489,139.184753,1.634065,1.896814,0.851627,3.367627
1776193043.286458,233.896805,547.777771,781.674561,781.674561,76.758286,29.922529,2,3.413465,1.655822,2.064631,2.668219,0.387292,2.675019,119.971474,1.634065,1.896814,0.851627,3.367627
1776193044.071921,231.768814,551.152527,785.414673,782.921326,76.392769,29.603079,2,3.372688,1.673219,0.974385,2.648959,0.3878,2.70293,120.3843,1.634065,1.896814,0.851627,3.367627
1776193044.832438,247.728806,531.452393,760.480896,779.181213,78.897446,31.793478,2,3.514163,1.560951,4.627753,2.672453,0.386693,2.527333,141.9431,1.634065,1.896814,0.851627,3.367627
1776193045.611656,237.088791,529.625488,779.181213,766.714294,77.003906,30.922705,2,3.44214,1.603678,2.05883,2.682051,0.380214,2.592899,116.767006,1.634065,1.896814,0.851627,3.367627
1776193046.394614,236.024811,545.64978,782.921326,781.674561,76.636055,30.194765,2,3.291684,1.641287,2.062758,2.57713,0.387384,2.651896,119.904228,1.634065,1.896814,0.851627,3.367627
1776193047.17509,230.704803,543.489624,780.427856,774.194458,76.880905,29.799335,2,3.373434,1.662487,2.3059,2.632722,0.383544,2.685682,137.687637,1.634065,1.896814,0.851627,3.367627
1776193047.943087,231.768814,537.438904,767.960999,769.207703,78.128967,30.130848,2,3.484114,1.644676,1.695586,2.675663,0.381185,2.657271,144.002686,1.634065,1.896814,0.851627,3.367627
1776193048.718565,224.320801,542.393494,775.441101,766.714294,77.375313,29.257416,2,3.605902,1.692472,1.8802,2.796165,0.379657,2.734119,158.636581,1.634065,1.896814,0.851627,3.367627
1776193049.494043,229.640793,552.033752,775.441101,781.674561,77.375313,29.378056,2,3.478636,1.685701,0.869447,2.697478,0.387106,2.723114,123.890266,1.634065,1.896814,0.851627,3.367627
1776193050.263299,223.256805,538.470703,769.207703,761.727539,78.002342,29.309273,2,3.544536,1.689554,2.953372,2.726484,0.377205,2.729373,130.928986,1.634065,1.896814,0.851627,3.367627
1776193051.043763,222.192795,556.988403,780.427856,779.181213,76.880905,28.516191,2,3.685821,1.73533,1.965494,2.876518,0.385578,2.804677,177.638596,1.634065,1.896814,0.851627,3.367627
1776193051.822981,231.768814,558.632629,779.181213,790.401428,77.003906,29.322926,2,3.751944,1.688788,3.163322,2.923444,0.391408,2.728127,156.826523,1.634065,1.896814,0.851627,3.367627
1776193052.608432,221.128799,551.81897,785.414673,772.947754,76.392769,28.608503,2,3.673705,1.729871,3.274392,2.885382,0.382524,2.795604,183.716522,1.634065,1.896814,0.851627,3.367627
1776193053.383922,223.256805,554.677734,775.441101,777.934509,77.375313,28.698662,2,3.663498,1.724574,1.987782,2.840827,0.385023,2.786823,134.801102,1.634065,1.896814,0.851627,3.367627
1776193054.158153,222.192795,550.754944,774.194458,772.947754,77.499908,28.746161,2,3.625734,1.721796,1.576402,2.807023,0.382571,2.782228,125.908333,1.634065,1.896814,0.851627,3.367627
1776193054.936124,231.768814,557.385925,777.934509,789.154724,77.127312,29.369249,2,3.630295,1.686193,5.12362,2.824131,0.390807,2.723913,124.590904,1.634065,1.896814,0.851627,3.367627
1776193055.709108,231.768814,541.178955,772.947754,772.947754,77.624908,29.985056,2,3.541853,1.65246,2.700537,2.737668,0.382989,2.669655,108.588005,1.634065,1.896814,0.851627,3.367627
1776193056.487092,225.384796,545.06958,777.934509,770.454346,77.127312,29.253492,2,3.546713,1.692693,1.83904,2.75911,0.381507,2.734479,135.503601,1.634065,1.896814,0.851627,3.367627
1776193057.266308,228.576797,554.344543,779.181213,782.921326,77.003906,29.195372,2,3.61147,1.695976,2.253578,2.81399,0.387661,2.739829,136.332016,1.634065,1.896814,0.851627,3.367627
1776193058.050513,229.640793,555.773865,784.16803,785.414673,76.514214,29.238159,2,3.58514,1.693558,2.94915,2.811352,0.38891,2.735888,154.983994,1.634065,1.896814,0.851627,3.367627
1776193058.818511,233.896805,539.050964,767.960999,772.947754,78.128967,30.260363,2,3.473565,1.637824,3.397137,2.667562,0.383082,2.646413,128.119934,1.634065,1.896814,0.851627,3.367627
1776193059.603974,231.768814,551.152527,785.414673,782.921326,76.392769,29.603079,2,3.535529,1.673219,2.86672,2.776857,0.3878,2.70293,136.821335,1.634065,1.896814,0.851627,3.367627
1776193060.390671,232.832794,555.075317,786.661377,787.908081,76.271698,29.550755,2,3.538645,1.676105,3.264331,2.783715,0.390252,2.707585,153.797653,1.634065,1.896814,0.851627,3.367627
1776193061.167396,237.088791,544.585754,776.687805,781.674561,77.251114,30.330881,2,3.48522,1.634117,1.833863,2.706928,0.387431,2.640556,126.586578,1.634065,1.896814,0.851627,3.367627
1776193061.94038,231.768814,534.945496,772.947754,766.714294,77.624908,30.228838,2,3.516892,1.639486,2.47267,2.718374,0.379982,2.649044,133.781662,1.634065,1.896814,0.851627,3.367627
1776193062.71213,231.768814,539.932251,771.70105,771.70105,77.750313,30.033497,2,3.555977,1.649866,1.903038,2.744151,0.382387,2.665521,140.997299,1.634065,1.896814,0.851627,3.367627
1776193063.492595,234.960815,549.207214,780.427856,784.16803,76.880905,29.96307,2,3.522353,1.653641,2.815977,2.748943,0.388541,2.671537,104.062347,1.634065,1.896814,0.851627,3.367627
1776193064.283032,227.512787,554.161743,790.401428,781.674561,75.910797,29.105818,2,3.517529,1.70106,3.223942,2.78026,0.387013,2.748132,139.262421,1.634065,1.896814,0.851627,3.367627
1776193065.07347,224.320801,562.340576,790.401428,786.661377,75.910797,28.515547,2,3.461275,1.735368,1.954185,2.735797,0.389279,2.804741,140.048309,1.634065,1.896814,0.851627,3.367627
1776193065.834,229.640793,537.073486,760.480896,766.714294,78.897446,29.951286,2,3.422659,1.654274,1.388189,2.602867,0.379889,2.672548,90.810844,1.634065,1.896814,0.851627,3.367627
1776193066.600751,231.768814,537.438904,766.714294,769.207703,78.256004,30.130848,2,3.473111,1.644676,2.476121,2.662884,0.381185,2.657271,115.903343,1.634065,1.896814,0.851627,3.367627
1776193067.366255,228.576797,533.150757,765.467651,761.727539,78.383453,30.007685,2,3.267493,1.651247,1.680495,2.50116,0.377437,2.667722,96.338814,1.634065,1.896814,0.851627,3.367627
1776193068.129265,233.896805,535.310913,762.974243,769.207703,78.63961,30.407497,2,3.39547,1.63011,2.039957,2.590657,0.381277,2.634237,102.759651,1.634065,1.896814,0.851627,3.367627
1776193068.902249,211.552795,535.214478,772.947754,746.767273,77.624908,28.329145,2,3.492484,1.746499,1.94519,2.699508,0.369477,2.823323,119.67617,1.634065,1.896814,0.851627,3.367627
1776193069.676493,227.512787,565.38208,774.194458,792.894836,77.499908,28.693941,2,3.487979,1.72485,4.139414,2.700374,0.392425,2.787281,113.874748,1.634065,1.896814,0.851627,3.367627
1776193070.453217,237.088791,550.819275,776.687805,787.908081,77.251114,30.090919,2,3.510979,1.646801,1.935827,2.726934,0.390438,2.660646,126.508553,1.634065,1.896814,0.851627,3.367627
1776193071.241162,226.448807,548.99231,787.908081,775.441101,76.151016,29.202579,2,3.441467,1.695568,1.260853,2.71156,0.383959,2.739164,138.321655,1.634065,1.896814,0.851627,3.367627
1776193072.002925,232.832794,536.374878,761.727539,769.207703,78.768318,30.269169,2,3.515235,1.63736,1.93344,2.677651,0.381231,2.645679,121.933525,1.634065,1.896814,0.851627,3.367627
1776193072.774675,243.472794,540.695251,771.70105,784.16803,77.750313,31.048548,2,3.494025,1.597355,3.022511,2.696343,0.388912,2.583099,107.426277,1.634065,1.896814,0.851627,3.367627
1776193073.561373,233.896805,541.544312,786.661377,775.441101,76.271698,30.163065,2,3.353765,1.642966,2.608304,2.638278,0.384284,2.654558,128.889206,1.634065,1.896814,0.851627,3.367627
1776193074.338098,232.832794,542.608276,776.687805,775.441101,77.251114,30.025852,2,3.495446,1.650275,2.464556,2.71487,0.384238,2.666172,120.873711,1.634065,1.896814,0.851627,3.367627
1776193075.112328,232.832794,541.361694,774.194458,774.194458,77.499908,30.0742,2,3.571642,1.647692,3.415643,2.765145,0.383637,2.662062,111.043282,1.634065,1.896814,0.851627,3.367627
1776193075.884078,231.768814,538.685547,771.70105,770.454346,77.750313,30.082094,2,3.454569,1.647271,2.498005,2.665894,0.381786,2.661393,114.665215,1.634065,1.896814,0.851627,3.367627
1776193076.659556,227.512787,542.941528,775.441101,770.454346,77.375313,29.52969,2,3.374783,1.677269,2.096722,2.616946,0.3816,2.709465,93.085228,1.634065,1.896814,0.851627,3.367627
1776193077.431293,232.832794,545.101685,771.70105,777.934509,77.750313,29.929615,2,3.434884,1.655441,1.600745,2.650703,0.385441,2.674409,122.034752,1.634065,1.896814,0.851627,3.367627
1776193078.217991,232.832794,553.828613,786.661377,786.661377,76.271698,29.597589,2,3.490675,1.673522,1.924041,2.745979,0.389651,2.703418,105.868477,1.634065,1.896814,0.851627,3.367627
1776193078.99348,231.768814,542.425659,775.441101,774.194458,77.375313,29.936769,2,3.506354,1.655055,3.449019,2.718971,0.38359,2.673795,122.291405,1.634065,1.896814,0.851627,3.367627
1776193079.766465,228.576797,540.63092,772.947754,769.207703,77.624908,29.715876,2,3.547989,1.667034,2.1341,2.74241,0.381045,2.692977,108.415092,1.634065,1.896814,0.851627,3.367627
1776193080.541943,227.512787,546.681641,775.441101,774.194458,77.375313,29.387033,2,3.491437,1.685199,1.914274,2.707404,0.383404,2.722301,120.289116,1.634065,1.896814,0.851627,3.367627
1776193081.314927,226.448807,545.252258,772.947754,771.70105,77.624908,29.344112,2,3.426835,1.6876,2.628829,2.648764,0.382155,2.726198,105.596901,1.634065,1.896814,0.851627,3.367627
1776193082.099143,228.576797,558.084595,784.16803,786.661377,76.514214,29.056566,2,3.464138,1.703869,2.78741,2.716466,0.389465,2.75273,129.371201,1.634065,1.896814,0.851627,3.367627
1776193082.874621,224.320801,546.133545,775.441101,770.454346,77.375313,29.115391,2,3.545586,1.700515,2.174379,2.749393,0.381461,2.747241,135.657364,1.634065,1.896814,0.851627,3.367627
1776193083.651345,230.704803,553.463257,776.687805,784.16803,77.251114,29.420328,2,3.566123,1.683342,3.799191,2.769764,0.388355,2.719289,129.207199,1.634065,1.896814,0.851627,3.367627
1776193084.43181,225.384796,548.809692,780.427856,774.194458,76.880905,29.112169,2,3.612558,1.700698,2.819355,2.819341,0.383311,2.747541,145.18222,1.634065,1.896814,0.851627,3.367627
1776193085.203559,228.576797,546.864319,771.70105,775.441101,77.750313,29.477003,2,3.590592,1.680189,2.77467,2.770864,0.384052,2.714185,124.71537,1.634065,1.896814,0.851627,3.367627
1776193085.98153,234.960815,550.453857,777.934509,785.414673,77.127312,29.915512,2,3.56364,1.6562,2.722347,2.772279,0.389142,2.675623,133.058029,1.634065,1.896814,0.851627,3.367627
1776193086.755761,224.320801,537.406738,774.194458,761.727539,77.499908,29.448956,2,3.59106,1.681748,3.121868,2.780179,0.377251,2.716707,111.369011,1.634065,1.896814,0.851627,3.367627
1776193087.523759,228.576797,544.370972,767.960999,772.947754,78.128967,29.572088,2,3.651921,1.674927,2.614582,2.804533,0.382849,2.705684,120.353294,1.634065,1.896814,0.851627,3.367627
1776193088.298001,226.448807,545.252258,774.194458,771.70105,77.499908,29.344112,2,3.60717,1.6876,2.249943,2.792651,0.382155,2.726198,129.158096,1.634065,1.896814,0.851627,3.367627
1776193089.061012,230.704803,537.256226,762.974243,767.960999,78.63961,30.041214,2,3.612048,1.649453,2.448657,2.7559,0.380537,2.664865,132.763596,1.634065,1.896814,0.851627,3.367627
1776193089.842723,233.896805,551.517883,781.674561,785.414673,76.758286,29.780039,2,3.57423,1.663536,2.907733,2.793885,0.389096,2.687363,128.790207,1.634065,1.896814,0.851627,3.367627
1776193090.624434,236.024811,548.143188,781.674561,784.16803,76.758286,30.098755,2,3.509368,1.646383,3.316947,2.743184,0.388587,2.659982,104.631958,1.634065,1.896814,0.851627,3.367627
1776193091.422365,224.320801,559.847229,797.881592,784.16803,75.199127,28.606215,2,3.445116,1.730006,1.70069,2.748795,0.388076,2.795828,114.511604,1.634065,1.896814,0.851627,3.367627
1776193092.202829,229.640793,557.020569,780.427856,786.661377,76.880905,29.191822,2,3.581134,1.696177,2.806797,2.794817,0.389511,2.740157,127.513023,1.634065,1.896814,0.851627,3.367627
1776193092.978306,233.896805,546.531067,775.441101,780.427856,77.375313,29.970329,2,3.588621,1.653251,3.600771,2.782764,0.38669,2.670916,144.437073,1.634065,1.896814,0.851627,3.367627
1776193093.766251,233.896805,554.011292,787.908081,787.908081,76.151016,29.685799,2,3.505462,1.668679,2.532813,2.761982,0.390299,2.695621,137.769333,1.634065,1.896814,0.851627,3.367627
1776193094.541741,230.704803,540.996216,775.441101,771.70105,77.375313,29.895618,2,3.551843,1.657273,2.302192,2.754245,0.382341,2.677337,124.539284,1.634065,1.896814,0.851627,3.367627
1776193095.314725,231.768814,542.425659,772.947754,774.194458,77.624908,29.936769,2,3.49214,1.655055,2.705714,2.699242,0.38359,2.673795,115.417664,1.634065,1.896814,0.851627,3.367627
1776193096.077735,238.152802,532.301514,762.974243,770.454346,78.63961,30.910698,2,3.077818,1.604284,6.1806,2.348296,0.382065,2.59384,107.350723,1.634065,1.896814,0.851627,3.367627
1776193096.863187,232.832794,546.348389,785.414673,779.181213,76.392769,29.881725,2,3.205537,1.658024,3.388362,2.517676,0.386042,2.678537,138.150223,1.634065,1.896814,0.851627,3.367627
1776193097.654884,230.704803,558.449951,791.648132,789.154724,75.791245,29.234419,2,3.591002,1.693769,1.525622,2.84281,0.390761,2.736231,126.521599,1.634065,1.896814,0.851627,3.367627
1776193098.424128,226.448807,537.772156,769.207703,764.220947,78.002342,29.631325,2,3.597119,1.671666,1.233132,2.766932,0.378547,2.700428,96.12606,1.634065,1.896814,0.851627,3.367627
1776193099.215812,231.768814,566.112793,791.648132,797.881592,75.791245,29.048023,2,3.607841,1.704357,2.862314,2.856141,0.395017,2.75353,140.289642,1.634065,1.896814,0.851627,3.367627
1776193099.996276,224.320801,547.380249,780.427856,771.70105,76.880905,29.068354,2,3.558422,1.703196,1.832835,2.777092,0.382062,2.751628,125.831741,1.634065,1.896814,0.851627,3.367627
1776193100.764287,229.640793,544.55365,767.960999,774.194458,78.128967,29.6619,2,3.48942,1.669988,2.073113,2.679739,0.383497,2.697726,91.722076,1.634065,1.896814,0.851627,3.367627
1776193101.547244,224.320801,552.367004,782.921326,776.687805,76.636055,28.88172,2,3.550974,1.71392,1.132453,2.780133,0.384468,2.769234,125.404655,1.634065,1.896814,0.851627,3.367627
1776193102.309009,239.216797,539.964417,761.727539,779.181213,78.768318,30.701048,2,3.588473,1.614941,3.26334,2.733438,0.386321,2.610441,126.167229,1.634065,1.896814,0.851627,3.367627
1776193103.081992,242.408798,534.278992,772.947754,776.687805,77.624908,31.210583,2,3.581818,1.589289,3.592363,2.768558,0.385258,2.570645,125.975319,1.634065,1.896814,0.851627,3.367627
1776193103.869949,226.448807,542.758911,787.908081,769.207703,76.151016,29.439228,2,3.566855,1.682289,0.240077,2.810354,0.380952,2.717584,140.31189,1.634065,1.896814,0.851627,3.367627
1776193104.64418,228.576797,548.111023,774.194458,776.687805,77.499908,29.429689,2,3.528567,1.68282,3.297266,2.731797,0.384654,2.718444,141.697754,1.634065,1.896814,0.851627,3.367627
1776193105.403451,229.640793,530.840088,759.234192,760.480896,79.027,30.196785,2,3.580095,1.64118,2.332887,2.71813,0.376882,2.651727,138.40593,1.634065,1.896814,0.851627,3.367627
1776193106.167708,240.280807,536.406982,764.220947,776.687805,78.51133,30.936602,2,3.498576,1.602977,3.134425,2.673685,0.385165,2.591812,146.212143,1.634065,1.896814,0.851627,3.367627
1776193106.918251,251.984802,512.236145,750.507385,764.220947,79.945915,32.972767,2,3.562088,1.506685,4.210094,2.673373,0.379662,2.446295,121.737511,1.634065,1.896814,0.851627,3.367627
1776193107.697482,243.472794,525.734924,779.181213,769.207703,77.003906,31.652412,2,3.594423,1.567713,6.152805,2.800707,0.381696,2.537607,155.002228,1.634065,1.896814,0.851627,3.367627
1776193108.48792,236.024811,545.64978,790.401428,781.674561,75.910797,30.194765,2,3.507446,1.641287,4.227939,2.77229,0.387384,2.651896,143.985397,1.634065,1.896814,0.851627,3.367627
1776193109.275864,230.704803,550.969727,787.908081,781.674561,76.151016,29.514175,2,3.41426,1.678128,1.984257,2.690123,0.387152,2.710853,148.502182,1.634065,1.896814,0.851627,3.367627
1776193110.051342,233.896805,545.284424,775.441101,779.181213,77.375313,30.018282,2,3.453633,1.65068,2.563141,2.678089,0.386089,2.666818,125.870781,1.634065,1.896814,0.851627,3.367627
1776193110.821845,242.408798,538.019043,770.454346,780.427856,77.876129,31.061012,2,3.412939,1.596731,4.350905,2.629514,0.387062,2.582134,140.039902,1.634065,1.896814,0.851627,3.367627
1776193111.597322,236.024811,531.936157,775.441101,767.960999,77.375313,30.733957,2,3.396007,1.613258,4.603079,2.633403,0.380769,2.607814,174.112228,1.634065,1.896814,0.851627,3.367627
1776193112.374047,233.896805,540.297668,776.687805,774.194458,77.251114,30.211636,2,3.37129,1.640395,2.853428,2.61844,0.383683,2.650482,150.594147,1.634065,1.896814,0.851627,3.367627
1776193113.143291,232.832794,535.128174,769.207703,767.960999,78.002342,30.318312,2,3.463609,1.634777,2.364611,2.664235,0.38063,2.641597,144.107864,1.634065,1.896814,0.851627,3.367627
1776193113.910054,240.280807,535.160278,766.714294,775.441101,78.256004,30.98634,2,3.537732,1.600474,4.856061,2.71243,0.384563,2.587929,111.483917,1.634065,1.896814,0.851627,3.367627
1776193114.695505,226.448807,542.758911,785.414673,769.207703,76.392769,29.439228,2,3.482282,1.682289,2.665069,2.735035,0.380952,2.717584,140.427048,1.634065,1.896814,0.851627,3.367627
1776193115.462256,228.576797,540.63092,766.714294,769.207703,78.256004,29.715876,2,3.547548,1.667034,2.239258,2.719955,0.381045,2.692977,111.157478,1.634065,1.896814,0.851627,3.367627
1776193116.236487,226.448807,545.252258,774.194458,771.70105,77.499908,29.344112,2,3.559789,1.6876,2.388844,2.755969,0.382155,2.726198,147.292313,1.634065,1.896814,0.851627,3.367627
1776193117.016951,229.640793,554.527222,780.427856,784.16803,76.880905,29.284641,2,3.665936,1.690939,3.509198,2.860999,0.388309,2.731624,137.028168,1.634065,1.896814,0.851627,3.367627
1776193117.796181,219.000793,547.713501,779.181213,766.714294,77.003906,28.563547,2,3.598198,1.732525,2.533584,2.803648,0.379424,2.800012,158.715744,1.634065,1.896814,0.851627,3.367627
1776193118.564178,224.320801,549.873657,767.960999,774.194458,78.128967,28.974735,2,3.543187,1.708558,1.405887,2.721029,0.383265,2.760419,125.769463,1.634065,1.896814,0.851627,3.367627
1776193119.340903,223.256805,552.184326,776.687805,775.441101,77.251114,28.790941,2,3.530934,1.719186,2.39538,2.742433,0.38382,2.777916,119.854057,1.634065,1.896814,0.851627,3.367627
1776193120.106407,223.256805,542.210815,765.467651,765.467651,78.383453,29.166067,2,3.638043,1.697636,2.957375,2.784804,0.379009,2.742538,130.521469,1.634065,1.896814,0.851627,3.367627
1776193120.88813,232.832794,560.062012,781.674561,792.894836,76.758286,29.364902,2,3.657421,1.686437,4.383767,2.858913,0.392658,2.724308,171.65596,1.634065,1.896814,0.851627,3.367627
1776193121.668594,226.448807,546.498962,780.427856,772.947754,76.880905,29.29678,2,3.553343,1.690256,2.892018,2.773128,0.382757,2.730514,149.55101,1.634065,1.896814,0.851627,3.367627
1776193122.455292,233.896805,561.491394,786.661377,795.388184,76.271698,29.406622,2,3.456782,1.684106,2.800629,2.719317,0.393907,2.720528,154.660599,1.634065,1.896814,0.851627,3.367627
1776193123.239497,227.512787,549.175049,784.16803,776.687805,76.514214,29.292694,2,3.471386,1.690486,3.007898,2.72215,0.384607,2.730888,144.703781,1.634065,1.896814,0.851627,3.367627
1776193124.009999,231.768814,543.672302,770.454346,775.441101,77.876129,29.888641,2,3.488909,1.65765,2.040948,2.688045,0.384192,2.677939,145.288803,1.634065,1.896814,0.851627,3.367627
1776193124.785477,232.832794,543.85498,775.441101,776.687805,77.375313,29.977655,2,3.46041,1.652858,2.618364,2.683344,0.384839,2.670288,117.252228,1.634065,1.896814,0.851627,3.367627
1776193125.573421,228.576797,554.344543,787.908081,782.921326,76.151016,29.195372,2,3.395166,1.695976,1.815321,2.675079,0.387661,2.739829,121.341194,1.634065,1.896814,0.851627,3.367627
1776193126.341419,244.536804,542.124573,767.960999,786.661377,78.128967,31.085396,2,3.44073,1.595513,3.538389,2.642346,0.390162,2.58025,128.411469,1.634065,1.896814,0.851627,3.367627
1776193127.126882,246.664825,541.243286,785.414673,787.908081,76.392769,31.306293,2,3.422652,1.584563,5.239206,2.688201,0.390856,2.563375,127.521439,1.634065,1.896814,0.851627,3.367627
1776193127.92106,239.216797,546.197876,794.141479,785.414673,75.553291,30.45739,2,3.325742,1.627511,2.058867,2.64111,0.389328,2.630147,149.95047,1.634065,1.896814,0.851627,3.367627
1776193128.690304,237.088791,529.625488,769.207703,766.714294,78.002342,30.922705,2,3.379811,1.603678,3.77136,2.599776,0.380214,2.592899,115.246666,1.634065,1.896814,0.851627,3.367627
1776193129.477015,232.832794,548.841797,786.661377,781.674561,76.271698,29.786411,2,3.5084,1.66319,4.119697,2.759923,0.387245,2.686808,113.402458,1.634065,1.896814,0.851627,3.367627
1776193130.261218,223.256805,549.690918,784.16803,772.947754,76.514214,28.883816,2,3.494209,1.713799,1.145194,2.740047,0.382617,2.769035,159.751053,1.634065,1.896814,0.851627,3.367627
1776193131.031709,230.704803,548.47644,770.454346,779.181213,77.876129,29.60862,2,3.556342,1.672914,3.89025,2.74,0.385949,2.702439,142.699142,1.634065,1.896814,0.851627,3.367627
1776193131.812174,222.192795,548.261536,780.427856,770.454346,76.880905,28.83919,2,3.577538,1.716383,2.867197,2.79201,0.381368,2.773293,143.438538,1.634065,1.896814,0.851627,3.367627
1776193132.585171,222.192795,550.754944,772.947754,772.947754,77.624908,28.746161,2,3.665437,1.721796,3.512466,2.833191,0.382571,2.782228,179.932449,1.634065,1.896814,0.851627,3.367627
1776193133.359402,236.024811,554.376587,774.194458,790.401428,77.499908,29.861385,2,3.683733,1.659123,4.527736,2.851926,0.391594,2.680295,117.572136,1.634065,1.896814,0.851627,3.367627
1776193134.137372,232.832794,541.361694,777.934509,774.194458,77.127312,30.0742,2,3.473317,1.647692,3.489151,2.702013,0.383637,2.662062,132.960648,1.634065,1.896814,0.851627,3.367627
1776193134.915343,231.768814,544.919006,777.934509,776.687805,77.127312,29.840666,2,3.547983,1.660245,1.58481,2.760099,0.384793,2.68209,130.385727,1.634065,1.896814,0.851627,3.367627
1776193135.69582,225.384796,547.562988,780.427856,772.947754,76.880905,29.159126,2,3.571741,1.69803,2.275241,2.787486,0.38271,2.743181,145.903885,1.634065,1.896814,0.851627,3.367627
1776193136.471298,227.512787,550.421753,775.441101,777.934509,77.375313,29.245752,2,3.493823,1.693129,3.338096,2.709254,0.385209,2.735189,119.172874,1.634065,1.896814,0.851627,3.367627
1776193137.253009,227.512787,554.161743,781.674561,781.674561,76.758286,29.105818,2,3.395087,1.70106,1.835883,2.653853,0.387013,2.748132,114.197868,1.634065,1.896814,0.851627,3.367627
1776193138.012279,233.896805,532.817505,759.234192,766.714294,79.027,30.506384,2,3.555644,1.624967,3.446045,2.699566,0.380075,2.626148,107.113441,1.634065,1.896814,0.851627,3.367627
1776193138.779029,240.280807,533.913635,766.714294,774.194458,78.256004,31.036234,2,3.447331,1.597971,5.502138,2.643118,0.383962,2.584053,97.245453,1.634065,1.896814,0.851627,3.367627
1776193139.570727,236.024811,550.636597,791.648132,786.661377,75.791245,30.003357,2,3.315186,1.651479,2.388955,2.624461,0.38979,2.668091,129.948105,1.634065,1.896814,0.851627,3.367627
1776193140.357425,232.832794,550.088501,786.661377,782.921326,76.271698,29.738977,2,3.353918,1.665773,1.860373,2.638398,0.387846,2.690952,124.04409,1.634065,1.896814,0.851627,3.367627
1776193141.134149,236.024811,544.403076,776.687805,780.427856,77.251114,30.243,2,3.375921,1.638739,2.206433,2.622036,0.386783,2.647861,113.381264,1.634065,1.896814,0.851627,3.367627
1776193141.895912,231.768814,524.971985,761.727539,756.740784,78.768318,30.627239,2,3.424918,1.618728,2.802464,2.608854,0.375171,2.616364,113.551262,1.634065,1.896814,0.851627,3.367627
1776193142.666416,233.896805,539.050964,770.454346,772.947754,77.876129,30.260363,2,3.434658,1.637824,3.437159,2.646247,0.383082,2.646413,132.516068,1.634065,1.896814,0.851627,3.367627
1776193143.44688,236.024811,546.896484,780.427856,782.921326,76.880905,30.146683,2,3.415847,1.643835,2.110234,2.665822,0.387986,2.655937,110.355385,1.634065,1.896814,0.851627,3.367627
1776193144.226098,243.472794,544.435303,779.181213,787.908081,77.003906,30.901167,2,3.361625,1.604765,3.110229,2.619315,0.390717,2.594588,121.872841,1.634065,1.896814,0.851627,3.367627
1776193145.011549,232.832794,540.11499,785.414673,772.947754,76.392769,30.122709,2,3.43559,1.645109,4.463407,2.698363,0.383035,2.657958,127.3424,1.634065,1.896814,0.851627,3.367627
1776193145.792025,227.512787,546.681641,780.427856,774.194458,76.880905,29.387033,2,3.365503,1.685199,1.573427,2.626533,0.383404,2.722301,109.624268,1.634065,1.896814,0.851627,3.367627
1776193146.555036,241.344788,537.836426,762.974243,779.181213,78.63961,30.974154,2,3.490222,1.601087,4.162068,2.662949,0.386414,2.588879,109.230652,1.634065,1.896814,0.851627,3.367627
1776193147.334254,243.472794,538.201782,779.181213,781.674561,77.003906,31.147591,2,3.450162,1.592414,3.287463,2.688301,0.38771,2.575465,119.086349,1.634065,1.896814,0.851627,3.367627
1776193148.107238,238.152802,528.561523,772.947754,766.714294,77.624908,31.06148,2,3.431736,1.596708,2.861616,2.652553,0.38026,2.582098,135.267395,1.634065,1.896814,0.851627,3.367627
1776193148.875247,242.408798,530.53894,767.960999,772.947754,78.128967,31.361601,2,3.341692,1.581846,3.16927,2.566289,0.383453,2.559203,121.578064,1.634065,1.896814,0.851627,3.367627
1776193149.649479,237.088791,530.872192,774.194458,767.960999,77.499908,30.872503,2,3.372997,1.606215,3.066094,2.611355,0.380815,2.596841,130.455566,1.634065,1.896814,0.851627,3.367627
1776193150.418723,232.832794,531.388184,769.207703,764.220947,78.002342,30.466684,2,3.384323,1.627028,2.09294,2.603247,0.378825,2.629387,138.014389,1.634065,1.896814,0.851627,3.367627
1776193151.191707,232.832794,540.11499,772.947754,772.947754,77.624908,30.122709,2,3.45832,1.645109,2.890953,2.6731,0.383035,2.657958,144.011368,1.634065,1.896814,0.851627,3.367627
1776193151.960951,236.024811,536.922974,769.207703,772.947754,78.002342,30.535675,2,3.539138,1.623451,3.375951,2.722332,0.383175,2.623766,132.379303,1.634065,1.896814,0.851627,3.367627
1776193152.731454,237.088791,534.612244,770.454346,771.70105,77.876129,30.722881,2,3.418747,1.613824,2.447115,2.633988,0.38262,2.608697,125.493996,1.634065,1.896814,0.851627,3.367627
1776193153.506932,232.832794,537.621582,775.441101,770.454346,77.375313,30.220192,2,3.289127,1.639943,2.290883,2.550524,0.381832,2.649766,145.488968,1.634065,1.896814,0.851627,3.367627
1776193154.278669,232.832794,538.868286,771.70105,771.70105,77.750313,30.171371,2,3.333043,1.642526,2.140158,2.572113,0.382434,2.653859,122.183189,1.634065,1.896814,0.851627,3.367627
1776193155.04542,236.024811,534.429565,766.714294,770.454346,78.256004,30.634495,2,3.472718,1.618355,3.307217,2.662582,0.381972,2.615779,138.88768,1.634065,1.896814,0.851627,3.367627
1776193155.814676,238.152802,533.548218,769.207703,771.70105,78.002342,30.860758,2,3.425263,1.606809,2.31317,2.634738,0.382666,2.597766,113.375435,1.634065,1.896814,0.851627,3.367627
1776193156.58766,233.896805,534.064209,772.947754,767.960999,77.624908,30.45686,2,3.301264,1.627539,2.331602,2.551704,0.380676,2.63019,93.952812,1.634065,1.896814,0.851627,3.367627
1776193157.365632,240.280807,545.13385,777.934509,785.414673,77.127312,30.592859,2,3.374502,1.620498,2.621779,2.625141,0.389374,2.619135,127.25779,1.634065,1.896814,0.851627,3.367627
1776193158.144849,237.088791,538.352295,779.181213,775.441101,77.003906,30.574699,2,3.298113,1.621434,2.217338,2.569828,0.384424,2.620604,115.276741,1.634065,1.896814,0.851627,3.367627
1776193158.929065,228.576797,545.617676,784.16803,774.194458,76.514214,29.524469,2,3.435584,1.677558,1.560907,2.694075,0.383451,2.709932,135.26236,1.634065,1.896814,0.851627,3.367627
1776193159.70205,233.896805,545.284424,772.947754,779.181213,77.624908,30.018282,2,3.453175,1.65068,1.948641,2.669124,0.386089,2.666818,122.967033,1.634065,1.896814,0.851627,3.367627
1776193160.466307,239.216797,531.237549,764.220947,770.454346,78.51133,31.048796,2,3.547012,1.597342,4.420888,2.710701,0.382111,2.58308,119.647232,1.634065,1.896814,0.851627,3.367627
1776193161.259239,223.256805,550.937622,792.894836,774.194458,75.672081,28.837303,2,3.493193,1.716492,2.481188,2.769735,0.383219,2.773473,145.491272,1.634065,1.896814,0.851627,3.367627
1776193162.021003,231.768814,539.932251,761.727539,771.70105,78.768318,30.033497,2,3.50074,1.649866,3.443768,2.66661,0.382387,2.665521,146.416214,1.634065,1.896814,0.851627,3.367627
1776193162.786519,232.832794,533.88147,765.467651,766.714294,78.383453,30.367607,2,3.453325,1.632194,3.021299,2.643409,0.380028,2.637522,129.216751,1.634065,1.896814,0.851627,3.367627
1776193163.566983,229.640793,547.046997,780.427856,776.687805,76.880905,29.566679,2,3.489145,1.675225,1.845466,2.723026,0.3847,2.706166,114.289268,1.634065,1.896814,0.851627,3.367627
1776193164.337474,228.576797,540.63092,770.454346,769.207703,77.876129,29.715876,2,3.477811,1.667034,3.244908,2.679494,0.381045,2.692977,131.034805,1.634065,1.896814,0.851627,3.367627
1776193165.102978,227.512787,536.70813,765.467651,764.220947,78.383453,29.77055,2,3.585608,1.664052,2.088864,2.744667,0.378593,2.688191,131.556213,1.634065,1.896814,0.851627,3.367627
1776193165.880961,224.320801,549.873657,777.934509,774.194458,77.127312,28.974735,2,3.508128,1.708558,3.84674,2.729094,0.383265,2.760419,120.190269,1.634065,1.896814,0.851627,3.367627
1776193166.648959,237.088791,545.83252,767.960999,782.921326,78.128967,30.282581,2,3.615295,1.636654,3.238923,2.776406,0.388032,2.644563,145.985001,1.634065,1.896814,0.851627,3.367627
1776193167.431916,230.704803,544.736328,782.921326,775.441101,76.636055,29.751429,2,3.546826,1.665094,2.25233,2.776886,0.384145,2.689862,134.722412,1.634065,1.896814,0.851627,3.367627
1776193168.206148,233.896805,544.03772,774.194458,777.934509,77.499908,30.066389,2,3.46291,1.648108,2.875422,2.680966,0.385487,2.662725,128.259415,1.634065,1.896814,0.851627,3.367627
1776193168.990364,228.576797,549.357727,784.16803,777.934509,76.514214,29.382524,2,3.373247,1.685451,1.868047,2.645193,0.385255,2.722709,127.745888,1.634065,1.896814,0.851627,3.367627
1776193169.765841,227.512787,546.681641,775.441101,774.194458,77.375313,29.387033,2,3.327149,1.685199,2.259196,2.580008,0.383404,2.722301,108.662758,1.634065,1.896814,0.851627,3.367627
1776193170.523865,231.768814,531.205444,757.987488,762.974243,79.156982,30.377016,2,3.467601,1.631702,2.587522,2.628398,0.378178,2.636746,111.94175,1.634065,1.896814,0.851627,3.367627
1776193171.291863,229.640793,535.826843,767.960999,765.467651,78.128967,30.000063,2,3.486054,1.651656,1.903259,2.677154,0.379288,2.668372,100.955544,1.634065,1.896814,0.851627,3.367627
1776193172.064847,230.704803,543.489624,772.947754,774.194458,77.624908,29.799335,2,3.464502,1.662487,3.970845,2.677879,0.383544,2.685682,129.189697,1.634065,1.896814,0.851627,3.367627
1776193172.83161,230.704803,536.009521,766.714294,766.714294,78.256004,30.090061,2,3.560347,1.646846,2.479242,2.729769,0.379935,2.660718,123.231544,1.634065,1.896814,0.851627,3.367627
1776193173.612074,227.512787,549.175049,780.427856,776.687805,76.880905,29.292694,2,3.513248,1.690486,3.941544,2.741837,0.384607,2.730888,118.205246,1.634065,1.896814,0.851627,3.367627
1776193174.385059,237.088791,547.079224,772.947754,784.16803,77.624908,30.234438,2,3.440773,1.639191,3.251443,2.659538,0.388634,2.648576,138.319778,1.634065,1.896814,0.851627,3.367627
1776193175.153056,238.152802,531.054932,767.960999,769.207703,78.128967,30.960793,2,3.560403,1.601759,4.438549,2.734251,0.381463,2.589921,110.016541,1.634065,1.896814,0.851627,3.367627
1776193175.93478,239.216797,543.704529,781.674561,782.921326,76.758286,30.554384,2,3.529155,1.622483,4.79713,2.758651,0.388125,2.622249,130.397766,1.634065,1.896814,0.851627,3.367627
1776193176.69405,237.088791,519.651978,759.234192,756.740784,79.027,31.330252,2,3.471125,1.583385,4.169779,2.635397,0.375403,2.561566,137.282394,1.634065,1.896814,0.851627,3.367627
1776193177.463294,230.704803,531.022705,769.207703,761.727539,78.002342,30.287052,2,3.441742,1.636419,3.439399,2.647414,0.37753,2.644192,149.228821,1.634065,1.896814,0.851627,3.367627
1776193178.231292,222.192795,535.794678,767.960999,757.987488,78.128967,29.313517,2,3.639516,1.689316,4.703354,2.795006,0.375354,2.728985,123.846886,1.634065,1.896814,0.851627,3.367627
1776193179.001783,219.000793,547.713501,770.454346,766.714294,77.876129,28.563547,2,3.672646,1.732525,2.189653,2.829606,0.379424,2.800012,148.89444,1.634065,1.896814,0.851627,3.367627
1776193179.771039,226.448807,551.485718,769.207703,777.934509,78.002342,29.10898,2,3.574938,1.70088,2.468852,2.74987,0.385162,2.747838,129.333908,1.634065,1.896814,0.851627,3.367627
1776193180.540283,229.640793,543.306946,769.207703,772.947754,78.002342,29.709743,2,3.531708,1.667369,2.601217,2.716617,0.382896,2.693516,140.423096,1.634065,1.896814,0.851627,3.367627
1776193181.319501,237.088791,550.819275,779.181213,787.908081,77.003906,30.090919,2,3.453697,1.646801,2.852914,2.691056,0.390438,2.660646,140.773163,1.634065,1.896814,0.851627,3.367627
1776193182.091238,229.640793,533.333435,771.70105,762.974243,77.750313,30.098104,2,3.413463,1.646418,1.696981,2.634173,0.378085,2.660038,127.194145,1.634065,1.896814,0.851627,3.367627
1776193182.864235,241.344788,545.316589,772.947754,786.661377,77.624908,30.679628,2,3.432352,1.616038,2.641606,2.653029,0.390022,2.612156,133.428391,1.634065,1.896814,0.851627,3.367627
1776193183.65218,233.896805,545.284424,787.908081,779.181213,76.151016,30.018282,2,3.428209,1.65068,1.809005,2.701113,0.386089,2.666818,143.630966,1.634065,1.896814,0.851627,3.367627
1776193184.431397,234.960815,545.467041,779.181213,780.427856,77.003906,30.106667,2,3.471365,1.645962,3.177495,2.704823,0.386737,2.659313,125.115112,1.634065,1.896814,0.851627,3.367627
1776193185.203134,238.152802,537.28833,771.70105,775.441101,77.750313,30.711914,2,3.540701,1.614385,3.884632,2.732363,0.38447,2.609573,124.590355,1.634065,1.896814,0.851627,3.367627
1776193185.986105,238.152802,544.768555,782.921326,782.921326,76.636055,30.418486,2,3.575121,1.629537,3.363872,2.799038,0.388079,2.633335,127.097092,1.634065,1.896814,0.851627,3.367627
1776193186.785269,231.768814,559.879333,799.128235,791.648132,75.081818,29.276747,2,3.498659,1.691383,2.96112,2.795877,0.39201,2.732347,150.733231,1.634065,1.896814,0.851627,3.367627
1776193187.564486,233.896805,547.777771,779.181213,781.674561,77.003906,29.922529,2,3.474588,1.655822,3.145955,2.707334,0.387292,2.675019,144.2715,1.634065,1.896814,0.851627,3.367627
1776193188.347444,231.768814,548.659058,782.921326,780.427856,76.636055,29.69766,2,3.448574,1.668029,2.224204,2.699962,0.386597,2.694577,125.766266,1.634065,1.896814,0.851627,3.367627
1776193189.117948,232.832794,538.868286,770.454346,771.70105,77.876129,30.171371,2,3.545621,1.642526,2.331162,2.731739,0.382434,2.653859,133.959579,1.634065,1.896814,0.851627,3.367627
1776193189.889685,234.960815,539.233643,771.70105,774.194458,77.750313,30.34907,2,3.488276,1.633164,2.534685,2.691906,0.38373,2.639052,124.168755,1.634065,1.896814,0.851627,3.367627
1776193190.672643,238.152802,548.508545,782.921326,786.661377,76.636055,30.273863,2,3.441932,1.637113,2.596664,2.694762,0.389883,2.645289,136.800217,1.634065,1.896814,0.851627,3.367627
1776193191.464327,234.960815,552.947266,791.648132,787.908081,75.791245,29.820841,2,3.425883,1.66132,4.013363,2.712094,0.390345,2.683811,153.403061,1.634065,1.896814,0.851627,3.367627
1776193192.229844,239.216797,531.237549,765.467651,770.454346,78.383453,31.048796,2,3.492385,1.597342,4.991474,2.673307,0.382111,2.58308,119.353119,1.634065,1.896814,0.851627,3.367627
1776193193.019035,223.256805,547.19751,789.154724,770.454346,76.030716,28.977293,2,3.496412,1.708411,3.404334,2.75921,0.381414,2.760178,136.729477,1.634065,1.896814,0.851627,3.367627
1776193193.787033,237.088791,547.079224,767.960999,784.16803,78.128967,30.234438,2,3.529185,1.639191,4.087862,2.710276,0.388634,2.648576,121.192078,1.634065,1.896814,0.851627,3.367627
1776193194.568744,233.896805,544.03772,781.674561,777.934509,76.758286,30.066389,2,3.510932,1.648108,4.524357,2.744406,0.385487,2.662725,115.558601,1.634065,1.896814,0.851627,3.367627
1776193195.351713,234.960815,549.207214,782.921326,784.16803,76.636055,29.96307,2,3.452337,1.653641,3.789131,2.702909,0.388541,2.671537,132.694824,1.634065,1.896814,0.851627,3.367627
1776193196.124698,236.024811,538.169678,772.947754,774.194458,77.624908,30.486504,2,3.553282,1.625999,5.610785,2.746501,0.383776,2.627769,130.668655,1.634065,1.896814,0.851627,3.367627
1776193196.913889,228.576797,551.851074,789.154724,780.427856,76.030716,29.288652,2,3.485971,1.690713,2.773164,2.75097,0.386458,2.731257,137.58342,1.634065,1.896814,0.851627,3.367627
1776193197.693118,225.384796,550.056274,779.181213,775.441101,77.003906,29.065367,2,3.4644,1.703366,2.860478,2.699395,0.383913,2.751907,148.16568,1.634065,1.896814,0.851627,3.367627
1776193198.463609,229.640793,545.800293,770.454346,775.441101,77.876129,29.614216,2,3.498735,1.672606,2.380693,2.695616,0.384099,2.701943,136.039627,1.634065,1.896814,0.851627,3.367627
1776193199.240334,228.576797,546.864319,776.687805,775.441101,77.251114,29.477003,2,3.405143,1.680189,3.137987,2.644733,0.384052,2.714185,127.570854,1.634065,1.896814,0.851627,3.367627
1776193200.023291,227.512787,554.161743,782.921326,781.674561,76.636055,29.105818,2,3.396007,1.70106,2.368723,2.658806,0.387013,2.748132,140.571335,1.634065,1.896814,0.851627,3.367627
1776193200.802509,224.320801,551.1203,779.181213,775.441101,77.003906,28.928154,2,3.531389,1.711239,1.751176,2.751592,0.383866,2.764823,142.38298,1.634065,1.896814,0.851627,3.367627
1776193201.570518,231.768814,544.919006,767.960999,776.687805,78.128967,29.840666,2,3.529412,1.660245,4.171651,2.710451,0.384793,2.68209,125.242027,1.634065,1.896814,0.851627,3.367627
1776193202.343503,229.640793,540.813538,772.947754,770.454346,77.624908,29.805893,2,3.50179,1.662131,3.37966,2.706701,0.381693,2.685111,139.038055,1.634065,1.896814,0.851627,3.367627
1776193203.122721,221.128799,548.078918,779.181213,769.207703,77.003906,28.747606,2,3.534134,1.721712,3.515918,2.753731,0.38072,2.782089,161.069061,1.634065,1.896814,0.851627,3.367627
1776193203.896952,216.872803,552.3349,774.194458,769.207703,77.499908,28.194311,2,3.651304,1.754642,0.680096,2.826819,0.380534,2.836983,154.809601,1.634065,1.896814,0.851627,3.367627
1776193204.667454,220.064789,554.129639,770.454346,774.194458,77.876129,28.425003,2,3.660314,1.740757,0.634126,2.820105,0.383079,2.813724,133.199173,1.634065,1.896814,0.851627,3.367627
1776193205.429218,228.576797,543.124268,761.727539,771.70105,78.768318,29.619864,2,3.641136,1.672296,3.197689,2.773554,0.382248,2.701443,143.154419,1.634065,1.896814,0.851627,3.367627
1776193206.204696,227.512787,546.681641,775.441101,774.194458,77.375313,29.387033,2,3.595857,1.685199,1.947503,2.788375,0.383404,2.722301,161.15242,1.634065,1.896814,0.851627,3.367627
1776193206.975187,226.448807,542.758911,770.454346,769.207703,77.876129,29.439228,2,3.610277,1.682289,1.331901,2.781554,0.380952,2.717584,118.148331,1.634065,1.896814,0.851627,3.367627
1776193207.729471,236.024811,529.442871,754.247437,765.467651,79.549492,30.834066,2,3.611274,1.608162,3.546613,2.723794,0.379566,2.599871,106.055389,1.634065,1.896814,0.851627,3.367627
1776193208.517427,226.448807,550.239014,787.908081,776.687805,76.151016,29.155704,2,3.505865,1.698224,2.2719,2.762299,0.384561,2.743498,117.501221,1.634065,1.896814,0.851627,3.367627
1776193209.287918,227.512787,544.188232,770.454346,771.70105,77.876129,29.481987,2,3.49645,1.679912,2.449465,2.693856,0.382202,2.713737,119.514801,1.634065,1.896814,0.851627,3.367627
1776193210.072123,226.448807,556.472534,784.16803,782.921326,76.514214,28.923571,2,3.630921,1.711503,3.284709,2.847252,0.387568,2.765258,143.003128,1.634065,1.896814,0.851627,3.367627
1776193210.855081,225.384796,556.289795,782.921326,781.674561,76.636055,28.833586,2,3.605616,1.716708,3.889883,2.822914,0.38692,2.773829,117.509377,1.634065,1.896814,0.851627,3.367627
1776193211.624336,230.704803,544.736328,769.207703,775.441101,78.002342,29.751429,2,3.522233,1.665094,2.958476,2.709329,0.384145,2.689862,114.090172,1.634065,1.896814,0.851627,3.367627
1776193212.406048,228.576797,550.604431,781.674561,779.181213,76.758286,29.33551,2,3.535195,1.688082,3.298698,2.763372,0.385856,2.726981,154.736893,1.634065,1.896814,0.851627,3.367627
1776193213.171552,230.704803,537.256226,765.467651,767.960999,78.383453,30.041214,2,3.585855,1.649453,3.425263,2.744856,0.380537,2.664865,136.142746,1.634065,1.896814,0.851627,3.367627
1776193213.944536,226.448807,541.512207,772.947754,767.960999,77.624908,29.48702,2,3.589153,1.679633,1.342513,2.774228,0.380351,2.713286,113.948746,1.634065,1.896814,0.851627,3.367627
1776193214.71504,236.024811,545.64978,770.454346,781.674561,77.876129,30.194765,2,3.598734,1.641287,5.193089,2.77266,0.387384,2.651896,150.111923,1.634065,1.896814,0.851627,3.367627
1776193215.50049,231.768814,548.659058,785.414673,780.427856,76.392769,29.69766,2,3.523942,1.668029,3.734349,2.767756,0.386597,2.694577,118.219353,1.634065,1.896814,0.851627,3.367627
1776193216.272228,228.576797,539.384216,771.70105,767.960999,77.750313,29.764116,2,3.575797,1.664403,3.397798,2.759446,0.380444,2.688753,144.889847,1.634065,1.896814,0.851627,3.367627
1776193217.048952,224.320801,547.380249,776.687805,771.70105,77.251114,29.068354,2,3.473682,1.703196,3.851256,2.697967,0.382062,2.751628,146.352875,1.634065,1.896814,0.851627,3.367627
1776193217.824442,229.640793,552.033752,775.441101,781.674561,77.375313,29.378056,2,3.511336,1.685701,3.601579,2.722834,0.387106,2.723114,117.010712,1.634065,1.896814,0.851627,3.367627
1776193218.604907,231.768814,551.152527,780.427856,782.921326,76.880905,29.603079,2,3.526435,1.673219,3.469507,2.752128,0.3878,2.70293,145.219284,1.634065,1.896814,0.851627,3.367627
1776193219.379137,230.704803,542.24292,774.194458,772.947754,77.499908,29.847399,2,3.492927,1.65988,3.20103,2.704205,0.382942,2.681507,133.176117,1.634065,1.896814,0.851627,3.367627
1776193220.165835,230.704803,555.956543,786.661377,786.661377,76.271698,29.32708,2,3.313764,1.688555,1.48314,2.60681,0.389558,2.727748,101.77523,1.634065,1.896814,0.851627,3.367627
1776193220.927611,233.896805,531.570862,761.727539,765.467651,78.768318,30.556068,2,3.339172,1.622396,2.042601,2.54354,0.379473,2.622112,101.820824,1.634065,1.896814,0.851627,3.367627
1776193221.700596,234.960815,539.233643,772.947754,774.194458,77.624908,30.34907,2,3.460495,1.633164,3.540482,2.674782,0.38373,2.639052,118.794884,1.634065,1.896814,0.851627,3.367627
1776193222.482306,230.704803,545.983032,781.674561,776.687805,76.758286,29.703674,2,3.462854,1.667701,3.098516,2.706825,0.384747,2.694049,124.879265,1.634065,1.896814,0.851627,3.367627
1776193223.252797,234.960815,540.480286,770.454346,775.441101,77.876129,30.300278,2,3.473748,1.635724,4.449638,2.676364,0.384331,2.643093,135.656021,1.634065,1.896814,0.851627,3.367627
1776193224.034521,234.960815,546.713745,781.674561,781.674561,76.758286,30.058649,2,3.461456,1.648522,4.212334,2.705732,0.387338,2.663383,138.368179,1.634065,1.896814,0.851627,3.367627
1776193224.807505,236.024811,538.169678,772.947754,774.194458,77.624908,30.486504,2,3.507535,1.625999,3.907764,2.711141,0.383776,2.627769,142.149399,1.634065,1.896814,0.851627,3.367627
1776193225.582983,230.704803,538.50293,775.441101,769.207703,77.375313,29.992523,2,3.446964,1.65206,2.713535,2.672917,0.381138,2.669016,132.585281,1.634065,1.896814,0.851627,3.367627
1776193226.345993,232.832794,532.634888,762.974243,765.467651,78.63961,30.417065,2,3.435745,1.629611,2.784289,2.621385,0.379427,2.633451,99.067566,1.634065,1.896814,0.851627,3.367627
1776193227.116484,236.024811,538.169678,770.454346,774.194458,77.876129,30.486504,2,3.539028,1.625999,4.218539,2.72666,0.383776,2.627769,137.414001,1.634065,1.896814,0.851627,3.367627
1776193227.896961,229.640793,543.306946,780.427856,772.947754,76.880905,29.709743,2,3.431434,1.667369,2.376104,2.677987,0.382896,2.693516,115.30748,1.634065,1.896814,0.851627,3.367627
1776193228.651245,231.768814,524.971985,754.247437,756.740784,79.549492,30.627239,2,3.548031,1.618728,3.033012,2.676094,0.375171,2.616364,132.675491,1.634065,1.896814,0.851627,3.367627
1776193229.439189,236.024811,556.869995,787.908081,792.894836,76.151016,29.767481,2,3.56943,1.664219,4.439541,2.812383,0.392797,2.688459,128.997955,1.634065,1.896814,0.851627,3.367627
1776193230.213419,225.384796,536.342773,774.194458,761.727539,77.499908,29.588636,2,3.551171,1.674015,2.107223,2.749297,0.377297,2.704213,116.895149,1.634065,1.896814,0.851627,3.367627
1776193230.981429,224.320801,542.393494,767.960999,766.714294,78.128967,29.257416,2,3.581839,1.692472,2.09048,2.750713,0.379657,2.734119,131.570068,1.634065,1.896814,0.851627,3.367627
1776193231.749427,224.320801,543.640198,767.960999,767.960999,78.128967,29.209921,2,3.578302,1.695153,2.33017,2.747996,0.380258,2.738487,128.792404,1.634065,1.896814,0.851627,3.367627
1776193232.526152,228.576797,553.097778,776.687805,781.674561,77.251114,29.24194,2,3.478007,1.693344,3.023502,2.701326,0.387059,2.73554,149.213654,1.634065,1.896814,0.851627,3.367627
1776193233.291656,236.024811,538.169678,765.467651,774.194458,78.383453,30.486504,2,3.57201,1.625999,2.92521,2.734258,0.383776,2.627769,121.567467,1.634065,1.896814,0.851627,3.367627
1776193234.072119,231.768814,543.672302,780.427856,775.441101,76.880905,29.888641,2,3.532635,1.65765,2.984068,2.756967,0.384192,2.677939,121.31897,1.634065,1.896814,0.851627,3.367627
1776193234.842623,231.768814,538.685547,770.454346,770.454346,77.876129,30.082094,2,3.472276,1.647271,3.52686,2.67523,0.381786,2.661393,120.362434,1.634065,1.896814,0.851627,3.367627
1776193235.611867,227.512787,536.70813,769.207703,764.220947,78.002342,29.77055,2,3.517705,1.664052,3.518231,2.705845,0.378593,2.688191,141.697433,1.634065,1.896814,0.851627,3.367627
1776193236.384851,227.512787,545.434937,772.947754,772.947754,77.624908,29.434433,2,3.430503,1.682556,2.996919,2.6516,0.382803,2.718016,142.219589,1.634065,1.896814,0.851627,3.367627
1776193237.159082,227.512787,546.681641,774.194458,774.194458,77.499908,29.387033,2,3.457963,1.685199,2.290259,2.677136,0.383404,2.722301,134.309494,1.634065,1.896814,0.851627,3.367627
1776193237.927092,238.152802,542.275024,767.960999,780.427856,78.128967,30.515671,2,3.426194,1.624486,2.55018,2.631184,0.386876,2.625392,105.479141,1.634065,1.896814,0.851627,3.367627
1776193238.703816,225.384796,536.342773,776.687805,761.727539,77.251114,29.588636,2,3.457864,1.674015,2.800372,2.68568,0.377297,2.704213,120.176712,1.634065,1.896814,0.851627,3.367627
1776193239.475554,228.576797,546.864319,771.70105,775.441101,77.750313,29.477003,2,3.498743,1.680189,3.222473,2.699984,0.384052,2.714185,115.527641,1.634065,1.896814,0.851627,3.367627
1776193240.244798,228.576797,540.63092,769.207703,769.207703,78.002342,29.715876,2,3.507225,1.667034,3.614467,2.697784,0.381045,2.692977,117.370125,1.634065,1.896814,0.851627,3.367627
1776193241.015288,229.640793,542.060242,770.454346,771.70105,77.876129,29.757742,2,3.437008,1.66475,1.778861,2.648058,0.382294,2.68931,113.802025,1.634065,1.896814,0.851627,3.367627
1776193241.782051,231.768814,537.438904,766.714294,769.207703,78.256004,30.130848,2,3.492238,1.644676,3.944408,2.677549,0.381185,2.657271,126.351364,1.634065,1.896814,0.851627,3.367627
1776193242.546309,238.152802,533.548218,764.220947,771.70105,78.51133,30.860758,2,3.516853,1.606809,3.446412,2.687653,0.382666,2.597766,114.259308,1.634065,1.896814,0.851627,3.367627
1776193243.300593,238.152802,516.094604,754.247437,754.247437,79.549492,31.57489,2,3.538898,1.571455,4.627606,2.669205,0.374246,2.543309,116.38353,1.634065,1.896814,0.851627,3.367627
1776193244.097264,229.640793,557.020569,796.634888,786.661377,75.316811,29.191822,2,3.425131,1.696177,3.420967,2.728579,0.389511,2.740157,121.155342,1.634065,1.896814,0.851627,3.367627
1776193244.842821,228.576797,515.697083,745.520569,744.273865,80.480675,30.711382,2,3.473068,1.614412,3.475749,2.589244,0.369017,2.609615,128.125916,1.634065,1.896814,0.851627,3.367627
1776193245.59213,227.512787,520.501099,749.26062,748.013916,80.078941,30.415583,2,3.465677,1.629688,3.366515,2.596696,0.370775,2.633573,111.848,1.634065,1.896814,0.851627,3.367627
1776193246.361375,222.192795,540.781433,769.207703,762.974243,78.002342,29.121927,2,3.498722,1.700143,3.402792,2.691244,0.377759,2.746633,127.207832,1.634065,1.896814,0.851627,3.367627
1776193247.114412,230.704803,532.269409,753.000732,762.974243,79.681198,30.237562,2,3.519135,1.639026,2.461875,2.649911,0.378131,2.648315,114.521492,1.634065,1.896814,0.851627,3.367627
1776193247.877423,229.640793,532.086731,762.974243,761.727539,78.63961,30.147367,2,3.512285,1.643799,2.483392,2.679783,0.377483,2.655879,134.104691,1.634065,1.896814,0.851627,3.367627
1776193248.641679,227.512787,534.214722,764.220947,761.727539,78.51133,29.868,2,3.504424,1.658765,3.345329,2.678154,0.37739,2.679723,113.327827,1.634065,1.896814,0.851627,3.367627
1776193249.415923,223.256805,545.950928,774.194458,769.207703,77.499908,29.024256,2,3.522804,1.705717,4.457679,2.727335,0.380813,2.755759,118.546432,1.634065,1.896814,0.851627,3.367627
1776193250.175194,224.320801,536.160095,759.234192,760.480896,79.027,29.497231,2,3.630493,1.679067,3.844427,2.756394,0.37665,2.71237,148.170532,1.634065,1.896814,0.851627,3.367627
1776193250.936958,220.064789,536.676025,761.727539,756.740784,78.768318,29.080603,2,3.625588,1.702497,5.909369,2.76171,0.37466,2.750484,138.095795,1.634065,1.896814,0.851627,3.367627
1776193251.694982,229.640793,539.566895,757.987488,769.207703,79.156982,29.854198,2,3.637527,1.659512,4.393864,2.7572,0.381092,2.680918,153.074066,1.634065,1.896814,0.851627,3.367627
1776193252.448018,236.024811,524.456055,753.000732,760.480896,79.681198,31.036259,2,3.673847,1.59797,5.87335,2.76641,0.377161,2.584051,158.089294,1.634065,1.896814,0.851627,3.367627
1776193253.230989,226.448807,545.252258,782.921326,771.70105,76.636055,29.344112,2,3.478784,1.6876,3.422289,2.723614,0.382155,2.726198,128.863876,1.634065,1.896814,0.851627,3.367627
1776193254.00522,232.832794,548.841797,774.194458,781.674561,77.499908,29.786411,2,3.502959,1.66319,3.664476,2.711971,0.387245,2.686808,131.066696,1.634065,1.896814,0.851627,3.367627
1776193254.784437,226.448807,545.252258,779.181213,771.70105,77.003906,29.344112,2,3.528546,1.6876,3.187004,2.749377,0.382155,2.726198,133.446793,1.634065,1.896814,0.851627,3.367627
1776193255.547448,224.320801,536.160095,762.974243,760.480896,78.63961,29.497231,2,3.517241,1.679067,3.811382,2.683565,0.37665,2.71237,144.160095,1.634065,1.896814,0.851627,3.367627
1776193256.305471,233.896805,535.310913,757.987488,769.207703,79.156982,30.407497,2,3.477583,1.63011,4.095169,2.635964,0.381277,2.634237,131.336716,1.634065,1.896814,0.851627,3.367627
1776193257.075975,233.896805,536.557556,770.454346,770.454346,77.876129,30.358297,2,3.479669,1.632681,4.056763,2.680926,0.381879,2.63829,139.691544,1.634065,1.896814,0.851627,3.367627
1776193257.855193,229.640793,544.55365,779.181213,774.194458,77.003906,29.6619,2,3.255118,1.669988,2.039994,2.536327,0.383497,2.697726,121.738792,1.634065,1.896814,0.851627,3.367627
1776193258.63067,221.128799,544.338867,775.441101,765.467651,77.375313,28.888065,2,3.336461,1.713553,2.004819,2.587229,0.378916,2.768631,103.482918,1.634065,1.896814,0.851627,3.367627
1776193259.39742,228.576797,546.864319,766.714294,775.441101,78.256004,29.477003,2,3.521682,1.680189,1.356392,2.700124,0.384052,2.714185,126.786568,1.634065,1.896814,0.851627,3.367627
1776193260.162925,226.448807,536.525452,765.467651,762.974243,78.383453,29.679745,2,3.492258,1.66901,4.429223,2.67321,0.377945,2.696154,125.683205,1.634065,1.896814,0.851627,3.367627
1776193260.930935,229.640793,542.060242,767.960999,771.70105,78.128967,29.757742,2,3.415084,1.66475,3.2687,2.622651,0.382294,2.68931,130.279099,1.634065,1.896814,0.851627,3.367627
1776193261.700179,229.640793,539.566895,769.207703,769.207703,78.002342,29.854198,2,3.477079,1.659512,3.303655,2.674596,0.381092,2.680918,137.829636,1.634065,1.896814,0.851627,3.367627
1776193262.461943,228.576797,531.904114,761.727539,760.480896,78.768318,30.056875,2,3.470295,1.648616,4.146684,2.643419,0.376835,2.663533,145.184021,1.634065,1.896814,0.851627,3.367627
1776193263.2262,239.216797,537.471008,764.220947,776.687805,78.51133,30.799606,2,3.46342,1.609913,4.530012,2.646818,0.385118,2.602597,146.685135,1.634065,1.896814,0.851627,3.367627
1776193263.995444,233.896805,529.077454,769.207703,762.974243,78.002342,30.655924,2,3.366117,1.617254,2.534465,2.589243,0.37827,2.614057,121.062462,1.634065,1.896814,0.851627,3.367627
1776193264.764701,230.704803,534.762817,769.207703,765.467651,78.002342,30.139069,2,3.461532,1.644239,2.850491,2.662637,0.379334,2.656578,111.609962,1.634065,1.896814,0.851627,3.367627
1776193265.536438,236.024811,541.909668,771.70105,777.934509,77.750313,30.339931,2,3.374449,1.633643,3.170115,2.604066,0.38558,2.639807,126.483803,1.634065,1.896814,0.851627,3.367627
1776193266.304436,241.344788,532.84967,767.960999,774.194458,78.128967,31.173664,2,3.42448,1.591119,3.786524,2.629867,0.384008,2.573466,108.038696,1.634065,1.896814,0.851627,3.367627
1776193267.078666,231.768814,531.205444,774.194458,762.974243,77.499908,30.377016,2,3.335618,1.631702,2.48688,2.582417,0.378178,2.636746,99.06414,1.634065,1.896814,0.851627,3.367627
1776193267.840443,238.152802,531.054932,761.727539,769.207703,78.768318,30.960793,2,3.47607,1.601759,4.345508,2.647818,0.381463,2.589921,119.932549,1.634065,1.896814,0.851627,3.367627
1776193268.60844,236.024811,529.442871,767.960999,765.467651,78.128967,30.834066,2,3.438733,1.608162,4.708788,2.640813,0.379566,2.599871,111.537338,1.634065,1.896814,0.851627,3.367627
1776193269.391398,234.960815,546.713745,782.921326,781.674561,76.636055,30.058649,2,3.368463,1.648522,2.156534,2.637241,0.387338,2.663383,124.370743,1.634065,1.896814,0.851627,3.367627
1776193270.166876,229.640793,539.566895,775.441101,769.207703,77.375313,29.854198,2,3.399041,1.659512,2.264667,2.635756,0.381092,2.680918,110.756042,1.634065,1.896814,0.851627,3.367627
1776193270.932379,226.448807,535.278748,765.467651,761.727539,78.383453,29.728321,2,3.412531,1.666354,2.628865,2.612182,0.377344,2.691885,126.228294,1.634065,1.896814,0.851627,3.367627
1776193271.694156,236.024811,536.922974,761.727539,772.947754,78.768318,30.535675,2,3.543462,1.623451,4.399666,2.699152,0.383175,2.623766,131.866043,1.634065,1.896814,0.851627,3.367627
1776193272.45592,237.088791,525.885437,761.727539,762.974243,78.768318,31.074286,2,3.482013,1.596068,3.462971,2.652345,0.37841,2.581108,122.539207,1.634065,1.896814,0.851627,3.367627
1776193273.216437,227.512787,521.747803,760.480896,749.26062,78.897446,30.364973,2,3.482461,1.632331,2.752199,2.648345,0.371376,2.637739,121.351669,1.634065,1.896814,0.851627,3.367627
1776193273.969475,229.640793,525.853333,753.000732,755.494141,79.681198,30.396103,2,3.551032,1.630705,3.04355,2.67393,0.374476,2.635174,147.412643,1.634065,1.896814,0.851627,3.367627
1776193274.737471,224.320801,537.406738,767.960999,761.727539,78.128967,29.448956,2,3.469119,1.681748,1.278037,2.664148,0.377251,2.716707,132.3647,1.634065,1.896814,0.851627,3.367627
1776193275.500495,224.320801,538.653442,762.974243,762.974243,78.63961,29.400835,2,3.465851,1.684429,2.482804,2.644355,0.377852,2.721051,125.640221,1.634065,1.896814,0.851627,3.367627
1776193276.280959,228.576797,556.837891,780.427856,785.414673,76.880905,29.10269,2,3.517648,1.701238,3.425189,2.745271,0.388864,2.748424,125.54097,1.634065,1.896814,0.851627,3.367627
1776193277.046463,237.088791,538.352295,765.467651,775.441101,78.383453,30.574699,2,3.529764,1.621434,4.769261,2.70192,0.384424,2.620604,156.420212,1.634065,1.896814,0.851627,3.367627
1776193277.823187,234.960815,539.233643,776.687805,774.194458,77.251114,30.34907,2,3.445756,1.633164,3.860693,2.676277,0.38373,2.639052,131.416763,1.634065,1.896814,0.851627,3.367627
1776193278.596171,232.832794,537.621582,772.947754,770.454346,77.624908,30.220192,2,3.420359,1.639943,1.661512,2.643759,0.381832,2.649766,123.368355,1.634065,1.896814,0.851627,3.367627
1776193279.356701,242.408798,529.292236,760.480896,771.70105,78.897446,31.412268,2,3.517621,1.579365,3.820194,2.675084,0.382852,2.5554,118.195709,1.634065,1.896814,0.851627,3.367627
1776193280.137166,233.896805,536.557556,780.427856,770.454346,76.880905,30.358297,2,3.468013,1.632681,2.746691,2.706534,0.381879,2.63829,128.551788,1.634065,1.896814,0.851627,3.367627
1776193280.907657,229.640793,535.826843,770.454346,765.467651,77.876129,30.000063,2,3.471803,1.651656,1.177946,2.674866,0.379288,2.668372,105.038437,1.634065,1.896814,0.851627,3.367627
1776193281.6769,229.640793,539.566895,769.207703,769.207703,78.002342,29.854198,2,3.54161,1.659512,2.181906,2.724233,0.381092,2.680918,120.612602,1.634065,1.896814,0.851627,3.367627
1776193282.451144,230.704803,544.736328,774.194458,775.441101,77.499908,29.751429,2,3.534191,1.665094,3.845529,2.736151,0.384145,2.689862,120.716408,1.634065,1.896814,0.851627,3.367627
1776193283.220388,230.704803,538.50293,769.207703,769.207703,78.002342,29.992523,2,3.559236,1.65206,4.373192,2.737792,0.381138,2.669016,136.648911,1.634065,1.896814,0.851627,3.367627
1776193283.990879,225.384796,538.836182,770.454346,764.220947,77.876129,29.492098,2,3.537824,1.679351,3.370334,2.725732,0.3785,2.71283,150.821121,1.634065,1.896814,0.851627,3.367627
1776193284.756383,225.384796,540.082886,765.467651,765.467651,78.383453,29.444065,2,3.593354,1.68202,3.340226,2.750597,0.379102,2.717148,118.698448,1.634065,1.896814,0.851627,3.367627
1776193285.513159,227.512787,531.721436,756.740784,759.234192,79.287384,29.966089,2,3.565103,1.653479,3.216745,2.697859,0.376188,2.671278,140.500198,1.634065,1.896814,0.851627,3.367627
1776193286.29613,230.704803,555.956543,782.921326,786.661377,76.636055,29.32708,2,3.551039,1.688555,3.746061,2.780184,0.389558,2.727748,141.485062,1.634065,1.896814,0.851627,3.367627
1776193287.070361,225.384796,542.576172,774.194458,767.960999,77.499908,29.348469,2,3.478868,1.687356,3.005915,2.693321,0.380304,2.725801,124.979172,1.634065,1.896814,0.851627,3.367627
1776193287.845839,223.256805,549.690918,775.441101,772.947754,77.375313,28.883816,2,3.528721,1.713799,2.981975,2.736315,0.382617,2.769035,139.255264,1.634065,1.896814,0.851627,3.367627
1776193288.613836,231.768814,546.16571,767.960999,777.934509,78.128967,29.792845,2,3.516799,1.66284,2.552934,2.700764,0.385394,2.686247,116.884232,1.634065,1.896814,0.851627,3.367627
1776193289.389325,234.960815,544.220398,775.441101,779.181213,77.375313,30.154837,2,3.437604,1.643402,2.27671,2.665659,0.386135,2.65525,108.116409,1.634065,1.896814,0.851627,3.367627
1776193290.156076,234.960815,531.753479,766.714294,766.714294,78.256004,30.645159,2,3.50207,1.617806,3.242044,2.685087,0.380121,2.614922,139.237823,1.634065,1.896814,0.851627,3.367627
1776193290.926567,230.704803,534.762817,770.454346,765.467651,77.876129,30.139069,2,3.461162,1.644239,3.926564,2.666667,0.379334,2.656578,134.07579,1.634065,1.896814,0.851627,3.367627
1776193291.702045,226.448807,544.005554,775.441101,770.454346,77.375313,29.391592,2,3.432292,1.684945,1.82428,2.661541,0.381554,2.721888,108.652786,1.634065,1.896814,0.851627,3.367627
1776193292.471289,229.640793,543.306946,769.207703,772.947754,78.002342,29.709743,2,3.435049,1.667369,2.602245,2.642266,0.382896,2.693516,100.467873,1.634065,1.896814,0.851627,3.367627
1776193293.236805,237.088791,537.105652,765.467651,774.194458,78.383453,30.623934,2,3.544742,1.618898,2.613297,2.713385,0.383822,2.61663,136.395264,1.634065,1.896814,0.851627,3.367627
1776193294.009789,230.704803,534.762817,772.947754,765.467651,77.624908,30.139069,2,3.489142,1.644239,2.256405,2.696924,0.379334,2.656578,124.498421,1.634065,1.896814,0.851627,3.367627
1776193294.782774,232.832794,542.608276,772.947754,775.441101,77.624908,30.025852,2,3.486409,1.650275,2.408598,2.694812,0.384238,2.666172,146.901901,1.634065,1.896814,0.851627,3.367627
1776193295.565732,226.448807,548.99231,782.921326,775.441101,76.636055,29.202579,2,3.417881,1.695568,2.714013,2.675932,0.383959,2.739164,115.245392,1.634065,1.896814,0.851627,3.367627
1776193296.339974,226.448807,547.745667,774.194458,774.194458,77.499908,29.249603,2,3.504466,1.692912,3.63613,2.713138,0.383358,2.734836,131.893921,1.634065,1.896814,0.851627,3.367627
1776193297.115452,221.128799,548.078918,775.441101,769.207703,77.375313,28.747606,2,3.505515,1.721712,1.685378,2.718321,0.38072,2.782089,129.759354,1.634065,1.896814,0.851627,3.367627
1776193297.874723,225.384796,538.836182,759.234192,764.220947,79.027,29.492098,2,3.634601,1.679351,2.808045,2.759513,0.3785,2.71283,142.202942,1.634065,1.896814,0.851627,3.367627
1776193298.643967,225.384796,543.822876,769.207703,769.207703,78.002342,29.300901,2,3.585683,1.690025,2.853061,2.758135,0.380906,2.730137,149.210022,1.634065,1.896814,0.851627,3.367627
1776193299.405731,227.512787,536.70813,761.727539,764.220947,78.768318,29.77055,2,3.478723,1.664052,3.359722,2.649839,0.378593,2.688191,120.479485,1.634065,1.896814,0.851627,3.367627
1776193300.179974,223.256805,545.950928,774.194458,769.207703,77.499908,29.024256,2,3.516613,1.705717,2.984912,2.722542,0.380813,2.755759,136.271164,1.634065,1.896814,0.851627,3.367627
1776193300.949218,227.512787,546.681641,769.207703,774.194458,78.002342,29.387033,2,3.493586,1.685199,1.918827,2.687294,0.383404,2.722301,105.181923,1.634065,1.896814,0.851627,3.367627
1776193301.722202,228.576797,545.617676,772.947754,774.194458,77.624908,29.524469,2,3.571878,1.677558,2.17728,2.760875,0.383451,2.709932,118.466118,1.634065,1.896814,0.851627,3.367627
1776193302.48646,232.832794,536.374878,764.220947,769.207703,78.51133,30.269169,2,3.624302,1.63736,4.611267,2.769768,0.381231,2.645679,148.470306,1.634065,1.896814,0.851627,3.367627
1776193303.249471,231.768814,529.95874,762.974243,761.727539,78.63961,30.426735,2,3.470086,1.629107,2.702043,2.647586,0.377576,2.632658,108.698944,1.634065,1.896814,0.851627,3.367627
1776193304.03244,229.640793,550.787048,782.921326,780.427856,76.636055,29.424986,2,3.40307,1.683082,2.812929,2.664336,0.386504,2.718869,111.058632,1.634065,1.896814,0.851627,3.367627
1776193304.799191,232.832794,537.621582,766.714294,770.454346,78.256004,30.220192,2,3.427883,1.639943,3.89473,2.628206,0.381832,2.649766,121.271652,1.634065,1.896814,0.851627,3.367627
1776193305.572176,227.512787,539.201538,772.947754,766.714294,77.624908,29.673737,2,3.464935,1.669339,2.632317,2.678214,0.379796,2.696683,102.565819,1.634065,1.896814,0.851627,3.367627
1776193306.33768,224.320801,537.406738,765.467651,761.727539,78.383453,29.448956,2,3.539325,1.681748,3.083241,2.709239,0.377251,2.716707,130.758606,1.634065,1.896814,0.851627,3.367627
1776193307.104442,225.384796,542.576172,766.714294,767.960999,78.256004,29.348469,2,3.689939,1.687356,4.118484,2.829129,0.380304,2.725801,176.857025,1.634065,1.896814,0.851627,3.367627
1776193307.869946,226.448807,540.265503,765.467651,766.714294,78.383453,29.534966,2,3.69821,1.676977,2.443847,2.830861,0.37975,2.708994,114.613075,1.634065,1.896814,0.851627,3.367627
1776193308.640437,223.256805,543.45752,770.454346,766.714294,77.876129,29.118645,2,3.69471,1.70033,3.675821,2.846606,0.37961,2.746939,131.120789,1.634065,1.896814,0.851627,3.367627
1776193309.407188,220.064789,542.909424,766.714294,762.974243,78.256004,28.843016,2,3.626006,1.716161,2.915664,2.780111,0.377667,2.772927,125.57106,1.634065,1.896814,0.851627,3.367627
1776193310.166459,224.320801,539.900146,759.234192,764.220947,79.027,29.352873,2,3.762065,1.68711,4.788795,2.856288,0.378454,2.725401,168.382492,1.634065,1.896814,0.851627,3.367627
1776193310.933221,217.936798,541.297363,766.714294,759.234192,78.256004,28.704819,2,3.646216,1.724213,2.218954,2.795606,0.375769,2.786226,133.525223,1.634065,1.896814,0.851627,3.367627
1776193311.689999,221.128799,539.352112,756.740784,760.480896,79.287384,29.077497,2,3.668196,1.702674,2.821778,2.775873,0.37651,2.750773,143.193802,1.634065,1.896814,0.851627,3.367627
1776193312.44927,227.512787,539.201538,759.234192,766.714294,79.027,29.673737,2,3.601869,1.669339,3.183626,2.734662,0.379796,2.696683,123.746498,1.634065,1.896814,0.851627,3.367627
1776193313.216021,229.640793,539.566895,766.714294,769.207703,78.256004,29.854198,2,3.546819,1.659512,4.338641,2.719397,0.381092,2.680918,121.98909,1.634065,1.896814,0.851627,3.367627
1776193313.980278,228.576797,534.397461,764.220947,762.974243,78.51133,29.958651,2,3.467507,1.653878,2.544746,2.649941,0.378038,2.671916,114.168198,1.634065,1.896814,0.851627,3.367627
1776193314.739548,237.088791,532.118896,759.234192,769.207703,79.027,30.822468,2,3.467042,1.608751,3.199635,2.632297,0.381417,2.600788,129.412704,1.634065,1.896814,0.851627,3.367627
1776193315.510051,239.216797,533.730957,770.454346,772.947754,77.876129,30.948635,2,3.514426,1.602371,4.276699,2.707705,0.383314,2.590871,158.871521,1.634065,1.896814,0.851627,3.367627
1776193316.284282,236.024811,534.429565,774.194458,770.454346,77.499908,30.634495,2,3.465141,1.618355,3.595925,2.682693,0.381972,2.615779,143.211945,1.634065,1.896814,0.851627,3.367627
1776193317.054773,234.960815,534.246887,770.454346,769.207703,77.876129,30.545822,2,3.438649,1.622926,3.023135,2.649322,0.381324,2.622943,133.677643,1.634065,1.896814,0.851627,3.367627
1776193317.817784,236.024811,528.196167,762.974243,764.220947,78.63961,30.884367,2,3.416279,1.605614,2.00603,2.606533,0.378965,2.595908,100.226723,1.634065,1.896814,0.851627,3.367627
1776193318.564587,238.152802,511.107819,746.767273,749.26062,80.346313,31.785042,2,3.494537,1.561354,2.894001,2.609606,0.371841,2.527944,133.71492,1.634065,1.896814,0.851627,3.367627
1776193319.343817,225.384796,538.836182,779.181213,764.220947,77.003906,29.492098,2,3.383303,1.679351,1.626264,2.636206,0.3785,2.71283,107.060234,1.634065,1.896814,0.851627,3.367627
1776193320.113062,221.128799,543.092163,769.207703,764.220947,78.002342,28.93519,2,3.603539,1.710833,2.375957,2.77187,0.378314,2.764157,146.574203,1.634065,1.896814,0.851627,3.367627
1776193320.874826,224.320801,541.146851,761.727539,765.467651,78.768318,29.305065,2,3.612005,1.689791,3.129468,2.751364,0.379055,2.729757,157.154831,1.634065,1.896814,0.851627,3.367627
1776193321.634097,217.936798,533.817261,759.234192,751.754089,79.027,28.990438,2,3.506264,1.707656,1.57798,2.662076,0.372161,2.758939,133.948593,1.634065,1.896814,0.851627,3.367627
1776193322.389626,227.512787,539.201538,755.494141,766.714294,79.418221,29.673737,2,3.522227,1.669339,3.360053,2.661022,0.379796,2.696683,147.220459,1.634065,1.896814,0.851627,3.367627
1776193323.143923,242.408798,529.292236,754.247437,771.70105,79.549492,31.412268,2,3.406132,1.579365,3.304793,2.569066,0.382852,2.5554,108.411674,1.634065,1.896814,0.851627,3.367627
1776193323.916907,237.088791,529.625488,772.947754,766.714294,77.624908,30.922705,2,3.263513,1.603678,2.821631,2.522525,0.380214,2.592899,128.004044,1.634065,1.896814,0.851627,3.367627
1776193324.673685,230.704803,518.555786,756.740784,749.26062,79.287384,30.790997,2,3.297689,1.610351,1.346148,2.495496,0.371516,2.603279,101.707619,1.634065,1.896814,0.851627,3.367627
1776193325.432955,240.280807,530.173523,759.234192,770.454346,79.027,31.186897,2,3.412435,1.590462,1.852075,2.590837,0.382158,2.572454,100.847115,1.634065,1.896814,0.851627,3.367627
1776193326.200952,243.472794,528.228271,767.960999,771.70105,78.128967,31.550144,2,3.456894,1.572654,2.589725,2.65476,0.382898,2.545137,110.909508,1.634065,1.896814,0.851627,3.367627
1776193326.966469,239.216797,521.264099,765.467651,760.480896,78.383453,31.45599,2,3.478817,1.57723,1.833973,2.662921,0.3773,2.552131,99.434822,1.634065,1.896814,0.851627,3.367627
1776193327.74444,234.960815,537.986938,777.934509,772.947754,77.127312,30.39802,2,3.285492,1.630605,6.270998,2.555898,0.383128,2.635016,119.242943,1.634065,1.896814,0.851627,3.367627
1776193328.533631,224.320801,552.367004,789.154724,776.687805,76.030716,28.88172,2,3.096256,1.71392,1.109101,2.443425,0.384468,2.769234,132.50882,1.634065,1.896814,0.851627,3.367627
1776193329.299135,231.768814,542.425659,765.467651,774.194458,78.383453,29.936769,2,3.416662,1.655055,2.185321,2.615344,0.38359,2.673795,119.706985,1.634065,1.896814,0.851627,3.367627
1776193330.072131,234.960815,541.72699,772.947754,776.687805,77.624908,30.251642,2,3.398436,1.638283,2.171368,2.626813,0.384932,2.64714,100.72332,1.634065,1.896814,0.851627,3.367627
1776193330.855089,227.512787,546.681641,782.921326,774.194458,76.636055,29.387033,2,3.367164,1.685199,1.373832,2.636224,0.383404,2.722301,101.273354,1.634065,1.896814,0.851627,3.367627
1776193331.616853,230.704803,534.762817,761.727539,765.467651,78.768318,30.139069,2,3.485474,1.644239,2.26731,2.654981,0.379334,2.656578,104.960838,1.634065,1.896814,0.851627,3.367627
1776193332.376124,226.448807,527.798645,759.234192,754.247437,79.027,30.023146,2,3.455036,1.650419,2.38275,2.623181,0.373736,2.666403,111.314873,1.634065,1.896814,0.851627,3.367627
1776193333.137887,231.768814,536.1922,761.727539,767.960999,78.768318,30.179764,2,3.37194,1.642081,2.629893,2.5685,0.380583,2.653155,118.925034,1.634065,1.896814,0.851627,3.367627
1776193333.894665,214.744797,522.04895,756.740784,736.793762,79.287384,29.145849,2,3.517354,1.698783,1.932449,2.661725,0.364805,2.744412,117.472267,1.634065,1.896814,0.851627,3.367627
1776193334.656441,226.448807,548.99231,761.727539,775.441101,78.768318,29.202579,2,3.490304,1.695568,2.80129,2.65866,0.383959,2.739164,118.165337,1.634065,1.896814,0.851627,3.367627
1776193335.419452,229.640793,537.073486,762.974243,766.714294,78.63961,29.951286,2,3.499679,1.654274,2.427912,2.670165,0.379889,2.672548,111.327042,1.634065,1.896814,0.851627,3.367627
1776193336.189943,221.128799,539.352112,770.454346,760.480896,77.876129,29.077497,2,3.471739,1.702674,2.05905,2.674816,0.37651,2.750773,131.665237,1.634065,1.896814,0.851627,3.367627
1776193336.955446,222.192795,544.521484,765.467651,766.714294,78.383453,28.979868,2,3.533131,1.708263,1.514166,2.704498,0.379564,2.759935,107.032082,1.634065,1.896814,0.851627,3.367627
1776193337.714717,224.320801,537.406738,759.234192,761.727539,79.027,29.448956,2,3.544436,1.681748,1.525658,2.691057,0.377251,2.716707,112.296082,1.634065,1.896814,0.851627,3.367627
1776193338.474,227.512787,535.461426,759.234192,762.974243,79.027,29.819197,2,3.592453,1.661409,2.471936,2.727513,0.377992,2.683954,105.554825,1.634065,1.896814,0.851627,3.367627
1776193339.235765,228.576797,534.397461,761.727539,762.974243,78.768318,29.958651,2,3.491732,1.653878,1.911336,2.659748,0.378038,2.671916,91.024879,1.634065,1.896814,0.851627,3.367627
1776193340.003762,237.088791,540.845703,767.960999,777.934509,78.128967,30.476704,2,3.438365,1.626507,2.90296,2.64053,0.385627,2.628568,106.001991,1.634065,1.896814,0.851627,3.367627
1776193340.782979,233.896805,541.544312,779.181213,775.441101,77.003906,30.163065,2,3.278126,1.642966,2.195748,2.554255,0.384284,2.654558,84.303665,1.634065,1.896814,0.851627,3.367627
1776193341.557223,222.192795,538.288086,774.194458,760.480896,77.499908,29.217407,2,3.356571,1.69473,1.19087,2.598639,0.376557,2.737797,90.363548,1.634065,1.896814,0.851627,3.367627
1776193342.316493,225.384796,537.589478,759.234192,762.974243,79.027,29.540289,2,3.49911,1.676683,1.104768,2.656644,0.377899,2.708519,89.500938,1.634065,1.896814,0.851627,3.367627
1776193343.089478,216.872803,546.10144,772.947754,762.974243,77.624908,28.424656,2,3.424203,1.740777,0.534733,2.64673,0.377527,2.813758,87.566109,1.634065,1.896814,0.851627,3.367627
1776193343.849995,216.872803,543.608093,760.480896,760.480896,78.897446,28.517851,2,3.549098,1.735231,1.080535,2.699022,0.376324,2.804513,99.693428,1.634065,1.896814,0.851627,3.367627
1776193344.611758,226.448807,546.498962,761.727539,772.947754,78.768318,29.29678,2,3.520951,1.690256,1.315525,2.682005,0.382757,2.730514,97.414101,1.634065,1.896814,0.851627,3.367627
1776193345.389742,226.448807,551.485718,777.934509,777.934509,77.127312,29.10898,2,3.444176,1.70088,1.394651,2.679343,0.385162,2.747838,107.203865,1.634065,1.896814,0.851627,3.367627
1776193346.16522,228.576797,549.357727,775.441101,777.934509,77.375313,29.382524,2,3.543658,1.685451,1.531827,2.747898,0.385255,2.722709,96.655022,1.634065,1.896814,0.851627,3.367627
1776193346.930724,224.320801,536.160095,765.467651,760.480896,78.383453,29.497231,2,3.556947,1.679067,2.053983,2.722728,0.37665,2.71237,98.267578,1.634065,1.896814,0.851627,3.367627
1776193347.694981,224.320801,539.900146,764.220947,764.220947,78.51133,29.352873,2,3.222342,1.68711,2.377939,2.462581,0.378454,2.725401,64.743187,1.634065,1.896814,0.851627,3.367627
1776193348.465471,222.192795,545.768188,770.454346,767.960999,77.876129,28.932821,2,3.219693,1.71097,0.571009,2.480627,0.380165,2.764381,76.002617,1.634065,1.896814,0.851627,3.367627
1776193349.233481,222.192795,545.768188,767.960999,767.960999,78.128967,28.932821,2,3.414312,1.71097,1.578458,2.622059,0.380165,2.764381,118.813019,1.634065,1.896814,0.851627,3.367627
1776193349.991506,224.320801,536.160095,757.987488,760.480896,79.156982,29.497231,2,3.477931,1.679067,1.070107,2.636228,0.37665,2.71237,81.307777,1.634065,1.896814,0.851627,3.367627
1776193350.754516,226.448807,539.01886,762.974243,765.467651,78.63961,29.583067,2,3.51094,1.674322,1.393843,2.678756,0.379148,2.704708,91.584419,1.634065,1.896814,0.851627,3.367627
1776193351.5275,225.384796,546.316284,772.947754,771.70105,77.624908,29.206232,2,3.576478,1.695361,2.21128,2.764431,0.382109,2.738827,111.961662,1.634065,1.896814,0.851627,3.367627
1776193352.312951,222.192795,559.48175,785.414673,781.674561,76.392769,28.425232,2,3.558788,1.740743,1.745228,2.795124,0.386781,2.813701,130.226273,1.634065,1.896814,0.851627,3.367627
1776193353.084701,214.744797,548.229431,771.70105,762.974243,77.750313,28.145746,2,3.55908,1.757595,1.701791,2.746546,0.377434,2.84195,129.608154,1.634065,1.896814,0.851627,3.367627
1776193353.841479,223.256805,543.45752,756.740784,766.714294,79.287384,29.118645,2,3.48871,1.70033,1.712145,2.640049,0.37961,2.746939,78.135902,1.634065,1.896814,0.851627,3.367627
1776193354.600749,226.448807,536.525452,759.234192,762.974243,79.027,29.679745,2,3.525502,1.66901,2.347501,2.676682,0.377945,2.696154,101.605606,1.634065,1.896814,0.851627,3.367627
1776193355.381213,226.448807,553.979065,780.427856,780.427856,76.880905,29.015982,2,3.411288,1.706191,1.906086,2.662264,0.386365,2.756536,93.991096,1.634065,1.896814,0.851627,3.367627
1776193356.154197,227.512787,546.681641,772.947754,774.194458,77.624908,29.387033,2,3.474669,1.685199,3.670387,2.685738,0.383404,2.722301,128.277649,1.634065,1.896814,0.851627,3.367627
1776193356.924701,228.576797,543.124268,770.454346,771.70105,77.876129,29.619864,2,3.408699,1.672296,2.389285,2.626247,0.382248,2.701443,85.182869,1.634065,1.896814,0.851627,3.367627
1776193357.696438,228.576797,543.124268,771.70105,771.70105,77.750313,29.619864,2,3.471269,1.672296,2.630444,2.678782,0.382248,2.701443,128.928574,1.634065,1.896814,0.851627,3.367627
1776193358.466929,227.512787,541.694946,770.454346,769.207703,77.876129,29.577551,2,3.509481,1.674626,2.6495,2.703895,0.380999,2.705199,107.743759,1.634065,1.896814,0.851627,3.367627
1776193359.233679,226.448807,539.01886,766.714294,765.467651,78.256004,29.583067,2,3.461405,1.674322,2.354551,2.653909,0.379148,2.704708,100.301994,1.634065,1.896814,0.851627,3.367627
1776193359.997949,228.576797,538.137512,764.220947,766.714294,78.51133,29.812511,2,3.528058,1.661772,2.735529,2.696216,0.379842,2.684535,101.471062,1.634065,1.896814,0.851627,3.367627
1776193360.777167,231.768814,551.152527,779.181213,782.921326,77.003906,29.603079,2,3.436074,1.673219,2.675313,2.677324,0.3878,2.70293,104.363045,1.634065,1.896814,0.851627,3.367627
1776193361.550152,225.384796,540.082886,772.947754,765.467651,77.624908,29.444065,2,3.493287,1.68202,2.581206,2.700129,0.379102,2.717148,114.22123,1.634065,1.896814,0.851627,3.367627
1776193362.310669,222.192795,534.547974,760.480896,756.740784,78.897446,29.361811,2,3.503522,1.686609,2.063089,2.664361,0.374752,2.724589,82.532074,1.634065,1.896814,0.851627,3.367627
1776193363.087392,216.872803,553.581543,776.687805,770.454346,77.251114,28.148689,2,3.537354,1.757416,1.336344,2.747419,0.381136,2.841648,102.163414,1.634065,1.896814,0.851627,3.367627
1776193363.841689,219.000793,537.73999,754.247437,756.740784,79.549492,28.940001,2,3.619066,1.710556,1.852589,2.729671,0.374613,2.763701,117.863678,1.634065,1.896814,0.851627,3.367627
1776193364.602206,220.064789,541.66272,760.480896,761.727539,78.897446,28.890223,2,3.601288,1.713428,1.794686,2.738711,0.377065,2.768425,112.607338,1.634065,1.896814,0.851627,3.367627
1776193365.368957,217.936798,546.28418,766.714294,764.220947,78.256004,28.517511,2,3.563277,1.735251,1.681523,2.732015,0.378175,2.804547,123.656822,1.634065,1.896814,0.851627,3.367627
1776193366.129475,226.448807,544.005554,760.480896,770.454346,78.897446,29.391592,2,3.672917,1.684945,2.498996,2.793184,0.381554,2.721888,134.426559,1.634065,1.896814,0.851627,3.367627
1776193366.904951,225.384796,548.809692,775.441101,774.194458,77.375313,29.112169,2,3.56821,1.700698,1.875317,2.766937,0.383311,2.747541,133.492233,1.634065,1.896814,0.851627,3.367627
1776193367.662988,225.384796,532.602661,757.987488,757.987488,79.156982,29.734632,2,3.458924,1.66601,1.57978,2.621821,0.375493,2.691332,100.199287,1.634065,1.896814,0.851627,3.367627
1776193368.437219,222.192795,548.261536,774.194458,770.454346,77.499908,28.83919,2,3.437136,1.716383,1.035703,2.661012,0.381368,2.773293,91.43644,1.634065,1.896814,0.851627,3.367627
1776193369.195243,220.064789,535.429321,757.987488,755.494141,79.156982,29.12859,2,3.55778,1.699764,2.269807,2.696753,0.374058,2.746014,110.024086,1.634065,1.896814,0.851627,3.367627
1776193369.961993,228.576797,548.111023,766.714294,776.687805,78.256004,29.429689,2,3.612923,1.68282,2.178785,2.77008,0.384654,2.718444,113.054871,1.634065,1.896814,0.851627,3.367627
1776193370.726251,229.640793,535.826843,764.220947,765.467651,78.51133,30.000063,2,3.501348,1.651656,1.954626,2.675803,0.379288,2.668372,112.535027,1.634065,1.896814,0.851627,3.367627
1776193371.486781,233.896805,531.570862,760.480896,765.467651,78.897446,30.556068,2,3.500969,1.622396,2.623321,2.66242,0.379473,2.622112,108.135201,1.634065,1.896814,0.851627,3.367627
1776193372.259765,230.704803,538.50293,772.947754,769.207703,77.624908,29.992523,2,3.409933,1.65206,2.236578,2.6357,0.381138,2.669016,129.350693,1.634065,1.896814,0.851627,3.367627
1776193373.019036,233.896805,529.077454,759.234192,762.974243,79.027,30.655924,2,3.489854,1.617254,2.109353,2.649616,0.37827,2.614057,93.341736,1.634065,1.896814,0.851627,3.367627
1776193373.792019,230.704803,538.50293,772.947754,769.207703,77.624908,29.992523,2,3.514715,1.65206,3.066865,2.716691,0.381138,2.669016,122.139214,1.634065,1.896814,0.851627,3.367627
1776193374.54755,237.088791,525.885437,755.494141,762.974243,79.418221,31.074286,2,3.52016,1.596068,3.392217,2.659461,0.37841,2.581108,120.754814,1.634065,1.896814,0.851627,3.367627
1776193375.314313,223.256805,527.25061,766.714294,750.507385,78.256004,29.74745,2,3.605854,1.665311,4.202641,2.76466,0.371792,2.69021,133.805206,1.634065,1.896814,0.851627,3.367627
1776193376.069844,223.256805,532.237305,755.494141,755.494141,79.418221,29.551098,2,3.724678,1.676086,2.327049,2.813972,0.374198,2.707554,138.523483,1.634065,1.896814,0.851627,3.367627
1776193376.841582,221.128799,548.078918,771.70105,769.207703,77.750313,28.747606,2,3.718617,1.721712,2.11688,2.869661,0.38072,2.782089,115.250465,1.634065,1.896814,0.851627,3.367627
1776193377.613318,225.384796,551.302979,771.70105,776.687805,77.750313,29.018711,2,3.658167,1.706035,1.757968,2.823011,0.384514,2.756279,118.890366,1.634065,1.896814,0.851627,3.367627
1776193378.371342,219.000793,531.506592,757.987488,750.507385,79.156982,29.180367,2,3.747986,1.696825,3.645383,2.840926,0.371606,2.741215,147.088638,1.634065,1.896814,0.851627,3.367627
1776193379.129366,222.192795,539.534729,757.987488,761.727539,79.156982,29.16959,2,3.733688,1.697436,4.489733,2.830089,0.377158,2.742212,173.27916,1.634065,1.896814,0.851627,3.367627
1776193379.883663,221.128799,531.871948,754.247437,753.000732,79.549492,29.366346,2,3.8175,1.686356,2.289267,2.87934,0.372902,2.724177,141.332901,1.634065,1.896814,0.851627,3.367627
1776193380.63296,226.448807,529.045349,749.26062,755.494141,80.078941,29.973602,2,3.754951,1.653075,3.145367,2.813437,0.374337,2.670635,154.417496,1.634065,1.896814,0.851627,3.367627
1776193381.402204,223.256805,542.210815,769.207703,765.467651,78.002342,29.166067,2,3.628336,1.697636,1.515524,2.790944,0.379009,2.742538,110.448586,1.634065,1.896814,0.851627,3.367627
1776193382.155241,233.896805,531.570862,753.000732,765.467651,79.681198,30.556068,2,3.699754,1.622396,4.809761,2.785918,0.379473,2.622112,131.69429,1.634065,1.896814,0.851627,3.367627
1776193382.928225,219.000793,536.493347,772.947754,755.494141,77.624908,28.987757,2,3.622538,1.70781,1.342733,2.800033,0.374012,2.759192,148.166458,1.634065,1.896814,0.851627,3.367627
1776193383.693742,227.512787,547.928345,765.467651,775.441101,78.383453,29.33979,2,3.59101,1.687843,1.291843,2.748802,0.384006,2.726591,111.027626,1.634065,1.896814,0.851627,3.367627
1776193384.466726,217.936798,543.790771,772.947754,761.727539,77.624908,28.610859,2,3.423323,1.729732,0.506754,2.64605,0.376972,2.795374,110.654808,1.634065,1.896814,0.851627,3.367627
1776193385.227243,220.064789,542.909424,760.480896,762.974243,78.897446,28.843016,2,3.585155,1.716161,2.472156,2.726442,0.377667,2.772927,142.484482,1.634065,1.896814,0.851627,3.367627
1776193385.982773,216.872803,534.881287,755.494141,751.754089,79.418221,28.848902,2,3.688389,1.71582,1.974821,2.786556,0.372115,2.772364,128.309982,1.634065,1.896814,0.851627,3.367627
1776193386.743291,222.192795,544.521484,760.480896,766.714294,78.897446,28.979868,2,3.707264,1.708263,2.492204,2.819304,0.379564,2.759935,116.798698,1.634065,1.896814,0.851627,3.367627
1776193387.501315,217.936798,535.063965,757.987488,753.000732,79.156982,28.942442,2,3.593406,1.710415,2.1511,2.723757,0.372762,2.76347,89.032837,1.634065,1.896814,0.851627,3.367627
1776193388.268077,219.000793,548.960205,766.714294,767.960999,78.256004,28.517178,2,3.634533,1.735271,2.046016,2.786649,0.380026,2.80458,101.692162,1.634065,1.896814,0.851627,3.367627
1776193389.033582,219.000793,546.466858,765.467651,765.467651,78.383453,28.610065,2,3.60843,1.729779,1.278918,2.762136,0.378823,2.795451,132.507065,1.634065,1.896814,0.851627,3.367627
1776193389.780386,223.256805,528.497314,746.767273,751.754089,80.346313,29.698116,2,3.530197,1.668005,1.997402,2.636235,0.372393,2.694537,98.387764,1.634065,1.896814,0.851627,3.367627
1776193390.514723,230.704803,512.322388,734.300354,743.027161,81.710434,31.049309,2,3.588508,1.597317,1.865256,2.635043,0.368509,2.58304,119.653938,1.634065,1.896814,0.851627,3.367627
1776193391.266513,217.936798,518.856934,751.754089,736.793762,79.813332,29.579077,2,3.473393,1.674541,1.344238,2.611137,0.364944,2.705063,81.218193,1.634065,1.896814,0.851627,3.367627
1776193392.005837,219.000793,521.53302,739.287109,740.533813,81.159264,29.573368,2,3.487936,1.674856,1.26291,2.578586,0.366795,2.70557,112.866867,1.634065,1.896814,0.851627,3.367627
1776193392.762614,219.000793,537.73999,756.740784,756.740784,79.287384,28.940001,2,3.479206,1.710556,2.105718,2.632857,0.374613,2.763701,137.598282,1.634065,1.896814,0.851627,3.367627
1776193393.511923,225.384796,531.355957,749.26062,756.740784,80.078941,29.783619,2,3.649008,1.663341,4.819417,2.734058,0.374892,2.687051,167.707291,1.634065,1.896814,0.851627,3.367627
1776193394.267454,213.680801,528.099731,755.494141,741.780518,79.418221,28.806473,2,3.631036,1.718283,3.61645,2.743226,0.367164,2.776425,124.787529,1.634065,1.896814,0.851627,3.367627
1776193395.022984,221.128799,543.092163,755.494141,764.220947,79.418221,28.93519,2,3.717765,1.710833,3.509125,2.80875,0.378314,2.764157,171.879013,1.634065,1.896814,0.851627,3.367627
1776193395.776022,230.704803,533.516113,753.000732,764.220947,79.681198,30.188232,2,3.600906,1.641633,4.437007,2.711485,0.378733,2.652444,150.011658,1.634065,1.896814,0.851627,3.367627
1776193396.551499,228.576797,544.370972,775.441101,772.947754,77.375313,29.572088,2,3.387016,1.674927,2.757596,2.626432,0.382849,2.705684,135.303558,1.634065,1.896814,0.851627,3.367627
1776193397.31451,232.832794,535.128174,762.974243,767.960999,78.63961,30.318312,2,3.539289,1.634777,3.288968,2.700387,0.38063,2.641597,132.334305,1.634065,1.896814,0.851627,3.367627
1776193398.083766,230.704803,536.009521,769.207703,766.714294,78.002342,30.090061,2,3.483484,1.646846,3.653203,2.679523,0.379935,2.660718,120.554039,1.634065,1.896814,0.851627,3.367627
1776193398.85675,230.704803,542.24292,772.947754,772.947754,77.624908,29.847399,2,3.551587,1.65988,3.674536,2.745191,0.382942,2.681507,124.294502,1.634065,1.896814,0.851627,3.367627
1776193399.630982,226.448807,542.758911,774.194458,769.207703,77.499908,29.439228,2,3.457339,1.682289,2.057728,2.676653,0.380952,2.717584,107.535591,1.634065,1.896814,0.851627,3.367627
1776193400.390252,226.448807,532.7854,759.234192,759.234192,79.027,29.825951,2,3.538511,1.661043,3.803377,2.686558,0.376141,2.683367,125.275345,1.634065,1.896814,0.851627,3.367627
1776193401.169482,226.448807,552.732422,779.181213,779.181213,77.003906,29.062405,2,3.567183,1.703535,1.961896,2.779482,0.385764,2.752184,108.642044,1.634065,1.896814,0.851627,3.367627
1776193401.944959,222.192795,548.261536,775.441101,770.454346,77.375313,28.83919,2,3.572143,1.716383,2.643516,2.769987,0.381368,2.773293,113.021019,1.634065,1.896814,0.851627,3.367627
1776193402.70797,220.064789,540.416138,762.974243,760.480896,78.63961,28.937584,2,3.58994,1.710695,1.819139,2.739032,0.376464,2.76393,119.77668,1.634065,1.896814,0.851627,3.367627
1776193403.468488,222.192795,540.781433,760.480896,762.974243,78.897446,29.121927,2,3.571438,1.700143,3.2517,2.71601,0.377759,2.746633,134.688751,1.634065,1.896814,0.851627,3.367627
1776193404.242719,221.128799,551.81897,774.194458,772.947754,77.499908,28.608503,2,3.578423,1.729871,1.503518,2.770395,0.382524,2.795604,106.706886,1.634065,1.896814,0.851627,3.367627
1776193405.014468,221.128799,550.572266,771.70105,771.70105,77.750313,28.654724,2,3.548932,1.727151,3.217259,2.738714,0.381923,2.791092,140.154053,1.634065,1.896814,0.851627,3.367627
1776193405.782466,231.768814,548.659058,767.960999,780.427856,78.128967,29.69766,2,3.547489,1.668029,2.4994,2.724334,0.386597,2.694577,120.742226,1.634065,1.896814,0.851627,3.367627
1776193406.556697,221.128799,540.598755,774.194458,761.727539,77.499908,29.029909,2,3.478227,1.705393,2.825706,2.692824,0.377112,2.755228,131.579361,1.634065,1.896814,0.851627,3.367627
1776193407.320954,228.576797,544.370972,764.220947,772.947754,78.51133,29.572088,2,3.623572,1.674927,3.401323,2.769209,0.382849,2.705684,123.521278,1.634065,1.896814,0.851627,3.367627
1776193408.085212,236.024811,536.922974,764.220947,772.947754,78.51133,30.535675,2,3.563077,1.623451,4.344553,2.722979,0.383175,2.623766,130.564621,1.634065,1.896814,0.851627,3.367627
1776193408.870674,230.704803,548.47644,785.414673,779.181213,76.392769,29.60862,2,3.421971,1.672914,3.484451,2.687666,0.385949,2.702439,134.711563,1.634065,1.896814,0.851627,3.367627
1776193409.642412,232.832794,541.361694,771.70105,774.194458,77.750313,30.0742,2,3.43613,1.647692,2.501934,2.651665,0.383637,2.662062,112.772484,1.634065,1.896814,0.851627,3.367627
1776193410.419137,221.128799,541.845459,776.687805,762.974243,77.251114,28.982471,2,3.412308,1.708113,1.673996,2.650298,0.377713,2.759689,101.370964,1.634065,1.896814,0.851627,3.367627
1776193411.185887,231.768814,547.412415,766.714294,779.181213,78.256004,29.745174,2,3.334725,1.665435,2.060482,2.556782,0.385996,2.690409,100.242348,1.634065,1.896814,0.851627,3.367627
1776193411.95639,228.576797,538.137512,770.454346,766.714294,77.876129,29.812511,2,3.456405,1.661772,2.351026,2.663002,0.379842,2.684535,109.61055,1.634065,1.896814,0.851627,3.367627
1776193412.728128,225.384796,542.576172,771.70105,767.960999,77.750313,29.348469,2,3.595699,1.687356,2.484934,2.774804,0.380304,2.725801,109.116859,1.634065,1.896814,0.851627,3.367627
1776193413.499865,223.256805,545.950928,771.70105,769.207703,77.750313,29.024256,2,3.57949,1.705717,1.637316,2.762297,0.380813,2.755759,105.171822,1.634065,1.896814,0.851627,3.367627
1776193414.265369,224.320801,542.393494,765.467651,766.714294,78.383453,29.257416,2,3.547133,1.692472,1.580551,2.715216,0.379657,2.734119,106.563713,1.634065,1.896814,0.851627,3.367627
1776193415.037107,227.512787,547.928345,771.70105,775.441101,77.750313,29.33979,2,3.543287,1.687843,3.529136,2.734358,0.384006,2.726591,111.632797,1.634065,1.896814,0.851627,3.367627
1776193415.810103,216.872803,543.608093,772.947754,760.480896,77.624908,28.517851,2,3.517146,1.735231,1.164985,2.71857,0.376324,2.804513,95.285393,1.634065,1.896814,0.851627,3.367627
1776193416.575607,217.936798,548.777466,765.467651,766.714294,78.383453,28.424772,2,3.568896,1.74077,1.636581,2.731874,0.379378,2.813746,130.320511,1.634065,1.896814,0.851627,3.367627
1776193417.339865,217.936798,546.28418,764.220947,764.220947,78.51133,28.517511,2,3.593331,1.735251,2.095841,2.746099,0.378175,2.804547,119.355125,1.634065,1.896814,0.851627,3.367627
1776193418.102876,222.192795,545.768188,762.974243,767.960999,78.63961,28.932821,2,3.653846,1.71097,2.658239,2.78779,0.380165,2.764381,121.083015,1.634065,1.896814,0.851627,3.367627
1776193418.877118,228.576797,553.097778,774.194458,781.674561,77.499908,29.24194,2,3.631964,1.693344,3.681916,2.811846,0.387059,2.73554,137.240662,1.634065,1.896814,0.851627,3.367627
1776193419.655089,232.832794,550.088501,777.934509,782.921326,77.127312,29.738977,2,3.49209,1.665773,2.318494,2.716617,0.387846,2.690952,116.280876,1.634065,1.896814,0.851627,3.367627
1776193420.4181,229.640793,529.593384,762.974243,759.234192,78.63961,30.24637,2,3.590675,1.638561,2.287321,2.739592,0.37628,2.647579,136.466019,1.634065,1.896814,0.851627,3.367627
1776193421.188591,228.576797,540.63092,770.454346,769.207703,77.876129,29.715876,2,3.549749,1.667034,2.481996,2.734919,0.381045,2.692977,114.308212,1.634065,1.896814,0.851627,3.367627
1776193421.974042,225.384796,556.289795,785.414673,781.674561,76.392769,28.833586,2,3.418542,1.716708,2.810102,2.684973,0.38692,2.773829,128.611023,1.634065,1.896814,0.851627,3.367627
1776193422.753272,223.256805,553.43103,779.181213,776.687805,77.003906,28.74473,2,3.603691,1.72188,2.626075,2.807928,0.384421,2.782366,128.970932,1.634065,1.896814,0.851627,3.367627
1776193423.527503,217.936798,550.02417,774.194458,767.960999,77.499908,28.37863,2,3.584769,1.74353,2.442709,2.775308,0.379979,2.818356,111.509872,1.634065,1.896814,0.851627,3.367627
1776193424.290514,221.128799,545.58551,762.974243,766.714294,78.63961,28.841097,2,3.672338,1.716272,2.324699,2.801899,0.379517,2.77311,134.815567,1.634065,1.896814,0.851627,3.367627
1776193425.061005,221.128799,549.325562,770.454346,770.454346,77.876129,28.701092,2,3.637328,1.724431,2.538064,2.802396,0.381321,2.786587,143.422104,1.634065,1.896814,0.851627,3.367627
1776193425.840234,222.192795,558.235046,779.181213,780.427856,77.003906,28.470638,2,3.571249,1.738036,2.039333,2.78265,0.386179,2.809186,113.511086,1.634065,1.896814,0.851627,3.367627
1776193426.620698,227.512787,559.14856,780.427856,786.661377,76.880905,28.921312,2,3.545805,1.711633,2.087359,2.767245,0.389418,2.765472,111.466217,1.634065,1.896814,0.851627,3.367627
1776193427.407396,220.064789,557.869751,786.661377,777.934509,76.271698,28.288343,2,3.54358,1.748955,1.883248,2.787598,0.384883,2.827437,123.232468,1.634065,1.896814,0.851627,3.367627
1776193428.174147,222.192795,547.014893,766.714294,769.207703,78.256004,28.885931,2,3.594053,1.713676,2.299291,2.755612,0.380767,2.768834,114.41288,1.634065,1.896814,0.851627,3.367627
1776193428.947143,224.320801,551.1203,772.947754,775.441101,77.624908,28.928154,2,3.480677,1.711239,1.8075,2.690381,0.383866,2.764823,97.510796,1.634065,1.896814,0.851627,3.367627
1776193429.715141,230.704803,544.736328,767.960999,775.441101,78.128967,29.751429,2,3.576039,1.665094,2.493636,2.746259,0.384145,2.689862,104.624275,1.634065,1.896814,0.851627,3.367627
1776193430.490619,215.808792,542.178711,775.441101,757.987488,77.375313,28.471289,2,3.588894,1.737998,1.709024,2.782976,0.375075,2.809121,137.696167,1.634065,1.896814,0.851627,3.367627
1776193431.267343,219.000793,561.427063,776.687805,780.427856,77.251114,28.061632,2,3.623177,1.762732,0.966711,2.814078,0.38604,2.85061,138.667511,1.634065,1.896814,0.851627,3.367627
1776193432.042833,215.808792,555.892273,775.441101,771.70105,77.375313,27.965338,2,3.552922,1.768651,1.199352,2.755081,0.381691,2.860615,100.550201,1.634065,1.896814,0.851627,3.367627
1776193432.81457,221.128799,556.805725,771.70105,777.934509,77.750313,28.425117,2,3.479042,1.74075,1.777355,2.684781,0.38493,2.813712,98.388115,1.634065,1.896814,0.851627,3.367627
1776193433.585061,221.128799,549.325562,770.454346,770.454346,77.876129,28.701092,2,3.549753,1.724431,0.94134,2.734923,0.381321,2.786587,91.977211,1.634065,1.896814,0.851627,3.367627
1776193434.351812,222.192795,545.768188,766.714294,767.960999,78.256004,28.932821,2,3.619865,1.71097,1.961529,2.775402,0.380165,2.764381,95.670403,1.634065,1.896814,0.851627,3.367627
1776193435.117316,220.064789,542.909424,765.467651,762.974243,78.383453,28.843016,2,3.540249,1.716161,2.396004,2.709946,0.377667,2.772927,103.185059,1.634065,1.896814,0.851627,3.367627
1776193435.879093,228.576797,543.124268,761.727539,771.70105,78.768318,29.619864,2,3.575859,1.672296,1.889343,2.72383,0.382248,2.701443,99.028267,1.634065,1.896814,0.851627,3.367627
1776193436.654569,221.128799,545.58551,775.441101,766.714294,77.375313,28.841097,2,3.46421,1.716272,1.58749,2.686291,0.379517,2.77311,108.554749,1.634065,1.896814,0.851627,3.367627
1776193437.42506,217.936798,548.777466,770.454346,766.714294,77.876129,28.424772,2,3.488865,1.74077,1.573024,2.688011,0.379378,2.813746,109.849144,1.634065,1.896814,0.851627,3.367627
1776193438.190565,213.680801,546.80011,765.467651,760.480896,78.383453,28.098116,2,3.523932,1.7605,2.289634,2.697456,0.376185,2.846844,108.65757,1.634065,1.896814,0.851627,3.367627
1776193438.949835,225.384796,547.562988,759.234192,772.947754,79.027,29.159126,2,3.569206,1.69803,2.505862,2.709863,0.38271,2.743181,98.799126,1.634065,1.896814,0.851627,3.367627
1776193439.730312,228.576797,555.591248,780.427856,784.16803,76.880905,29.148956,2,3.479604,1.698607,1.457144,2.71558,0.388262,2.744123,81.092781,1.634065,1.896814,0.851627,3.367627
1776193440.502049,224.320801,542.393494,771.70105,766.714294,77.750313,29.257416,2,3.512558,1.692472,2.241498,2.710644,0.379657,2.734119,107.924187,1.634065,1.896814,0.851627,3.367627
1776193441.27628,223.256805,549.690918,774.194458,772.947754,77.499908,28.883816,2,3.602027,1.713799,2.676524,2.788669,0.382617,2.769035,137.738907,1.634065,1.896814,0.851627,3.367627
1776193442.048018,226.448807,548.99231,771.70105,775.441101,77.750313,29.202579,2,3.613274,1.695568,2.396886,2.788368,0.383959,2.739164,120.267838,1.634065,1.896814,0.851627,3.367627
1776193442.828495,224.320801,553.613708,780.427856,777.934509,76.880905,28.835434,2,3.582549,1.716601,2.524001,2.795921,0.385069,2.773652,126.039154,1.634065,1.896814,0.851627,3.367627
1776193443.606465,224.320801,553.613708,777.934509,777.934509,77.127312,28.835434,2,3.553265,1.716601,2.803346,2.764208,0.385069,2.773652,122.367485,1.634065,1.896814,0.851627,3.367627
1776193444.378203,222.192795,547.014893,771.70105,769.207703,77.750313,28.885931,2,3.53026,1.713676,1.717102,2.724305,0.380767,2.768834,106.034584,1.634065,1.896814,0.851627,3.367627
1776193445.158667,222.192795,558.235046,780.427856,780.427856,76.880905,28.470638,2,3.442397,1.738036,1.755178,2.686543,0.386179,2.809186,106.213966,1.634065,1.896814,0.851627,3.367627
1776193445.934157,217.936798,552.517578,775.441101,770.454346,77.375313,28.286791,2,3.475923,1.749049,2.371587,2.695374,0.381182,2.827594,133.292297,1.634065,1.896814,0.851627,3.367627
1776193446.695921,224.320801,544.886902,761.727539,769.207703,78.768318,29.16258,2,3.619802,1.697834,2.742946,2.757303,0.380859,2.742861,121.127159,1.634065,1.896814,0.851627,3.367627
1776193447.466411,228.576797,546.864319,770.454346,775.441101,77.876129,29.477003,2,3.576542,1.680189,3.712943,2.755562,0.384052,2.714185,121.285881,1.634065,1.896814,0.851627,3.367627
1776193448.238149,229.640793,543.306946,771.70105,772.947754,77.750313,29.709743,2,3.539392,1.667369,3.264625,2.731352,0.382896,2.693516,109.849213,1.634065,1.896814,0.851627,3.367627
1776193449.018614,228.576797,550.604431,780.427856,779.181213,76.880905,29.33551,2,3.544213,1.688082,1.973352,2.766003,0.385856,2.726981,83.146217,1.634065,1.896814,0.851627,3.367627
1776193449.792857,227.512787,545.434937,774.194458,772.947754,77.499908,29.434433,2,3.502386,1.682556,2.52547,2.711528,0.382803,2.718016,98.51783,1.634065,1.896814,0.851627,3.367627
1776193450.564595,231.768814,544.919006,771.70105,776.687805,77.750313,29.840666,2,3.543025,1.660245,2.404817,2.734156,0.384793,2.68209,123.177742,1.634065,1.896814,0.851627,3.367627
1776193451.332591,223.256805,534.730713,767.960999,757.987488,78.128967,29.453892,2,3.511403,1.681473,1.985542,2.696621,0.3754,2.716263,106.081001,1.634065,1.896814,0.851627,3.367627
1776193452.106823,225.384796,551.302979,774.194458,776.687805,77.499908,29.018711,2,3.602026,1.706035,2.317576,2.788669,0.384514,2.756279,107.442604,1.634065,1.896814,0.851627,3.367627
1776193452.886053,227.512787,554.161743,779.181213,781.674561,77.003906,29.105818,2,3.541429,1.70106,1.362634,2.759415,0.387013,2.748132,133.983536,1.634065,1.896814,0.851627,3.367627
1776193453.655297,226.448807,541.512207,769.207703,767.960999,78.002342,29.48702,2,3.599319,1.679633,1.997181,2.768624,0.380351,2.713286,135.420013,1.634065,1.896814,0.851627,3.367627
1776193454.429528,225.384796,547.562988,774.194458,772.947754,77.499908,29.159126,2,3.433517,1.69803,1.623363,2.65821,0.38271,2.743181,109.145699,1.634065,1.896814,0.851627,3.367627
1776193455.200018,222.192795,544.521484,770.454346,766.714294,77.876129,28.979868,2,3.353986,1.708263,0.648887,2.584093,0.379564,2.759935,94.542824,1.634065,1.896814,0.851627,3.367627
1776193455.965522,225.384796,543.822876,765.467651,769.207703,78.383453,29.300901,2,3.4634,1.690025,1.679944,2.651121,0.380906,2.730137,125.341484,1.634065,1.896814,0.851627,3.367627
1776193456.742259,232.832794,552.581909,776.687805,785.414673,77.251114,29.644569,2,3.514981,1.670938,2.746911,2.730042,0.389049,2.699257,134.611679,1.634065,1.896814,0.851627,3.367627
1776193457.522724,233.896805,547.777771,780.427856,781.674561,76.880905,29.922529,2,3.545618,1.655822,2.671788,2.767099,0.387292,2.675019,123.09333,1.634065,1.896814,0.851627,3.367627
1776193458.293215,230.704803,536.009521,770.454346,766.714294,77.876129,30.090061,2,3.537893,1.646846,1.647339,2.725785,0.379935,2.660718,102.533607,1.634065,1.896814,0.851627,3.367627
1776193459.056225,230.704803,532.269409,762.974243,762.974243,78.63961,30.237562,2,3.558471,1.639026,2.834812,2.715021,0.378131,2.648315,94.471581,1.634065,1.896814,0.851627,3.367627
1776193459.824235,230.704803,537.256226,767.960999,767.960999,78.128967,30.041214,2,3.573294,1.649453,2.443663,2.744151,0.380537,2.664865,106.849884,1.634065,1.896814,0.851627,3.367627
1776193460.612179,226.448807,556.472534,787.908081,782.921326,76.151016,28.923571,2,3.543305,1.711503,1.82909,2.791799,0.387568,2.765258,127.133125,1.634065,1.896814,0.851627,3.367627
1776193461.380177,230.704803,542.24292,767.960999,772.947754,78.128967,29.847399,2,3.488323,1.65988,1.994795,2.678896,0.382942,2.681507,103.133362,1.634065,1.896814,0.851627,3.367627
1776193462.160641,232.832794,550.088501,780.427856,782.921326,76.880905,29.738977,2,3.435571,1.665773,1.745595,2.681216,0.387846,2.690952,92.252991,1.634065,1.896814,0.851627,3.367627
1776193462.928651,230.704803,534.762817,767.960999,765.467651,78.128967,30.139069,2,3.544249,1.644239,3.224162,2.721845,0.379334,2.656578,141.258743,1.634065,1.896814,0.851627,3.367627
1776193463.681688,227.512787,521.747803,753.000732,749.26062,79.681198,30.364973,2,3.533731,1.632331,2.214548,2.660902,0.371376,2.637739,80.052666,1.634065,1.896814,0.851627,3.367627
1776193464.457166,224.320801,547.380249,775.441101,771.70105,77.375313,29.068354,2,3.583871,1.703196,1.391714,2.779081,0.382062,2.751628,106.461617,1.634065,1.896814,0.851627,3.367627
1776193465.22641,226.448807,545.252258,769.207703,771.70105,78.002342,29.344112,2,3.559664,1.6876,2.482547,2.738121,0.382155,2.726198,125.890831,1.634065,1.896814,0.851627,3.367627
1776193465.99316,229.640793,540.813538,766.714294,770.454346,78.256004,29.805893,2,3.535893,1.662131,2.485852,2.71102,0.381693,2.685111,105.507698,1.634065,1.896814,0.851627,3.367627
1776193466.771144,226.448807,547.745667,777.934509,774.194458,77.127312,29.249603,2,3.464825,1.692912,1.73256,2.695407,0.383358,2.734836,101.044327,1.634065,1.896814,0.851627,3.367627
1776193467.540388,227.512787,542.941528,769.207703,770.454346,78.002342,29.52969,2,3.430863,1.677269,1.924445,2.639047,0.3816,2.709465,95.000778,1.634065,1.896814,0.851627,3.367627
1776193468.307139,233.896805,540.297668,766.714294,774.194458,78.256004,30.211636,2,3.390343,1.640395,2.653686,2.599424,0.383683,2.650482,96.655632,1.634065,1.896814,0.851627,3.367627
1776193469.083863,225.384796,541.329468,776.687805,766.714294,77.251114,29.396191,2,3.369993,1.684688,2.449832,2.617433,0.379703,2.721472,124.262108,1.634065,1.896814,0.851627,3.367627
1776193469.845626,230.704803,537.256226,761.727539,767.960999,78.768318,30.041214,2,3.443059,1.649453,2.989172,2.622673,0.380537,2.664865,106.648567,1.634065,1.896814,0.851627,3.367627
1776193470.617377,230.704803,540.996216,771.70105,771.70105,77.750313,29.895618,2,3.37345,1.657273,2.020607,2.603295,0.382341,2.677337,87.10453,1.634065,1.896814,0.851627,3.367627
1776193471.372907,231.768814,524.971985,755.494141,756.740784,79.418221,30.627239,2,3.441343,1.618728,1.360614,2.599915,0.375171,2.616364,107.867798,1.634065,1.896814,0.851627,3.367627
1776193472.138411,220.064789,531.689331,765.467651,751.754089,78.383453,29.273506,2,3.390064,1.691565,-5.633657,2.594985,0.372254,2.732644,137.355164,1.634065,1.896814,0.851627,3.367627
1776193472.890202,231.768814,533.698853,751.754089,765.467651,79.813332,30.278069,2,2.992122,1.636891,-2.243333,2.24934,0.37938,2.644939,90.136986,1.634065,1.896814,0.851627,3.367627
1776193473.651965,230.704803,529.776123,761.727539,760.480896,78.768318,30.336699,2,3.388137,1.633812,0.829168,2.580837,0.376928,2.640075,88.532028,1.634065,1.896814,0.851627,3.367627
1776193474.414989,225.384796,531.355957,762.974243,756.740784,78.63961,29.783619,2,3.612237,1.663341,1.520555,2.756044,0.374892,2.687051,106.220345,1.634065,1.896814,0.851627,3.367627
1776193475.186726,228.576797,546.864319,771.70105,775.441101,77.750313,29.477003,2,3.587112,1.680189,1.845466,2.768178,0.384052,2.714185,128.536331,1.634065,1.896814,0.851627,3.367627
1776193475.963451,224.320801,547.380249,776.687805,771.70105,77.251114,29.068354,2,3.610543,1.703196,0.964398,2.804265,0.382062,2.751628,135.863083,1.634065,1.896814,0.851627,3.367627
1776193476.730202,227.512787,542.941528,766.714294,770.454346,78.256004,29.52969,2,3.682805,1.677269,0.633502,2.823659,0.3816,2.709465,138.337296,1.634065,1.896814,0.851627,3.367627
1776193477.499445,229.640793,542.060242,769.207703,771.70105,78.002342,29.757742,2,3.694117,1.66475,1.463496,2.841543,0.382294,2.68931,125.402725,1.634065,1.896814,0.851627,3.367627
1776193478.263715,232.832794,535.128174,764.220947,767.960999,78.51133,30.318312,2,3.693699,1.634777,2.775734,2.822802,0.38063,2.641597,109.133781,1.634065,1.896814,0.851627,3.367627
1776193479.039193,234.960815,542.973694,775.441101,777.934509,77.375313,30.203161,2,3.687613,1.640843,2.900279,2.859527,0.385534,2.651192,114.848625,1.634065,1.896814,0.851627,3.367627
1776193479.809684,233.896805,535.310913,770.454346,769.207703,77.876129,30.407497,2,3.524327,1.63011,1.760392,2.715333,0.381277,2.634237,121.431221,1.634065,1.896814,0.851627,3.367627
1776193480.58516,231.768814,541.178955,775.441101,772.947754,77.375313,29.985056,2,3.472376,1.65246,1.380699,2.692623,0.382989,2.669655,125.873405,1.634065,1.896814,0.851627,3.367627
1776193481.358157,233.896805,541.544312,772.947754,775.441101,77.624908,30.163065,2,3.523931,1.642966,1.920883,2.723815,0.384284,2.654558,115.637451,1.634065,1.896814,0.851627,3.367627
1776193482.129895,232.832794,537.621582,771.70105,770.454346,77.750313,30.220192,2,3.489562,1.639943,1.711484,2.692899,0.381832,2.649766,131.730377,1.634065,1.896814,0.851627,3.367627
1776193482.894152,234.960815,531.753479,764.220947,766.714294,78.51133,30.645159,2,3.559516,1.617806,2.457836,2.720257,0.380121,2.614922,106.77729,1.634065,1.896814,0.851627,3.367627
1776193483.657163,237.088791,528.378845,762.974243,765.467651,78.63961,30.973064,2,3.532028,1.601141,1.993693,2.694847,0.379613,2.588964,99.680809,1.634065,1.896814,0.851627,3.367627
1776193484.433887,236.024811,539.41626,776.687805,775.441101,77.251114,30.43749,2,3.428237,1.628546,1.980585,2.66267,0.384377,2.631776,138.206467,1.634065,1.896814,0.851627,3.367627
1776193485.214364,231.768814,543.672302,780.427856,775.441101,76.880905,29.888641,2,3.249402,1.65765,1.547211,2.535923,0.384192,2.677939,110.299492,1.634065,1.896814,0.851627,3.367627
1776193485.981115,240.280807,536.406982,766.714294,776.687805,78.256004,30.936602,2,3.454158,1.602977,2.910927,2.648353,0.385165,2.591812,109.289024,1.634065,1.896814,0.851627,3.367627
1776193486.759086,232.832794,536.374878,777.934509,769.207703,77.127312,30.269169,2,3.378586,1.63736,1.184004,2.628319,0.381231,2.645679,87.08329,1.634065,1.896814,0.851627,3.367627
1776193487.514616,242.408798,524.305481,755.494141,766.714294,79.418221,31.616575,2,3.453968,1.569441,3.282286,2.609452,0.380446,2.540238,117.787376,1.634065,1.896814,0.851627,3.367627
1776193488.293833,234.960815,535.49353,779.181213,770.454346,77.003906,30.496397,2,3.499616,1.625485,1.939205,2.726835,0.381925,2.626962,125.619339,1.634065,1.896814,0.851627,3.367627
1776193489.06309,236.024811,534.429565,769.207703,770.454346,78.002342,30.634495,2,3.408562,1.618355,2.79457,2.621892,0.381972,2.615779,110.21286,1.634065,1.896814,0.851627,3.367627
1776193489.844801,234.960815,545.467041,781.674561,780.427856,76.758286,30.106667,2,3.361073,1.645962,0.715382,2.627265,0.386737,2.659313,93.851929,1.634065,1.896814,0.851627,3.367627
1776193490.595345,228.576797,514.450378,750.507385,743.027161,79.945915,30.762915,2,3.293197,1.611781,0.473231,2.471569,0.368416,2.605509,84.058006,1.634065,1.896814,0.851627,3.367627
1776193491.347136,240.280807,525.186829,751.754089,765.467651,79.813332,31.390068,2,3.216222,1.580451,1.279028,2.417808,0.379752,2.557064,77.61541,1.634065,1.896814,0.851627,3.367627
1776193492.116379,233.896805,527.83075,769.207703,761.727539,78.002342,30.706099,2,3.327568,1.614682,1.260156,2.559591,0.377669,2.610038,89.896172,1.634065,1.896814,0.851627,3.367627
1776193492.874416,236.024811,524.456055,757.987488,760.480896,79.156982,31.036259,2,3.303113,1.59797,1.510898,2.503719,0.377161,2.584051,82.693024,1.634065,1.896814,0.851627,3.367627
1776193493.61748,237.088791,507.185059,743.027161,744.273865,80.750748,31.855047,2,3.446499,1.558019,2.033605,2.560842,0.369389,2.52289,84.940666,1.634065,1.896814,0.851627,3.367627
1776193494.38423,242.408798,530.53894,766.714294,772.947754,78.256004,31.361601,2,3.353572,1.581846,1.248076,2.571231,0.383453,2.559203,118.602531,1.634065,1.896814,0.851627,3.367627
1776193495.157215,239.216797,529.990906,772.947754,769.207703,77.624908,31.099117,2,3.289991,1.594828,1.880053,2.542991,0.38151,2.579192,115.715126,1.634065,1.896814,0.851627,3.367627
1776193495.907758,243.472794,512.021362,750.507385,755.494141,79.945915,32.226959,2,3.389215,1.540542,2.948563,2.543631,0.37508,2.496562,112.607933,1.634065,1.896814,0.851627,3.367627
1776193496.662042,237.088791,509.678467,754.247437,746.767273,79.549492,31.748686,2,3.427072,1.563092,1.92617,2.58486,0.370592,2.530581,132.79805,1.634065,1.896814,0.851627,3.367627
1776193497.427559,239.216797,528.744202,765.467651,767.960999,78.383453,31.149601,2,3.40953,1.592314,1.861107,2.609885,0.380908,2.57531,121.933113,1.634065,1.896814,0.851627,3.367627
1776193498.191816,237.088791,524.638733,764.220947,761.727539,78.51133,31.125143,2,3.367106,1.593531,2.341112,2.573213,0.377808,2.577189,115.732048,1.634065,1.896814,0.851627,3.367627
1776193498.956073,246.664825,528.776245,764.220947,775.441101,78.51133,31.809612,2,3.376729,1.560182,2.376985,2.580567,0.384842,2.526167,106.523308,1.634065,1.896814,0.851627,3.367627
1776193499.73155,221.128799,524.391785,775.441101,745.520569,77.375313,29.660994,2,3.479732,1.670038,1.349856,2.698327,0.369293,2.697806,127.628853,1.634065,1.896814,0.851627,3.367627
1776193500.475861,234.960815,525.520081,744.273865,760.480896,80.615486,30.896347,2,3.593076,1.605009,3.142466,2.674232,0.377114,2.594967,137.097351,1.634065,1.896814,0.851627,3.367627
1776193501.240131,232.832794,528.894775,764.220947,761.727539,78.51133,30.566416,2,3.445805,1.621862,1.497423,2.633356,0.377623,2.621274,134.399704,1.634065,1.896814,0.851627,3.367627
1776193502.016855,227.512787,542.941528,776.687805,770.454346,77.251114,29.52969,2,3.421396,1.677269,-0.084063,2.657357,0.3816,2.709465,94.836227,1.634065,1.896814,0.851627,3.367627
1776193502.777372,230.704803,533.516113,760.480896,764.220947,78.897446,30.188232,2,3.472574,1.641633,1.396487,2.640826,0.378733,2.652444,119.316223,1.634065,1.896814,0.851627,3.367627
1776193503.547863,237.088791,540.845703,770.454346,777.934509,77.876129,30.476704,2,3.403883,1.626507,1.055384,2.622536,0.385627,2.628568,96.036415,1.634065,1.896814,0.851627,3.367627
1776193504.314614,240.280807,530.173523,766.714294,770.454346,78.256004,31.186897,2,3.340609,1.590462,1.98635,2.561293,0.382158,2.572454,98.823936,1.634065,1.896814,0.851627,3.367627
1776193505.085117,232.832794,528.894775,770.454346,761.727539,77.876129,30.566416,2,3.477386,1.621862,1.063094,2.679167,0.377623,2.621274,153.549896,1.634065,1.896814,0.851627,3.367627
1776193505.836908,242.408798,520.56543,751.754089,762.974243,79.813332,31.771559,2,3.608739,1.561998,2.783261,2.712884,0.378642,2.528921,129.483566,1.634065,1.896814,0.851627,3.367627
1776193506.603658,254.112808,526.315063,766.714294,780.427856,78.256004,32.560703,2,3.424162,1.5252,3.301599,2.625354,0.387573,2.473663,116.155281,1.634065,1.896814,0.851627,3.367627
1776193507.379135,246.664825,520.049438,775.441101,766.714294,77.375313,32.171677,2,3.11669,1.543115,1.66702,2.41681,0.380632,2.500421,104.639946,1.634065,1.896814,0.851627,3.367627
1776193508.163353,225.384796,533.849365,784.16803,759.234192,76.514214,29.685806,2,3.283923,1.668678,1.482993,2.575147,0.376095,2.69562,96.165817,1.634065,1.896814,0.851627,3.367627
1776193508.92013,230.704803,532.269409,756.740784,762.974243,79.287384,30.237562,2,3.401671,1.639026,1.538583,2.574184,0.378131,2.648315,95.672867,1.634065,1.896814,0.851627,3.367627
1776193509.65696,230.704803,506.088959,736.793762,736.793762,81.433914,31.311993,2,3.477926,1.584283,2.545517,2.562514,0.365502,2.562945,98.054054,1.634065,1.896814,0.851627,3.367627
1776193510.398776,241.344788,512.902649,741.780518,754.247437,80.886459,31.998093,2,3.569575,1.551249,3.478686,2.647841,0.374386,2.512661,132.720078,1.634065,1.896814,0.851627,3.367627
1776193511.105686,248.792801,466.80719,706.873169,715.599976,84.880859,34.767021,2,3.595994,1.431181,4.458487,2.541912,0.356067,2.337704,123.753525,1.634065,1.896814,0.851627,3.367627
1776193511.943498,217.936798,583.684814,837.775635,801.621643,71.618217,27.186989,2,3.668347,1.818037,-1.982016,3.073252,0.396217,2.945255,110.609207,1.634065,1.896814,0.851627,3.367627
1776193512.690302,228.576797,530.65741,746.767273,759.234192,80.346313,30.106232,2,3.704688,1.645985,2.610727,2.76654,0.376234,2.65935,139.007095,1.634065,1.896814,0.851627,3.367627
1776193513.457066,219.000793,536.493347,766.714294,755.494141,78.256004,28.987757,2,3.514399,1.70781,1.077855,2.69454,0.374012,2.759192,107.36541,1.634065,1.896814,0.851627,3.367627
1776193514.217582,227.512787,542.941528,760.480896,770.454346,78.897446,29.52969,2,3.433929,1.677269,1.167702,2.611438,0.3816,2.709465,91.813057,1.634065,1.896814,0.851627,3.367627
1776193514.98932,222.192795,543.274841,771.70105,765.467651,77.750313,29.027065,2,3.739198,1.705556,2.429491,2.885543,0.378962,2.755495,116.328438,1.634065,1.896814,0.851627,3.367627
1776193515.744851,225.384796,533.849365,755.494141,759.234192,79.418221,29.685806,2,3.569031,1.668678,1.401407,2.696382,0.376095,2.69562,97.490685,1.634065,1.896814,0.851627,3.367627
1776193516.525315,217.936798,553.764282,780.427856,771.70105,76.880905,28.241093,2,3.588337,1.751808,4.134677,2.800438,0.381783,2.832222,139.795837,1.634065,1.896814,0.851627,3.367627
1776193517.297064,215.808792,553.398926,771.70105,769.207703,77.750313,28.055984,2,3.757845,1.763078,2.266429,2.899933,0.380488,2.851194,155.534485,1.634065,1.896814,0.851627,3.367627
1776193518.040128,226.448807,529.045349,743.027161,755.494141,80.750748,29.973602,2,3.761974,1.653075,3.816045,2.795249,0.374337,2.670635,129.901337,1.634065,1.896814,0.851627,3.367627
1776193518.791919,229.640793,525.853333,751.754089,755.494141,79.813332,30.396103,2,3.69523,1.630705,3.75972,2.777904,0.374476,2.635174,132.713699,1.634065,1.896814,0.851627,3.367627
1776193519.56989,223.256805,547.19751,777.934509,770.454346,77.127312,28.977293,2,3.560602,1.708411,2.146731,2.769916,0.381414,2.760178,118.418358,1.634065,1.896814,0.851627,3.367627
1776193520.350354,221.128799,556.805725,780.427856,777.934509,76.880905,28.425117,2,3.662678,1.74075,3.251811,2.858456,0.38493,2.813712,145.888031,1.634065,1.896814,0.851627,3.367627
1776193521.129584,216.872803,557.321655,779.181213,774.194458,77.003906,28.012705,2,3.676073,1.765735,1.84609,2.864327,0.38294,2.855681,152.775131,1.634065,1.896814,0.851627,3.367627
1776193521.902568,222.192795,556.988403,772.947754,779.181213,77.624908,28.516191,2,3.638375,1.73533,3.136151,2.812274,0.385578,2.804677,143.917892,1.634065,1.896814,0.851627,3.367627
1776193522.693006,216.872803,567.295227,790.401428,784.16803,75.910797,27.656422,2,3.663344,1.78792,2.266062,2.895512,0.387751,2.893391,140.757767,1.634065,1.896814,0.851627,3.367627
1776193523.464744,228.576797,556.837891,771.70105,785.414673,77.750313,29.10269,2,3.812972,1.701238,3.871267,2.942475,0.388864,2.748424,117.139328,1.634065,1.896814,0.851627,3.367627
1776193524.252701,226.448807,558.965881,787.908081,785.414673,76.151016,28.831751,2,3.714954,1.716814,3.414505,2.927042,0.388771,2.774004,158.56073,1.634065,1.896814,0.851627,3.367627
1776193525.029424,225.384796,550.056274,776.687805,775.441101,77.251114,29.065367,2,3.678731,1.703366,5.094062,2.857225,0.383913,2.751907,128.052979,1.634065,1.896814,0.851627,3.367627
1776193525.811135,225.384796,556.289795,781.674561,781.674561,76.758286,28.833586,2,3.728774,1.716708,6.838647,2.914688,0.38692,2.773829,187.96579,1.634065,1.896814,0.851627,3.367627
1776193526.582873,224.320801,546.133545,771.70105,770.454346,77.750313,29.115391,2,3.726748,1.700515,5.119985,2.875935,0.381461,2.747241,148.742065,1.634065,1.896814,0.851627,3.367627
1776193527.37831,226.448807,571.4328,795.388184,797.881592,75.434868,28.381256,2,3.511653,1.743372,2.942908,2.793127,0.394785,2.818093,160.325562,1.634065,1.896814,0.851627,3.367627
1776193528.160022,223.256805,554.677734,781.674561,777.934509,76.758286,28.698662,2,3.57952,1.724574,4.125571,2.79802,0.385023,2.786823,151.219315,1.634065,1.896814,0.851627,3.367627
1776193528.934252,220.064789,550.389526,774.194458,770.454346,77.499908,28.56299,2,3.669568,1.732558,3.933687,2.840959,0.381275,2.800067,168.977921,1.634065,1.896814,0.851627,3.367627
1776193529.703496,224.320801,549.873657,769.207703,774.194458,78.002342,28.974735,2,3.669208,1.708558,3.450267,2.822383,0.383265,2.760419,128.813629,1.634065,1.896814,0.851627,3.367627
1776193530.472753,222.192795,544.521484,769.207703,766.714294,78.002342,28.979868,2,3.68512,1.708263,3.763906,2.834622,0.379564,2.759935,132.818375,1.634065,1.896814,0.851627,3.367627
1776193531.263191,219.000793,567.660583,790.401428,786.661377,75.910797,27.83927,2,3.654645,1.776463,2.370926,2.888637,0.389047,2.873865,119.946793,1.634065,1.896814,0.851627,3.367627
1776193532.044902,222.192795,563.221863,781.674561,785.414673,76.758286,28.289869,2,3.721436,1.748863,3.813401,2.908952,0.388585,2.827283,166.610382,1.634065,1.896814,0.851627,3.367627
1776193532.829118,226.448807,562.705933,784.16803,789.154724,76.514214,28.69511,2,3.618432,1.724782,3.396991,2.837458,0.390575,2.787168,149.259766,1.634065,1.896814,0.851627,3.367627
1776193533.609583,217.936798,552.517578,780.427856,770.454346,76.880905,28.286791,2,3.496497,1.749049,2.513573,2.728764,0.381182,2.827594,118.759926,1.634065,1.896814,0.851627,3.367627
1776193534.386307,223.256805,559.664551,776.687805,782.921326,77.251114,28.515867,2,3.6213,1.735349,3.942756,2.812619,0.387428,2.804709,165.220474,1.634065,1.896814,0.851627,3.367627
1776193535.171758,223.256805,562.157837,785.414673,785.414673,76.392769,28.425343,2,3.713553,1.740736,4.673759,2.916679,0.388631,2.81369,142.480499,1.634065,1.896814,0.851627,3.367627
1776193535.949741,213.680801,553.033508,777.934509,766.714294,77.127312,27.869678,2,3.704064,1.774572,4.389164,2.881519,0.379192,2.870654,175.615158,1.634065,1.896814,0.851627,3.367627
1776193536.716492,219.000793,553.94696,766.714294,772.947754,78.256004,28.333197,2,3.76439,1.746255,6.288952,2.886212,0.382431,2.822915,165.285187,1.634065,1.896814,0.851627,3.367627
1776193537.493216,223.256805,558.417725,776.687805,781.674561,77.251114,28.56135,2,3.748255,1.732655,5.574618,2.911224,0.386827,2.800228,189.435471,1.634065,1.896814,0.851627,3.367627
1776193538.268694,214.744797,550.722839,775.441101,765.467651,77.375313,28.054064,2,3.700547,1.763196,3.123447,2.869556,0.378637,2.851393,144.024414,1.634065,1.896814,0.851627,3.367627
1776193539.037938,213.680801,554.280212,769.207703,767.960999,78.002342,27.824434,2,3.759871,1.777387,2.935418,2.892121,0.379793,2.875436,149.441559,1.634065,1.896814,0.851627,3.367627
1776193539.820908,222.192795,570.702026,782.921326,792.894836,76.636055,28.022984,2,3.700094,1.765103,2.771328,2.896882,0.392193,2.854614,158.450134,1.634065,1.896814,0.851627,3.367627
1776193540.595139,228.576797,553.097778,774.194458,781.674561,77.499908,29.24194,2,3.663423,1.693344,4.491422,2.836201,0.387059,2.73554,169.625214,1.634065,1.896814,0.851627,3.367627
1776193541.386823,223.256805,562.157837,791.648132,785.414673,75.791245,28.425343,2,3.621223,1.740736,4.553584,2.866734,0.388631,2.81369,132.331543,1.634065,1.896814,0.851627,3.367627
1776193542.144847,228.576797,535.644165,757.987488,764.220947,79.156982,29.909781,2,3.689979,1.656509,5.36522,2.796957,0.37864,2.676116,119.877876,1.634065,1.896814,0.851627,3.367627
1776193542.925323,222.192795,550.754944,780.427856,772.947754,76.880905,28.746161,2,3.617805,1.721796,3.369673,2.823436,0.382571,2.782228,158.606277,1.634065,1.896814,0.851627,3.367627
1776193543.689581,222.192795,542.028137,764.220947,764.220947,78.51133,29.074419,2,3.605312,1.70285,3.786671,2.755255,0.378361,2.751061,126.829597,1.634065,1.896814,0.851627,3.367627
1776193544.460072,222.192795,548.261536,770.454346,770.454346,77.876129,28.83919,2,3.640931,1.716383,3.069583,2.805171,0.381368,2.773293,165.300644,1.634065,1.896814,0.851627,3.367627
1776193545.233056,215.808792,549.658875,772.947754,765.467651,77.624908,28.193066,2,3.654263,1.754718,3.305491,2.824554,0.378684,2.83711,154.341934,1.634065,1.896814,0.851627,3.367627
1776193546.004806,222.192795,556.988403,771.70105,779.181213,77.750313,28.516191,2,3.69608,1.73533,7.318799,2.852269,0.385578,2.804677,218.739288,1.634065,1.896814,0.851627,3.367627
1776193546.776543,221.128799,549.325562,771.70105,770.454346,77.750313,28.701092,2,3.727242,1.724431,5.195696,2.876317,0.381321,2.786587,129.695465,1.634065,1.896814,0.851627,3.367627
1776193547.538307,226.448807,541.512207,761.727539,767.960999,78.768318,29.48702,2,3.718025,1.679633,5.05841,2.832122,0.380351,2.713286,169.368164,1.634065,1.896814,0.851627,3.367627
1776193548.310045,222.192795,544.521484,771.70105,766.714294,77.750313,28.979868,2,3.727176,1.708263,4.081988,2.876265,0.379564,2.759935,155.856003,1.634065,1.896814,0.851627,3.367627
1776193549.079289,223.256805,547.19751,769.207703,770.454346,78.002342,28.977293,2,3.685904,1.708411,2.834666,2.835226,0.381414,2.760178,138.845139,1.634065,1.896814,0.851627,3.367627
1776193549.844805,216.872803,541.114685,765.467651,757.987488,78.383453,28.61166,2,3.688178,1.729685,2.028024,2.823181,0.375122,2.795295,161.906052,1.634065,1.896814,0.851627,3.367627
1776193550.619036,211.552795,556.408203,774.194458,767.960999,77.499908,27.547337,2,3.796317,1.794827,1.839517,2.939088,0.379701,2.905217,148.455429,1.634065,1.896814,0.851627,3.367627
1776193551.38454,220.064789,555.376343,765.467651,775.441101,78.383453,28.379303,2,3.827084,1.743489,4.210278,2.929509,0.383681,2.818288,183.120071,1.634065,1.896814,0.851627,3.367627
1776193552.158771,227.512787,555.408569,774.194458,782.921326,77.499908,29.059469,2,3.730326,1.703703,5.16959,2.887998,0.387614,2.752459,174.504776,1.634065,1.896814,0.851627,3.367627
1776193552.938001,212.616806,549.110718,779.181213,761.727539,77.003906,27.912449,2,3.593404,1.77192,1.062213,2.799913,0.37674,2.866153,145.888657,1.634065,1.896814,0.851627,3.367627
1776193553.696025,224.320801,547.380249,757.987488,771.70105,79.156982,29.068354,2,3.629511,1.703196,1.38661,2.751124,0.382062,2.751628,126.305588,1.634065,1.896814,0.851627,3.367627
1776193554.462776,221.128799,541.845459,766.714294,762.974243,78.256004,28.982471,2,3.754193,1.708113,2.809844,2.878393,0.377713,2.759689,137.750061,1.634065,1.896814,0.851627,3.367627
1776193555.244487,219.000793,560.18042,781.674561,779.181213,76.758286,28.106529,2,3.735334,1.759986,2.465694,2.919816,0.385438,2.845978,157.767258,1.634065,1.896814,0.851627,3.367627
1776193556.016225,228.576797,554.344543,771.70105,782.921326,77.750313,29.195372,2,3.680674,1.695976,3.843583,2.84038,0.387661,2.739829,153.06575,1.634065,1.896814,0.851627,3.367627
1776193556.790467,220.064789,544.156128,774.194458,764.220947,77.499908,28.795963,2,3.633649,1.718894,2.671053,2.813151,0.378268,2.777434,141.901199,1.634065,1.896814,0.851627,3.367627
1776193557.557218,216.872803,546.10144,766.714294,762.974243,78.256004,28.424656,2,3.662436,1.740777,1.951652,2.808042,0.377527,2.813758,115.528419,1.634065,1.896814,0.851627,3.367627
1776193558.328956,220.064789,555.376343,771.70105,775.441101,77.750313,28.379303,2,3.623005,1.743489,1.541116,2.795877,0.383681,2.818288,121.847015,1.634065,1.896814,0.851627,3.367627
1776193559.09446,224.320801,546.133545,765.467651,770.454346,78.383453,29.115391,2,3.65403,1.700515,2.442599,2.797042,0.381461,2.747241,154.231003,1.634065,1.896814,0.851627,3.367627
1776193559.874936,229.640793,557.020569,780.427856,786.661377,76.880905,29.191822,2,3.586204,1.696177,4.460322,2.798774,0.389511,2.740157,143.695084,1.634065,1.896814,0.851627,3.367627
1776193560.6554,230.704803,550.969727,780.427856,781.674561,76.880905,29.514175,2,3.644283,1.678128,3.776647,2.8441,0.387152,2.710853,141.96434,1.634065,1.896814,0.851627,3.367627
1776193561.438358,223.256805,550.937622,782.921326,774.194458,76.636055,28.837303,2,3.656088,1.716492,2.02751,2.862429,0.383219,2.773473,101.736992,1.634065,1.896814,0.851627,3.367627
1776193562.217576,223.256805,555.924438,779.181213,779.181213,77.003906,28.652746,2,3.585776,1.727267,1.262836,2.793969,0.385624,2.791285,130.304672,1.634065,1.896814,0.851627,3.367627
1776193562.973107,231.768814,533.698853,755.494141,765.467651,79.418221,30.278069,2,3.658597,1.636891,3.365854,2.764049,0.37938,2.644939,107.157486,1.634065,1.896814,0.851627,3.367627
1776193563.76605,219.000793,558.933716,792.894836,777.934509,75.672081,28.151571,2,3.560115,1.75724,1.753709,2.822797,0.384837,2.841353,120.677101,1.634065,1.896814,0.851627,3.367627
1776193564.534047,221.128799,549.325562,767.960999,770.454346,78.128967,28.701092,2,3.588614,1.724431,1.223181,2.755916,0.381321,2.786587,111.349342,1.634065,1.896814,0.851627,3.367627
1776193565.297058,225.384796,542.576172,762.974243,767.960999,78.63961,29.348469,2,3.523113,1.687356,2.243077,2.688044,0.380304,2.725801,110.263359,1.634065,1.896814,0.851627,3.367627
1776193566.080016,229.640793,558.267273,782.921326,787.908081,76.636055,29.145632,2,3.442798,1.698796,2.503806,2.69544,0.390113,2.744432,120.346825,1.634065,1.896814,0.851627,3.367627
1776193566.849273,227.512787,539.201538,769.207703,766.714294,78.002342,29.673737,2,3.571541,1.669339,2.414473,2.747257,0.379796,2.696683,119.458023,1.634065,1.896814,0.851627,3.367627
1776193567.629736,225.384796,552.549683,780.427856,777.934509,76.880905,28.972206,2,3.566441,1.708703,3.654892,2.78335,0.385116,2.760658,137.603378,1.634065,1.896814,0.851627,3.367627
1776193568.398981,224.320801,543.640198,769.207703,767.960999,78.002342,29.209921,2,3.593538,1.695153,1.361532,2.764177,0.380258,2.738487,90.888863,1.634065,1.896814,0.851627,3.367627
1776193569.181939,225.384796,558.783203,782.921326,784.16803,76.636055,28.741901,2,3.603843,1.722045,2.184807,2.821526,0.388123,2.782639,116.198669,1.634065,1.896814,0.851627,3.367627
1776193569.954935,227.512787,547.928345,772.947754,775.441101,77.624908,29.33979,2,3.515829,1.687843,2.347134,2.717552,0.384006,2.726591,111.785942,1.634065,1.896814,0.851627,3.367627
1776193570.722933,228.576797,540.63092,767.960999,769.207703,78.128967,29.715876,2,3.543883,1.667034,2.69995,2.721564,0.381045,2.692977,87.569687,1.634065,1.896814,0.851627,3.367627
1776193571.489683,225.384796,537.589478,766.714294,762.974243,78.256004,29.540289,2,3.505171,1.676683,2.24517,2.687465,0.377899,2.708519,81.242683,1.634065,1.896814,0.851627,3.367627
1776193572.263914,220.064789,547.89624,774.194458,767.960999,77.499908,28.655725,2,3.482524,1.727092,1.995566,2.696151,0.380072,2.790995,98.498978,1.634065,1.896814,0.851627,3.367627
1776193573.023185,226.448807,540.265503,759.234192,766.714294,79.027,29.534966,2,3.495752,1.676977,1.784331,2.654095,0.37975,2.708994,75.237526,1.634065,1.896814,0.851627,3.367627
1776193573.782468,232.832794,533.88147,759.234192,766.714294,79.027,30.367607,2,3.495326,1.632194,2.149632,2.653771,0.380028,2.637522,91.186852,1.634065,1.896814,0.851627,3.367627
1776193574.552958,223.256805,535.977417,770.454346,759.234192,77.876129,29.405525,2,3.62778,1.684167,3.279532,2.795039,0.376002,2.720627,104.669182,1.634065,1.896814,0.851627,3.367627
1776193575.332176,231.768814,557.385925,779.181213,789.154724,77.003906,29.369249,2,3.493515,1.686193,1.658428,2.722082,0.390807,2.723913,88.364937,1.634065,1.896814,0.851627,3.367627
1776193576.102667,228.576797,538.137512,770.454346,766.714294,77.876129,29.812511,2,3.454168,1.661772,1.892831,2.661279,0.379842,2.684535,84.269783,1.634065,1.896814,0.851627,3.367627
1776193576.860691,226.448807,529.045349,757.987488,755.494141,79.156982,29.973602,2,3.554836,1.653075,1.907187,2.694521,0.374337,2.670635,106.489494,1.634065,1.896814,0.851627,3.367627
1776193577.627454,225.384796,540.082886,766.714294,765.467651,78.256004,29.444065,2,3.559518,1.68202,2.448914,2.729133,0.379102,2.717148,123.807823,1.634065,1.896814,0.851627,3.367627
1776193578.395451,223.256805,542.210815,767.960999,765.467651,78.128967,29.166067,2,3.607031,1.697636,2.874467,2.770059,0.379009,2.742538,120.162781,1.634065,1.896814,0.851627,3.367627
1776193579.168435,231.768814,551.152527,772.947754,782.921326,77.624908,29.603079,2,3.539602,1.673219,3.586415,2.735927,0.3878,2.70293,121.600258,1.634065,1.896814,0.851627,3.367627
1776193579.930199,236.024811,530.689453,761.727539,766.714294,78.768318,30.783934,2,3.576263,1.61071,2.9902,2.724138,0.380168,2.60384,134.210907,1.634065,1.896814,0.851627,3.367627
1776193580.66703,246.664825,502.595795,736.793762,749.26062,81.433914,32.921101,2,3.923271,1.508981,5.451798,2.890642,0.372212,2.449673,186.326462,1.634065,1.896814,0.851627,3.367627
1776193581.454987,233.896805,539.050964,787.908081,772.947754,76.151016,30.260363,2,3.728534,1.637824,5.717044,2.937742,0.383082,2.646413,150.295761,1.634065,1.896814,0.851627,3.367627
1776193582.22049,223.256805,529.743896,765.467651,753.000732,78.383453,29.648951,2,3.530906,1.670698,0.921329,2.702794,0.372995,2.69887,87.395378,1.634065,1.896814,0.851627,3.367627
1776193582.941114,227.512787,498.06076,720.586792,725.573547,83.265472,31.35627,2,3.799165,1.582107,1.23897,2.737628,0.35995,2.559604,198.908127,1.634065,1.896814,0.851627,3.367627
1776193583.701631,234.960815,534.246887,760.480896,769.207703,78.897446,30.545822,2,3.864361,1.622926,1.982201,2.938772,0.381324,2.622943,136.542297,1.634065,1.896814,0.851627,3.367627
1776193584.478355,231.768814,541.178955,776.687805,772.947754,77.251114,29.985056,2,3.448087,1.65246,4.113711,2.678087,0.382989,2.669655,131.676987,1.634065,1.896814,0.851627,3.367627
1776193585.275039,227.512787,564.135376,796.634888,791.648132,75.316811,28.73913,2,3.301667,1.722207,1.779925,2.630223,0.391824,2.782907,100.869576,1.634065,1.896814,0.851627,3.367627
1776193586.05301,227.512787,550.421753,777.934509,777.934509,77.127312,29.245752,2,3.495573,1.693129,3.109641,2.719327,0.385209,2.735189,110.452347,1.634065,1.896814,0.851627,3.367627
1776193586.822254,231.768814,542.425659,769.207703,774.194458,78.002342,29.936769,2,3.602479,1.655055,2.687539,2.771054,0.38359,2.673795,114.513863,1.634065,1.896814,0.851627,3.367627
1776193587.590251,225.384796,535.096069,767.960999,760.480896,78.128967,29.63714,2,3.580365,1.671346,1.547615,2.749581,0.376696,2.699914,95.932243,1.634065,1.896814,0.851627,3.367627
1776193588.364495,219.000793,547.713501,774.194458,766.714294,77.499908,28.563547,2,3.68311,1.732525,1.774418,2.851443,0.379424,2.800012,136.052841,1.634065,1.896814,0.851627,3.367627
1776193589.129999,224.320801,547.380249,765.467651,771.70105,78.383453,29.068354,2,3.467265,1.703196,0.782978,2.654079,0.382062,2.751628,92.418694,1.634065,1.896814,0.851627,3.367627
1776193589.900489,222.192795,545.768188,770.454346,767.960999,77.876129,28.932821,2,3.464017,1.71097,1.409485,2.668867,0.380165,2.764381,111.396202,1.634065,1.896814,0.851627,3.367627
1776193590.675967,225.384796,553.796387,775.441101,779.181213,77.375313,28.925852,2,3.565633,1.711371,2.328665,2.764938,0.385717,2.765042,124.80368,1.634065,1.896814,0.851627,3.367627
1776193591.451445,224.320801,549.873657,775.441101,774.194458,77.375313,28.974735,2,3.592637,1.708558,2.831692,2.785878,0.383265,2.760419,132.111481,1.634065,1.896814,0.851627,3.367627
1776193592.230675,224.320801,554.860413,779.181213,779.181213,77.003906,28.789297,2,3.606073,1.719282,1.936708,2.809785,0.385671,2.778075,126.879066,1.634065,1.896814,0.851627,3.367627
1776193593.007398,222.192795,552.001648,776.687805,774.194458,77.251114,28.699869,2,3.503003,1.724503,2.433713,2.72074,0.383172,2.786706,131.165146,1.634065,1.896814,0.851627,3.367627
1776193593.780383,230.704803,552.216553,772.947754,782.921326,77.624908,29.467175,2,3.5266,1.680735,3.240575,2.725878,0.387754,2.715068,127.801613,1.634065,1.896814,0.851627,3.367627
1776193594.567081,226.448807,555.225769,786.661377,781.674561,76.271698,28.969706,2,3.449656,1.708847,2.444434,2.713712,0.386966,2.760894,109.286919,1.634065,1.896814,0.851627,3.367627
1776193595.345064,222.192795,550.754944,777.934509,772.947754,77.127312,28.746161,2,3.550377,1.721796,2.161785,2.761961,0.382571,2.782228,104.034454,1.634065,1.896814,0.851627,3.367627
1776193596.119295,225.384796,552.549683,774.194458,777.934509,77.499908,28.972206,2,3.621728,1.708703,3.269325,2.803922,0.385116,2.760658,147.690933,1.634065,1.896814,0.851627,3.367627
1776193596.897266,223.256805,552.184326,777.934509,775.441101,77.127312,28.790941,2,3.541596,1.719186,2.17985,2.75513,0.38382,2.777916,125.484688,1.634065,1.896814,0.851627,3.367627
1776193597.67025,225.384796,550.056274,772.947754,775.441101,77.624908,29.065367,2,3.550397,1.703366,2.603494,2.744272,0.383913,2.751907,147.467209,1.634065,1.896814,0.851627,3.367627
1776193598.458207,217.936798,561.244385,787.908081,779.181213,76.151016,27.969976,2,3.645858,1.768366,1.746145,2.872601,0.385392,2.860131,165.665512,1.634065,1.896814,0.851627,3.367627
1776193599.233685,215.808792,557.138977,775.441101,772.947754,77.375313,27.920231,2,3.739107,1.771438,1.509209,2.899457,0.382292,2.865336,142.65657,1.634065,1.896814,0.851627,3.367627
1776193600.006669,228.576797,559.331299,772.947754,787.908081,77.624908,29.010592,2,3.760289,1.7065,3.193393,2.906507,0.390066,2.757042,157.111221,1.634065,1.896814,0.851627,3.367627
1776193600.788379,222.192795,552.001648,781.674561,774.194458,76.758286,28.699869,2,3.620555,1.724503,1.739022,2.830096,0.383172,2.786706,162.37796,1.634065,1.896814,0.851627,3.367627
1776193601.557636,222.192795,547.014893,769.207703,769.207703,78.002342,28.885931,2,3.658169,1.713676,2.66415,2.813892,0.380767,2.768834,141.845749,1.634065,1.896814,0.851627,3.367627
1776193602.325634,224.320801,546.133545,767.960999,770.454346,78.128967,29.115391,2,3.627559,1.700515,5.380714,2.785824,0.381461,2.747241,144.786438,1.634065,1.896814,0.851627,3.367627
1776193603.107345,222.192795,556.988403,781.674561,779.181213,76.758286,28.516191,2,3.592691,1.73533,3.630879,2.808315,0.385578,2.804677,155.240921,1.634065,1.896814,0.851627,3.367627
1776193603.887809,221.128799,558.052429,780.427856,779.181213,76.880905,28.379637,2,3.633408,1.743469,3.438114,2.835613,0.385531,2.818255,135.103638,1.634065,1.896814,0.851627,3.367627
1776193604.663299,226.448807,555.225769,775.441101,781.674561,77.375313,28.969706,2,3.648071,1.708847,4.355458,2.828864,0.386966,2.760894,179.171829,1.634065,1.896814,0.851627,3.367627
1776193605.447503,228.576797,558.084595,784.16803,786.661377,76.514214,29.056566,2,3.638759,1.703869,3.941287,2.853399,0.389465,2.75273,125.336838,1.634065,1.896814,0.851627,3.367627
1776193606.211761,228.576797,535.644165,764.220947,764.220947,78.51133,29.909781,2,3.6268,1.656509,4.765039,2.771677,0.37864,2.676116,141.991684,1.634065,1.896814,0.851627,3.367627
1776193606.976018,230.704803,536.009521,764.220947,766.714294,78.51133,30.090061,2,3.702538,1.646846,5.250257,2.829557,0.379935,2.660718,174.866745,1.634065,1.896814,0.851627,3.367627
1776193607.757741,224.320801,549.873657,781.674561,774.194458,76.758286,28.974735,2,3.635033,1.708558,5.284919,2.841413,0.383265,2.760419,179.620682,1.634065,1.896814,0.851627,3.367627
1776193608.539452,226.448807,557.719238,781.674561,784.16803,76.758286,28.877586,2,3.714239,1.714159,4.614535,2.903327,0.388169,2.769628,123.198837,1.634065,1.896814,0.851627,3.367627
1776193609.317423,227.512787,551.668457,777.934509,779.181213,77.127312,29.198956,2,3.685918,1.695773,2.713719,2.867403,0.38581,2.739498,162.975937,1.634065,1.896814,0.851627,3.367627
1776193610.085421,222.192795,539.534729,767.960999,761.727539,78.128967,29.16959,2,3.67465,1.697436,1.578054,2.821988,0.377158,2.742212,120.432838,1.634065,1.896814,0.851627,3.367627
1776193610.842198,227.512787,535.461426,756.740784,762.974243,79.287384,29.819197,2,3.822293,1.661409,5.324683,2.892485,0.377992,2.683954,180.994614,1.634065,1.896814,0.851627,3.367627
1776193611.631401,221.128799,560.545776,789.154724,781.674561,76.030716,28.289112,2,3.643005,1.748909,4.616114,2.874894,0.386734,2.827359,139.161301,1.634065,1.896814,0.851627,3.367627
1776193612.388179,224.320801,536.160095,756.740784,760.480896,79.287384,29.497231,2,3.694393,1.679067,3.519406,2.795697,0.37665,2.71237,155.067337,1.634065,1.896814,0.851627,3.367627
1776193613.161163,212.616806,546.617371,772.947754,759.234192,77.624908,28.004112,2,3.529492,1.766263,-0.048668,2.728113,0.375537,2.856575,110.047577,1.634065,1.896814,0.851627,3.367627
1776193613.919187,226.448807,547.745667,757.987488,774.194458,79.156982,29.249603,2,3.607581,1.692912,1.48571,2.734501,0.383358,2.734836,118.238136,1.634065,1.896814,0.851627,3.367627
1776193614.68595,228.576797,540.63092,766.714294,769.207703,78.256004,29.715876,2,3.660851,1.667034,4.102072,2.806827,0.381045,2.692977,131.803452,1.634065,1.896814,0.851627,3.367627
1776193615.453947,223.256805,538.470703,767.960999,761.727539,78.128967,29.309273,2,3.736171,1.689554,4.143159,2.869234,0.377205,2.729373,143.392487,1.634065,1.896814,0.851627,3.367627
1776193616.226931,222.192795,549.50824,772.947754,771.70105,77.624908,28.792599,2,3.75354,1.71909,5.544106,2.90129,0.381969,2.777757,131.06134,1.634065,1.896814,0.851627,3.367627
1776193616.998669,216.872803,548.594849,771.70105,765.467651,77.750313,28.332066,2,3.765272,1.746323,2.162225,2.905664,0.37873,2.823029,171.749573,1.634065,1.896814,0.851627,3.367627
1776193617.781627,219.000793,566.413879,782.921326,785.414673,76.636055,27.883461,2,3.688032,1.773717,4.075599,2.887439,0.388445,2.869201,160.906738,1.634065,1.896814,0.851627,3.367627
1776193618.549636,220.064789,549.142944,767.960999,769.207703,78.128967,28.609282,2,3.815757,1.729825,5.212916,2.930353,0.380674,2.795528,163.92305,1.634065,1.896814,0.851627,3.367627
1776193619.317634,224.320801,548.626953,767.960999,772.947754,78.128967,29.021469,2,3.731851,1.705877,4.506109,2.865916,0.382664,2.75602,156.442734,1.634065,1.896814,0.851627,3.367627
1776193620.088125,223.256805,545.950928,770.454346,769.207703,77.876129,29.024256,2,3.61641,1.705717,6.167234,2.786278,0.380813,2.755759,206.938675,1.634065,1.896814,0.851627,3.367627
1776193620.867343,228.576797,556.837891,779.181213,785.414673,77.003906,29.10269,2,3.715422,1.701238,5.04108,2.894987,0.388864,2.748424,192.221832,1.634065,1.896814,0.851627,3.367627
1776193621.651559,223.256805,554.677734,784.16803,777.934509,76.514214,28.698662,2,3.574288,1.724574,3.102114,2.802842,0.385023,2.786823,140.346268,1.634065,1.896814,0.851627,3.367627
1776193622.427036,219.000793,551.453552,775.441101,770.454346,77.375313,28.424889,2,3.613808,1.740763,2.232135,2.802295,0.381229,2.813735,167.127029,1.634065,1.896814,0.851627,3.367627
1776193623.198774,219.000793,552.700256,771.70105,771.70105,77.750313,28.378967,2,3.642004,1.74351,2.280015,2.810539,0.38183,2.818322,152.61734,1.634065,1.896814,0.851627,3.367627
1776193623.968018,227.512787,551.668457,769.207703,779.181213,78.002342,29.198956,2,3.643841,1.695773,3.622838,2.80287,0.38581,2.739498,146.565491,1.634065,1.896814,0.851627,3.367627
1776193624.738509,226.448807,542.758911,770.454346,769.207703,77.876129,29.439228,2,3.508848,1.682289,2.746397,2.703407,0.380952,2.717584,132.447189,1.634065,1.896814,0.851627,3.367627
1776193625.523972,220.064789,557.869751,785.414673,777.934509,76.392769,28.288343,2,3.578497,1.748955,2.874834,2.810605,0.384883,2.827437,155.351151,1.634065,1.896814,0.851627,3.367627
1776193626.286983,225.384796,543.822876,762.974243,769.207703,78.63961,29.300901,2,3.751831,1.690025,3.421334,2.86255,0.380906,2.730137,150.291946,1.634065,1.896814,0.851627,3.367627
1776193627.069941,224.320801,557.35376,782.921326,781.674561,76.636055,28.697468,2,3.529342,1.724644,3.098883,2.763197,0.386873,2.786939,149.611984,1.634065,1.896814,0.851627,3.367627
1776193627.834198,225.384796,540.082886,764.220947,765.467651,78.51133,29.444065,2,3.585772,1.68202,5.260098,2.740322,0.379102,2.717148,128.00148,1.634065,1.896814,0.851627,3.367627
1776193628.620908,222.192795,560.728516,786.661377,782.921326,76.271698,28.379965,2,3.49448,1.74345,1.836103,2.748973,0.387382,2.818222,157.720352,1.634065,1.896814,0.851627,3.367627
1776193629.405112,229.640793,563.254028,784.16803,792.894836,76.514214,28.962326,2,3.558425,1.709271,3.245642,2.790404,0.392518,2.76159,158.017563,1.634065,1.896814,0.851627,3.367627
1776193630.17685,231.768814,542.425659,771.70105,774.194458,77.750313,29.936769,2,3.663207,1.655055,3.210283,2.826901,0.38359,2.673795,162.822144,1.634065,1.896814,0.851627,3.367627
1776193630.948588,226.448807,539.01886,771.70105,765.467651,77.750313,29.583067,2,3.567182,1.674322,3.137216,2.752798,0.379148,2.704708,155.987259,1.634065,1.896814,0.851627,3.367627
1776193631.721584,222.192795,545.768188,772.947754,767.960999,77.624908,28.932821,2,3.544642,1.71097,1.437206,2.739823,0.380165,2.764381,127.787605,1.634065,1.896814,0.851627,3.367627
1776193632.493321,221.128799,549.325562,771.70105,770.454346,77.750313,28.701092,2,3.474505,1.724431,2.159435,2.681279,0.381321,2.786587,111.35321,1.634065,1.896814,0.851627,3.367627
1776193633.256332,226.448807,542.758911,762.974243,769.207703,78.63961,29.439228,2,3.525663,1.682289,2.785207,2.68999,0.380952,2.717584,115.140953,1.634065,1.896814,0.851627,3.367627
1776193634.026823,231.768814,544.919006,770.454346,776.687805,77.876129,29.840666,2,3.500753,1.660245,3.554581,2.69717,0.384793,2.68209,109.561798,1.634065,1.896814,0.851627,3.367627
1776193634.816027,221.128799,555.559021,789.154724,776.687805,76.030716,28.470745,2,3.351733,1.73803,1.372621,2.645036,0.384328,2.809175,111.071922,1.634065,1.896814,0.851627,3.367627
1776193635.582777,230.704803,547.229736,766.714294,777.934509,78.256004,29.656071,2,3.42895,1.670307,2.34449,2.629025,0.385348,2.698241,103.860306,1.634065,1.896814,0.851627,3.367627
1776193636.354515,226.448807,540.265503,771.70105,766.714294,77.750313,29.534966,2,3.55014,1.676977,3.244173,2.739647,0.37975,2.708994,116.514091,1.634065,1.896814,0.851627,3.367627
1776193637.115032,228.576797,534.397461,760.480896,762.974243,78.897446,29.958651,2,3.633615,1.653878,2.75543,2.763295,0.378038,2.671916,129.158432,1.634065,1.896814,0.851627,3.367627
1776193637.889263,231.768814,546.16571,774.194458,777.934509,77.499908,29.792845,2,3.680408,1.66284,3.535819,2.849352,0.385394,2.686247,149.201218,1.634065,1.896814,0.851627,3.367627
1776193638.672233,229.640793,550.787048,782.921326,780.427856,76.636055,29.424986,2,3.668991,1.683082,3.963318,2.872531,0.386504,2.718869,143.332428,1.634065,1.896814,0.851627,3.367627
1776193639.463917,226.448807,561.45929,791.648132,787.908081,75.791245,28.740511,2,3.624435,1.722126,4.025406,2.869277,0.389973,2.782774,122.128799,1.634065,1.896814,0.851627,3.367627
1776193640.231915,219.000793,540.233398,767.960999,759.234192,78.128967,28.844959,2,3.571621,1.716048,2.415795,2.742866,0.375816,2.772741,127.272881,1.634065,1.896814,0.851627,3.367627
1776193641.004899,224.320801,554.860413,772.947754,779.181213,77.624908,28.789297,2,3.610025,1.719282,2.526865,2.790361,0.385671,2.778075,113.180077,1.634065,1.896814,0.851627,3.367627
1776193641.772909,224.320801,543.640198,767.960999,767.960999,78.128967,29.209921,2,3.623004,1.695153,3.430881,2.782326,0.380258,2.738487,140.36496,1.634065,1.896814,0.851627,3.367627
1776193642.548387,231.768814,552.399231,775.441101,784.16803,77.375313,29.556015,2,3.659259,1.675814,3.914887,2.83754,0.388401,2.707116,149.251572,1.634065,1.896814,0.851627,3.367627
1776193643.342564,227.512787,561.641968,794.141479,789.154724,75.553291,28.829935,2,3.593286,1.71692,2.566189,2.853577,0.390621,2.774178,124.788994,1.634065,1.896814,0.851627,3.367627
1776193644.130521,222.192795,559.48175,787.908081,781.674561,76.151016,28.425232,2,3.561845,1.740743,2.470908,2.806406,0.386781,2.813701,110.275764,1.634065,1.896814,0.851627,3.367627
1776193644.907246,219.000793,553.94696,776.687805,772.947754,77.251114,28.333197,2,3.612547,1.746255,2.422808,2.805821,0.382431,2.822915,113.325615,1.634065,1.896814,0.851627,3.367627
1776193645.690204,224.320801,564.833923,782.921326,789.154724,76.636055,28.425451,2,3.623173,1.74073,2.254056,2.836659,0.390482,2.813679,141.781693,1.634065,1.896814,0.851627,3.367627
1776193646.454461,237.088791,542.092407,764.220947,779.181213,78.51133,30.427938,2,3.702748,1.629044,4.582187,2.829717,0.386228,2.632559,113.261589,1.634065,1.896814,0.851627,3.367627
1776193647.238665,224.320801,544.886902,784.16803,769.207703,76.514214,29.16258,2,3.568002,1.697834,2.293196,2.797913,0.380859,2.742861,123.152641,1.634065,1.896814,0.851627,3.367627
1776193648.021635,224.320801,558.600525,782.921326,782.921326,76.636055,28.651768,2,3.651808,1.727325,4.110407,2.859078,0.387475,2.79138,157.070541,1.634065,1.896814,0.851627,3.367627
1776193648.807086,224.320801,561.093872,785.414673,785.414673,76.392769,28.560812,2,3.575465,1.732687,3.048286,2.808223,0.388678,2.800281,136.276642,1.634065,1.896814,0.851627,3.367627
1776193649.577577,226.448807,546.498962,770.454346,772.947754,77.876129,29.29678,2,3.57056,1.690256,2.311665,2.750954,0.382757,2.730514,129.454163,1.634065,1.896814,0.851627,3.367627
1776193650.358053,226.448807,553.979065,780.427856,780.427856,76.880905,29.015982,2,3.529617,1.706191,2.176912,2.754611,0.386365,2.756536,114.125801,1.634065,1.896814,0.851627,3.367627
1776193651.113584,222.192795,528.314575,755.494141,750.507385,79.418221,29.605679,2,3.647058,1.673076,2.250421,2.755331,0.371745,2.7027,125.871559,1.634065,1.896814,0.851627,3.367627
1776193651.886568,222.192795,550.754944,772.947754,772.947754,77.624908,28.746161,2,3.474857,1.721796,1.725767,2.685883,0.382571,2.782228,102.835243,1.634065,1.896814,0.851627,3.367627
1776193652.665786,227.512787,557.901855,779.181213,785.414673,77.003906,28.96722,2,3.631605,1.70899,3.227871,2.829679,0.388817,2.761128,125.833923,1.634065,1.896814,0.851627,3.367627
1776193653.447497,224.320801,553.613708,781.674561,777.934509,76.758286,28.835434,2,3.571997,1.716601,2.033458,2.792139,0.385069,2.773652,111.392738,1.634065,1.896814,0.851627,3.367627
1776193654.209273,231.768814,538.685547,761.727539,770.454346,78.768318,30.082094,2,3.654934,1.647271,2.603053,2.784064,0.381786,2.661393,113.899208,1.634065,1.896814,0.851627,3.367627
1776193654.985997,227.512787,544.188232,776.687805,771.70105,77.251114,29.481987,2,3.675916,1.679912,3.676739,2.855039,0.382202,2.713737,152.626205,1.634065,1.896814,0.851627,3.367627
1776193655.760228,223.256805,545.950928,774.194458,769.207703,77.499908,29.024256,2,3.56089,1.705717,2.468448,2.756822,0.380813,2.755759,140.893265,1.634065,1.896814,0.851627,3.367627
1776193656.517006,238.152802,536.041626,756.740784,774.194458,79.287384,30.761368,2,3.60926,1.61186,4.49737,2.731274,0.383869,2.605632,127.741905,1.634065,1.896814,0.851627,3.367627
1776193657.299975,228.576797,543.124268,782.921326,771.70105,76.636055,29.619864,2,3.513799,1.672296,2.966407,2.751028,0.382248,2.701443,135.40448,1.634065,1.896814,0.851627,3.367627
1776193658.070466,229.640793,542.060242,770.454346,771.70105,77.876129,29.757742,2,3.57893,1.66475,2.044804,2.757402,0.382294,2.68931,116.595451,1.634065,1.896814,0.851627,3.367627
1776193658.834724,230.704803,534.762817,764.220947,765.467651,78.51133,30.139069,2,3.484183,1.644239,1.304877,2.662686,0.379334,2.656578,103.128487,1.634065,1.896814,0.851627,3.367627
1776193659.593995,236.024811,529.442871,759.234192,765.467651,79.027,30.834066,2,3.560332,1.608162,2.512362,2.703125,0.379566,2.599871,106.396568,1.634065,1.896814,0.851627,3.367627
1776193660.359499,227.512787,527.981323,765.467651,755.494141,78.383453,30.114433,2,3.682328,1.645549,1.398176,2.818703,0.374383,2.658657,109.893692,1.634065,1.896814,0.851627,3.367627
1776193661.131248,222.192795,543.274841,771.70105,765.467651,77.750313,29.027065,2,3.483679,1.705556,2.338909,2.688359,0.378962,2.755495,117.447777,1.634065,1.896814,0.851627,3.367627
1776193661.891765,234.960815,540.480286,760.480896,775.441101,78.897446,30.300278,2,3.506547,1.635724,2.172249,2.666662,0.384331,2.643093,89.142845,1.634065,1.896814,0.851627,3.367627
1776193662.648543,229.640793,520.866577,756.740784,750.507385,79.287384,30.598072,2,3.601138,1.620229,2.304358,2.725128,0.372071,2.618715,119.576591,1.634065,1.896814,0.851627,3.367627
1776193663.424021,220.064789,544.156128,775.441101,764.220947,77.375313,28.795963,2,3.590342,1.718894,2.517796,2.784099,0.378268,2.777434,126.863678,1.634065,1.896814,0.851627,3.367627
1776193664.173318,230.704803,531.022705,749.26062,761.727539,80.078941,30.287052,2,3.656198,1.636419,4.284924,2.739445,0.37753,2.644192,114.78717,1.634065,1.896814,0.851627,3.367627
1776193664.947549,225.384796,542.576172,774.194458,767.960999,77.499908,29.348469,2,3.608325,1.687356,2.202835,2.793545,0.380304,2.725801,114.722038,1.634065,1.896814,0.851627,3.367627
1776193665.716805,222.192795,543.274841,769.207703,765.467651,78.002342,29.027065,2,3.605323,1.705556,2.406249,2.773242,0.378962,2.755495,130.029053,1.634065,1.896814,0.851627,3.367627
1776193666.476075,221.128799,536.858704,759.234192,757.987488,79.027,29.173147,2,3.63304,1.697235,1.250976,2.758329,0.375307,2.741883,133.591156,1.634065,1.896814,0.851627,3.367627
1776193667.224126,228.576797,528.164001,748.013916,756.740784,80.21241,30.205429,2,3.78537,1.640723,1.653618,2.83151,0.375031,2.651002,130.580597,1.634065,1.896814,0.851627,3.367627
1776193668.007084,217.936798,552.517578,782.921326,770.454346,76.636055,28.286791,2,3.69823,1.749049,1.061222,2.895423,0.381182,2.827594,168.21344,1.634065,1.896814,0.851627,3.367627
1776193668.765107,223.256805,540.964111,757.987488,764.220947,79.156982,29.213646,2,3.679453,1.694942,3.31467,2.788979,0.378407,2.738143,163.419556,1.634065,1.896814,0.851627,3.367627
1776193669.52065,228.576797,533.150757,755.494141,761.727539,79.418221,30.007685,2,3.705881,1.651247,2.717831,2.799771,0.377437,2.667722,155.301651,1.634065,1.896814,0.851627,3.367627
1776193670.291141,226.448807,541.512207,770.454346,767.960999,77.876129,29.48702,2,3.57372,1.679633,3.158365,2.753388,0.380351,2.713286,160.397736,1.634065,1.896814,0.851627,3.367627
1776193671.061632,225.384796,543.822876,770.454346,769.207703,77.876129,29.300901,2,3.605126,1.690025,2.755209,2.777585,0.380906,2.730137,127.377449,1.634065,1.896814,0.851627,3.367627
1776193671.820903,224.320801,533.666687,759.234192,757.987488,79.027,29.594261,2,3.630544,1.673705,2.965269,2.756433,0.375447,2.703713,121.346992,1.634065,1.896814,0.851627,3.367627
1776193672.588899,236.024811,545.64978,767.960999,781.674561,78.128967,30.194765,2,3.718772,1.641287,4.603079,2.855872,0.387384,2.651896,132.057114,1.634065,1.896814,0.851627,3.367627
1776193673.373117,227.512787,546.681641,784.16803,774.194458,76.514214,29.387033,2,3.595266,1.685199,2.452806,2.819293,0.383404,2.722301,127.324821,1.634065,1.896814,0.851627,3.367627
1776193674.149841,217.936798,547.530884,776.687805,765.467651,77.251114,28.471066,2,3.646278,1.738011,3.060293,2.83202,0.378776,2.809144,140.414154,1.634065,1.896814,0.851627,3.367627
1776193674.921579,219.000793,553.94696,771.70105,772.947754,77.750313,28.333197,2,3.651898,1.746255,2.729691,2.818173,0.382431,2.822915,123.962852,1.634065,1.896814,0.851627,3.367627
1776193675.673369,224.320801,533.666687,751.754089,757.987488,79.813332,29.594261,2,3.6501,1.673705,2.751428,2.743978,0.375447,2.703713,103.575005,1.634065,1.896814,0.851627,3.367627
1776193676.447612,222.192795,549.50824,774.194458,771.70105,77.499908,28.792599,2,3.61542,1.71909,2.949187,2.799038,0.381969,2.777757,124.636185,1.634065,1.896814,0.851627,3.367627
1776193677.218103,226.448807,548.99231,770.454346,775.441101,77.876129,29.202579,2,3.593859,1.695568,3.185572,2.768904,0.383959,2.739164,125.859818,1.634065,1.896814,0.851627,3.367627
1776193678.002307,228.576797,558.084595,784.16803,786.661377,76.514214,29.056566,2,3.534068,1.703869,2.301494,2.771303,0.389465,2.75273,104.316444,1.634065,1.896814,0.851627,3.367627
1776193678.789005,221.128799,556.805725,786.661377,777.934509,76.271698,28.425117,2,3.528977,1.74075,3.45739,2.77611,0.38493,2.813712,111.062248,1.634065,1.896814,0.851627,3.367627
1776193679.557015,227.512787,547.928345,767.960999,775.441101,78.128967,29.33979,2,3.481191,1.687843,1.207907,2.673419,0.384006,2.726591,82.319557,1.634065,1.896814,0.851627,3.367627
1776193680.334986,225.384796,550.056274,777.934509,775.441101,77.127312,29.065367,2,3.291557,1.703366,2.016017,2.560616,0.383913,2.751907,76.110603,1.634065,1.896814,0.851627,3.367627
1776193681.109217,212.616806,546.617371,774.194458,759.234192,77.499908,28.004112,2,3.477542,1.766263,2.1851,2.692294,0.375537,2.856575,129.302841,1.634065,1.896814,0.851627,3.367627
1776193681.842307,224.320801,522.446472,733.053711,746.767273,81.849388,30.038918,2,3.609766,1.649576,2.32793,2.646152,0.370034,2.66506,105.589119,1.634065,1.896814,0.851627,3.367627
1776193682.614045,220.064789,546.649536,771.70105,766.714294,77.750313,28.702318,2,3.566092,1.724359,2.653245,2.751956,0.379471,2.786468,128.053589,1.634065,1.896814,0.851627,3.367627
1776193683.373315,225.384796,540.082886,759.234192,765.467651,79.027,29.444065,2,3.619987,1.68202,4.184392,2.748418,0.379102,2.717148,123.110405,1.634065,1.896814,0.851627,3.367627
1776193684.142571,220.064789,542.909424,769.207703,762.974243,78.002342,28.843016,2,3.600421,1.716161,1.783597,2.769472,0.377667,2.772927,106.289574,1.634065,1.896814,0.851627,3.367627
1776193684.913062,217.936798,550.02417,770.454346,767.960999,77.876129,28.37863,2,3.61799,1.74353,1.710897,2.787496,0.379979,2.818356,115.631081,1.634065,1.896814,0.851627,3.367627
1776193685.689787,216.872803,558.568298,776.687805,775.441101,77.251114,27.96767,2,3.611002,1.768508,1.871058,2.804621,0.383541,2.860372,142.921371,1.634065,1.896814,0.851627,3.367627
1776193686.457784,220.064789,551.63623,767.960999,771.70105,78.128967,28.516844,2,3.606724,1.735291,2.815169,2.769823,0.381876,2.804613,153.449661,1.634065,1.896814,0.851627,3.367627
1776193687.215807,225.384796,538.836182,757.987488,764.220947,79.156982,29.492098,2,3.755283,1.679351,3.293962,2.846457,0.3785,2.71283,142.910706,1.634065,1.896814,0.851627,3.367627
1776193687.998778,222.192795,556.988403,782.921326,779.181213,76.636055,28.516191,2,3.559831,1.73533,3.0336,2.787068,0.385578,2.804677,145.489029,1.634065,1.896814,0.851627,3.367627
1776193688.763035,224.320801,542.393494,764.220947,766.714294,78.51133,29.257416,2,3.671221,1.692472,3.96005,2.805624,0.379657,2.734119,167.680222,1.634065,1.896814,0.851627,3.367627
1776193689.521059,225.384796,533.849365,757.987488,759.234192,79.156982,29.685806,2,3.772734,1.668678,3.59464,2.859685,0.376095,2.69562,156.196243,1.634065,1.896814,0.851627,3.367627
1776193690.29529,230.704803,549.723022,774.194458,780.427856,77.499908,29.561323,2,3.656342,1.675521,3.105309,2.83072,0.386551,2.706643,135.240189,1.634065,1.896814,0.851627,3.367627
1776193691.069533,231.768814,543.672302,774.194458,775.441101,77.499908,29.888641,2,3.512619,1.65765,3.835835,2.71945,0.384192,2.677939,146.273193,1.634065,1.896814,0.851627,3.367627
1776193691.842517,222.192795,539.534729,772.947754,761.727539,77.624908,29.16959,2,3.604208,1.697436,3.633486,2.785864,0.377158,2.742212,163.202103,1.634065,1.896814,0.851627,3.367627
1776193692.615502,226.448807,551.485718,772.947754,777.934509,77.624908,29.10898,2,3.676805,1.70088,5.239757,2.841979,0.385162,2.747838,129.166687,1.634065,1.896814,0.851627,3.367627
1776193693.400953,228.576797,559.331299,785.414673,787.908081,76.392769,29.010592,2,3.657442,1.7065,4.473174,2.872609,0.390066,2.757042,168.594681,1.634065,1.896814,0.851627,3.367627
1776193694.181429,232.832794,552.581909,780.427856,785.414673,76.880905,29.644569,2,3.589038,1.670938,5.768742,2.800985,0.389049,2.699257,142.71637,1.634065,1.896814,0.851627,3.367627
1776193694.960647,221.128799,544.338867,779.181213,765.467651,77.003906,28.888065,2,3.524974,1.713553,2.202761,2.746594,0.378916,2.768631,147.6586,1.634065,1.896814,0.851627,3.367627
1776193695.732384,227.512787,551.668457,771.70105,779.181213,77.750313,29.198956,2,3.642941,1.695773,3.621847,2.811261,0.38581,2.739498,159.970947,1.634065,1.896814,0.851627,3.367627
1776193696.514096,230.704803,554.709839,781.674561,785.414673,76.758286,29.373631,2,3.589541,1.685948,3.713126,2.805853,0.388956,2.723516,152.385574,1.634065,1.896814,0.851627,3.367627
1776193697.290832,229.640793,545.800293,776.687805,775.441101,77.251114,29.614216,2,3.617437,1.672606,3.987918,2.809619,0.384099,2.701943,163.211197,1.634065,1.896814,0.851627,3.367627
1776193698.076283,229.640793,555.773865,785.414673,785.414673,76.392769,29.238159,2,3.554349,1.693558,4.50732,2.791638,0.38891,2.735888,163.937485,1.634065,1.896814,0.851627,3.367627
1776193698.861734,223.256805,554.677734,785.414673,777.934509,76.392769,28.698662,2,3.478109,1.724574,2.460847,2.731758,0.385023,2.786823,139.192123,1.634065,1.896814,0.851627,3.367627
1776193699.637212,227.512787,552.915039,775.441101,780.427856,77.375313,29.152315,2,3.553286,1.698416,2.242379,2.755364,0.386411,2.743812,141.59317,1.634065,1.896814,0.851627,3.367627
1776193700.391507,240.280807,528.92688,754.247437,769.207703,79.549492,31.237442,2,3.623997,1.58796,5.007704,2.73339,0.381556,2.568599,153.805466,1.634065,1.896814,0.851627,3.367627
1776193701.180699,231.768814,547.412415,789.154724,779.181213,76.030716,29.745174,2,3.610394,1.665435,2.814691,2.84916,0.385996,2.690409,159.416061,1.634065,1.896814,0.851627,3.367627
1776193701.957423,229.640793,544.55365,776.687805,774.194458,77.251114,29.6619,2,3.570468,1.669988,3.0846,2.773139,0.383497,2.697726,106.867073,1.634065,1.896814,0.851627,3.367627
1776193702.726667,221.128799,538.105408,769.207703,759.234192,78.002342,29.125244,2,3.698678,1.699954,2.966848,2.845052,0.375909,2.746325,127.631889,1.634065,1.896814,0.851627,3.367627
1776193703.51213,222.192795,564.468567,785.414673,786.661377,76.392769,28.245037,2,3.661738,1.75157,3.1573,2.875983,0.389186,2.831822,147.115433,1.634065,1.896814,0.851627,3.367627
1776193704.275141,224.320801,541.146851,762.974243,765.467651,78.63961,29.305065,2,3.724178,1.689791,3.165966,2.841452,0.379055,2.729757,113.707336,1.634065,1.896814,0.851627,3.367627
1776193705.053112,217.936798,552.517578,777.934509,770.454346,77.127312,28.286791,2,3.709522,1.749049,1.863127,2.885765,0.381182,2.827594,142.663681,1.634065,1.896814,0.851627,3.367627
1776193705.823603,224.320801,553.613708,770.454346,777.934509,77.876129,28.835434,2,3.711755,1.716601,3.742023,2.859738,0.385069,2.773652,126.251602,1.634065,1.896814,0.851627,3.367627
1776193706.584121,239.216797,538.717712,760.480896,777.934509,78.897446,30.750248,2,3.713513,1.612427,5.381338,2.824055,0.38572,2.606517,106.264488,1.634065,1.896814,0.851627,3.367627
1776193707.358363,231.768814,533.698853,774.194458,765.467651,77.499908,30.278069,2,3.707099,1.636891,3.601285,2.870015,0.37938,2.644939,134.724991,1.634065,1.896814,0.851627,3.367627
1776193708.131347,228.576797,540.63092,772.947754,769.207703,77.624908,29.715876,2,3.593198,1.667034,2.087432,2.777354,0.381045,2.692977,114.226089,1.634065,1.896814,0.851627,3.367627
1776193708.904332,231.768814,544.919006,772.947754,776.687805,77.624908,29.840666,2,3.602157,1.660245,1.834781,2.784279,0.384793,2.68209,98.925529,1.634065,1.896814,0.851627,3.367627
1776193709.669836,229.640793,533.333435,765.467651,762.974243,78.383453,30.098104,2,3.618511,1.646418,2.33979,2.769854,0.378085,2.660038,95.56115,1.634065,1.896814,0.851627,3.367627
1776193710.4553,229.640793,555.773865,785.414673,785.414673,76.392769,29.238159,2,3.567506,1.693558,1.308916,2.801972,0.38891,2.735888,101.547302,1.634065,1.896814,0.851627,3.367627
1776193711.230777,228.576797,545.617676,775.441101,774.194458,77.375313,29.524469,2,3.551011,1.677558,2.028575,2.7536,0.383451,2.709932,102.045479,1.634065,1.896814,0.851627,3.367627
1776193711.997528,231.768814,538.685547,766.714294,770.454346,78.256004,30.082094,2,3.65426,1.647271,3.406023,2.801774,0.381786,2.661393,131.047821,1.634065,1.896814,0.851627,3.367627
1776193712.775499,232.832794,546.348389,777.934509,779.181213,77.127312,29.881725,2,3.617464,1.658024,2.592295,2.81415,0.386042,2.678537,114.949745,1.634065,1.896814,0.851627,3.367627
1776193713.553482,229.640793,544.55365,777.934509,774.194458,77.127312,29.6619,2,3.595552,1.669988,2.600924,2.797104,0.383497,2.697726,131.565811,1.634065,1.896814,0.851627,3.367627
1776193714.32522,228.576797,541.877563,771.70105,770.454346,77.750313,29.667791,2,3.581234,1.669665,2.205258,2.763642,0.381647,2.697207,112.405304,1.634065,1.896814,0.851627,3.367627
1776193715.101943,241.344788,550.303345,776.687805,791.648132,77.251114,30.486372,2,3.484947,1.626005,3.119628,2.706716,0.392428,2.627779,98.453278,1.634065,1.896814,0.851627,3.367627
1776193715.874928,242.408798,531.785645,772.947754,774.194458,77.624908,31.3111,2,3.58816,1.584327,3.461649,2.77346,0.384055,2.563012,107.33902,1.634065,1.896814,0.851627,3.367627
1776193716.665378,226.448807,545.252258,790.401428,771.70105,75.910797,29.344112,2,3.486771,1.6876,2.588219,2.755949,0.382155,2.726198,119.628242,1.634065,1.896814,0.851627,3.367627
1776193717.448336,225.384796,556.289795,782.921326,781.674561,76.636055,28.833586,2,3.555433,1.716708,1.943537,2.783624,0.38692,2.773829,118.139847,1.634065,1.896814,0.851627,3.367627
1776193718.225061,225.384796,551.302979,776.687805,776.687805,77.251114,29.018711,2,3.678146,1.706035,2.483538,2.856771,0.384514,2.756279,122.603477,1.634065,1.896814,0.851627,3.367627
1776193719.005524,229.640793,555.773865,780.427856,785.414673,76.880905,29.238159,2,3.710055,1.693558,3.335636,2.895431,0.38891,2.735888,114.527855,1.634065,1.896814,0.851627,3.367627
1776193719.783508,228.576797,548.111023,777.934509,776.687805,77.127312,29.429689,2,3.672022,1.68282,3.066755,2.856593,0.384654,2.718444,128.002945,1.634065,1.896814,0.851627,3.367627
1776193720.557739,223.256805,544.704224,774.194458,767.960999,77.499908,29.071373,2,3.619814,1.703023,2.874247,2.80244,0.380212,2.751346,116.931564,1.634065,1.896814,0.851627,3.367627
1776193721.330723,223.256805,549.690918,772.947754,772.947754,77.624908,28.883816,2,3.564873,1.713799,3.118747,2.755461,0.382617,2.769035,139.155228,1.634065,1.896814,0.851627,3.367627
1776193722.086253,228.576797,533.150757,755.494141,761.727539,79.418221,30.007685,2,3.616882,1.651247,2.667565,2.732533,0.377437,2.667722,99.625374,1.634065,1.896814,0.851627,3.367627
1776193722.861731,230.704803,547.229736,775.441101,777.934509,77.375313,29.656071,2,3.646381,1.670307,3.450083,2.827554,0.385348,2.698241,129.571671,1.634065,1.896814,0.851627,3.367627
1776193723.633481,236.024811,541.909668,771.70105,777.934509,77.750313,30.339931,2,3.667809,1.633643,2.05626,2.830452,0.38558,2.639807,128.959015,1.634065,1.896814,0.851627,3.367627
1776193724.416439,230.704803,545.983032,782.921326,776.687805,76.636055,29.703674,2,3.562157,1.667701,2.646306,2.788889,0.384747,2.694049,119.878357,1.634065,1.896814,0.851627,3.367627
1776193725.189423,232.832794,542.608276,772.947754,775.441101,77.624908,30.025852,2,3.495328,1.650275,2.189507,2.701706,0.384238,2.666172,105.878365,1.634065,1.896814,0.851627,3.367627
1776193725.946199,237.088791,524.638733,756.740784,761.727539,79.287384,31.125143,2,3.632979,1.593531,4.336806,2.749224,0.377808,2.577189,135.652588,1.634065,1.896814,0.851627,3.367627
1776193726.707964,241.344788,525.369507,761.727539,766.714294,78.768318,31.4778,2,3.465794,1.576168,3.547825,2.639991,0.3804,2.550506,123.246986,1.634065,1.896814,0.851627,3.367627
1776193727.449793,226.448807,497.878113,741.780518,724.326904,80.886459,31.263342,2,3.383176,1.58668,0.841579,2.509574,0.359302,2.56663,136.217484,1.634065,1.896814,0.851627,3.367627
1776193728.20283,240.280807,528.92688,753.000732,769.207703,79.681198,31.237442,2,3.479486,1.58796,2.048806,2.620055,0.381556,2.568599,104.117088,1.634065,1.896814,0.851627,3.367627
1776193728.979555,237.088791,535.858948,776.687805,772.947754,77.251114,30.673328,2,3.452741,1.616361,2.248915,2.681702,0.383221,2.612661,117.608368,1.634065,1.896814,0.851627,3.367627
1776193729.728851,242.408798,513.085327,749.26062,755.494141,80.078941,32.086124,2,3.612963,1.547113,4.300052,2.707051,0.375034,2.50643,114.084778,1.634065,1.896814,0.851627,3.367627
1776193730.510562,233.896805,537.80426,781.674561,771.70105,76.758286,30.309252,2,3.466683,1.635252,1.685268,2.709818,0.38248,2.642349,153.283813,1.634065,1.896814,0.851627,3.367627
1776193731.272339,241.344788,529.109558,761.727539,770.454346,78.768318,31.324995,2,3.448035,1.583643,3.584138,2.626463,0.382204,2.561962,143.446671,1.634065,1.896814,0.851627,3.367627
1776193732.032856,236.024811,518.222656,760.480896,754.247437,78.897446,31.292757,2,3.535189,1.58523,3.108283,2.688444,0.374154,2.5644,112.581039,1.634065,1.896814,0.851627,3.367627
1776193732.802101,227.512787,531.721436,769.207703,759.234192,78.002342,29.966089,2,3.732596,1.653479,2.889338,2.871142,0.376188,2.671278,137.536453,1.634065,1.896814,0.851627,3.367627
1776193733.573837,224.320801,543.640198,771.70105,767.960999,77.750313,29.209921,2,3.69207,1.695153,2.313574,2.849174,0.380258,2.738487,141.60997,1.634065,1.896814,0.851627,3.367627
1776193734.330615,232.832794,533.88147,756.740784,766.714294,79.287384,30.367607,2,3.59997,1.632194,2.044143,2.724244,0.380028,2.637522,135.10997,1.634065,1.896814,0.851627,3.367627
1776193735.089886,227.512787,525.487915,759.234192,753.000732,79.027,30.214151,2,3.555465,1.640262,2.67792,2.69943,0.373181,2.650272,126.466614,1.634065,1.896814,0.851627,3.367627
1776193735.869116,229.640793,552.033752,779.181213,781.674561,77.003906,29.378056,2,3.644342,1.685701,4.097666,2.839603,0.387106,2.723114,142.010727,1.634065,1.896814,0.851627,3.367627
1776193736.647087,231.768814,548.659058,777.934509,780.427856,77.127312,29.69766,2,3.550921,1.668029,2.86683,2.762384,0.386597,2.694577,143.435837,1.634065,1.896814,0.851627,3.367627
1776193737.418824,233.896805,540.297668,771.70105,774.194458,77.750313,30.211636,2,3.611736,1.640395,3.304389,2.78718,0.383683,2.650482,124.705696,1.634065,1.896814,0.851627,3.367627
1776193738.181835,240.280807,530.173523,762.974243,770.454346,78.63961,31.186897,2,3.667434,1.590462,4.50174,2.798158,0.382158,2.572454,112.445724,1.634065,1.896814,0.851627,3.367627
1776193738.957325,241.344788,535.343018,775.441101,776.687805,77.375313,31.073591,2,3.550589,1.596103,3.528548,2.753273,0.385211,2.581162,120.150276,1.634065,1.896814,0.851627,3.367627
1776193739.745269,229.640793,544.55365,787.908081,774.194458,76.151016,29.6619,2,3.395502,1.669988,2.011538,2.675344,0.383497,2.697726,109.581604,1.634065,1.896814,0.851627,3.367627
1776193740.505786,236.024811,531.936157,760.480896,767.960999,78.897446,30.733957,2,3.528247,1.613258,2.732188,2.683164,0.380769,2.607814,110.815392,1.634065,1.896814,0.851627,3.367627
1776193741.280017,229.640793,537.073486,774.194458,766.714294,77.499908,29.951286,2,3.600768,1.654274,3.108283,2.787695,0.379889,2.672548,138.368637,1.634065,1.896814,0.851627,3.367627
1776193742.045534,233.896805,536.557556,765.467651,770.454346,78.383453,30.358297,2,3.634888,1.632681,4.921308,2.782389,0.381879,2.63829,159.295273,1.634065,1.896814,0.851627,3.367627
1776193742.821011,233.896805,541.544312,775.441101,775.441101,77.375313,30.163065,2,3.61863,1.642966,3.07979,2.806035,0.384284,2.654558,137.280457,1.634065,1.896814,0.851627,3.367627
1776193743.596489,230.704803,540.996216,775.441101,771.70105,77.375313,29.895618,2,3.550676,1.657273,3.280854,2.75334,0.382341,2.677337,131.948593,1.634065,1.896814,0.851627,3.367627
1776193744.368226,232.832794,541.361694,771.70105,774.194458,77.750313,30.0742,2,3.500749,1.647692,3.673802,2.701531,0.383637,2.662062,99.061943,1.634065,1.896814,0.851627,3.367627
1776193745.136223,236.024811,535.67627,767.960999,771.70105,78.128967,30.585007,2,3.562506,1.620902,2.958623,2.735866,0.382573,2.61977,137.544174,1.634065,1.896814,0.851627,3.367627
1776193745.898,243.472794,526.981567,761.727539,770.454346,78.768318,31.601196,2,3.642908,1.570183,4.880258,2.774903,0.382297,2.541369,102.099739,1.634065,1.896814,0.851627,3.367627
1776193746.673478,241.344788,531.602966,775.441101,772.947754,77.375313,31.223948,2,3.582856,1.588627,3.840829,2.778294,0.383407,2.569626,105.763229,1.634065,1.896814,0.851627,3.367627
1776193747.462669,230.704803,545.983032,789.154724,776.687805,76.030716,29.703674,2,3.575593,1.667701,2.513757,2.821696,0.384747,2.694049,150.379425,1.634065,1.896814,0.851627,3.367627
1776193748.218199,234.960815,525.520081,755.494141,760.480896,79.418221,30.896347,2,3.561576,1.605009,3.163285,2.69075,0.377114,2.594967,120.031281,1.634065,1.896814,0.851627,3.367627
1776193748.994936,226.448807,540.265503,776.687805,766.714294,77.251114,29.534966,2,3.457417,1.676977,2.466318,2.685334,0.37975,2.708994,102.224998,1.634065,1.896814,0.851627,3.367627
1776193749.76044,233.896805,540.297668,765.467651,774.194458,78.383453,30.211636,2,3.523491,1.640395,2.388477,2.697119,0.383683,2.650482,116.962387,1.634065,1.896814,0.851627,3.367627
1776193750.525944,234.960815,531.753479,765.467651,766.714294,78.383453,30.645159,2,3.516782,1.617806,2.430041,2.691983,0.380121,2.614922,125.58149,1.634065,1.896814,0.851627,3.367627
1776193751.312642,233.896805,551.517883,786.661377,785.414673,76.271698,29.780039,2,3.50006,1.663536,1.493824,2.753362,0.389096,2.687363,124.61454,1.634065,1.896814,0.851627,3.367627
1776193752.093118,230.704803,545.983032,780.427856,776.687805,76.880905,29.703674,2,3.461133,1.667701,2.040618,2.701164,0.384747,2.694049,137.568253,1.634065,1.896814,0.851627,3.367627
1776193752.868596,232.832794,545.101685,775.441101,777.934509,77.375313,29.929615,2,3.451919,1.655441,2.521063,2.67676,0.385441,2.674409,107.271034,1.634065,1.896814,0.851627,3.367627
1776193753.646567,228.576797,544.370972,777.934509,772.947754,77.127312,29.572088,2,3.422235,1.674927,1.912768,2.662275,0.382849,2.705684,90.509987,1.634065,1.896814,0.851627,3.367627
1776193754.422045,231.768814,547.412415,775.441101,779.181213,77.375313,29.745174,2,3.434183,1.665435,2.248291,2.663007,0.385996,2.690409,113.866646,1.634065,1.896814,0.851627,3.367627
1776193755.195029,233.896805,541.544312,772.947754,775.441101,77.624908,30.163065,2,3.5192,1.642966,2.743827,2.720158,0.384284,2.654558,121.772408,1.634065,1.896814,0.851627,3.367627
1776193755.971765,223.256805,540.964111,776.687805,764.220947,77.251114,29.213646,2,3.542283,1.694942,0.724781,2.751248,0.378407,2.738143,94.659111,1.634065,1.896814,0.851627,3.367627
1776193756.747243,233.896805,554.011292,775.441101,787.908081,77.375313,29.685799,2,3.562129,1.668679,3.395081,2.762221,0.390299,2.695621,135.254257,1.634065,1.896814,0.851627,3.367627
1776193757.522721,234.960815,541.72699,775.441101,776.687805,77.375313,30.251642,2,3.591814,1.638283,2.841275,2.78524,0.384932,2.64714,126.5149,1.634065,1.896814,0.851627,3.367627
1776193758.299445,241.344788,542.823242,776.687805,784.16803,77.251114,30.777178,2,3.563457,1.611054,3.481807,2.767693,0.38882,2.604376,144.498917,1.634065,1.896814,0.851627,3.367627
1776193759.097375,229.640793,554.527222,797.881592,784.16803,75.199127,29.284641,2,3.473303,1.690939,2.108214,2.771285,0.388309,2.731624,110.938866,1.634065,1.896814,0.851627,3.367627
1776193759.867866,233.896805,541.544312,770.454346,775.441101,77.876129,30.163065,2,3.527732,1.642966,1.769608,2.717957,0.384284,2.654558,119.47892,1.634065,1.896814,0.851627,3.367627
1776193760.65207,236.024811,550.636597,784.16803,786.661377,76.514214,30.003357,2,3.375624,1.651479,2.673954,2.647057,0.38979,2.668091,110.347725,1.634065,1.896814,0.851627,3.367627
1776193761.430053,234.960815,541.72699,777.934509,776.687805,77.127312,30.251642,2,3.418119,1.638283,2.758734,2.659073,0.384932,2.64714,105.078468,1.634065,1.896814,0.851627,3.367627
1776193762.205531,237.088791,540.845703,775.441101,777.934509,77.375313,30.476704,2,3.542727,1.626507,1.566929,2.747176,0.385627,2.628568,95.648033,1.634065,1.896814,0.851627,3.367627
1776193762.977268,231.768814,533.698853,771.70105,765.467651,77.750313,30.278069,2,3.541827,1.636891,2.679168,2.733232,0.37938,2.644939,109.160255,1.634065,1.896814,0.851627,3.367627
1776193763.756486,238.152802,548.508545,779.181213,786.661377,77.003906,30.273863,2,3.576613,1.637113,3.145698,2.78683,0.389883,2.645289,141.087128,1.634065,1.896814,0.851627,3.367627
1776193764.533211,231.768814,537.438904,776.687805,769.207703,77.251114,30.130848,2,3.549078,1.644676,3.320545,2.756526,0.381185,2.657271,137.832947,1.634065,1.896814,0.851627,3.367627
1776193765.31244,227.512787,546.681641,779.181213,774.194458,77.003906,29.387033,2,3.445558,1.685199,1.796558,2.684714,0.383404,2.722301,131.169876,1.634065,1.896814,0.851627,3.367627
1776193766.084178,233.896805,545.284424,771.70105,779.181213,77.750313,30.018282,2,3.547329,1.65068,2.277114,2.737478,0.386089,2.666818,116.046837,1.634065,1.896814,0.851627,3.367627
1776193766.847188,230.704803,528.529419,762.974243,759.234192,78.63961,30.386513,2,3.595475,1.631205,2.199273,2.743255,0.376327,2.635963,102.141029,1.634065,1.896814,0.851627,3.367627
1776193767.610199,229.640793,532.086731,762.974243,761.727539,78.63961,30.147367,2,3.573533,1.643799,2.38275,2.726513,0.377483,2.655879,129.921387,1.634065,1.896814,0.851627,3.367627
1776193768.380702,230.704803,540.996216,770.454346,771.70105,77.876129,29.895618,2,3.632837,1.657273,3.268039,2.798935,0.382341,2.677337,140.254959,1.634065,1.896814,0.851627,3.367627
1776193769.153686,232.832794,542.608276,772.947754,775.441101,77.624908,30.025852,2,3.553058,1.650275,1.379487,2.746328,0.384238,2.666172,86.024513,1.634065,1.896814,0.851627,3.367627
1776193769.941631,232.832794,555.075317,787.908081,787.908081,76.151016,29.550755,2,3.490729,1.676105,1.762191,2.750374,0.390252,2.707585,119.795769,1.634065,1.896814,0.851627,3.367627
1776193770.705888,240.280807,532.666931,764.220947,772.947754,78.51133,31.086292,2,3.495233,1.595468,3.015755,2.67113,0.38336,2.580181,109.187416,1.634065,1.896814,0.851627,3.367627
1776193771.473886,233.896805,526.584106,767.960999,760.480896,78.128967,30.756435,2,3.454371,1.612111,1.184078,2.652822,0.377068,2.606024,116.496696,1.634065,1.896814,0.851627,3.367627
1776193772.229428,230.704803,521.049316,755.494141,751.754089,79.418221,30.688868,2,3.493427,1.615565,2.207461,2.639264,0.372719,2.611416,96.104622,1.634065,1.896814,0.851627,3.367627
1776193773.009893,230.704803,549.723022,780.427856,780.427856,76.880905,29.561323,2,3.544835,1.675521,1.980291,2.766488,0.386551,2.706643,126.97599,1.634065,1.896814,0.851627,3.367627
1776193773.790357,225.384796,548.809692,780.427856,774.194458,76.880905,29.112169,2,3.553892,1.700698,1.019988,2.773556,0.383311,2.747541,109.518105,1.634065,1.896814,0.851627,3.367627
1776193774.553368,233.896805,539.050964,762.974243,772.947754,78.63961,30.260363,2,3.629944,1.637824,4.455954,2.769553,0.383082,2.646413,105.543358,1.634065,1.896814,0.851627,3.367627
1776193775.342572,224.320801,553.613708,789.154724,777.934509,76.030716,28.835434,2,3.548777,1.716601,3.269655,2.800534,0.385069,2.773652,130.969223,1.634065,1.896814,0.851627,3.367627
1776193776.106828,233.896805,541.544312,764.220947,775.441101,78.51133,30.163065,2,3.62874,1.642966,3.734826,2.773159,0.384284,2.654558,134.475861,1.634065,1.896814,0.851627,3.367627
1776193776.881059,227.512787,539.201538,774.194458,766.714294,77.499908,29.673737,2,3.539443,1.669339,2.520072,2.740217,0.379796,2.696683,135.274384,1.634065,1.896814,0.851627,3.367627
1776193777.65529,228.576797,546.864319,774.194458,775.441101,77.499908,29.477003,2,3.499277,1.680189,2.115264,2.709121,0.384052,2.714185,103.527534,1.634065,1.896814,0.851627,3.367627
1776193778.437014,227.512787,552.915039,781.674561,780.427856,76.758286,29.152315,2,3.437939,1.698416,1.431332,2.687349,0.386411,2.743812,99.266029,1.634065,1.896814,0.851627,3.367627
1776193779.196284,245.600784,534.827087,759.234192,780.427856,79.027,31.470018,2,3.516965,1.576547,3.056805,2.6702,0.387201,2.551085,109.359421,1.634065,1.896814,0.851627,3.367627
1776193779.974255,239.216797,531.237549,777.934509,770.454346,77.127312,31.048796,2,3.445442,1.597342,2.967729,2.680328,0.382111,2.58308,101.475319,1.634065,1.896814,0.851627,3.367627
1776193780.748486,232.832794,533.88147,774.194458,766.714294,77.499908,30.367607,2,3.393148,1.632194,1.797329,2.626956,0.380028,2.637522,102.635765,1.634065,1.896814,0.851627,3.367627
1776193781.526457,229.640793,544.55365,777.934509,774.194458,77.127312,29.6619,2,3.370181,1.669988,1.508254,2.62178,0.383497,2.697726,92.084511,1.634065,1.896814,0.851627,3.367627
1776193782.295714,233.896805,540.297668,769.207703,774.194458,78.002342,30.211636,2,3.480291,1.640395,1.813191,2.677067,0.383683,2.650482,99.83091,1.634065,1.896814,0.851627,3.367627
1776193783.071191,233.896805,541.544312,775.441101,775.441101,77.375313,30.163065,2,3.417883,1.642966,1.104181,2.650367,0.384284,2.654558,95.667969,1.634065,1.896814,0.851627,3.367627
1776193783.852902,226.448807,546.498962,781.674561,772.947754,76.758286,29.29678,2,3.421019,1.690256,1.427219,2.674123,0.382757,2.730514,116.119576,1.634065,1.896814,0.851627,3.367627
1776193784.629626,220.064789,549.142944,776.687805,769.207703,77.251114,28.609282,2,3.43666,1.729825,1.238419,2.669212,0.380674,2.795528,107.760918,1.634065,1.896814,0.851627,3.367627
1776193785.397637,221.128799,548.078918,767.960999,769.207703,78.128967,28.747606,2,3.442323,1.721712,1.098379,2.643569,0.38072,2.782089,84.757744,1.634065,1.896814,0.851627,3.367627
1776193786.171868,223.256805,553.43103,774.194458,776.687805,77.499908,28.74473,2,3.398396,1.72188,0.441177,2.631019,0.384421,2.782366,99.681023,1.634065,1.896814,0.851627,3.367627
1776193786.928644,230.704803,534.762817,756.740784,765.467651,79.287384,30.139069,2,3.525321,1.644239,2.162556,2.667754,0.379334,2.656578,107.350128,1.634065,1.896814,0.851627,3.367627
1776193787.709108,230.704803,549.723022,780.427856,780.427856,76.880905,29.561323,2,3.46284,1.675521,2.623945,2.702497,0.386551,2.706643,115.450661,1.634065,1.896814,0.851627,3.367627
1776193788.485845,227.512787,545.434937,776.687805,772.947754,77.251114,29.434433,2,3.550671,1.682556,1.846237,2.757763,0.382803,2.718016,112.255859,1.634065,1.896814,0.851627,3.367627
1776193789.25509,229.640793,542.060242,769.207703,771.70105,78.002342,29.757742,2,3.502109,1.66475,1.930723,2.693849,0.382294,2.68931,107.342644,1.634065,1.896814,0.851627,3.367627
1776193790.028074,228.576797,543.124268,772.947754,771.70105,77.624908,29.619864,2,3.509554,1.672296,1.570637,2.712702,0.382248,2.701443,109.802193,1.634065,1.896814,0.851627,3.367627
1776193790.806044,225.384796,548.809692,777.934509,774.194458,77.127312,29.112169,2,3.440785,1.700698,1.034822,2.676705,0.383311,2.747541,104.949364,1.634065,1.896814,0.851627,3.367627
1776193791.569055,230.704803,538.50293,762.974243,769.207703,78.63961,29.992523,2,3.492644,1.65206,1.696467,2.664797,0.381138,2.669016,117.49279,1.634065,1.896814,0.851627,3.367627
1776193792.318365,240.280807,520.200073,749.26062,760.480896,80.078941,31.595903,2,3.557047,1.570439,1.924408,2.665155,0.377346,2.541759,104.327995,1.634065,1.896814,0.851627,3.367627
1776193793.072649,237.088791,513.418579,754.247437,750.507385,79.549492,31.590467,2,3.460082,1.570702,2.690293,2.609758,0.372396,2.54216,135.005737,1.634065,1.896814,0.851627,3.367627
1776193793.84688,232.832794,536.374878,774.194458,769.207703,77.499908,30.269169,2,3.426008,1.63736,2.652217,2.652396,0.381231,2.645679,116.875587,1.634065,1.896814,0.851627,3.367627
1776193794.623603,229.640793,543.306946,776.687805,772.947754,77.251114,29.709743,2,3.458438,1.667369,2.08824,2.686126,0.382896,2.693516,103.100395,1.634065,1.896814,0.851627,3.367627
1776193795.387861,229.640793,534.580139,764.220947,764.220947,78.51133,30.049006,2,3.5723,1.649037,2.637531,2.730027,0.378686,2.664202,131.274094,1.634065,1.896814,0.851627,3.367627
1776193796.178311,230.704803,560.943359,790.401428,791.648132,75.910797,29.142342,2,3.5279,1.698982,1.376806,2.788457,0.391963,2.744737,140.499161,1.634065,1.896814,0.851627,3.367627
1776193796.963763,229.640793,554.527222,785.414673,784.16803,76.392769,29.284641,2,3.592897,1.690939,2.226958,2.821914,0.388309,2.731624,147.821823,1.634065,1.896814,0.851627,3.367627
1776193797.731759,236.024811,539.41626,767.960999,775.441101,78.128967,30.43749,2,3.559499,1.628546,2.836905,2.733557,0.384377,2.631776,145.198318,1.634065,1.896814,0.851627,3.367627
1776193798.51347,233.896805,545.284424,781.674561,779.181213,76.758286,30.018282,2,3.489408,1.65068,1.942546,2.727581,0.386089,2.666818,127.872108,1.634065,1.896814,0.851627,3.367627
1776193799.285221,230.704803,537.256226,771.70105,767.960999,77.750313,30.041214,2,3.453794,1.649453,2.481188,2.665297,0.380537,2.664865,127.425423,1.634065,1.896814,0.851627,3.367627
1776193800.066932,225.384796,550.056274,781.674561,775.441101,76.758286,29.065367,2,3.502306,1.703366,1.805407,2.737664,0.383913,2.751907,127.71862,1.634065,1.896814,0.851627,3.367627
1776193800.844903,231.768814,553.645874,777.934509,785.414673,77.127312,29.5091,2,3.553515,1.678409,2.31765,2.764402,0.389003,2.711307,141.155746,1.634065,1.896814,0.851627,3.367627
1776193801.632847,232.832794,556.321899,787.908081,789.154724,76.151016,29.504072,2,3.562775,1.678688,2.389983,2.807139,0.390854,2.711757,108.598427,1.634065,1.896814,0.851627,3.367627
1776193802.400857,221.128799,533.118652,767.960999,754.247437,78.128967,29.317804,2,3.664846,1.689076,2.596995,2.814459,0.373503,2.728594,111.287804,1.634065,1.896814,0.851627,3.367627
1776193803.183815,222.192795,561.97522,782.921326,784.16803,76.636055,28.334845,2,3.647753,1.746156,2.183889,2.855904,0.387983,2.822749,143.734116,1.634065,1.896814,0.851627,3.367627
1776193803.951812,226.448807,546.498962,767.960999,772.947754,78.128967,29.29678,2,3.668164,1.690256,2.241645,2.817007,0.382757,2.730514,115.817284,1.634065,1.896814,0.851627,3.367627
1776193804.72729,219.000793,547.713501,775.441101,766.714294,77.375313,28.563547,2,3.698874,1.732525,1.209119,2.868259,0.379424,2.800012,109.407204,1.634065,1.896814,0.851627,3.367627
1776193805.497792,225.384796,552.549683,770.454346,777.934509,77.876129,28.972206,2,3.59542,1.708703,1.340346,2.770107,0.385116,2.760658,105.332939,1.634065,1.896814,0.851627,3.367627
1776193806.263297,228.576797,540.63092,765.467651,769.207703,78.383453,29.715876,2,3.574906,1.667034,1.520665,2.736475,0.381045,2.692977,103.83448,1.634065,1.896814,0.851627,3.367627
1776193807.023814,230.704803,532.269409,760.480896,762.974243,78.897446,30.237562,2,3.676051,1.639026,3.89227,2.795566,0.378131,2.648315,123.589539,1.634065,1.896814,0.851627,3.367627
1776193807.811759,217.936798,555.010986,787.908081,772.947754,76.151016,28.195541,2,3.528533,1.754568,1.363919,2.780159,0.382385,2.836858,123.621941,1.634065,1.896814,0.851627,3.367627
1776193808.561056,227.512787,532.96814,749.26062,760.480896,80.078941,29.916964,2,3.637689,1.656122,1.400599,2.725577,0.376789,2.675498,109.582367,1.634065,1.896814,0.851627,3.367627
1776193809.320338,231.768814,532.452148,759.234192,764.220947,79.027,30.327459,2,3.584166,1.634297,1.86096,2.721221,0.378779,2.64084,109.644997,1.634065,1.896814,0.851627,3.367627
1776193810.083349,227.512787,530.474731,762.974243,757.987488,78.63961,30.015377,2,3.545808,1.650835,1.636948,2.70536,0.375586,2.667065,79.924034,1.634065,1.896814,0.851627,3.367627
1776193810.84636,230.704803,536.009521,762.974243,766.714294,78.63961,30.090061,2,3.689541,1.646846,2.484273,2.815025,0.379935,2.660718,127.802376,1.634065,1.896814,0.851627,3.367627
1776193811.625578,230.704803,548.47644,779.181213,779.181213,77.003906,29.60862,2,3.565812,1.672914,1.615138,2.778413,0.385949,2.702439,105.87439,1.634065,1.896814,0.851627,3.367627
1776193812.397315,240.280807,542.640503,771.70105,782.921326,77.750313,30.690289,2,3.520179,1.615492,3.338023,2.716526,0.388172,2.611302,116.37896,1.634065,1.896814,0.851627,3.367627
1776193813.176545,241.344788,539.083069,779.181213,780.427856,77.003906,30.924675,2,3.466685,1.603578,2.182457,2.701176,0.387015,2.592745,94.560234,1.634065,1.896814,0.851627,3.367627
1776193813.947036,244.536804,529.657654,770.454346,774.194458,77.876129,31.585968,2,3.529272,1.57092,3.223979,2.719143,0.384148,2.542491,106.95269,1.634065,1.896814,0.851627,3.367627
1776193814.73498,237.088791,542.092407,787.908081,779.181213,76.151016,30.427938,2,3.453137,1.629044,2.615537,2.720754,0.386228,2.632559,104.273094,1.634065,1.896814,0.851627,3.367627
1776193815.483031,255.176788,514.030884,748.013916,769.207703,80.21241,33.173977,2,3.5609,1.497811,5.04409,2.663603,0.382207,2.433281,111.556114,1.634065,1.896814,0.851627,3.367627
1776193816.278467,237.088791,537.105652,795.388184,774.194458,75.434868,30.623934,2,3.333712,1.618898,2.219541,2.651595,0.383822,2.61663,104.722282,1.634065,1.896814,0.851627,3.367627
1776193817.058932,224.320801,541.146851,780.427856,765.467651,76.880905,29.305065,2,3.488913,1.689791,1.742914,2.722845,0.379055,2.729757,124.017952,1.634065,1.896814,0.851627,3.367627
1776193817.821943,228.576797,539.384216,762.974243,767.960999,78.63961,29.764116,2,3.739146,1.664403,2.882141,2.852872,0.380444,2.688753,142.730911,1.634065,1.896814,0.851627,3.367627
1776193818.60116,215.808792,548.41217,779.181213,764.220947,77.003906,28.239056,2,3.715738,1.751932,2.695287,2.895233,0.378082,2.832429,149.351273,1.634065,1.896814,0.851627,3.367627
1776193819.365429,225.384796,550.056274,764.220947,775.441101,78.51133,29.065367,2,3.735271,1.703366,1.100289,2.854572,0.383913,2.751907,116.128014,1.634065,1.896814,0.851627,3.367627
1776193820.13218,229.640793,542.060242,766.714294,771.70105,78.256004,29.757742,2,3.772648,1.66475,2.865178,2.892544,0.382294,2.68931,150.754074,1.634065,1.896814,0.851627,3.367627
1776193820.921372,224.320801,558.600525,789.154724,782.921326,76.030716,28.651768,2,3.620047,1.727325,2.706596,2.856777,0.387475,2.79138,139.288132,1.634065,1.896814,0.851627,3.367627
1776193821.695603,233.896805,551.517883,774.194458,785.414673,77.499908,29.780039,2,3.554513,1.663536,2.263638,2.751884,0.389096,2.687363,116.0933,1.634065,1.896814,0.851627,3.367627
1776193822.471092,223.256805,539.717407,775.441101,762.974243,77.375313,29.261381,2,3.577845,1.692248,2.208159,2.774408,0.377806,2.733755,112.125534,1.634065,1.896814,0.851627,3.367627
1776193823.255297,220.064789,560.363037,784.16803,780.427856,76.514214,28.197968,2,3.656477,1.754421,1.807353,2.867292,0.386086,2.83661,150.24263,1.634065,1.896814,0.851627,3.367627
1776193824.015814,229.640793,542.060242,760.480896,771.70105,78.897446,29.757742,2,3.606914,1.66475,1.707703,2.742989,0.382294,2.68931,111.680626,1.634065,1.896814,0.851627,3.367627
1776193824.781318,223.256805,534.730713,765.467651,757.987488,78.383453,29.453892,2,3.475569,1.681473,1.567002,2.660435,0.3754,2.716263,97.350151,1.634065,1.896814,0.851627,3.367627
1776193825.554303,226.448807,550.239014,772.947754,776.687805,77.624908,29.155704,2,3.53497,1.698224,2.508947,2.732347,0.384561,2.743498,106.561272,1.634065,1.896814,0.851627,3.367627
1776193826.326052,231.768814,546.16571,771.70105,777.934509,77.750313,29.792845,2,3.576701,1.66284,2.212124,2.760144,0.385394,2.686247,117.656166,1.634065,1.896814,0.851627,3.367627
1776193827.102776,228.576797,544.370972,776.687805,772.947754,77.251114,29.572088,2,3.646412,1.674927,1.884643,2.832124,0.382849,2.705684,107.630501,1.634065,1.896814,0.851627,3.367627
1776193827.878254,233.896805,547.777771,775.441101,781.674561,77.375313,29.922529,2,3.6187,1.655822,3.003932,2.806088,0.387292,2.675019,128.425568,1.634065,1.896814,0.851627,3.367627
1776193828.642511,238.152802,531.054932,764.220947,769.207703,78.51133,30.960793,2,3.593598,1.601759,1.59722,2.746303,0.381463,2.589921,89.3974,1.634065,1.896814,0.851627,3.367627
1776193829.426728,240.280807,546.380554,784.16803,786.661377,76.514214,30.544376,2,3.590221,1.623001,2.514271,2.815336,0.389976,2.62306,100.435524,1.634065,1.896814,0.851627,3.367627
1776193830.198465,237.088791,530.872192,771.70105,767.960999,77.750313,30.872503,2,3.546313,1.606215,2.416236,2.736693,0.380815,2.596841,101.973961,1.634065,1.896814,0.851627,3.367627
1776193830.99015,224.320801,552.367004,791.648132,776.687805,75.791245,28.88172,2,3.369977,1.71392,0.831261,2.667836,0.384468,2.769234,115.835625,1.634065,1.896814,0.851627,3.367627
1776193831.751914,227.512787,537.954834,761.727539,765.467651,78.768318,29.722065,2,3.586646,1.666696,2.374598,2.732047,0.379195,2.692434,121.595749,1.634065,1.896814,0.851627,3.367627
1776193832.52491,230.704803,545.983032,772.947754,776.687805,77.624908,29.703674,2,3.552411,1.667701,2.31776,2.745828,0.384747,2.694049,135.885818,1.634065,1.896814,0.851627,3.367627
1776193833.299141,230.704803,543.489624,774.194458,774.194458,77.499908,29.799335,2,3.47879,1.662487,1.661035,2.69326,0.383544,2.685682,92.629601,1.634065,1.896814,0.851627,3.367627
1776193834.057165,230.704803,527.282715,757.987488,757.987488,79.156982,30.436493,2,3.609588,1.628599,1.92338,2.736023,0.375726,2.631858,108.376678,1.634065,1.896814,0.851627,3.367627
1776193834.826409,233.896805,539.050964,769.207703,772.947754,78.002342,30.260363,2,3.557514,1.637824,2.187524,2.736468,0.383082,2.646413,119.435844,1.634065,1.896814,0.851627,3.367627
1776193835.603134,232.832794,542.608276,776.687805,775.441101,77.251114,30.025852,2,3.480425,1.650275,2.141774,2.703204,0.384238,2.666172,97.844292,1.634065,1.896814,0.851627,3.367627
1776193836.384857,232.832794,548.841797,781.674561,781.674561,76.758286,29.786411,2,3.457323,1.66319,2.548234,2.702502,0.387245,2.686808,121.153252,1.634065,1.896814,0.851627,3.367627
1776193837.169061,229.640793,550.787048,784.16803,780.427856,76.514214,29.424986,2,3.439607,1.683082,2.696241,2.697229,0.386504,2.718869,121.167847,1.634065,1.896814,0.851627,3.367627
1776193837.937059,231.768814,538.685547,767.960999,770.454346,78.128967,30.082094,2,3.66248,1.647271,2.316218,2.812642,0.381786,2.661393,116.898125,1.634065,1.896814,0.851627,3.367627
1776193838.716276,232.832794,547.595093,779.181213,780.427856,77.003906,29.833994,2,3.581996,1.660606,2.11699,2.791024,0.386644,2.682669,127.382271,1.634065,1.896814,0.851627,3.367627
1776193839.498,234.960815,549.207214,781.674561,784.16803,76.758286,29.96307,2,3.551697,1.653641,3.111917,2.776271,0.388541,2.671537,126.275627,1.634065,1.896814,0.851627,3.367627
1776193840.27223,239.216797,539.964417,774.194458,779.181213,77.499908,30.701048,2,3.41142,1.614941,2.275352,2.641103,0.386321,2.610441,99.571266,1.634065,1.896814,0.851627,3.367627
1776193841.042721,232.832794,530.141479,770.454346,762.974243,77.876129,30.51647,2,3.47666,1.624445,3.279128,2.678608,0.378224,2.625327,118.068199,1.634065,1.896814,0.851627,3.367627
1776193841.793265,243.472794,519.501465,750.507385,762.974243,79.945915,31.911009,2,3.617949,1.555363,3.531008,2.715298,0.378689,2.518873,132.267654,1.634065,1.896814,0.851627,3.367627
1776193842.562509,240.280807,525.186829,769.207703,765.467651,78.002342,31.390068,2,3.556648,1.580451,3.369856,2.735801,0.379752,2.557064,123.222305,1.634065,1.896814,0.851627,3.367627
1776193843.328026,239.216797,525.00415,765.467651,764.220947,78.383453,31.302048,2,3.515032,1.584772,3.189391,2.690643,0.379104,2.563697,108.202827,1.634065,1.896814,0.851627,3.367627
1776193844.102256,239.216797,534.977661,774.194458,774.194458,77.499908,30.8988,2,3.56696,1.604885,3.159062,2.761521,0.383915,2.594774,119.500252,1.634065,1.896814,0.851627,3.367627
1776193844.881474,227.512787,537.954834,779.181213,765.467651,77.003906,29.722065,2,3.49879,1.666696,1.754333,2.726191,0.379195,2.692434,101.851768,1.634065,1.896814,0.851627,3.367627
1776193845.658198,225.384796,548.809692,776.687805,774.194458,77.251114,29.112169,2,3.512825,1.700698,3.322418,2.728368,0.383311,2.747541,138.326035,1.634065,1.896814,0.851627,3.367627
1776193846.422469,227.512787,539.201538,764.220947,766.714294,78.51133,29.673737,2,3.724772,1.669339,4.027683,2.846549,0.379796,2.696683,144.098663,1.634065,1.896814,0.851627,3.367627
1776193847.206673,223.256805,555.924438,784.16803,779.181213,76.514214,28.652746,2,3.700325,1.727267,2.398538,2.901676,0.385624,2.791285,141.531464,1.634065,1.896814,0.851627,3.367627
1776193847.973423,232.832794,545.101685,766.714294,777.934509,78.256004,29.929615,2,3.676443,1.655441,2.668263,2.818781,0.385441,2.674409,135.762726,1.634065,1.896814,0.851627,3.367627
1776193848.753888,233.896805,547.777771,780.427856,781.674561,76.880905,29.922529,2,3.659365,1.655822,2.580252,2.85587,0.387292,2.675019,125.623169,1.634065,1.896814,0.851627,3.367627
1776193849.529378,229.640793,540.813538,775.441101,770.454346,77.375313,29.805893,2,3.526966,1.662131,0.929664,2.734954,0.381693,2.685111,73.994156,1.634065,1.896814,0.851627,3.367627
1776193850.303609,222.192795,543.274841,774.194458,765.467651,77.499908,29.027065,2,3.495143,1.705556,1.720517,2.70592,0.378962,2.755495,102.306129,1.634065,1.896814,0.851627,3.367627
1776193851.060385,232.832794,536.374878,756.740784,769.207703,79.287384,30.269169,2,3.610628,1.63736,2.770447,2.732309,0.381231,2.645679,109.386192,1.634065,1.896814,0.851627,3.367627
1776193851.832123,230.704803,538.50293,771.70105,769.207703,77.750313,29.992523,2,3.623853,1.65206,1.706748,2.796531,0.381138,2.669016,107.778992,1.634065,1.896814,0.851627,3.367627
1776193852.610094,231.768814,547.412415,777.934509,779.181213,77.127312,29.745174,2,3.507763,1.665435,1.864889,2.72881,0.385996,2.690409,118.213219,1.634065,1.896814,0.851627,3.367627
1776193853.383091,232.832794,541.361694,772.947754,774.194458,77.624908,30.0742,2,3.44205,1.647692,0.571634,2.660525,0.383637,2.662062,100.684441,1.634065,1.896814,0.851627,3.367627
1776193854.147348,237.088791,532.118896,764.220947,769.207703,78.51133,30.822468,2,3.473831,1.608751,2.831141,2.654774,0.381417,2.600788,129.180206,1.634065,1.896814,0.851627,3.367627
1776193854.919085,237.088791,534.612244,771.70105,771.70105,77.750313,30.722881,2,3.511199,1.613824,3.028055,2.709596,0.38262,2.608697,110.165314,1.634065,1.896814,0.851627,3.367627
1776193855.685836,238.152802,529.808228,766.714294,767.960999,78.256004,31.011053,2,3.611148,1.599233,2.025417,2.768719,0.380862,2.586007,125.058205,1.634065,1.896814,0.851627,3.367627
1776193856.445107,232.832794,520.167969,759.234192,753.000732,79.027,30.92066,2,3.584103,1.603781,2.34908,2.721173,0.373413,2.59306,106.082268,1.634065,1.896814,0.851627,3.367627
1776193857.228077,230.704803,549.723022,782.921326,780.427856,76.636055,29.561323,2,3.597238,1.675521,1.268013,2.816354,0.386551,2.706643,106.526695,1.634065,1.896814,0.851627,3.367627
1776193857.972388,243.472794,515.761414,744.273865,759.234192,80.615486,32.068207,2,3.702152,1.547953,3.666128,2.755415,0.376884,2.507694,119.743523,1.634065,1.896814,0.851627,3.367627
1776193858.759085,231.768814,541.178955,786.661377,772.947754,76.271698,29.985056,2,3.638832,1.65246,1.279946,2.862529,0.382989,2.669655,141.719299,1.634065,1.896814,0.851627,3.367627
1776193859.522095,243.472794,533.215027,762.974243,776.687805,78.63961,31.347576,2,3.524496,1.582534,1.83423,2.689099,0.385304,2.560259,139.409897,1.634065,1.896814,0.851627,3.367627
1776193860.288859,220.064789,519.22229,766.714294,739.287109,78.256004,29.767162,2,3.35068,1.664237,0.491847,2.569014,0.36624,2.688487,129.842087,1.634065,1.896814,0.851627,3.367627
1776193861.029429,228.576797,521.930603,740.533813,750.507385,81.022636,30.456301,2,3.599702,1.627568,0.985474,2.665701,0.372024,2.630236,109.236015,1.634065,1.896814,0.851627,3.367627
1776193861.801167,225.384796,542.576172,771.70105,767.960999,77.750313,29.348469,2,3.556142,1.687356,2.069845,2.744279,0.380304,2.725801,106.793503,1.634065,1.896814,0.851627,3.367627
1776193862.569164,221.128799,541.845459,767.960999,762.974243,78.128967,28.982471,2,3.503975,1.708113,1.311156,2.690916,0.377713,2.759689,122.854912,1.634065,1.896814,0.851627,3.367627
1776193863.318461,223.256805,528.497314,749.26062,751.754089,80.078941,29.698116,2,3.609055,1.668005,2.119376,2.704123,0.372393,2.694537,137.095657,1.634065,1.896814,0.851627,3.367627
1776193864.081472,227.512787,540.448242,762.974243,767.960999,78.63961,29.625565,2,3.701117,1.671983,2.419063,2.823857,0.380397,2.700938,112.383888,1.634065,1.896814,0.851627,3.367627
1776193864.839508,229.640793,530.840088,757.987488,760.480896,79.156982,30.196785,2,3.640404,1.64118,1.769094,2.759381,0.376882,2.651727,130.844604,1.634065,1.896814,0.851627,3.367627
1776193865.605012,226.448807,535.278748,765.467651,761.727539,78.383453,29.728321,2,3.496763,1.666354,0.005857,2.676659,0.377344,2.691885,87.945488,1.634065,1.896814,0.851627,3.367627
1776193866.374256,223.256805,542.210815,769.207703,765.467651,78.002342,29.166067,2,3.438108,1.697636,1.175008,2.644619,0.379009,2.742538,100.754608,1.634065,1.896814,0.851627,3.367627
1776193867.142253,225.384796,545.06958,767.960999,770.454346,78.128967,29.253492,2,3.452019,1.692693,1.756206,2.651016,0.381507,2.734479,111.454597,1.634065,1.896814,0.851627,3.367627
1776193867.902771,227.512787,535.461426,760.480896,762.974243,78.897446,29.819197,2,3.543366,1.661409,1.735718,2.694662,0.377992,2.683954,91.870018,1.634065,1.896814,0.851627,3.367627
1776193868.680754,224.320801,549.873657,777.934509,774.194458,77.127312,28.974735,2,3.494857,1.708558,0.838091,2.71877,0.383265,2.760419,98.329025,1.634065,1.896814,0.851627,3.367627
1776193869.459971,231.768814,556.139282,779.181213,787.908081,77.003906,29.415718,2,3.482276,1.683599,2.590055,2.713324,0.390206,2.719706,112.935051,1.634065,1.896814,0.851627,3.367627
1776193870.236696,223.256805,543.45752,776.687805,766.714294,77.251114,29.118645,2,3.578032,1.70033,0.586284,2.779014,0.37961,2.746939,73.239922,1.634065,1.896814,0.851627,3.367627
1776193871.010927,223.256805,550.937622,774.194458,774.194458,77.499908,28.837303,2,3.443896,1.716492,0.739909,2.666245,0.383219,2.773473,64.795952,1.634065,1.896814,0.851627,3.367627
1776193871.770198,225.384796,536.342773,759.234192,761.727539,79.027,29.588636,2,3.511914,1.674015,1.83166,2.666365,0.377297,2.704213,86.83744,1.634065,1.896814,0.851627,3.367627
1776193872.544441,224.320801,548.626953,774.194458,772.947754,77.499908,29.021469,2,3.460445,1.705877,0.784594,2.679057,0.382664,2.75602,76.212852,1.634065,1.896814,0.851627,3.367627
1776193873.309944,228.576797,541.877563,765.467651,770.454346,78.383453,29.667791,2,3.462246,1.669665,1.430083,2.650237,0.381647,2.697207,82.535683,1.634065,1.896814,0.851627,3.367627
1776193874.077942,225.384796,538.836182,767.960999,764.220947,78.128967,29.492098,2,3.496761,1.679351,1.299517,2.685376,0.3785,2.71283,114.688271,1.634065,1.896814,0.851627,3.367627
1776193874.84968,229.640793,547.046997,771.70105,776.687805,77.750313,29.566679,2,3.496755,1.675225,1.407686,2.698449,0.3847,2.706166,86.851753,1.634065,1.896814,0.851627,3.367627
1776193875.622676,230.704803,543.489624,772.947754,774.194458,77.624908,29.799335,2,3.523886,1.662487,1.900982,2.723779,0.383544,2.685682,100.292717,1.634065,1.896814,0.851627,3.367627
1776193876.394414,226.448807,540.265503,771.70105,766.714294,77.750313,29.534966,2,3.518813,1.676977,1.858464,2.715472,0.37975,2.708994,113.817871,1.634065,1.896814,0.851627,3.367627
1776193877.163657,221.128799,541.845459,769.207703,762.974243,78.002342,28.982471,2,3.544947,1.708113,2.264777,2.726801,0.377713,2.759689,103.85215,1.634065,1.896814,0.851627,3.367627
1776193877.922928,227.512787,539.201538,759.234192,766.714294,79.027,29.673737,2,3.587505,1.669339,2.02975,2.723757,0.379796,2.696683,103.56237,1.634065,1.896814,0.851627,3.367627
1776193878.682199,233.896805,532.817505,759.234192,766.714294,79.027,30.506384,2,3.643094,1.624967,2.402246,2.765962,0.380075,2.626148,99.550102,1.634065,1.896814,0.851627,3.367627
1776193879.457689,227.512787,540.448242,775.441101,767.960999,77.375313,29.625565,2,3.621866,1.671983,2.608377,2.808544,0.380397,2.700938,125.511368,1.634065,1.896814,0.851627,3.367627
1776193880.230674,231.768814,546.16571,772.947754,777.934509,77.624908,29.792845,2,3.5541,1.66284,2.205038,2.747133,0.385394,2.686247,121.546555,1.634065,1.896814,0.851627,3.367627
1776193881.011137,226.448807,547.745667,780.427856,774.194458,76.880905,29.249603,2,3.465172,1.692912,1.551911,2.704317,0.383358,2.734836,111.529228,1.634065,1.896814,0.851627,3.367627
1776193881.776641,227.512787,539.201538,765.467651,766.714294,78.383453,29.673737,2,3.563917,1.669339,2.811791,2.728064,0.379796,2.696683,123.711884,1.634065,1.896814,0.851627,3.367627
1776193882.553378,223.256805,548.444214,776.687805,771.70105,77.251114,28.930479,2,3.49922,1.711105,1.791748,2.717802,0.382016,2.764603,122.925552,1.634065,1.896814,0.851627,3.367627
1776193883.318882,230.704803,543.489624,765.467651,774.194458,78.383453,29.799335,2,3.580972,1.662487,3.316066,2.741118,0.383544,2.685682,126.084145,1.634065,1.896814,0.851627,3.367627
1776193884.0981,234.960815,549.207214,779.181213,784.16803,77.003906,29.96307,2,3.542451,1.653641,3.862235,2.760212,0.388541,2.671537,129.522614,1.634065,1.896814,0.851627,3.367627
1776193884.866097,231.768814,532.452148,767.960999,764.220947,78.128967,30.327459,2,3.582873,1.634297,2.768024,2.751507,0.378779,2.64084,122.575737,1.634065,1.896814,0.851627,3.367627
1776193885.639081,225.384796,540.082886,772.947754,765.467651,77.624908,29.444065,2,3.555596,1.68202,1.535278,2.74829,0.379102,2.717148,85.473961,1.634065,1.896814,0.851627,3.367627
1776193886.410831,219.000793,545.220154,771.70105,764.220947,77.750313,28.656738,2,3.494562,1.727033,1.551471,2.696758,0.378222,2.790896,98.137756,1.634065,1.896814,0.851627,3.367627
1776193887.180076,226.448807,551.485718,769.207703,777.934509,78.002342,29.10898,2,3.602182,1.70088,2.938135,2.770826,0.385162,2.747838,153.35936,1.634065,1.896814,0.851627,3.367627
1776193887.948072,224.320801,541.146851,767.960999,765.467651,78.128967,29.305065,2,3.669507,1.689791,2.410434,2.818038,0.379055,2.729757,126.237297,1.634065,1.896814,0.851627,3.367627
1776193888.713577,226.448807,541.512207,765.467651,767.960999,78.383453,29.48702,2,3.699314,1.679633,2.96615,2.831705,0.380351,2.713286,132.728958,1.634065,1.896814,0.851627,3.367627
1776193889.487808,216.872803,546.10144,774.194458,762.974243,77.499908,28.424656,2,3.559072,1.740777,0.671394,2.755414,0.377527,2.813758,71.348022,1.634065,1.896814,0.851627,3.367627
1776193890.249584,222.192795,545.768188,761.727539,767.960999,78.768318,28.932821,2,3.741601,1.71097,1.762999,2.85008,0.380165,2.764381,144.217148,1.634065,1.896814,0.851627,3.367627
1776193891.012595,226.448807,541.512207,762.974243,767.960999,78.63961,29.48702,2,3.782733,1.679633,2.174636,2.886128,0.380351,2.713286,134.404404,1.634065,1.896814,0.851627,3.367627
1776193891.785578,220.064789,545.402832,772.947754,765.467651,77.624908,28.749063,2,3.695518,1.721627,0.891,2.856443,0.378869,2.781948,105.585815,1.634065,1.896814,0.851627,3.367627
1776193892.562303,222.192795,556.988403,776.687805,779.181213,77.251114,28.516191,2,3.521308,1.73533,1.480349,2.734957,0.385578,2.804677,105.951286,1.634065,1.896814,0.851627,3.367627
1776193893.337793,222.192795,553.248291,775.441101,775.441101,77.375313,28.653728,2,3.5488,1.72721,2.083908,2.751885,0.383774,2.79119,105.904572,1.634065,1.896814,0.851627,3.367627
1776193894.120751,224.320801,561.093872,782.921326,785.414673,76.636055,28.560812,2,3.586486,1.732687,1.664082,2.807936,0.388678,2.800281,129.674545,1.634065,1.896814,0.851627,3.367627
1776193894.892489,223.256805,547.19751,771.70105,770.454346,77.750313,28.977293,2,3.612918,1.708411,1.022448,2.788093,0.381414,2.760178,120.505112,1.634065,1.896814,0.851627,3.367627
1776193895.648018,228.576797,533.150757,755.494141,761.727539,79.418221,30.007685,2,3.559912,1.651247,2.060702,2.689493,0.377437,2.667722,104.038689,1.634065,1.896814,0.851627,3.367627
1776193896.418509,220.064789,540.416138,770.454346,760.480896,77.876129,28.937584,2,3.628092,1.710695,1.451379,2.79528,0.376464,2.76393,85.288757,1.634065,1.896814,0.851627,3.367627
1776193897.185273,219.000793,546.466858,766.714294,765.467651,78.256004,28.610065,2,3.687416,1.729779,1.718424,2.827195,0.378823,2.795451,124.608139,1.634065,1.896814,0.851627,3.367627
1776193897.943297,232.832794,541.361694,757.987488,774.194458,79.156982,30.0742,2,3.674721,1.647692,2.896571,2.785393,0.383637,2.662062,127.738808,1.634065,1.896814,0.851627,3.367627
1776193898.712541,233.896805,536.557556,769.207703,770.454346,78.002342,30.358297,2,3.733737,1.632681,4.70743,2.872019,0.381879,2.63829,159.352341,1.634065,1.896814,0.851627,3.367627
1776193899.499238,223.256805,550.937622,786.661377,774.194458,76.271698,28.837303,2,3.637444,1.716492,2.670576,2.861437,0.383219,2.773473,142.885468,1.634065,1.896814,0.851627,3.367627
1776193900.266002,220.064789,542.909424,766.714294,762.974243,78.256004,28.843016,2,3.663298,1.716161,2.348162,2.808703,0.377667,2.772927,120.564934,1.634065,1.896814,0.851627,3.367627
1776193901.033999,226.448807,548.99231,767.960999,775.441101,78.128967,29.202579,2,3.597296,1.695568,3.141989,2.762583,0.383959,2.739164,135.302582,1.634065,1.896814,0.851627,3.367627
1776193901.816957,216.872803,554.828247,782.921326,771.70105,76.636055,28.103214,2,3.585458,1.760189,2.127344,2.807132,0.381737,2.846319,126.148247,1.634065,1.896814,0.851627,3.367627
1776193902.582461,225.384796,550.056274,765.467651,775.441101,78.383453,29.065367,2,3.664362,1.703366,2.513867,2.804951,0.383913,2.751907,138.041412,1.634065,1.896814,0.851627,3.367627
1776193903.349211,231.768814,542.425659,766.714294,774.194458,78.256004,29.936769,2,3.639625,1.655055,2.251853,2.790552,0.38359,2.673795,113.842049,1.634065,1.896814,0.851627,3.367627
1776193904.118468,227.512787,536.70813,769.207703,764.220947,78.002342,29.77055,2,3.573853,1.664052,2.285779,2.749036,0.378593,2.688191,113.113884,1.634065,1.896814,0.851627,3.367627
1776193904.890206,231.768814,544.919006,771.70105,776.687805,77.750313,29.840666,2,3.616726,1.660245,2.478655,2.791031,0.384793,2.68209,136.809158,1.634065,1.896814,0.851627,3.367627
1776193905.661943,236.024811,540.662964,771.70105,776.687805,77.750313,30.388632,2,3.59022,1.631095,2.982452,2.770577,0.384979,2.635789,121.247963,1.634065,1.896814,0.851627,3.367627
1776193906.442407,226.448807,542.758911,780.427856,769.207703,76.880905,29.439228,2,3.598785,1.682289,2.684272,2.808592,0.380952,2.717584,128.27681,1.634065,1.896814,0.851627,3.367627
1776193907.21291,237.088791,545.83252,770.454346,782.921326,77.876129,30.282581,2,3.564052,1.636654,2.930902,2.745939,0.388032,2.644563,136.985001,1.634065,1.896814,0.851627,3.367627
1776193907.984648,238.152802,534.794922,771.70105,772.947754,77.750313,30.810982,2,3.555133,1.609334,3.10182,2.7435,0.383268,2.601696,113.57621,1.634065,1.896814,0.851627,3.367627
1776193908.768853,233.896805,545.284424,784.16803,779.181213,76.514214,30.018282,2,3.500785,1.65068,2.057692,2.745203,0.386089,2.666818,129.070114,1.634065,1.896814,0.851627,3.367627
1776193909.538097,227.512787,534.214722,769.207703,761.727539,78.002342,29.868,2,3.576437,1.658765,1.271758,2.751023,0.37739,2.679723,112.09478,1.634065,1.896814,0.851627,3.367627
1776193910.304847,232.832794,540.11499,766.714294,772.947754,78.256004,30.122709,2,3.529731,1.645109,2.614803,2.706295,0.383035,2.657958,92.690804,1.634065,1.896814,0.851627,3.367627
1776193911.07909,233.896805,541.544312,774.194458,775.441101,77.499908,30.163065,2,3.661859,1.642966,3.667927,2.834991,0.384284,2.654558,140.076797,1.634065,1.896814,0.851627,3.367627
1776193911.844595,234.960815,531.753479,765.467651,766.714294,78.383453,30.645159,2,3.611085,1.617806,3.130643,2.764169,0.380121,2.614922,129.34227,1.634065,1.896814,0.851627,3.367627
1776193912.617579,231.768814,537.438904,772.947754,769.207703,77.624908,30.130848,2,3.675446,1.644676,2.345959,2.840928,0.381185,2.657271,114.360146,1.634065,1.896814,0.851627,3.367627
1776193913.401783,229.640793,552.033752,784.16803,781.674561,76.514214,29.378056,2,3.649937,1.685701,2.773788,2.862164,0.387106,2.723114,147.312607,1.634065,1.896814,0.851627,3.367627
1776193914.164806,229.640793,533.333435,762.974243,762.974243,78.63961,30.098104,2,3.709732,1.646418,3.414725,2.83043,0.378085,2.660038,116.872505,1.634065,1.896814,0.851627,3.367627
1776193914.946517,224.320801,551.1203,781.674561,775.441101,76.758286,28.928154,2,3.6112,1.711239,2.000853,2.822783,0.383866,2.764823,105.031059,1.634065,1.896814,0.851627,3.367627
1776193915.705788,225.384796,535.096069,759.234192,760.480896,79.027,29.63714,2,3.600668,1.671346,1.730173,2.73375,0.376696,2.699914,92.770645,1.634065,1.896814,0.851627,3.367627
1776193916.473785,221.128799,541.845459,767.960999,762.974243,78.128967,28.982471,2,3.665685,1.708113,2.229859,2.815103,0.377713,2.759689,123.814323,1.634065,1.896814,0.851627,3.367627
1776193917.230563,237.088791,538.352295,756.740784,775.441101,79.287384,30.574699,2,3.762995,1.621434,3.452213,2.847612,0.384424,2.620604,128.575912,1.634065,1.896814,0.851627,3.367627
1776193918.013532,238.152802,546.015259,782.921326,784.16803,76.636055,30.370125,2,3.555193,1.632062,2.466428,2.783437,0.38868,2.637314,129.20784,1.634065,1.896814,0.851627,3.367627
1776193918.790257,224.320801,536.160095,776.687805,760.480896,77.251114,29.497231,2,3.391503,1.679067,1.921617,2.634139,0.37665,2.71237,93.338692,1.634065,1.896814,0.851627,3.367627
1776193919.544541,232.832794,531.388184,754.247437,764.220947,79.549492,30.466684,2,3.530602,1.627028,3.288564,2.662947,0.378825,2.629387,104.744865,1.634065,1.896814,0.851627,3.367627
1776193920.293838,228.576797,515.697083,749.26062,744.273865,80.078941,30.711382,2,3.474543,1.614412,1.90146,2.603338,0.369017,2.609615,95.07766,1.634065,1.896814,0.851627,3.367627
1776193921.044382,236.024811,523.209351,750.507385,759.234192,79.945915,31.087219,2,3.514482,1.595422,3.069032,2.637644,0.376559,2.58011,134.481888,1.634065,1.896814,0.851627,3.367627
1776193921.816131,240.280807,536.406982,771.70105,776.687805,77.750313,30.936602,2,3.401076,1.602977,3.180872,2.624614,0.385165,2.591812,111.89576,1.634065,1.896814,0.851627,3.367627
1776193922.580389,239.216797,523.757446,764.220947,762.974243,78.51133,31.353193,2,3.485829,1.582258,3.029891,2.663943,0.378503,2.559836,108.28624,1.634065,1.896814,0.851627,3.367627
1776193923.3621,236.024811,541.909668,781.674561,777.934509,76.758286,30.339931,2,3.45832,1.633643,1.86074,2.703281,0.38558,2.639807,124.740471,1.634065,1.896814,0.851627,3.367627
1776193924.147551,225.384796,547.562988,785.414673,772.947754,76.392769,29.159126,2,3.483073,1.69803,2.102487,2.735657,0.38271,2.743181,115.372704,1.634065,1.896814,0.851627,3.367627
1776193924.911808,221.128799,538.105408,764.220947,759.234192,78.51133,29.125244,2,3.462017,1.699954,1.912989,2.645746,0.375909,2.746325,98.885277,1.634065,1.896814,0.851627,3.367627
1776193925.673584,220.064789,540.416138,761.727539,760.480896,78.768318,28.937584,2,3.47766,1.710695,1.81947,2.64903,0.376464,2.76393,81.992531,1.634065,1.896814,0.851627,3.367627
1776193926.427868,233.896805,536.557556,754.247437,770.454346,79.549492,30.358297,2,3.554782,1.632681,3.332258,2.681185,0.381879,2.63829,127.809822,1.634065,1.896814,0.851627,3.367627
1776193927.195866,227.512787,532.96814,767.960999,760.480896,78.128967,29.916964,2,3.565528,1.656122,3.883972,2.738186,0.376789,2.675498,148.525818,1.634065,1.896814,0.851627,3.367627
1776193927.967603,231.768814,544.919006,771.70105,776.687805,77.750313,29.840666,2,3.433287,1.660245,3.504535,2.649471,0.384793,2.68209,128.91832,1.634065,1.896814,0.851627,3.367627
1776193928.74682,225.384796,546.316284,779.181213,771.70105,77.003906,29.206232,2,3.429614,1.695361,2.449759,2.672291,0.382109,2.738827,130.261612,1.634065,1.896814,0.851627,3.367627
1776193929.51857,233.896805,547.777771,771.70105,781.674561,77.750313,29.922529,2,3.486705,1.655822,3.234627,2.690694,0.387292,2.675019,114.975342,1.634065,1.896814,0.851627,3.367627
1776193930.286568,231.768814,533.698853,767.960999,765.467651,78.128967,30.278069,2,3.618372,1.636891,4.235356,2.778768,0.37938,2.644939,123.125015,1.634065,1.896814,0.851627,3.367627
1776193931.050826,233.896805,532.817505,764.220947,766.714294,78.51133,30.506384,2,3.699997,1.624967,3.54922,2.827615,0.380075,2.626148,126.429802,1.634065,1.896814,0.851627,3.367627
1776193931.817577,236.024811,533.182861,766.714294,769.207703,78.256004,30.684147,2,3.705438,1.615806,3.275677,2.841012,0.38137,2.611794,119.445122,1.634065,1.896814,0.851627,3.367627
1776193932.585586,227.512787,530.474731,767.960999,757.987488,78.128967,30.015377,2,3.5849,1.650835,2.885813,2.753063,0.375586,2.667065,126.681618,1.634065,1.896814,0.851627,3.367627
1776193933.36605,221.128799,551.81897,780.427856,772.947754,76.880905,28.608503,2,3.60156,1.729871,1.737076,2.810758,0.382524,2.795604,133.358047,1.634065,1.896814,0.851627,3.367627
1776193934.132801,228.576797,546.864319,766.714294,775.441101,78.256004,29.477003,2,3.652844,1.680189,3.414908,2.800688,0.384052,2.714185,142.446884,1.634065,1.896814,0.851627,3.367627
1776193934.894565,233.896805,534.064209,761.727539,767.960999,78.768318,30.45686,2,3.652661,1.627539,3.134205,2.782332,0.380676,2.63019,137.419296,1.634065,1.896814,0.851627,3.367627
1776193935.665056,230.704803,536.009521,770.454346,766.714294,77.876129,30.090061,2,3.474737,1.646846,2.526754,2.677126,0.379935,2.660718,112.331108,1.634065,1.896814,0.851627,3.367627
1776193936.436805,227.512787,540.448242,771.70105,767.960999,77.750313,29.625565,2,3.467592,1.671983,2.137111,2.675944,0.380397,2.700938,110.46389,1.634065,1.896814,0.851627,3.367627
1776193937.207296,229.640793,543.306946,770.454346,772.947754,77.876129,29.709743,2,3.513767,1.667369,1.916954,2.707197,0.382896,2.693516,101.435783,1.634065,1.896814,0.851627,3.367627
1776193937.971554,232.832794,535.128174,764.220947,767.960999,78.51133,30.318312,2,3.629655,1.634777,3.16424,2.773858,0.38063,2.641597,127.156639,1.634065,1.896814,0.851627,3.367627
1776193938.755758,226.448807,550.239014,784.16803,776.687805,76.514214,29.155704,2,3.641275,1.698224,1.99832,2.855371,0.384561,2.743498,116.335289,1.634065,1.896814,0.851627,3.367627
1776193939.533741,220.064789,550.389526,777.934509,770.454346,77.127312,28.56299,2,3.729457,1.732558,2.55253,2.901273,0.381275,2.800067,144.063751,1.634065,1.896814,0.851627,3.367627
1776193940.300492,225.384796,547.562988,766.714294,772.947754,78.256004,29.159126,2,3.709425,1.69803,2.28868,2.844069,0.38271,2.743181,122.493706,1.634065,1.896814,0.851627,3.367627
1776193941.073476,225.384796,547.562988,772.947754,772.947754,77.624908,29.159126,2,3.584466,1.69803,1.532378,2.770605,0.38271,2.743181,117.144493,1.634065,1.896814,0.851627,3.367627
1776193941.850201,228.576797,551.851074,776.687805,780.427856,77.251114,29.288652,2,3.498192,1.690713,2.266392,2.717003,0.386458,2.731257,120.567528,1.634065,1.896814,0.851627,3.367627
1776193942.628172,229.640793,549.540405,777.934509,779.181213,77.127312,29.472065,2,3.553759,1.680463,2.690917,2.764592,0.385903,2.714629,107.071541,1.634065,1.896814,0.851627,3.367627
1776193943.401168,229.640793,543.306946,772.947754,772.947754,77.624908,29.709743,2,3.521314,1.667369,2.938832,2.721792,0.382896,2.693516,121.410461,1.634065,1.896814,0.851627,3.367627
1776193944.184126,224.320801,552.367004,782.921326,776.687805,76.636055,28.88172,2,3.548828,1.71392,1.914641,2.778453,0.384468,2.769234,124.02961,1.634065,1.896814,0.851627,3.367627
1776193944.950877,232.832794,543.85498,766.714294,776.687805,78.256004,29.977655,2,3.628506,1.652858,3.02677,2.782027,0.384839,2.670288,134.402145,1.634065,1.896814,0.851627,3.367627
1776193945.730094,227.512787,545.434937,779.181213,772.947754,77.003906,29.434433,2,3.596707,1.682556,2.226848,2.802486,0.382803,2.718016,123.439171,1.634065,1.896814,0.851627,3.367627
1776193946.49935,224.320801,541.146851,769.207703,765.467651,78.002342,29.305065,2,3.597443,1.689791,1.701901,2.767181,0.379055,2.729757,124.384529,1.634065,1.896814,0.851627,3.367627
1776193947.267348,231.768814,544.919006,767.960999,776.687805,78.128967,29.840666,2,3.543586,1.660245,1.662577,2.721336,0.384793,2.68209,122.438698,1.634065,1.896814,0.851627,3.367627
1776193948.030359,230.704803,531.022705,762.974243,761.727539,78.63961,30.287052,2,3.494524,1.636419,1.212533,2.666232,0.37753,2.644192,118.867889,1.634065,1.896814,0.851627,3.367627
1776193948.794616,232.832794,533.88147,764.220947,766.714294,78.51133,30.367607,2,3.428429,1.632194,1.562155,2.620077,0.380028,2.637522,96.985649,1.634065,1.896814,0.851627,3.367627
1776193949.56386,234.960815,536.740234,769.207703,771.70105,78.002342,30.447128,2,3.445148,1.628045,1.490116,2.650034,0.382527,2.630986,101.230217,1.634065,1.896814,0.851627,3.367627
1776193950.324389,227.512787,524.241333,760.480896,751.754089,78.897446,30.264256,2,3.421437,1.637619,2.030484,2.601938,0.372579,2.646088,90.846886,1.634065,1.896814,0.851627,3.367627
1776193951.093634,227.512787,541.694946,769.207703,769.207703,78.002342,29.577551,2,3.402301,1.674626,1.626264,2.617076,0.380999,2.705199,81.169868,1.634065,1.896814,0.851627,3.367627
1776193951.851658,227.512787,530.474731,757.987488,757.987488,79.156982,30.015377,2,3.546885,1.650835,1.728705,2.688495,0.375586,2.667065,98.07473,1.634065,1.896814,0.851627,3.367627
1776193952.615915,226.448807,536.525452,764.220947,762.974243,78.51133,29.679745,2,3.67762,1.66901,2.732959,2.810514,0.377945,2.696154,115.581215,1.634065,1.896814,0.851627,3.367627
1776193953.390146,225.384796,547.562988,774.194458,772.947754,77.499908,29.159126,2,3.681368,1.69803,2.768942,2.850095,0.38271,2.743181,133.193253,1.634065,1.896814,0.851627,3.367627
1776193954.158156,220.064789,541.66272,767.960999,761.727539,78.128967,28.890223,2,3.619561,1.713428,2.369311,2.779682,0.377065,2.768425,107.337044,1.634065,1.896814,0.851627,3.367627
1776193954.922413,226.448807,545.252258,764.220947,771.70105,78.51133,29.344112,2,3.631309,1.6876,2.424974,2.775122,0.382155,2.726198,106.099442,1.634065,1.896814,0.851627,3.367627
1776193955.684177,229.640793,535.826843,761.727539,765.467651,78.768318,30.000063,2,3.568652,1.651656,2.311995,2.71834,0.379288,2.668372,117.244476,1.634065,1.896814,0.851627,3.367627
1776193956.443448,226.448807,529.045349,759.234192,755.494141,79.027,29.973602,2,3.535342,1.653075,1.559181,2.684152,0.374337,2.670635,101.456474,1.634065,1.896814,0.851627,3.367627
1776193957.198979,225.384796,528.862671,755.494141,754.247437,79.418221,29.882076,2,3.633525,1.658005,1.059973,2.745107,0.373689,2.678506,101.95739,1.634065,1.896814,0.851627,3.367627
1776193957.940796,226.448807,516.578369,741.780518,743.027161,80.886459,30.476519,2,3.669921,1.626517,1.41312,2.722276,0.368323,2.628583,80.945915,1.634065,1.896814,0.851627,3.367627
1776193958.685118,219.000793,516.546265,744.273865,735.547058,80.615486,29.773867,2,3.714463,1.663872,0.463538,2.764578,0.364389,2.687902,125.970985,1.634065,1.896814,0.851627,3.367627
1776193959.445635,219.000793,541.480103,760.480896,760.480896,78.897446,28.79767,2,3.553422,1.718795,0.299302,2.70231,0.376417,2.77727,106.71888,1.634065,1.896814,0.851627,3.367627
1776193960.207399,226.448807,544.005554,761.727539,770.454346,78.768318,29.391592,2,3.522294,1.684945,2.131603,2.683028,0.381554,2.721888,119.489578,1.634065,1.896814,0.851627,3.367627
1776193960.980384,228.576797,546.864319,772.947754,775.441101,77.624908,29.477003,2,3.597295,1.680189,2.913167,2.780521,0.384052,2.714185,131.68399,1.634065,1.896814,0.851627,3.367627
1776193961.730927,234.960815,523.026672,750.507385,757.987488,79.945915,30.99798,2,3.653803,1.59989,3.35337,2.742206,0.375911,2.587023,133.775879,1.634065,1.896814,0.851627,3.367627
1776193962.486457,229.640793,519.619812,755.494141,749.26062,79.418221,30.648989,2,3.68229,1.61761,2.039884,2.781949,0.371469,2.614614,113.025307,1.634065,1.896814,0.851627,3.367627
1776193963.242001,219.000793,524.026367,755.494141,743.027161,79.418221,29.474131,2,3.632707,1.680349,0.887255,2.744489,0.367998,2.714443,77.862686,1.634065,1.896814,0.851627,3.367627
1776193964.003765,227.512787,544.188232,761.727539,771.70105,78.768318,29.481987,2,3.717114,1.679912,2.553668,2.831429,0.382202,2.713737,138.278976,1.634065,1.896814,0.851627,3.367627
1776193964.773009,230.704803,542.24292,769.207703,772.947754,78.002342,29.847399,2,3.725655,1.65988,1.582423,2.865803,0.382942,2.681507,136.053268,1.634065,1.896814,0.851627,3.367627
1776193965.532279,225.384796,527.615967,759.234192,753.000732,79.027,29.931551,2,3.67757,1.655336,2.050972,2.792137,0.373088,2.674243,95.553322,1.634065,1.896814,0.851627,3.367627
1776193966.307757,211.552795,547.681396,775.441101,759.234192,77.375313,27.86397,2,3.713575,1.774927,2.820456,2.879659,0.375491,2.871256,156.54425,1.634065,1.896814,0.851627,3.367627
1776193967.073273,224.320801,556.107056,765.467651,780.427856,78.383453,28.743311,2,3.690416,1.721962,2.083797,2.824894,0.386272,2.782503,132.772781,1.634065,1.896814,0.851627,3.367627
1776193967.827557,225.384796,530.109375,754.247437,755.494141,79.549492,29.832766,2,3.678747,1.660673,1.580734,2.774686,0.37429,2.682776,129.484177,1.634065,1.896814,0.851627,3.367627
1776193968.571868,233.896805,520.350647,744.273865,754.247437,80.615486,31.010618,2,3.655823,1.599255,3.183883,2.720934,0.374061,2.58604,140.04155,1.634065,1.896814,0.851627,3.367627
1776193969.338618,228.576797,531.904114,766.714294,760.480896,78.256004,30.056875,2,3.589605,1.648616,1.665845,2.752201,0.376835,2.663533,112.519882,1.634065,1.896814,0.851627,3.367627
1776193970.092902,230.704803,526.036011,754.247437,756.740784,79.549492,30.486635,2,3.62377,1.625992,1.890628,2.733219,0.375124,2.627758,118.443947,1.634065,1.896814,0.851627,3.367627
1776193970.864639,228.576797,540.63092,771.70105,769.207703,77.750313,29.715876,2,3.583272,1.667034,1.499148,2.765214,0.381045,2.692977,108.319069,1.634065,1.896814,0.851627,3.367627
1776193971.635143,230.704803,542.24292,770.454346,772.947754,77.876129,29.847399,2,3.656552,1.65988,2.587558,2.817207,0.382942,2.681507,115.79525,1.634065,1.896814,0.851627,3.367627
1776193972.396907,231.768814,531.205444,761.727539,762.974243,78.768318,30.377016,2,3.73939,1.631702,2.616418,2.848397,0.378178,2.636746,108.033638,1.634065,1.896814,0.851627,3.367627
1776193973.167397,230.704803,538.50293,770.454346,769.207703,77.876129,29.992523,2,3.535436,1.65206,1.55617,2.723892,0.381138,2.669016,87.432076,1.634065,1.896814,0.851627,3.367627
1776193973.924174,236.024811,526.949463,756.740784,762.974243,79.287384,30.934834,2,3.400317,1.603066,1.699368,2.573159,0.378363,2.59195,97.30027,1.634065,1.896814,0.851627,3.367627
1776193974.697159,234.960815,536.740234,772.947754,771.70105,77.624908,30.447128,2,3.329437,1.628045,2.025931,2.573481,0.382527,2.630986,112.99958,1.634065,1.896814,0.851627,3.367627
1776193975.470156,231.768814,537.438904,772.947754,769.207703,77.624908,30.130848,2,3.340842,1.644676,1.851634,2.582297,0.381185,2.657271,123.572311,1.634065,1.896814,0.851627,3.367627
1776193976.238153,240.280807,537.653687,767.960999,777.934509,78.128967,30.887022,2,3.37708,1.60548,2.172323,2.593466,0.385766,2.595699,88.062401,1.634065,1.896814,0.851627,3.367627
1776193977.012383,234.960815,533.000183,774.194458,767.960999,77.499908,30.595409,2,3.500092,1.620366,2.657725,2.709752,0.380723,2.61893,95.363228,1.634065,1.896814,0.851627,3.367627
1776193977.779134,243.472794,533.215027,766.714294,776.687805,78.256004,31.347576,2,3.471431,1.582534,2.158737,2.661596,0.385304,2.560259,129.516891,1.634065,1.896814,0.851627,3.367627
1776193978.514718,255.176788,494.083832,735.547058,749.26062,81.571938,34.057148,2,3.430836,1.460102,2.451631,2.523542,0.372584,2.378726,119.27002,1.634065,1.896814,0.851627,3.367627
1776193979.283975,236.024811,510.742462,769.207703,746.767273,78.002342,31.606207,2,3.255256,1.569942,1.496358,2.503968,0.370545,2.541001,120.907814,1.634065,1.896814,0.851627,3.367627
1776193980.030778,250.920792,513.300171,746.767273,764.220947,80.346313,32.833542,2,2.997884,1.512888,0.021682,2.238722,0.379615,2.455432,91.609818,1.634065,1.896814,0.851627,3.367627
1776193980.791295,234.960815,506.819702,760.480896,741.780518,78.897446,31.675247,2,3.118934,1.566615,2.423175,2.371889,0.368093,2.535935,94.468285,1.634065,1.896814,0.851627,3.367627
1776193981.541839,241.344788,516.6427,750.507385,757.987488,79.945915,31.840208,2,3.126905,1.558725,3.108943,2.346766,0.37619,2.523959,117.902321,1.634065,1.896814,0.851627,3.367627
1776193982.29737,233.896805,512.870483,755.494141,746.767273,79.418221,31.321245,2,3.223826,1.583828,1.892464,2.435581,0.370452,2.562245,84.41497,1.634065,1.896814,0.851627,3.367627
1776193983.055394,241.344788,525.369507,757.987488,766.714294,79.156982,31.4778,2,3.242975,1.576168,0.533154,2.458135,0.3804,2.550506,80.846664,1.634065,1.896814,0.851627,3.367627
1776193983.819663,240.280807,522.69342,764.220947,762.974243,78.51133,31.492651,2,3.370793,1.575445,2.493379,2.57603,0.378549,2.549401,117.355202,1.634065,1.896814,0.851627,3.367627
1776193984.586414,239.216797,526.250854,766.714294,765.467651,78.256004,31.251066,2,3.334024,1.587286,1.102712,2.556244,0.379706,2.567563,104.6157,1.634065,1.896814,0.851627,3.367627
1776193985.344438,236.024811,518.222656,757.987488,754.247437,79.156982,31.292757,2,3.418333,1.58523,1.984808,2.591054,0.374154,2.5644,101.553215,1.634065,1.896814,0.851627,3.367627
1776193986.102462,239.216797,522.510742,757.987488,761.727539,79.156982,31.40451,2,3.477033,1.579744,2.408121,2.635548,0.377901,2.555981,100.905876,1.634065,1.896814,0.851627,3.367627
1776193986.856746,233.896805,514.117126,754.247437,748.013916,79.549492,31.269043,2,3.670153,1.586399,1.977281,2.768203,0.371054,2.566197,106.090431,1.634065,1.896814,0.851627,3.367627
1776193987.60729,237.088791,517.15863,750.507385,754.247437,79.945915,31.433821,2,3.729589,1.578312,3.187078,2.799084,0.3742,2.553787,118.06028,1.634065,1.896814,0.851627,3.367627
1776193988.374052,223.256805,527.25061,766.714294,750.507385,78.256004,29.74745,2,3.593024,1.665311,0.894672,2.754823,0.371792,2.69021,83.573158,1.634065,1.896814,0.851627,3.367627
1776193989.132076,222.192795,534.547974,757.987488,756.740784,79.156982,29.361811,2,3.559835,1.686609,0.533007,2.69831,0.374752,2.724589,98.144424,1.634065,1.896814,0.851627,3.367627
1776193989.895087,228.576797,541.877563,762.974243,770.454346,78.63961,29.667791,2,3.636939,1.669665,2.376067,2.774891,0.381647,2.697207,112.823151,1.634065,1.896814,0.851627,3.367627
1776193990.658098,232.832794,535.128174,762.974243,767.960999,78.63961,30.318312,2,3.528799,1.634777,2.415611,2.692382,0.38063,2.641597,128.026443,1.634065,1.896814,0.851627,3.367627
1776193991.437316,236.024811,546.896484,779.181213,782.921326,77.003906,30.146683,2,3.53403,1.643835,2.655669,2.75365,0.387986,2.655937,134.555817,1.634065,1.896814,0.851627,3.367627
1776193992.197845,229.640793,523.359924,760.480896,753.000732,78.897446,30.496756,2,3.53302,1.625467,1.055163,2.686795,0.373273,2.626933,88.389534,1.634065,1.896814,0.851627,3.367627
1776193992.958362,226.448807,530.291992,760.480896,756.740784,78.897446,29.924223,2,3.724727,1.655731,3.310815,2.832584,0.374938,2.674873,122.005775,1.634065,1.896814,0.851627,3.367627
1776193993.7301,226.448807,545.252258,771.70105,771.70105,77.750313,29.344112,2,3.723201,1.6876,2.367145,2.873198,0.382155,2.726198,121.349846,1.634065,1.896814,0.851627,3.367627
1776193994.510564,225.384796,553.796387,780.427856,779.181213,76.880905,28.925852,2,3.665632,1.711371,2.794167,2.860761,0.385717,2.765042,154.699493,1.634065,1.896814,0.851627,3.367627
1776193995.278562,225.384796,542.576172,767.960999,767.960999,78.128967,29.348469,2,3.671783,1.687356,2.934867,2.819786,0.380304,2.725801,136.489822,1.634065,1.896814,0.851627,3.367627
1776193996.054051,231.768814,551.152527,775.441101,782.921326,77.375313,29.603079,2,3.705928,1.673219,4.71492,2.873729,0.3878,2.70293,136.255066,1.634065,1.896814,0.851627,3.367627
1776193996.827036,238.152802,542.275024,772.947754,780.427856,77.624908,30.515671,2,3.619611,1.624486,4.09315,2.797771,0.386876,2.625392,123.956993,1.634065,1.896814,0.851627,3.367627
1776193997.608747,234.960815,542.973694,781.674561,777.934509,76.758286,30.203161,2,3.585751,1.640843,3.252471,2.80289,0.385534,2.651192,145.371826,1.634065,1.896814,0.851627,3.367627
1776193998.377991,238.152802,534.794922,769.207703,772.947754,78.002342,30.810982,2,3.470433,1.609334,3.773379,2.669484,0.383268,2.601696,132.02597,1.634065,1.896814,0.851627,3.367627
1776193999.144754,228.576797,526.917358,766.714294,755.494141,78.256004,30.25527,2,3.305557,1.638092,1.791271,2.534418,0.37443,2.646837,105.36306,1.634065,1.896814,0.851627,3.367627
1776193999.904024,227.512787,530.474731,759.234192,757.987488,79.027,30.015377,2,3.386132,1.650835,0.670477,2.570868,0.375586,2.667065,116.552666,1.634065,1.896814,0.851627,3.367627
1776194000.669529,230.704803,538.50293,765.467651,769.207703,78.383453,29.992523,2,3.459556,1.65206,1.554114,2.648179,0.381138,2.669016,119.757408,1.634065,1.896814,0.851627,3.367627
1776194001.427553,256.240814,531.667236,757.987488,787.908081,79.156982,32.521664,2,3.498232,1.526978,2.263675,2.651617,0.391274,2.476307,117.752518,1.634065,1.896814,0.851627,3.367627
1776194002.19555,270.072815,514.095215,767.960999,784.16803,78.128967,34.440681,2,3.57726,1.444328,2.635107,2.747196,0.390074,2.356265,136.788025,1.634065,1.896814,0.851627,3.367627
1776194002.995973,307.312805,536.696228,800.374939,844.009033,74.964867,36.411079,2,3.372488,1.368531,7.384486,2.699255,0.420567,2.251276,159.053436,1.634065,1.896814,0.851627,3.367627
1776194003.813838,517.738953,499.560059,817.828613,1017.299011,73.365005,50.893486,3,2.31854,0.850526,10.196505,1.896168,0.44035,1.785383,82.070847,3.054178,4.285746,0.0,3.990343
1776194033.927919,349.185669,400.074951,1459.873901,749.26062,41.099442,46.604034,3,0.33736,0.924981,0.055659,0.492504,0.32299,0.992028,15.033773,3.054178,4.285746,0.0,3.990343
1776194034.764485,259.4328,497.307983,836.528931,756.740784,71.724953,34.282913,2,2.160061,1.450774,2.381428,1.806953,0.376378,2.365418,56.725098,1.634065,1.896814,0.851627,3.367627
1776194035.532494,226.448807,502.864807,767.960999,729.313599,78.128967,31.04958,2,2.07654,1.597303,2.413408,1.594702,0.361707,2.583019,68.737083,1.634065,1.896814,0.851627,3.367627
1776194036.266831,224.320801,507.486206,734.300354,731.807007,81.710434,30.653,2,2.864815,1.617404,0.913765,2.103634,0.362817,2.614292,73.242432,1.634065,1.896814,0.851627,3.367627
1776194037.003661,211.552795,510.280701,736.793762,721.833496,81.433914,29.307699,2,3.801497,1.689643,3.591702,2.800919,0.357449,2.729517,166.01088,1.634065,1.896814,0.851627,3.367627
1776194037.759192,217.936798,545.037476,755.494141,762.974243,79.418221,28.56411,2,3.794362,1.732492,2.732812,2.866618,0.377574,2.799957,139.219116,1.634065,1.896814,0.851627,3.367627
1776194038.487295,217.936798,510.130157,728.066956,728.066956,82.410004,29.93362,2,3.878956,1.655225,0.029393,2.82414,0.360734,2.674065,91.183266,1.634065,1.896814,0.851627,3.367627
1776194039.235345,220.064789,530.442627,748.013916,750.507385,80.21241,29.322136,2,3.956471,1.688832,1.347249,2.959496,0.371653,2.728199,105.243645,1.634065,1.896814,0.851627,3.367627
1776194039.990876,215.808792,534.698608,755.494141,750.507385,79.418221,28.755054,2,3.77649,1.721277,0.992928,2.853116,0.371467,2.78137,91.598587,1.634065,1.896814,0.851627,3.367627
1776194040.7489,222.192795,543.274841,757.987488,765.467651,79.156982,29.027065,2,3.800883,1.705556,1.827952,2.881022,0.378962,2.755495,100.298897,1.634065,1.896814,0.851627,3.367627
1776194041.521897,228.576797,551.851074,772.947754,780.427856,77.624908,29.288652,2,3.720345,1.690713,3.080194,2.875632,0.386458,2.731257,116.300797,1.634065,1.896814,0.851627,3.367627
1776194042.288648,223.256805,537.224121,766.714294,760.480896,78.256004,29.357321,2,3.729877,1.686861,2.623798,2.85975,0.376603,2.724997,115.470993,1.634065,1.896814,0.851627,3.367627
1776194043.049164,213.680801,535.579834,760.480896,749.26062,78.897446,28.518888,2,3.887065,1.73517,3.456693,2.956039,0.370772,2.804411,152.389572,1.634065,1.896814,0.851627,3.367627
1776194043.798461,223.256805,537.224121,749.26062,760.480896,80.078941,29.357321,2,3.855376,1.686861,3.471673,2.888681,0.376603,2.724997,132.790878,1.634065,1.896814,0.851627,3.367627
1776194044.556485,231.768814,536.1922,757.987488,767.960999,79.156982,30.179764,2,3.789834,1.642081,4.274386,2.872647,0.380583,2.653155,135.669174,1.634065,1.896814,0.851627,3.367627
1776194045.309523,233.896805,521.597351,753.000732,755.494141,79.681198,30.959446,2,3.823903,1.601826,3.600367,2.879401,0.374662,2.590026,140.373703,1.634065,1.896814,0.851627,3.367627
1776194046.09374,221.128799,548.078918,784.16803,769.207703,76.514214,28.747606,2,3.668458,1.721712,2.755613,2.876687,0.38072,2.782089,131.331055,1.634065,1.896814,0.851627,3.367627
1776194046.850516,226.448807,536.525452,756.740784,762.974243,79.287384,29.679745,2,3.649477,1.66901,1.593365,2.761708,0.377945,2.696154,105.270592,1.634065,1.896814,0.851627,3.367627
1776194047.607294,223.256805,529.743896,756.740784,753.000732,79.287384,29.648951,2,3.594018,1.670698,1.41323,2.71974,0.372995,2.69887,95.944069,1.634065,1.896814,0.851627,3.367627
1776194048.362824,221.128799,531.871948,755.494141,753.000732,79.418221,29.366346,2,3.61291,1.686356,1.689638,2.729532,0.372902,2.724177,114.375328,1.634065,1.896814,0.851627,3.367627
1776194049.118355,217.936798,533.817261,755.494141,751.754089,79.418221,28.990438,2,3.712444,1.707656,2.052771,2.80473,0.372161,2.758939,129.401215,1.634065,1.896814,0.851627,3.367627
1776194049.872652,221.128799,536.858704,754.247437,757.987488,79.549492,29.173147,2,3.789842,1.697235,2.659414,2.858479,0.375307,2.741883,118.945541,1.634065,1.896814,0.851627,3.367627
1776194050.629428,213.680801,534.33313,756.740784,748.013916,79.287384,28.56642,2,3.835557,1.732355,1.944639,2.902523,0.370171,2.79973,121.894005,1.634065,1.896814,0.851627,3.367627
1776194051.392439,217.936798,550.02417,762.974243,767.960999,78.63961,28.37863,2,3.816492,1.74353,2.754916,2.911885,0.379979,2.818356,136.323883,1.634065,1.896814,0.851627,3.367627
1776194052.15545,224.320801,546.133545,762.974243,770.454346,78.63961,29.115391,2,3.817478,1.700515,1.516663,2.912637,0.381461,2.747241,115.410057,1.634065,1.896814,0.851627,3.367627
1776194052.89228,226.448807,512.838318,736.793762,739.287109,81.433914,30.630699,2,3.725475,1.61855,2.711699,2.744907,0.366519,2.616085,94.631157,1.634065,1.896814,0.851627,3.367627
1776194053.637837,216.872803,517.427551,745.520569,734.300354,80.480675,29.534616,2,3.710448,1.676997,1.270216,2.766215,0.363695,2.709025,105.730347,1.634065,1.896814,0.851627,3.367627
1776194054.395861,214.744797,540.749329,757.987488,755.494141,79.156982,28.424416,2,3.718799,1.740792,1.27767,2.818803,0.373826,2.813782,106.837547,1.634065,1.896814,0.851627,3.367627
1776194055.146417,221.128799,536.858704,750.507385,757.987488,79.945915,29.173147,2,3.772418,1.697235,1.754811,2.831228,0.375307,2.741883,88.998161,1.634065,1.896814,0.851627,3.367627
1776194055.923141,213.680801,554.280212,776.687805,767.960999,77.251114,27.824434,2,3.764098,1.777387,1.590464,2.923529,0.379793,2.875436,102.39344,1.634065,1.896814,0.851627,3.367627
1776194056.688645,224.320801,553.613708,765.467651,777.934509,78.383453,28.835434,2,3.756514,1.716601,3.104464,2.87549,0.385069,2.773652,125.628113,1.634065,1.896814,0.851627,3.367627
1776194057.450409,222.192795,537.041382,761.727539,759.234192,78.768318,29.265383,2,3.642388,1.692023,2.558038,2.774507,0.375955,2.733388,89.658081,1.634065,1.896814,0.851627,3.367627
1776194058.208434,224.320801,536.160095,757.987488,760.480896,79.156982,29.497231,2,3.760584,1.679067,1.494118,2.850475,0.37665,2.71237,81.371323,1.634065,1.896814,0.851627,3.367627
1776194058.968963,223.256805,535.977417,760.480896,759.234192,78.897446,29.405525,2,3.706403,1.684167,1.180369,2.818649,0.376002,2.720627,87.043571,1.634065,1.896814,0.851627,3.367627
1776194059.72574,228.576797,534.397461,756.740784,762.974243,79.287384,29.958651,2,3.681983,1.653878,1.990168,2.786307,0.378038,2.671916,102.656555,1.634065,1.896814,0.851627,3.367627
1776194060.514931,224.320801,559.847229,789.154724,784.16803,76.030716,28.606215,2,3.65906,1.730006,1.487179,2.887564,0.388076,2.795828,101.882637,1.634065,1.896814,0.851627,3.367627
1776194061.296642,221.128799,556.805725,781.674561,777.934509,76.758286,28.425117,2,3.628111,1.74075,1.872159,2.836002,0.38493,2.813712,111.234032,1.634065,1.896814,0.851627,3.367627
1776194062.070873,222.192795,553.248291,774.194458,775.441101,77.499908,28.653728,2,3.693169,1.72721,2.560388,2.859231,0.383774,2.79119,115.954315,1.634065,1.896814,0.851627,3.367627
1776194062.830156,231.768814,538.685547,759.234192,770.454346,79.027,30.082094,2,3.738724,1.647271,3.47663,2.838567,0.381786,2.661393,109.036713,1.634065,1.896814,0.851627,3.367627
1776194063.604387,223.256805,540.964111,774.194458,764.220947,77.499908,29.213646,2,3.744081,1.694942,4.183768,2.898647,0.378407,2.738143,148.94342,1.634065,1.896814,0.851627,3.367627
1776194064.394825,219.000793,566.413879,790.401428,785.414673,75.910797,27.883461,2,3.693502,1.773717,2.308948,2.919349,0.388445,2.869201,129.297775,1.634065,1.896814,0.851627,3.367627
1776194065.150356,224.320801,537.406738,755.494141,761.727539,79.418221,29.448956,2,3.792706,1.681748,2.774376,2.865367,0.377251,2.716707,129.659241,1.634065,1.896814,0.851627,3.367627
1776194065.922105,224.320801,547.380249,771.70105,771.70105,77.750313,29.068354,2,3.656251,1.703196,2.018331,2.821533,0.382062,2.751628,106.900169,1.634065,1.896814,0.851627,3.367627
1776194066.690102,224.320801,543.640198,767.960999,767.960999,78.128967,29.209921,2,3.719717,1.695153,3.040943,2.856597,0.380258,2.738487,123.935043,1.634065,1.896814,0.851627,3.367627
1776194067.455607,227.512787,541.694946,765.467651,769.207703,78.383453,29.577551,2,3.809078,1.674626,5.221949,2.915726,0.380999,2.705199,161.979462,1.634065,1.896814,0.851627,3.367627
1776194068.226098,223.256805,542.210815,770.454346,765.467651,77.876129,29.166067,2,3.777475,1.697636,3.389023,2.910372,0.379009,2.742538,119.151871,1.634065,1.896814,0.851627,3.367627
1776194068.994095,222.192795,544.521484,767.960999,766.714294,78.128967,28.979868,2,3.785907,1.708263,3.29488,2.907429,0.379564,2.759935,126.654976,1.634065,1.896814,0.851627,3.367627
1776194069.764598,219.000793,547.713501,770.454346,766.714294,77.876129,28.563547,2,3.798498,1.732525,2.315006,2.926569,0.379424,2.800012,113.894264,1.634065,1.896814,0.851627,3.367627
1776194070.531349,219.000793,547.713501,766.714294,766.714294,78.256004,28.563547,2,3.752683,1.732525,2.21631,2.877236,0.379424,2.800012,111.011528,1.634065,1.896814,0.851627,3.367627
1776194071.30558,219.000793,555.193665,774.194458,774.194458,77.499908,28.287569,2,3.785384,1.749002,2.290589,2.930624,0.383033,2.827515,126.263344,1.634065,1.896814,0.851627,3.367627
1776194072.07233,219.000793,547.713501,766.714294,766.714294,78.256004,28.563547,2,3.716745,1.732525,2.716913,2.849682,0.379424,2.800012,127.991463,1.634065,1.896814,0.851627,3.367627
1776194072.847808,216.872803,556.074951,775.441101,772.947754,77.375313,28.057884,2,3.70379,1.762962,1.224503,2.872071,0.382338,2.850997,110.14653,1.634065,1.896814,0.851627,3.367627
1776194073.618311,222.192795,554.494995,770.454346,776.687805,77.876129,28.607735,2,3.718177,1.729916,2.434117,2.864686,0.384375,2.795679,114.442299,1.634065,1.896814,0.851627,3.367627
1776194074.386308,226.448807,546.498962,767.960999,772.947754,78.128967,29.29678,2,3.719539,1.690256,2.562444,2.856461,0.382757,2.730514,133.684937,1.634065,1.896814,0.851627,3.367627
1776194075.155553,226.448807,542.758911,769.207703,769.207703,78.002342,29.439228,2,3.716527,1.682289,2.626075,2.858782,0.380952,2.717584,106.452492,1.634065,1.896814,0.851627,3.367627
1776194075.917317,230.704803,536.009521,761.727539,766.714294,78.768318,30.090061,2,3.798666,1.646846,3.558363,2.893548,0.379935,2.660718,154.794998,1.634065,1.896814,0.851627,3.367627
1776194076.690313,228.576797,541.877563,772.947754,770.454346,77.624908,29.667791,2,3.751855,1.669665,3.384323,2.899988,0.381647,2.697207,142.135437,1.634065,1.896814,0.851627,3.367627
1776194077.463297,220.064789,542.909424,772.947754,762.974243,77.624908,28.843016,2,3.574886,1.716161,1.822224,2.7632,0.377667,2.772927,116.411377,1.634065,1.896814,0.851627,3.367627
1776194078.232541,227.512787,550.421753,769.207703,777.934509,78.002342,29.245752,2,3.586936,1.693129,2.692239,2.759099,0.385209,2.735189,125.611946,1.634065,1.896814,0.851627,3.367627
1776194079.006772,229.640793,547.046997,774.194458,776.687805,77.499908,29.566679,2,3.673075,1.675225,2.905163,2.843675,0.3847,2.706166,127.549339,1.634065,1.896814,0.851627,3.367627
1776194079.78973,231.768814,553.645874,782.921326,785.414673,76.636055,29.5091,2,3.524593,1.678409,2.234118,2.759479,0.389003,2.711307,108.160973,1.634065,1.896814,0.851627,3.367627
1776194080.560233,227.512787,537.954834,770.454346,765.467651,77.876129,29.722065,2,3.654923,1.666696,3.093302,2.815951,0.379195,2.692434,125.980232,1.634065,1.896814,0.851627,3.367627
1776194081.33571,228.576797,548.111023,775.441101,776.687805,77.375313,29.429689,2,3.637959,1.68282,2.009555,2.821023,0.384654,2.718444,108.364388,1.634065,1.896814,0.851627,3.367627
1776194082.101215,230.704803,537.256226,765.467651,767.960999,78.383453,30.041214,2,3.593424,1.649453,2.680159,2.75065,0.380537,2.664865,130.925262,1.634065,1.896814,0.851627,3.367627
1776194082.871706,224.320801,538.653442,770.454346,762.974243,77.876129,29.400835,2,3.578582,1.684429,2.123415,2.757134,0.377852,2.721051,96.281792,1.634065,1.896814,0.851627,3.367627
1776194083.648442,224.320801,552.367004,776.687805,776.687805,77.251114,28.88172,2,3.612288,1.71392,2.055892,2.80562,0.384468,2.769234,99.680176,1.634065,1.896814,0.851627,3.367627
1776194084.406466,231.768814,534.945496,757.987488,766.714294,79.156982,30.228838,2,3.63479,1.639486,1.975371,2.755126,0.379982,2.649044,92.643044,1.634065,1.896814,0.851627,3.367627
1776194085.17571,231.768814,537.438904,769.207703,769.207703,78.002342,30.130848,2,3.588856,1.644676,3.152343,2.760576,0.381185,2.657271,104.617363,1.634065,1.896814,0.851627,3.367627
1776194085.944954,230.704803,537.256226,769.207703,767.960999,78.002342,30.041214,2,3.520608,1.649453,2.7269,2.708079,0.380537,2.664865,101.476479,1.634065,1.896814,0.851627,3.367627
1776194086.712952,224.320801,536.160095,767.960999,760.480896,78.128967,29.497231,2,3.697443,1.679067,2.682876,2.839492,0.37665,2.71237,126.469139,1.634065,1.896814,0.851627,3.367627
1776194087.484701,227.512787,547.928345,771.70105,775.441101,77.750313,29.33979,2,3.701291,1.687843,1.588812,2.85629,0.384006,2.726591,88.400406,1.634065,1.896814,0.851627,3.367627
1776194088.248959,228.576797,536.890869,764.220947,765.467651,78.51133,29.861065,2,3.720738,1.659141,2.429417,2.843466,0.379241,2.680323,120.198349,1.634065,1.896814,0.851627,3.367627
1776194089.01945,224.320801,541.146851,770.454346,765.467651,77.876129,29.305065,2,3.811301,1.689791,1.840178,2.936434,0.379055,2.729757,118.391167,1.634065,1.896814,0.851627,3.367627
1776194089.784954,221.128799,540.598755,765.467651,761.727539,78.383453,29.029909,2,3.760564,1.705393,2.773715,2.87859,0.377112,2.755228,113.630669,1.634065,1.896814,0.851627,3.367627
1776194090.556691,226.448807,551.485718,771.70105,777.934509,77.750313,29.10898,2,3.697942,1.70088,3.168646,2.853705,0.385162,2.747838,126.696526,1.634065,1.896814,0.851627,3.367627
1776194091.334674,222.192795,550.754944,777.934509,772.947754,77.127312,28.746161,2,3.665191,1.721796,1.622372,2.851279,0.382571,2.782228,114.745094,1.634065,1.896814,0.851627,3.367627
1776194092.097685,228.576797,541.877563,762.974243,770.454346,78.63961,29.667791,2,3.766311,1.669665,3.859444,2.873598,0.381647,2.697207,129.479248,1.634065,1.896814,0.851627,3.367627
1776194092.866929,233.896805,541.544312,769.207703,775.441101,78.002342,30.163065,2,3.803741,1.642966,3.196991,2.925867,0.384284,2.654558,134.350021,1.634065,1.896814,0.851627,3.367627
1776194093.65238,226.448807,550.239014,785.414673,776.687805,76.392769,29.155704,2,3.683083,1.698224,1.025386,2.892747,0.384561,2.743498,141.876968,1.634065,1.896814,0.851627,3.367627
1776194094.430363,226.448807,551.485718,777.934509,777.934509,77.127312,29.10898,2,3.505972,1.70088,1.622629,2.727417,0.385162,2.747838,105.930824,1.634065,1.896814,0.851627,3.367627
1776194095.194621,225.384796,537.589478,764.220947,762.974243,78.51133,29.540289,2,3.570798,1.676683,1.642272,2.728879,0.377899,2.708519,105.241264,1.634065,1.896814,0.851627,3.367627
1776194095.971345,229.640793,552.033752,776.687805,781.674561,77.251114,29.378056,2,3.570732,1.685701,1.690372,2.773344,0.387106,2.723114,108.588493,1.634065,1.896814,0.851627,3.367627
1776194096.739343,228.576797,538.137512,767.960999,766.714294,78.128967,29.812511,2,3.621341,1.661772,2.171515,2.781049,0.379842,2.684535,97.081566,1.634065,1.896814,0.851627,3.367627
1776194097.50734,223.256805,538.470703,767.960999,761.727539,78.128967,29.309273,2,3.621817,1.689554,1.540565,2.781415,0.377205,2.729373,105.254211,1.634065,1.896814,0.851627,3.367627
1776194098.274103,226.448807,544.005554,766.714294,770.454346,78.256004,29.391592,2,3.612591,1.684945,2.115595,2.769825,0.381554,2.721888,126.148598,1.634065,1.896814,0.851627,3.367627
1776194099.043347,228.576797,543.124268,769.207703,771.70105,78.002342,29.619864,2,3.657023,1.672296,2.652254,2.81301,0.382248,2.701443,114.219872,1.634065,1.896814,0.851627,3.367627
1776194099.808851,237.088791,538.352295,765.467651,775.441101,78.383453,30.574699,2,3.740383,1.621434,3.154803,2.863142,0.384424,2.620604,126.446938,1.634065,1.896814,0.851627,3.367627
1776194100.579342,228.576797,531.904114,770.454346,760.480896,77.876129,30.056875,2,3.601493,1.648616,2.064301,2.774786,0.376835,2.663533,106.191399,1.634065,1.896814,0.851627,3.367627
1776194101.329886,237.088791,523.39209,750.507385,760.480896,79.945915,31.176168,2,3.616531,1.590995,3.347826,2.714233,0.377207,2.573275,118.777946,1.634065,1.896814,0.851627,3.367627
1776194102.100389,230.704803,532.269409,770.454346,762.974243,77.876129,30.237562,2,3.495327,1.639026,1.428027,2.69299,0.378131,2.648315,116.221016,1.634065,1.896814,0.851627,3.367627
1776194102.86714,237.088791,537.105652,766.714294,774.194458,78.256004,30.623934,2,3.458533,1.618898,2.453577,2.651707,0.383822,2.61663,117.510017,1.634065,1.896814,0.851627,3.367627
1776194103.662564,222.192795,555.741699,795.388184,777.934509,75.434868,28.56189,2,3.41963,1.732623,1.261478,2.719933,0.384976,2.800175,122.035774,1.634065,1.896814,0.851627,3.367627
1776194104.421835,228.576797,538.137512,759.234192,766.714294,79.027,29.812511,2,3.677293,1.661772,3.724802,2.791927,0.379842,2.684535,156.438919,1.634065,1.896814,0.851627,3.367627
1776194105.184858,217.936798,532.570557,762.974243,750.507385,78.63961,29.038597,2,3.726075,1.704896,4.361479,2.842899,0.37156,2.754414,155.315811,1.634065,1.896814,0.851627,3.367627
1776194105.952855,223.256805,550.937622,767.960999,774.194458,78.128967,28.837303,2,3.654795,1.716492,2.360719,2.80674,0.383219,2.773473,127.411385,1.634065,1.896814,0.851627,3.367627
1776194106.703399,227.512787,527.981323,750.507385,755.494141,79.945915,30.114433,2,3.670833,1.645549,2.899178,2.754987,0.374383,2.658657,114.254295,1.634065,1.896814,0.851627,3.367627
1776194107.47389,222.192795,542.028137,770.454346,764.220947,77.876129,29.074419,2,3.683735,1.70285,2.641643,2.83815,0.378361,2.751061,124.789452,1.634065,1.896814,0.851627,3.367627
1776194108.231914,227.512787,536.70813,757.987488,764.220947,79.156982,29.77055,2,3.72299,1.664052,3.952302,2.82198,0.378593,2.688191,131.058472,1.634065,1.896814,0.851627,3.367627
1776194109.006157,219.000793,545.220154,774.194458,764.220947,77.499908,28.656738,2,3.712478,1.727033,2.057398,2.87418,0.378222,2.790896,133.688553,1.634065,1.896814,0.851627,3.367627
1776194109.769167,225.384796,545.06958,762.974243,770.454346,78.63961,29.253492,2,3.683918,1.692693,3.369269,2.810735,0.381507,2.734479,132.97937,1.634065,1.896814,0.851627,3.367627
1776194110.532178,223.256805,537.224121,762.974243,760.480896,78.63961,29.357321,2,3.769519,1.686861,3.031103,2.876046,0.376603,2.724997,119.495956,1.634065,1.896814,0.851627,3.367627
1776194111.296436,223.256805,540.964111,764.220947,764.220947,78.51133,29.213646,2,3.759974,1.694942,2.323598,2.873451,0.378407,2.738143,123.253693,1.634065,1.896814,0.851627,3.367627
1776194112.064433,226.448807,545.252258,767.960999,771.70105,78.128967,29.344112,2,3.741721,1.6876,2.781609,2.873496,0.382155,2.726198,102.582161,1.634065,1.896814,0.851627,3.367627
1776194112.826198,225.384796,535.096069,761.727539,760.480896,78.768318,29.63714,2,3.776726,1.671346,2.420642,2.876836,0.376696,2.699914,111.246162,1.634065,1.896814,0.851627,3.367627
1776194113.597947,220.064789,545.402832,771.70105,765.467651,77.750313,28.749063,2,3.828594,1.721627,3.223611,2.95453,0.378869,2.781948,153.010223,1.634065,1.896814,0.851627,3.367627
1776194114.374671,226.448807,557.719238,776.687805,784.16803,77.251114,28.877586,2,3.685498,1.714159,2.754255,2.862481,0.388169,2.769628,108.800163,1.634065,1.896814,0.851627,3.367627
1776194115.150149,226.448807,548.99231,775.441101,775.441101,77.375313,29.202579,2,3.709116,1.695568,3.334057,2.876201,0.383959,2.739164,140.654572,1.634065,1.896814,0.851627,3.367627
1776194115.915653,225.384796,538.836182,765.467651,764.220947,78.383453,29.492098,2,3.735941,1.679351,3.330422,2.859742,0.3785,2.71283,123.890625,1.634065,1.896814,0.851627,3.367627
1776194116.697376,228.576797,556.837891,781.674561,785.414673,76.758286,29.10269,2,3.733312,1.701238,2.686952,2.918235,0.388864,2.748424,112.812775,1.634065,1.896814,0.851627,3.367627
1776194117.469114,227.512787,542.941528,771.70105,770.454346,77.750313,29.52969,2,3.800565,1.677269,3.227357,2.9329,0.3816,2.709465,148.506638,1.634065,1.896814,0.851627,3.367627
1776194118.247085,231.768814,551.152527,777.934509,782.921326,77.127312,29.603079,2,3.753483,1.673219,3.213881,2.919964,0.3878,2.70293,116.070465,1.634065,1.896814,0.851627,3.367627
1776194119.036276,222.192795,555.741699,789.154724,777.934509,76.030716,28.56189,2,3.643868,1.732623,1.426044,2.875576,0.384976,2.800175,94.934853,1.634065,1.896814,0.851627,3.367627
1776194119.800546,228.576797,543.124268,764.220947,771.70105,78.51133,29.619864,2,3.855424,1.672296,3.435397,2.946396,0.382248,2.701443,137.618515,1.634065,1.896814,0.851627,3.367627
1776194120.568543,227.512787,539.201538,767.960999,766.714294,78.128967,29.673737,2,3.762262,1.669339,2.272965,2.88927,0.379796,2.696683,112.099907,1.634065,1.896814,0.851627,3.367627
1776194121.345267,225.384796,548.809692,776.687805,774.194458,77.251114,29.112169,2,3.744241,1.700698,2.669291,2.908107,0.383311,2.747541,121.716431,1.634065,1.896814,0.851627,3.367627
1776194122.114511,226.448807,544.005554,769.207703,770.454346,78.002342,29.391592,2,3.659531,1.684945,2.362518,2.814939,0.381554,2.721888,138.59462,1.634065,1.896814,0.851627,3.367627
1776194122.898728,226.448807,557.719238,784.16803,784.16803,76.514214,28.877586,2,3.59156,1.714159,2.264079,2.816387,0.388169,2.769628,129.633728,1.634065,1.896814,0.851627,3.367627
1776194123.667973,226.448807,542.758911,769.207703,769.207703,78.002342,29.439228,2,3.637682,1.682289,2.102119,2.798133,0.380952,2.717584,120.285774,1.634065,1.896814,0.851627,3.367627
1776194124.425996,237.088791,533.36554,757.987488,770.454346,79.156982,30.772594,2,3.774182,1.611288,6.36415,2.860783,0.382018,2.60474,117.950546,1.634065,1.896814,0.851627,3.367627
1776194125.203967,241.344788,541.576538,777.934509,782.921326,77.127312,30.826187,2,3.801043,1.608562,4.892044,2.956962,0.388218,2.600493,122.864456,1.634065,1.896814,0.851627,3.367627
1776194125.985678,226.448807,537.772156,781.674561,764.220947,76.758286,29.631325,2,3.766158,1.671666,3.269802,2.94391,0.378547,2.700428,133.528488,1.634065,1.896814,0.851627,3.367627
1776194126.766155,224.320801,553.613708,780.427856,777.934509,76.880905,28.835434,2,3.56161,1.716601,0.669191,2.77958,0.385069,2.773652,130.434418,1.634065,1.896814,0.851627,3.367627
1776194127.537892,228.576797,548.111023,771.70105,776.687805,77.750313,29.429689,2,3.604247,1.68282,1.72518,2.781401,0.384654,2.718444,126.898796,1.634065,1.896814,0.851627,3.367627
1776194128.30963,228.576797,543.124268,771.70105,771.70105,77.750313,29.619864,2,3.662481,1.672296,2.417227,2.82634,0.382248,2.701443,115.377335,1.634065,1.896814,0.851627,3.367627
1776194129.082614,230.704803,544.736328,772.947754,775.441101,77.624908,29.751429,2,3.672758,1.665094,2.781168,2.83885,0.384145,2.689862,132.844772,1.634065,1.896814,0.851627,3.367627
1776194129.858104,233.896805,545.284424,775.441101,779.181213,77.375313,30.018282,2,3.591108,1.65068,2.028354,2.784693,0.386089,2.666818,131.637741,1.634065,1.896814,0.851627,3.367627
1776194130.624855,237.088791,533.36554,766.714294,770.454346,78.256004,30.772594,2,3.644655,1.611288,3.134131,2.794409,0.382018,2.60474,117.521019,1.634065,1.896814,0.851627,3.367627
1776194131.407812,231.768814,544.919006,782.921326,776.687805,76.636055,29.840666,2,3.580591,1.660245,2.007499,2.803321,0.384793,2.68209,115.081169,1.634065,1.896814,0.851627,3.367627
1776194132.189523,230.704803,549.723022,781.674561,780.427856,76.758286,29.561323,2,3.635674,1.675521,1.816239,2.841914,0.386551,2.706643,108.839333,1.634065,1.896814,0.851627,3.367627
1776194132.95504,231.768814,534.945496,765.467651,766.714294,78.383453,30.228838,2,3.745031,1.639486,3.509345,2.8667,0.379982,2.649044,132.961014,1.634065,1.896814,0.851627,3.367627
1776194133.731764,223.256805,543.45752,776.687805,766.714294,77.251114,29.118645,2,3.674706,1.70033,2.440616,2.854099,0.37961,2.746939,116.956276,1.634065,1.896814,0.851627,3.367627
1776194134.505995,229.640793,552.033752,774.194458,781.674561,77.499908,29.378056,2,3.57776,1.685701,2.169826,2.769882,0.387106,2.723114,100.850159,1.634065,1.896814,0.851627,3.367627
1776194135.277732,233.896805,542.791016,771.70105,776.687805,77.750313,30.114647,2,3.703257,1.645537,3.43514,2.857807,0.384886,2.658639,142.82814,1.634065,1.896814,0.851627,3.367627
1776194136.060702,223.256805,547.19751,782.921326,770.454346,76.636055,28.977293,2,3.671899,1.708411,1.070511,2.874808,0.381414,2.760178,129.27919,1.634065,1.896814,0.851627,3.367627
1776194136.826207,228.576797,543.124268,765.467651,771.70105,78.383453,29.619864,2,3.593646,1.672296,4.091461,2.75082,0.382248,2.701443,119.173744,1.634065,1.896814,0.851627,3.367627
1776194137.607918,236.024811,554.376587,781.674561,790.401428,76.758286,29.861385,2,3.556649,1.659123,3.660767,2.780142,0.391594,2.680295,97.745789,1.634065,1.896814,0.851627,3.367627
1776194138.392122,229.640793,547.046997,784.16803,776.687805,76.514214,29.566679,2,3.562615,1.675225,2.113796,2.793689,0.3847,2.706166,134.039078,1.634065,1.896814,0.851627,3.367627
1776194139.176338,225.384796,553.796387,784.16803,779.181213,76.514214,28.925852,2,3.606944,1.711371,2.543865,2.82845,0.385717,2.765042,142.61705,1.634065,1.896814,0.851627,3.367627
1776194139.96553,225.384796,563.769897,789.154724,789.154724,76.030716,28.56028,2,3.629771,1.732718,1.772912,2.864451,0.390528,2.800333,127.891685,1.634065,1.896814,0.851627,3.367627
1776194140.738514,229.640793,548.293701,772.947754,777.934509,77.624908,29.519295,2,3.62334,1.677844,2.864223,2.800653,0.385302,2.710394,120.832153,1.634065,1.896814,0.851627,3.367627
1776194141.516485,233.896805,549.024536,777.934509,782.921326,77.127312,29.87488,2,3.582083,1.658394,2.667382,2.786626,0.387893,2.679128,119.78627,1.634065,1.896814,0.851627,3.367627
1776194142.290728,232.832794,540.11499,774.194458,772.947754,77.499908,30.122709,2,3.570242,1.645109,2.931232,2.764061,0.383035,2.657958,118.864922,1.634065,1.896814,0.851627,3.367627
1776194143.074932,231.768814,551.152527,784.16803,782.921326,76.514214,29.603079,2,3.545707,1.673219,2.482363,2.78043,0.3878,2.70293,101.484558,1.634065,1.896814,0.851627,3.367627
1776194143.85415,236.024811,548.143188,779.181213,784.16803,77.003906,30.098755,2,3.576759,1.646383,2.556092,2.786943,0.388587,2.659982,125.417694,1.634065,1.896814,0.851627,3.367627
1776194144.629628,233.896805,539.050964,775.441101,772.947754,77.375313,30.260363,2,3.673778,1.637824,2.399309,2.848798,0.383082,2.646413,116.45208,1.634065,1.896814,0.851627,3.367627
1776194145.415091,226.448807,550.239014,785.414673,776.687805,76.392769,29.155704,2,3.636834,1.698224,2.28666,2.856423,0.384561,2.743498,129.586884,1.634065,1.896814,0.851627,3.367627
1776194146.190568,231.768814,549.905762,775.441101,781.674561,77.375313,29.650295,2,3.557816,1.670624,2.604558,2.758877,0.387199,2.698751,127.073502,1.634065,1.896814,0.851627,3.367627
1776194146.982253,229.640793,559.513916,791.648132,789.154724,75.791245,29.09959,2,3.527608,1.701414,2.125435,2.792624,0.390714,2.748713,133.797897,1.634065,1.896814,0.851627,3.367627
1776194147.744017,233.896805,532.817505,761.727539,766.714294,78.768318,30.506384,2,3.628438,1.624967,3.344595,2.763882,0.380075,2.626148,129.568573,1.634065,1.896814,0.851627,3.367627
1776194148.52948,229.640793,550.787048,785.414673,780.427856,76.392769,29.424986,2,3.586061,1.683082,1.931237,2.816545,0.386504,2.718869,120.599281,1.634065,1.896814,0.851627,3.367627
1776194149.312438,231.768814,553.645874,782.921326,785.414673,76.636055,29.5091,2,3.620096,1.678409,3.109274,2.83425,0.389003,2.711307,147.318008,1.634065,1.896814,0.851627,3.367627
1776194150.084176,228.576797,539.384216,771.70105,767.960999,77.750313,29.764116,2,3.617267,1.664403,2.365309,2.791449,0.380444,2.688753,135.006516,1.634065,1.896814,0.851627,3.367627
1776194150.867134,231.768814,554.892578,782.921326,786.661377,76.636055,29.462334,2,3.49823,1.681004,1.765055,2.738838,0.389604,2.715503,75.849541,1.634065,1.896814,0.851627,3.367627
1776194151.637636,231.768814,538.685547,770.454346,770.454346,77.876129,30.082094,2,3.497951,1.647271,2.570374,2.695011,0.381786,2.661393,79.19191,1.634065,1.896814,0.851627,3.367627
1776194152.420594,229.640793,550.787048,782.921326,780.427856,76.636055,29.424986,2,3.554404,1.683082,2.081301,2.782819,0.386504,2.718869,136.802063,1.634065,1.896814,0.851627,3.367627
1776194153.189838,232.832794,540.11499,769.207703,772.947754,78.002342,30.122709,2,3.543764,1.645109,2.975329,2.725891,0.383035,2.657958,116.194252,1.634065,1.896814,0.851627,3.367627
1776194153.956589,236.024811,534.429565,766.714294,770.454346,78.256004,30.634495,2,3.556045,1.618355,2.686989,2.726471,0.381972,2.615779,114.230949,1.634065,1.896814,0.851627,3.367627
1776194154.724599,236.024811,531.936157,767.960999,767.960999,78.128967,30.733957,2,3.663761,1.613258,3.204372,2.813626,0.380769,2.607814,111.232933,1.634065,1.896814,0.851627,3.367627
1776194155.502569,240.280807,542.640503,777.934509,782.921326,77.127312,30.690289,2,3.640367,1.615492,3.900604,2.831967,0.388172,2.611302,122.86351,1.634065,1.896814,0.851627,3.367627
1776194156.291761,231.768814,547.412415,789.154724,779.181213,76.030716,29.745174,2,3.528789,1.665435,2.064851,2.784761,0.385996,2.690409,99.097466,1.634065,1.896814,0.851627,3.367627
1776194157.067238,236.024811,544.403076,775.441101,780.427856,77.375313,30.243,2,3.616346,1.638739,3.072079,2.804263,0.386783,2.647861,113.693123,1.634065,1.896814,0.851627,3.367627
1776194157.847715,231.768814,543.672302,780.427856,775.441101,76.880905,29.888641,2,3.637589,1.65765,1.803645,2.838876,0.384192,2.677939,121.219948,1.634065,1.896814,0.851627,3.367627
1776194158.63192,231.768814,552.399231,784.16803,784.16803,76.514214,29.556015,2,3.508171,1.675814,2.515776,2.750996,0.388401,2.707116,105.215271,1.634065,1.896814,0.851627,3.367627
1776194159.408643,237.088791,545.83252,776.687805,782.921326,77.251114,30.282581,2,3.487249,1.636654,1.851047,2.708504,0.388032,2.644563,113.529152,1.634065,1.896814,0.851627,3.367627
1776194160.190355,234.960815,544.220398,781.674561,779.181213,76.758286,30.154837,2,3.464988,1.643402,2.557634,2.708493,0.386135,2.65525,122.232803,1.634065,1.896814,0.851627,3.367627
1776194160.973325,234.960815,547.96051,782.921326,782.921326,76.636055,30.010784,2,3.52247,1.651081,3.896933,2.757816,0.387939,2.667457,136.323273,1.634065,1.896814,0.851627,3.367627
1776194161.75379,229.640793,544.55365,780.427856,774.194458,76.880905,29.6619,2,3.554524,1.669988,2.298116,2.77405,0.383497,2.697726,132.454391,1.634065,1.896814,0.851627,3.367627
1776194162.530514,232.832794,547.595093,776.687805,780.427856,77.251114,29.833994,2,3.590921,1.660606,2.48508,2.789024,0.386644,2.682669,144.803116,1.634065,1.896814,0.851627,3.367627
1776194163.314718,234.960815,551.700562,784.16803,786.661377,76.514214,29.868103,2,3.62131,1.65876,2.83518,2.839716,0.389744,2.679714,137.441513,1.634065,1.896814,0.851627,3.367627
1776194164.093948,246.664825,546.22998,779.181213,792.894836,77.003906,31.109398,2,3.580792,1.594316,3.395852,2.790086,0.393262,2.5784,110.708206,1.634065,1.896814,0.851627,3.367627
1776194164.876906,240.280807,535.160278,782.921326,775.441101,76.636055,30.98634,2,3.632876,1.600474,4.834508,2.844256,0.384563,2.587929,166.139603,1.634065,1.896814,0.851627,3.367627
1776194165.65737,231.768814,538.685547,780.427856,770.454346,76.880905,30.082094,2,3.608782,1.647271,2.230079,2.816394,0.381786,2.661393,121.900688,1.634065,1.896814,0.851627,3.367627
1776194166.42412,232.832794,535.128174,766.714294,767.960999,78.256004,30.318312,2,3.654783,1.634777,2.846819,2.802174,0.38063,2.641597,138.217255,1.634065,1.896814,0.851627,3.367627
1776194167.193377,242.408798,538.019043,769.207703,780.427856,78.002342,31.061012,2,3.574303,1.596731,3.232791,2.749382,0.387062,2.582134,115.924576,1.634065,1.896814,0.851627,3.367627
1776194167.970101,242.408798,534.278992,776.687805,776.687805,77.251114,31.210583,2,3.641592,1.589289,3.055887,2.82838,0.385258,2.570645,133.517654,1.634065,1.896814,0.851627,3.367627
1776194168.749319,244.536804,537.137756,779.181213,781.674561,77.003906,31.283709,2,3.544787,1.585676,3.07531,2.762032,0.387756,2.565085,118.510086,1.634065,1.896814,0.851627,3.367627
1776194169.526044,239.216797,531.237549,776.687805,770.454346,77.251114,31.048796,2,3.606071,1.597342,3.092017,2.800792,0.382111,2.58308,117.824089,1.634065,1.896814,0.851627,3.367627
1776194170.309013,237.088791,543.33905,782.921326,780.427856,76.636055,30.379333,2,3.624695,1.631581,2.589725,2.837851,0.386829,2.636555,103.613075,1.634065,1.896814,0.851627,3.367627
1776194171.090724,228.576797,543.124268,781.674561,771.70105,76.758286,29.619864,2,3.610846,1.672296,1.708694,2.822507,0.382248,2.701443,102.153183,1.634065,1.896814,0.851627,3.367627
1776194171.861215,229.640793,542.060242,770.454346,771.70105,77.876129,29.757742,2,3.533778,1.66475,1.791675,2.722615,0.382294,2.68931,111.317574,1.634065,1.896814,0.851627,3.367627
1776194172.629213,236.024811,539.41626,767.960999,775.441101,78.128967,30.43749,2,3.609058,1.628546,2.183962,2.771616,0.384377,2.631776,119.871193,1.634065,1.896814,0.851627,3.367627
1776194173.404702,227.512787,537.954834,775.441101,765.467651,77.375313,29.722065,2,3.619988,1.666696,3.086583,2.807087,0.379195,2.692434,133.782074,1.634065,1.896814,0.851627,3.367627
1776194174.188907,232.832794,557.568604,784.16803,790.401428,76.514214,29.457537,2,3.586164,1.68127,2.146254,2.812155,0.391455,2.715935,158.862259,1.634065,1.896814,0.851627,3.367627
1776194174.956904,238.152802,536.041626,767.960999,774.194458,78.128967,30.761368,2,3.611992,1.61186,1.900835,2.773869,0.383869,2.605632,127.591011,1.634065,1.896814,0.851627,3.367627
1776194175.734875,239.216797,539.964417,777.934509,779.181213,77.127312,30.701048,2,3.526579,1.614941,2.676341,2.743448,0.386321,2.610441,121.037483,1.634065,1.896814,0.851627,3.367627
1776194176.495393,240.280807,521.446716,760.480896,761.727539,78.897446,31.544193,2,3.525244,1.572942,2.39527,2.680881,0.377948,2.545578,121.620911,1.634065,1.896814,0.851627,3.367627
1776194177.272129,237.088791,535.858948,776.687805,772.947754,77.251114,30.673328,2,3.494115,1.616361,1.967808,2.713836,0.383221,2.612661,115.482262,1.634065,1.896814,0.851627,3.367627
1776194178.052593,239.216797,543.704529,780.427856,782.921326,76.880905,30.554384,2,3.456999,1.622483,2.325654,2.697938,0.388125,2.622249,119.025238,1.634065,1.896814,0.851627,3.367627
1776194178.844278,232.832794,551.335205,791.648132,784.16803,75.791245,29.691696,2,3.315624,1.668356,1.470362,2.624808,0.388448,2.695102,109.217461,1.634065,1.896814,0.851627,3.367627
1776194179.609782,237.088791,533.36554,765.467651,770.454346,78.383453,30.772594,2,3.450288,1.611288,2.169532,2.641084,0.382018,2.60474,118.837418,1.634065,1.896814,0.851627,3.367627
1776194180.371558,233.896805,524.090698,761.727539,757.987488,78.768318,30.857607,2,3.540837,1.606969,2.090737,2.697153,0.375865,2.598014,125.85289,1.634065,1.896814,0.851627,3.367627
1776194181.140802,241.344788,536.589722,769.207703,777.934509,78.002342,31.023792,2,3.591636,1.598595,2.774266,2.762714,0.385812,2.585018,125.977379,1.634065,1.896814,0.851627,3.367627
1776194181.913787,233.896805,530.324158,772.947754,764.220947,77.624908,30.605915,2,3.471426,1.619825,3.228054,2.68323,0.378872,2.618082,132.345673,1.634065,1.896814,0.851627,3.367627
1776194182.690511,230.704803,542.24292,776.687805,772.947754,77.251114,29.847399,2,3.529499,1.65988,1.809189,2.741319,0.382942,2.681507,106.620125,1.634065,1.896814,0.851627,3.367627
1776194183.45478,232.832794,533.88147,764.220947,766.714294,78.51133,30.367607,2,3.650908,1.632194,2.187818,2.790101,0.380028,2.637522,131.895264,1.634065,1.896814,0.851627,3.367627
1776194184.224024,233.896805,536.557556,769.207703,770.454346,78.002342,30.358297,2,3.662256,1.632681,2.698885,2.817036,0.381879,2.63829,119.199699,1.634065,1.896814,0.851627,3.367627
1776194184.973322,242.408798,516.825378,749.26062,759.234192,80.078941,31.928066,2,3.739566,1.554555,3.625556,2.80191,0.376838,2.517652,126.575417,1.634065,1.896814,0.851627,3.367627
1776194185.751293,237.088791,534.612244,777.934509,771.70105,77.127312,30.722881,2,3.638477,1.613824,3.367323,2.830497,0.38262,2.608697,123.239143,1.634065,1.896814,0.851627,3.367627
1776194186.521784,240.280807,533.913635,770.454346,774.194458,77.876129,31.036234,2,3.525656,1.597971,2.640101,2.716357,0.383962,2.584053,135.588989,1.634065,1.896814,0.851627,3.367627
1776194187.292286,241.344788,530.356262,770.454346,771.70105,77.876129,31.274391,2,3.623621,1.586135,2.266649,2.791834,0.382805,2.565792,129.880707,1.634065,1.896814,0.851627,3.367627
1776194188.060284,241.344788,526.616211,767.960999,767.960999,78.128967,31.426699,2,3.561386,1.57866,0.966565,2.735006,0.381001,2.554319,114.486694,1.634065,1.896814,0.851627,3.367627
1776194188.839502,238.152802,537.28833,779.181213,775.441101,77.003906,30.711914,2,3.569847,1.614385,2.414767,2.781557,0.38447,2.609573,108.713814,1.634065,1.896814,0.851627,3.367627
1776194189.618719,239.216797,541.21106,779.181213,780.427856,77.003906,30.652008,2,3.578322,1.617455,2.537256,2.788161,0.386922,2.614371,140.836441,1.634065,1.896814,0.851627,3.367627
1776194190.394209,233.896805,535.310913,775.441101,769.207703,77.375313,30.407497,2,3.382197,1.63011,1.201371,2.622694,0.381277,2.634237,109.597145,1.634065,1.896814,0.851627,3.367627
1776194191.137272,245.600784,511.140015,743.027161,756.740784,80.750748,32.455074,2,3.571587,1.530021,3.065507,2.653786,0.375774,2.480838,126.207405,1.634065,1.896814,0.851627,3.367627
1776194191.896543,245.600784,513.633423,759.234192,759.234192,79.027,32.348488,2,3.564988,1.534919,3.161376,2.706661,0.376977,2.488146,122.178734,1.634065,1.896814,0.851627,3.367627
1776194192.663294,246.664825,521.296143,766.714294,767.960999,78.256004,32.119446,2,3.592375,1.545553,3.641674,2.754325,0.381234,2.504084,107.781166,1.634065,1.896814,0.851627,3.367627
1776194193.440019,244.536804,529.657654,776.687805,774.194458,77.251114,31.585968,2,3.524039,1.57092,2.846268,2.737078,0.384148,2.542491,104.711021,1.634065,1.896814,0.851627,3.367627
1776194194.208016,247.728806,523.972229,767.960999,771.70105,78.128967,32.101654,2,3.621266,1.546385,3.09231,2.780991,0.383084,2.505336,107.232361,1.634065,1.896814,0.851627,3.367627
1776194194.983505,246.664825,527.529663,775.441101,774.194458,77.375313,31.860838,2,3.479736,1.557744,2.464776,2.69833,0.384241,2.522474,92.614677,1.634065,1.896814,0.851627,3.367627
1776194195.765217,239.216797,533.730957,781.674561,772.947754,76.758286,30.948635,2,3.424618,1.602371,1.959399,2.676937,0.383314,2.590871,97.51757,1.634065,1.896814,0.851627,3.367627
1776194196.541941,238.152802,537.28833,776.687805,775.441101,77.251114,30.711914,2,3.491004,1.614385,2.012823,2.71142,0.38447,2.609573,99.499229,1.634065,1.896814,0.851627,3.367627
1776194197.316172,240.280807,536.406982,774.194458,776.687805,77.499908,30.936602,2,3.521674,1.602977,2.095217,2.72646,0.385165,2.591812,98.23687,1.634065,1.896814,0.851627,3.367627
1776194198.100388,239.216797,543.704529,784.16803,782.921326,76.514214,30.554384,2,3.495662,1.622483,1.195423,2.741186,0.388125,2.622249,108.143028,1.634065,1.896814,0.851627,3.367627
1776194198.878359,239.216797,538.717712,777.934509,777.934509,77.127312,30.750248,2,3.443141,1.612427,2.223507,2.678538,0.38572,2.606517,125.85701,1.634065,1.896814,0.851627,3.367627
1776194199.651344,239.216797,533.730957,772.947754,772.947754,77.624908,30.948635,2,3.427972,1.602371,1.844695,2.649644,0.383314,2.590871,110.306145,1.634065,1.896814,0.851627,3.367627
1776194200.413108,250.920792,524.520325,761.727539,775.441101,78.768318,32.358459,2,3.38138,1.534459,2.158407,2.57569,0.385028,2.487459,93.229988,1.634065,1.896814,0.851627,3.367627
1776194201.192337,233.896805,525.337402,779.181213,759.234192,77.003906,30.806938,2,3.382591,1.60954,0.751658,2.635651,0.376466,2.602016,100.904556,1.634065,1.896814,0.851627,3.367627
1776194201.959088,243.472794,534.461731,766.714294,777.934509,78.256004,31.297338,2,3.471525,1.585004,2.634299,2.661668,0.385905,2.564053,102.969505,1.634065,1.896814,0.851627,3.367627
1776194202.750773,245.600784,548.54071,791.648132,794.141479,75.791245,30.926579,2,3.50105,1.603482,2.734317,2.7716,0.393817,2.592596,100.157448,1.634065,1.896814,0.851627,3.367627
1776194203.517524,237.088791,519.651978,766.714294,756.740784,78.256004,31.330252,2,3.583376,1.583385,2.151761,2.747425,0.375403,2.561566,123.021828,1.634065,1.896814,0.851627,3.367627
1776194204.290521,246.664825,537.503174,772.947754,784.16803,77.624908,31.455608,2,3.502259,1.577249,1.84587,2.707063,0.389052,2.55216,75.301743,1.634065,1.896814,0.851627,3.367627
1776194205.072231,244.536804,534.644409,781.674561,779.181213,76.758286,31.383816,2,3.454922,1.580757,2.542249,2.700625,0.386553,2.557533,99.249641,1.634065,1.896814,0.851627,3.367627
1776194205.857682,237.088791,539.598999,785.414673,776.687805,76.392769,30.525621,2,3.428544,1.623971,2.278693,2.692828,0.385025,2.624583,122.362144,1.634065,1.896814,0.851627,3.367627
1776194206.620693,231.768814,524.971985,762.974243,756.740784,78.63961,30.627239,2,3.602596,1.618728,2.725725,2.748688,0.375171,2.616364,117.748322,1.634065,1.896814,0.851627,3.367627
1776194207.402417,231.768814,549.905762,781.674561,781.674561,76.758286,29.650295,2,3.627872,1.670624,2.069588,2.835816,0.387199,2.698751,106.066185,1.634065,1.896814,0.851627,3.367627
1776194208.177894,236.024811,544.403076,775.441101,780.427856,77.375313,30.243,2,3.604429,1.638739,2.834702,2.795022,0.386783,2.647861,132.214874,1.634065,1.896814,0.851627,3.367627
1776194208.957111,233.896805,542.791016,779.181213,776.687805,77.003906,30.114647,2,3.536458,1.645537,2.778341,2.755542,0.384886,2.658639,106.164284,1.634065,1.896814,0.851627,3.367627
1776194209.723862,231.768814,532.452148,766.714294,764.220947,78.256004,30.327459,2,3.611765,1.634297,2.901161,2.769192,0.378779,2.64084,133.668015,1.634065,1.896814,0.851627,3.367627
1776194210.481886,242.408798,528.045532,757.987488,770.454346,79.156982,31.463095,2,3.771542,1.576884,4.079748,2.858781,0.382251,2.551601,131.539886,1.634065,1.896814,0.851627,3.367627
1776194211.258623,232.832794,532.634888,776.687805,765.467651,77.251114,30.417065,2,3.661097,1.629611,2.336743,2.843529,0.379427,2.633451,115.04966,1.634065,1.896814,0.851627,3.367627
1776194212.045321,231.768814,553.645874,786.661377,785.414673,76.271698,29.5091,2,3.615158,1.678409,1.655858,2.843905,0.389003,2.711307,119.093719,1.634065,1.896814,0.851627,3.367627
1776194212.812071,233.896805,535.310913,766.714294,769.207703,78.256004,30.407497,2,3.618833,1.63011,2.168211,2.774611,0.381277,2.634237,101.957924,1.634065,1.896814,0.851627,3.367627
1776194213.590042,233.896805,544.03772,777.934509,777.934509,77.127312,30.066389,2,3.60124,1.648108,2.226371,2.801529,0.385487,2.662725,109.40863,1.634065,1.896814,0.851627,3.367627
1776194214.361792,237.088791,538.352295,771.70105,775.441101,77.750313,30.574699,2,3.685829,1.621434,2.506156,2.844358,0.384424,2.620604,123.647942,1.634065,1.896814,0.851627,3.367627
1776194215.127296,245.600784,529.840332,765.467651,775.441101,78.383453,31.672398,2,3.651694,1.566752,2.769272,2.795254,0.384795,2.536144,123.141319,1.634065,1.896814,0.851627,3.367627
1776194215.897787,240.280807,523.940125,770.454346,764.220947,77.876129,31.441275,2,3.52041,1.577948,1.837792,2.712315,0.379151,2.55323,94.561775,1.634065,1.896814,0.851627,3.367627
1776194216.665784,243.472794,528.228271,767.960999,771.70105,78.128967,31.550144,2,3.58494,1.572654,2.90766,2.753094,0.382898,2.545137,113.964897,1.634065,1.896814,0.851627,3.367627
1776194217.446261,234.960815,535.49353,780.427856,770.454346,76.880905,30.496397,2,3.609011,1.625485,2.43889,2.816573,0.381925,2.626962,110.747002,1.634065,1.896814,0.851627,3.367627
1776194218.229219,223.256805,545.950928,782.921326,769.207703,76.636055,29.024256,2,3.636186,1.705717,1.728411,2.846848,0.380813,2.755759,116.38192,1.634065,1.896814,0.851627,3.367627
1776194218.983503,228.576797,531.904114,754.247437,760.480896,79.549492,30.056875,2,3.613792,1.648616,2.00346,2.725694,0.376835,2.663533,121.27636,1.634065,1.896814,0.851627,3.367627
1776194219.744019,231.768814,532.452148,760.480896,764.220947,78.897446,30.327459,2,3.777122,1.634297,3.708426,2.872429,0.378779,2.64084,121.262405,1.634065,1.896814,0.851627,3.367627
1776194220.539444,222.192795,561.97522,795.388184,784.16803,75.434868,28.334845,2,3.682332,1.746156,1.653802,2.928883,0.387983,2.822749,116.904907,1.634065,1.896814,0.851627,3.367627
1776194221.308701,226.448807,547.745667,769.207703,774.194458,78.002342,29.249603,2,3.699607,1.692912,2.378894,2.845767,0.383358,2.734836,121.242264,1.634065,1.896814,0.851627,3.367627
1776194222.075452,234.960815,541.72699,766.714294,776.687805,78.256004,30.251642,2,3.790313,1.638283,2.838557,2.906087,0.384932,2.64714,119.747406,1.634065,1.896814,0.851627,3.367627
1776194222.845943,225.384796,533.849365,770.454346,759.234192,77.876129,29.685806,2,3.691071,1.668678,1.956535,2.843802,0.376095,2.69562,119.417,1.634065,1.896814,0.851627,3.367627
1776194223.611446,226.448807,540.265503,765.467651,766.714294,78.383453,29.534966,2,3.552642,1.676977,0.186176,2.719433,0.37975,2.708994,95.13192,1.634065,1.896814,0.851627,3.367627
1776194224.384443,226.448807,546.498962,772.947754,772.947754,77.624908,29.29678,2,3.350737,1.690256,1.448442,2.589945,0.382757,2.730514,90.746819,1.634065,1.896814,0.851627,3.367627
1776194225.1487,233.896805,539.050964,764.220947,772.947754,78.51133,30.260363,2,3.481922,1.637824,2.329546,2.660958,0.383082,2.646413,103.027245,1.634065,1.896814,0.851627,3.367627
1776194225.931658,229.640793,548.293701,782.921326,777.934509,76.636055,29.519295,2,3.645701,1.677844,3.31658,2.854297,0.385302,2.710394,163.576187,1.634065,1.896814,0.851627,3.367627
1776194226.722096,225.384796,560.029907,790.401428,785.414673,75.910797,28.696281,2,3.554723,1.724713,1.737847,2.809658,0.388724,2.787054,148.332169,1.634065,1.896814,0.851627,3.367627
1776194227.472639,226.448807,525.305298,750.507385,751.754089,79.945915,30.122725,2,3.689723,1.645108,2.235623,2.769164,0.372533,2.657957,135.61705,1.634065,1.896814,0.851627,3.367627
1776194228.231923,227.512787,532.96814,759.234192,760.480896,79.027,29.916964,2,3.683828,1.656122,2.514344,2.796888,0.376789,2.675498,127.91848,1.634065,1.896814,0.851627,3.367627
1776194228.98122,230.704803,522.295898,749.26062,753.000732,80.078941,30.638058,2,3.755595,1.618171,3.336003,2.81392,0.37332,2.615493,131.468185,1.634065,1.896814,0.851627,3.367627
1776194229.751711,239.216797,541.21106,770.454346,780.427856,77.876129,30.652008,2,3.757329,1.617455,4.039212,2.89485,0.386922,2.614371,139.944168,1.634065,1.896814,0.851627,3.367627
1776194230.530929,229.640793,538.32019,779.181213,767.960999,77.003906,29.902664,2,3.752093,1.656893,2.456221,2.923561,0.38049,2.67673,136.244156,1.634065,1.896814,0.851627,3.367627
1776194231.306405,230.704803,545.983032,775.441101,776.687805,77.375313,29.703674,2,3.63912,1.667701,4.313123,2.821923,0.384747,2.694049,168.059128,1.634065,1.896814,0.851627,3.367627
1776194232.091869,221.128799,553.065674,785.414673,774.194458,76.392769,28.562435,2,3.585759,1.732591,2.751097,2.816308,0.383126,2.800122,133.962204,1.634065,1.896814,0.851627,3.367627
1776194232.856127,228.576797,544.370972,764.220947,772.947754,78.51133,29.572088,2,3.760538,1.674927,2.475681,2.873882,0.382849,2.705684,138.257645,1.634065,1.896814,0.851627,3.367627
1776194233.632851,222.192795,547.014893,776.687805,769.207703,77.251114,28.885931,2,3.616523,1.713676,1.86812,2.808909,0.380767,2.768834,131.775772,1.634065,1.896814,0.851627,3.367627
1776194234.410822,223.256805,555.924438,777.934509,779.181213,77.127312,28.652746,2,3.623928,1.727267,2.197474,2.819178,0.385624,2.791285,147.102921,1.634065,1.896814,0.851627,3.367627
1776194235.190052,228.576797,556.837891,779.181213,785.414673,77.003906,29.10269,2,3.599506,1.701238,3.959425,2.804667,0.388864,2.748424,130.906738,1.634065,1.896814,0.851627,3.367627
1776194235.964283,228.576797,545.617676,774.194458,774.194458,77.499908,29.524469,2,3.669421,1.677558,3.007347,2.840846,0.383451,2.709932,148.005035,1.634065,1.896814,0.851627,3.367627
1776194236.719813,227.512787,526.734619,755.494141,754.247437,79.418221,30.164211,2,3.654594,1.642905,3.408153,2.761024,0.373782,2.654461,134.147232,1.634065,1.896814,0.851627,3.367627
1776194237.496538,224.320801,548.626953,776.687805,772.947754,77.251114,29.021469,2,3.659804,1.705877,3.153335,2.842525,0.382664,2.75602,148.811249,1.634065,1.896814,0.851627,3.367627
1776194238.27078,214.744797,548.229431,774.194458,762.974243,77.499908,28.145746,2,3.633327,1.757595,2.682546,2.812901,0.377434,2.84195,139.602875,1.634065,1.896814,0.851627,3.367627
1776194239.021324,219.000793,536.493347,750.507385,755.494141,79.945915,28.987757,2,3.72177,1.70781,2.759542,2.793216,0.374012,2.759192,132.280014,1.634065,1.896814,0.851627,3.367627
1776194239.779348,227.512787,540.448242,757.987488,767.960999,79.156982,29.625565,2,3.775829,1.671983,3.067379,2.862031,0.380397,2.700938,150.144516,1.634065,1.896814,0.851627,3.367627
1776194240.554826,223.256805,547.19751,775.441101,770.454346,77.375313,28.977293,2,3.69854,1.708411,2.677442,2.868,0.381414,2.760178,133.277206,1.634065,1.896814,0.851627,3.367627
1776194241.32781,216.872803,548.594849,772.947754,765.467651,77.624908,28.332066,2,3.68986,1.746323,2.895102,2.852069,0.37873,2.823029,140.356125,1.634065,1.896814,0.851627,3.367627
1776194242.093326,220.064789,549.142944,765.467651,769.207703,78.383453,28.609282,2,3.785344,1.729825,3.413036,2.897558,0.380674,2.795528,154.143295,1.634065,1.896814,0.851627,3.367627
1776194242.841377,225.384796,528.862671,748.013916,754.247437,80.21241,29.882076,2,3.813543,1.658005,3.138318,2.852583,0.373689,2.678506,158.221817,1.634065,1.896814,0.851627,3.367627
1776194243.611868,217.936798,543.790771,770.454346,761.727539,77.876129,28.610859,2,3.669654,1.729732,2.122608,2.827301,0.376972,2.795374,127.948784,1.634065,1.896814,0.851627,3.367627
1776194244.379865,224.320801,551.1203,767.960999,775.441101,78.128967,28.928154,2,3.684432,1.711239,3.069362,2.8295,0.383866,2.764823,157.744125,1.634065,1.896814,0.851627,3.367627
1776194245.14537,224.320801,541.146851,765.467651,765.467651,78.383453,29.305065,2,3.70313,1.689791,2.838778,2.834626,0.379055,2.729757,157.114243,1.634065,1.896814,0.851627,3.367627
1776194245.910873,221.128799,540.598755,765.467651,761.727539,78.383453,29.029909,2,3.794797,1.705393,2.068743,2.904794,0.377112,2.755228,154.852432,1.634065,1.896814,0.851627,3.367627
1776194246.675143,220.064789,542.909424,764.220947,762.974243,78.51133,28.843016,2,3.7499,1.716161,3.494144,2.865752,0.377667,2.772927,124.25174,1.634065,1.896814,0.851627,3.367627
1776194247.436907,220.064789,541.66272,761.727539,761.727539,78.768318,28.890223,2,3.716999,1.713428,3.314744,2.83134,0.377065,2.768425,138.196518,1.634065,1.896814,0.851627,3.367627
1776194248.193684,222.192795,537.041382,756.740784,759.234192,79.287384,29.265383,2,3.765247,1.692023,2.59828,2.849316,0.375955,2.733388,146.308487,1.634065,1.896814,0.851627,3.367627
1776194248.949215,233.896805,535.310913,755.494141,769.207703,79.418221,30.407497,2,3.737406,1.63011,3.478172,2.823588,0.381277,2.634237,130.915756,1.634065,1.896814,0.851627,3.367627
1776194249.723445,224.320801,538.653442,774.194458,762.974243,77.499908,29.400835,2,3.614712,1.684429,2.394168,2.79849,0.377852,2.721051,133.271057,1.634065,1.896814,0.851627,3.367627
1776194250.492702,228.576797,545.617676,769.207703,774.194458,78.002342,29.524469,2,3.727278,1.677558,3.848686,2.867051,0.383451,2.709932,167.587097,1.634065,1.896814,0.851627,3.367627
1776194251.2607,229.640793,539.566895,767.960999,769.207703,78.128967,29.854198,2,3.785527,1.659512,4.248684,2.907137,0.381092,2.680918,186.724564,1.634065,1.896814,0.851627,3.367627
1776194252.031191,229.640793,540.813538,770.454346,770.454346,77.876129,29.805893,2,3.75614,1.662131,4.005873,2.893934,0.381693,2.685111,145.695618,1.634065,1.896814,0.851627,3.367627
1776194252.785475,228.576797,524.42395,754.247437,753.000732,79.549492,30.355453,2,3.869739,1.63283,3.55392,2.918741,0.373227,2.638525,172.582397,1.634065,1.896814,0.851627,3.367627
1776194253.563445,230.704803,549.723022,777.934509,780.427856,77.127312,29.561323,2,3.634214,1.675521,5.996095,2.827181,0.386551,2.706643,166.108154,1.634065,1.896814,0.851627,3.367627
1776194254.337688,225.384796,542.576172,774.194458,767.960999,77.499908,29.348469,2,3.652938,1.687356,1.747137,2.828084,0.380304,2.725801,152.690308,1.634065,1.896814,0.851627,3.367627
1776194255.110673,230.704803,548.47644,772.947754,779.181213,77.624908,29.60862,2,3.741355,1.672914,2.274103,2.891872,0.385949,2.702439,160.984695,1.634065,1.896814,0.851627,3.367627
1776194255.88615,224.320801,543.640198,775.441101,767.960999,77.375313,29.209921,2,3.650594,1.695153,1.902892,2.830821,0.380258,2.738487,122.684715,1.634065,1.896814,0.851627,3.367627
1776194256.655394,221.128799,544.338867,769.207703,765.467651,78.002342,28.888065,2,3.599835,1.713553,2.434594,2.769021,0.378916,2.768631,145.822281,1.634065,1.896814,0.851627,3.367627
1776194257.423404,223.256805,547.19751,767.960999,770.454346,78.128967,28.977293,2,3.69387,1.708411,2.838521,2.836748,0.381414,2.760178,172.516708,1.634065,1.896814,0.851627,3.367627
1776194258.165221,238.152802,521.081421,741.780518,759.234192,80.886459,31.367502,2,3.838405,1.581556,3.879382,2.847254,0.376652,2.558759,148.126801,1.634065,1.896814,0.851627,3.367627
1776194258.940699,226.448807,535.278748,775.441101,761.727539,77.375313,29.728321,2,3.676853,1.666354,2.306267,2.851183,0.377344,2.691885,154.312576,1.634065,1.896814,0.851627,3.367627
1776194259.712436,219.000793,543.97345,771.70105,762.974243,77.750313,28.703564,2,3.617572,1.724287,1.955801,2.791684,0.37762,2.786348,124.327431,1.634065,1.896814,0.851627,3.367627
1776194260.476693,216.872803,544.854736,764.220947,761.727539,78.51133,28.471178,2,3.878821,1.738004,2.976431,2.964277,0.376926,2.809133,172.633224,1.634065,1.896814,0.851627,3.367627
1776194261.230977,227.512787,539.201538,754.247437,766.714294,79.549492,29.673737,2,3.756689,1.669339,2.960752,2.833473,0.379796,2.696683,150.202377,1.634065,1.896814,0.851627,3.367627
1776194261.99774,229.640793,539.566895,766.714294,769.207703,78.256004,29.854198,2,3.660521,1.659512,4.33273,2.806574,0.381092,2.680918,175.528244,1.634065,1.896814,0.851627,3.367627
1776194262.760751,224.320801,532.419983,762.974243,756.740784,78.63961,29.643017,2,3.699659,1.671024,2.196042,2.822744,0.374845,2.699394,135.458328,1.634065,1.896814,0.851627,3.367627
1776194263.518775,223.256805,533.484009,757.987488,756.740784,79.156982,29.502415,2,3.690028,1.678779,2.516988,2.796995,0.374799,2.711905,138.398102,1.634065,1.896814,0.851627,3.367627
1776194264.274305,222.192795,532.054626,755.494141,754.247437,79.418221,29.458874,2,3.708573,1.681196,2.152936,2.801805,0.37355,2.715815,136.301132,1.634065,1.896814,0.851627,3.367627
1776194265.027342,236.024811,533.182861,753.000732,769.207703,79.681198,30.684147,2,3.705855,1.615806,2.76303,2.790511,0.38137,2.611794,117.783516,1.634065,1.896814,0.851627,3.367627
1776194265.796599,223.256805,530.990601,769.207703,754.247437,78.002342,29.599941,2,3.686505,1.673392,2.462977,2.835688,0.373596,2.703209,118.076927,1.634065,1.896814,0.851627,3.367627
1776194266.558363,230.704803,539.749512,761.727539,770.454346,78.768318,29.943995,2,3.851411,1.654667,3.96229,2.933726,0.38174,2.673174,137.024307,1.634065,1.896814,0.851627,3.367627
1776194267.320127,232.832794,531.388184,761.727539,764.220947,78.768318,30.466684,2,3.940563,1.627028,3.046634,3.001635,0.378825,2.629387,162.80365,1.634065,1.896814,0.851627,3.367627
1776194268.080644,236.024811,528.196167,760.480896,764.220947,78.897446,30.884367,2,3.921026,1.605614,3.322638,2.981866,0.378965,2.595908,158.814651,1.634065,1.896814,0.851627,3.367627
1776194268.851135,233.896805,534.064209,770.454346,767.960999,77.876129,30.45686,2,3.75362,1.627539,3.792472,2.891993,0.380676,2.63019,137.97699,1.634065,1.896814,0.851627,3.367627
1776194269.635352,229.640793,549.540405,784.16803,779.181213,76.514214,29.472065,2,3.563022,1.680463,2.95675,2.794008,0.385903,2.714629,144.651291,1.634065,1.896814,0.851627,3.367627
1776194270.407089,234.960815,542.973694,771.70105,777.934509,77.750313,30.203161,2,3.59834,1.640843,2.525653,2.776843,0.385534,2.651192,146.371567,1.634065,1.896814,0.851627,3.367627
1776194271.16262,238.152802,521.081421,755.494141,759.234192,79.418221,31.367502,2,3.698864,1.581556,3.073805,2.79447,0.376652,2.558759,134.579727,1.634065,1.896814,0.851627,3.367627
1776194271.935604,228.576797,533.150757,772.947754,761.727539,77.624908,30.007685,2,3.644405,1.651247,1.833202,2.816935,0.377437,2.667722,129.038101,1.634065,1.896814,0.851627,3.367627
1776194272.702354,231.768814,538.685547,766.714294,770.454346,78.256004,30.082094,2,3.713796,1.647271,2.846782,2.847421,0.381786,2.661393,123.170387,1.634065,1.896814,0.851627,3.367627
1776194273.479091,236.024811,545.64978,776.687805,781.674561,77.251114,30.194765,2,3.777216,1.641287,2.439331,2.933718,0.387384,2.651896,144.328751,1.634065,1.896814,0.851627,3.367627
1776194274.252076,229.640793,535.826843,772.947754,765.467651,77.624908,30.000063,2,3.697187,1.651656,2.670429,2.857732,0.379288,2.668372,98.229179,1.634065,1.896814,0.851627,3.367627
1776194275.011346,230.704803,529.776123,759.234192,760.480896,79.027,30.336699,2,3.720712,1.633812,1.931604,2.824892,0.376928,2.640075,125.733192,1.634065,1.896814,0.851627,3.367627
1776194275.786823,217.936798,542.544067,775.441101,760.480896,77.375313,28.657761,2,3.680592,1.726973,0.34138,2.854082,0.376371,2.790797,118.323753,1.634065,1.896814,0.851627,3.367627
1776194276.546094,217.936798,541.297363,759.234192,759.234192,79.027,28.704819,2,3.80672,1.724213,1.855673,2.890192,0.375769,2.786226,149.262573,1.634065,1.896814,0.851627,3.367627
1776194277.321584,224.320801,558.600525,775.441101,782.921326,77.375313,28.651768,2,3.653544,1.727325,0.255168,2.833108,0.387475,2.79138,99.491844,1.634065,1.896814,0.851627,3.367627
1776194278.070882,226.448807,525.305298,749.26062,751.754089,80.078941,30.122725,2,3.61096,1.645108,1.029938,2.70555,0.372533,2.657957,93.006584,1.634065,1.896814,0.851627,3.367627
1776194278.836385,219.000793,537.73999,765.467651,756.740784,78.383453,28.940001,2,3.707822,1.710556,1.391016,2.838218,0.374613,2.763701,118.190376,1.634065,1.896814,0.851627,3.367627
1776194279.594409,225.384796,540.082886,757.987488,765.467651,79.156982,29.444065,2,3.874212,1.68202,3.411273,2.936604,0.379102,2.717148,140.245743,1.634065,1.896814,0.851627,3.367627
1776194280.362406,225.384796,542.576172,767.960999,767.960999,78.128967,29.348469,2,3.785558,1.687356,2.090994,2.907161,0.380304,2.725801,116.813469,1.634065,1.896814,0.851627,3.367627
1776194281.122936,229.640793,535.826843,760.480896,765.467651,78.897446,30.000063,2,3.760383,1.651656,2.149668,2.859699,0.379288,2.668372,114.991409,1.634065,1.896814,0.851627,3.367627
1776194281.898414,227.512787,545.434937,775.441101,772.947754,77.375313,29.434433,2,3.704513,1.682556,2.560241,2.872632,0.382803,2.718016,123.298271,1.634065,1.896814,0.851627,3.367627
1776194282.670151,227.512787,544.188232,771.70105,771.70105,77.750313,29.481987,2,3.750528,1.679912,2.552567,2.894286,0.382202,2.713737,131.451431,1.634065,1.896814,0.851627,3.367627
1776194283.448122,228.576797,550.604431,777.934509,779.181213,77.127312,29.33551,2,3.745661,1.688082,1.968175,2.913879,0.385856,2.726981,159.328491,1.634065,1.896814,0.851627,3.367627
1776194284.208639,239.216797,533.730957,760.480896,772.947754,78.897446,30.948635,2,3.691488,1.602371,3.653167,2.807306,0.383314,2.590871,129.12236,1.634065,1.896814,0.851627,3.367627
1776194284.98039,233.896805,531.570862,771.70105,765.467651,77.750313,30.556068,2,3.639238,1.622396,2.965306,2.808404,0.379473,2.622112,137.052963,1.634065,1.896814,0.851627,3.367627
1776194285.762101,231.768814,547.412415,781.674561,779.181213,76.758286,29.745174,2,3.573869,1.665435,2.081668,2.793602,0.385996,2.690409,129.618683,1.634065,1.896814,0.851627,3.367627
1776194286.540071,229.640793,545.800293,777.934509,775.441101,77.127312,29.614216,2,3.625263,1.672606,1.786204,2.820217,0.384099,2.701943,116.722107,1.634065,1.896814,0.851627,3.367627
1776194287.305575,223.256805,534.730713,765.467651,757.987488,78.383453,29.453892,2,3.711112,1.681473,2.029199,2.840737,0.3754,2.716263,109.791756,1.634065,1.896814,0.851627,3.367627
1776194288.061118,229.640793,533.333435,755.494141,762.974243,79.418221,30.098104,2,3.789833,1.646418,3.916907,2.863196,0.378085,2.660038,119.201225,1.634065,1.896814,0.851627,3.367627
1776194288.837843,229.640793,547.046997,776.687805,776.687805,77.251114,29.566679,2,3.879823,1.675225,3.401801,3.013411,0.3847,2.706166,140.022476,1.634065,1.896814,0.851627,3.367627
1776194289.617061,223.256805,548.444214,779.181213,771.70105,77.003906,28.930479,2,3.83775,1.711105,6.511937,2.990303,0.382016,2.764603,177.680023,1.634065,1.896814,0.851627,3.367627
1776194290.367604,223.256805,527.25061,750.507385,750.507385,79.945915,29.74745,2,3.898772,1.665311,3.824049,2.926057,0.371792,2.69021,170.976273,1.634065,1.896814,0.851627,3.367627
1776194291.128121,239.216797,539.964417,760.480896,779.181213,78.897446,30.701048,2,3.698797,1.614941,2.882031,2.812865,0.386321,2.610441,113.172935,1.634065,1.896814,0.851627,3.367627
1776194291.916078,228.576797,546.864319,787.908081,775.441101,76.151016,29.477003,2,3.453953,1.680189,0.173765,2.721397,0.384052,2.714185,105.040314,1.634065,1.896814,0.851627,3.367627
1776194292.671609,227.512787,526.734619,755.494141,754.247437,79.418221,30.164211,2,3.647748,1.642905,2.922493,2.755852,0.373782,2.654461,137.423447,1.634065,1.896814,0.851627,3.367627
1776194293.448332,236.024811,550.636597,776.687805,786.661377,77.251114,30.003357,2,3.825501,1.651479,4.645414,2.97122,0.38979,2.668091,111.448044,1.634065,1.896814,0.851627,3.367627
1776194294.221317,221.128799,534.365356,772.947754,755.494141,77.624908,29.269426,2,3.758531,1.691795,0.710719,2.905148,0.374105,2.733018,93.919411,1.634065,1.896814,0.851627,3.367627
1776194295.001794,221.128799,559.299072,780.427856,780.427856,76.880905,28.334305,2,3.658562,1.746189,1.676309,2.855244,0.386133,2.822803,135.092697,1.634065,1.896814,0.851627,3.367627
1776194295.758571,219.000793,535.246643,756.740784,754.247437,79.287384,29.035669,2,3.624755,1.705064,0.580666,2.743,0.37341,2.754688,94.468483,1.634065,1.896814,0.851627,3.367627
1776194296.506622,220.064789,529.195801,748.013916,749.26062,80.21241,29.370928,2,3.854109,1.686099,2.65633,2.882927,0.371051,2.723761,132.434158,1.634065,1.896814,0.851627,3.367627
1776194297.260905,225.384796,535.096069,754.247437,760.480896,79.549492,29.63714,2,3.915129,1.671346,2.510893,2.952976,0.376696,2.699914,162.608688,1.634065,1.896814,0.851627,3.367627
1776194298.023915,232.832794,538.868286,762.974243,771.70105,78.63961,30.171371,2,3.744734,1.642526,2.422661,2.857136,0.382434,2.653859,156.154572,1.634065,1.896814,0.851627,3.367627
1776194298.773213,234.960815,516.793274,749.26062,751.754089,80.078941,31.255011,2,3.770432,1.587092,2.36898,2.825036,0.372904,2.567263,108.726151,1.634065,1.896814,0.851627,3.367627
1776194299.552443,229.640793,543.306946,779.181213,772.947754,77.003906,29.709743,2,3.75034,1.667369,2.188772,2.922194,0.382896,2.693516,147.523972,1.634065,1.896814,0.851627,3.367627
1776194300.320441,226.448807,537.772156,767.960999,764.220947,78.128967,29.631325,2,3.580891,1.671666,1.849064,2.749985,0.378547,2.700428,97.678215,1.634065,1.896814,0.851627,3.367627
1776194301.097164,225.384796,550.056274,776.687805,775.441101,77.251114,29.065367,2,3.644409,1.703366,1.983559,2.830568,0.383913,2.751907,119.28553,1.634065,1.896814,0.851627,3.367627
1776194301.857682,233.896805,536.557556,760.480896,770.454346,78.897446,30.358297,2,3.890247,1.632681,3.557555,2.958459,0.381879,2.63829,139.510849,1.634065,1.896814,0.851627,3.367627
1776194302.64812,228.576797,555.591248,790.401428,784.16803,75.910797,29.148956,2,3.917387,1.698607,3.607968,3.096308,0.388262,2.744123,161.909317,1.634065,1.896814,0.851627,3.367627
1776194303.433583,229.640793,557.020569,785.414673,786.661377,76.392769,29.191822,2,3.607591,1.696177,1.850239,2.833455,0.389511,2.740157,128.706863,1.634065,1.896814,0.851627,3.367627
1776194304.195347,230.704803,532.269409,761.727539,762.974243,78.768318,30.237562,2,3.679482,1.639026,2.746581,2.802763,0.378131,2.648315,131.8759,1.634065,1.896814,0.851627,3.367627
1776194304.973318,223.256805,545.950928,777.934509,769.207703,77.127312,29.024256,2,3.696751,1.705717,2.553962,2.87583,0.380813,2.755759,130.254776,1.634065,1.896814,0.851627,3.367627
1776194305.730095,229.640793,534.580139,756.740784,764.220947,79.287384,30.049006,2,3.705305,1.649037,2.952932,2.803955,0.378686,2.664202,154.644653,1.634065,1.896814,0.851627,3.367627
1776194306.521792,234.960815,562.920776,791.648132,797.881592,75.791245,29.44808,2,3.537621,1.681796,3.912795,2.800551,0.395156,2.716786,152.410629,1.634065,1.896814,0.851627,3.367627
1776194307.292283,229.640793,534.580139,770.454346,764.220947,77.876129,30.049006,2,3.616389,1.649037,3.495907,2.786263,0.378686,2.664202,171.705582,1.634065,1.896814,0.851627,3.367627
1776194308.070254,232.832794,548.841797,777.934509,781.674561,77.127312,29.786411,2,3.590764,1.66319,2.369898,2.793379,0.387245,2.686808,160.32872,1.634065,1.896814,0.851627,3.367627
1776194308.854458,230.704803,550.969727,784.16803,781.674561,76.514214,29.514175,2,3.492492,1.678128,2.861249,2.7387,0.387152,2.710853,142.899857,1.634065,1.896814,0.851627,3.367627
1776194309.595028,242.408798,511.838623,740.533813,754.247437,81.022636,32.13916,2,3.763385,1.544632,6.329525,2.786914,0.374432,2.5027,146.539993,1.634065,1.896814,0.851627,3.367627
1776194310.371765,232.832794,532.634888,776.687805,765.467651,77.251114,30.417065,2,3.592979,1.629611,2.876229,2.790623,0.379427,2.633451,155.505356,1.634065,1.896814,0.851627,3.367627
1776194311.129789,231.768814,524.971985,757.987488,756.740784,79.156982,30.627239,2,3.551432,1.618728,3.715329,2.691941,0.375171,2.616364,152.525131,1.634065,1.896814,0.851627,3.367627
1776194311.902773,223.256805,539.717407,772.947754,762.974243,77.624908,29.261381,2,3.712565,1.692248,2.73909,2.869619,0.377806,2.733755,169.048111,1.634065,1.896814,0.851627,3.367627
1776194312.664537,224.320801,538.653442,761.727539,762.974243,78.768318,29.400835,2,3.67067,1.684429,2.84972,2.79605,0.377852,2.721051,162.785141,1.634065,1.896814,0.851627,3.367627
1776194313.426314,232.832794,538.868286,761.727539,771.70105,78.768318,30.171371,2,3.784564,1.642526,4.875778,2.882806,0.382434,2.653859,188.654297,1.634065,1.896814,0.851627,3.367627
1776194314.181844,238.152802,523.574707,755.494141,761.727539,79.418221,31.264826,2,3.763572,1.586607,4.866085,2.843356,0.377855,2.566517,136.028168,1.634065,1.896814,0.851627,3.367627
1776194314.961062,228.576797,539.384216,779.181213,767.960999,77.003906,29.764116,2,3.778353,1.664403,3.409217,2.944021,0.380444,2.688753,165.189224,1.634065,1.896814,0.851627,3.367627
1776194315.724072,226.448807,534.032104,762.974243,760.480896,78.63961,29.777054,2,3.82063,1.663698,2.918234,2.915042,0.376743,2.687624,147.286987,1.634065,1.896814,0.851627,3.367627
1776194316.480849,228.576797,530.65741,756.740784,759.234192,79.287384,30.106232,2,3.922073,1.645985,4.291827,2.967993,0.376234,2.65935,165.154495,1.634065,1.896814,0.851627,3.367627
1776194317.2476,224.320801,537.406738,766.714294,761.727539,78.256004,29.448956,2,3.832862,1.681748,5.750935,2.93871,0.377251,2.716707,177.107666,1.634065,1.896814,0.851627,3.367627
1776194318.018104,228.576797,546.864319,770.454346,775.441101,77.876129,29.477003,2,3.797604,1.680189,3.826032,2.92588,0.384052,2.714185,171.252228,1.634065,1.896814,0.851627,3.367627
1776194318.782361,234.960815,536.740234,764.220947,771.70105,78.51133,30.447128,2,3.821368,1.628045,5.102508,2.920369,0.382527,2.630986,140.898346,1.634065,1.896814,0.851627,3.367627
1776194319.556591,222.192795,537.041382,774.194458,759.234192,77.499908,29.265383,2,3.725483,1.692023,3.34118,2.884248,0.375955,2.733388,142.905807,1.634065,1.896814,0.851627,3.367627
1776194320.324589,220.064789,545.402832,767.960999,765.467651,78.128967,28.749063,2,3.785446,1.721627,0.768328,2.907075,0.378869,2.781948,126.336983,1.634065,1.896814,0.851627,3.367627
1776194321.098832,220.064789,554.129639,774.194458,774.194458,77.499908,28.425003,2,3.757068,1.740757,1.736709,2.908701,0.383079,2.813724,132.414597,1.634065,1.896814,0.851627,3.367627
1776194321.86683,226.448807,548.99231,767.960999,775.441101,78.128967,29.202579,2,3.720709,1.695568,1.862502,2.85736,0.383959,2.739164,138.769211,1.634065,1.896814,0.851627,3.367627
1776194322.628594,229.640793,535.826843,761.727539,765.467651,78.768318,30.000063,2,3.750686,1.651656,2.971217,2.857001,0.379288,2.668372,110.571594,1.634065,1.896814,0.851627,3.367627
1776194323.407811,223.256805,548.444214,779.181213,771.70105,77.003906,28.930479,2,3.783653,1.711105,2.487724,2.948151,0.382016,2.764603,132.06366,1.634065,1.896814,0.851627,3.367627
1776194324.183289,228.576797,553.097778,775.441101,781.674561,77.375313,29.24194,2,3.665462,1.693344,3.035729,2.84235,0.387059,2.73554,149.979202,1.634065,1.896814,0.851627,3.367627
1776194324.943819,228.576797,531.904114,760.480896,760.480896,78.897446,30.056875,2,3.64051,1.648616,2.703291,2.768538,0.376835,2.663533,103.027489,1.634065,1.896814,0.851627,3.367627
1776194325.739243,230.704803,567.176758,795.388184,797.881592,75.434868,28.914665,2,3.536768,1.712017,3.318452,2.813103,0.39497,2.766103,143.81897,1.634065,1.896814,0.851627,3.367627
1776194326.512228,227.512787,541.694946,772.947754,769.207703,77.624908,29.577551,2,3.612674,1.674626,3.194825,2.792408,0.380999,2.705199,139.375137,1.634065,1.896814,0.851627,3.367627
1776194327.283964,229.640793,544.55365,771.70105,774.194458,77.750313,29.6619,2,3.647598,1.669988,3.167765,2.814856,0.383497,2.697726,132.442841,1.634065,1.896814,0.851627,3.367627
1776194328.053221,231.768814,539.932251,769.207703,771.70105,78.002342,30.033497,2,3.736716,1.649866,3.952266,2.87431,0.382387,2.665521,146.610092,1.634065,1.896814,0.851627,3.367627
1776194328.831192,234.960815,546.713745,777.934509,781.674561,77.127312,30.058649,2,3.601403,1.648522,3.369232,2.801656,0.387338,2.663383,143.800583,1.634065,1.896814,0.851627,3.367627
1776194329.609164,225.384796,541.329468,777.934509,766.714294,77.127312,29.396191,2,3.54866,1.684688,2.212088,2.760625,0.379703,2.721472,129.180862,1.634065,1.896814,0.851627,3.367627
1776194330.387134,228.576797,553.097778,777.934509,781.674561,77.127312,29.24194,2,3.578191,1.693344,4.735702,2.783598,0.387059,2.73554,174.797684,1.634065,1.896814,0.851627,3.367627
1776194331.163871,229.640793,548.293701,776.687805,777.934509,77.251114,29.519295,2,3.65288,1.677844,2.932076,2.837147,0.385302,2.710394,152.454453,1.634065,1.896814,0.851627,3.367627
1776194331.933115,234.960815,540.480286,769.207703,775.441101,78.002342,30.300278,2,3.593769,1.635724,3.96284,2.764355,0.384331,2.643093,147.962143,1.634065,1.896814,0.851627,3.367627
1776194332.713579,231.768814,544.919006,780.427856,776.687805,76.880905,29.840666,2,3.625576,1.660245,3.516322,2.829501,0.384793,2.68209,149.609207,1.634065,1.896814,0.851627,3.367627
1776194333.496537,226.448807,550.239014,782.921326,776.687805,76.636055,29.155704,2,3.594092,1.698224,2.115227,2.813891,0.384561,2.743498,143.87294,1.634065,1.896814,0.851627,3.367627
1776194334.273273,227.512787,550.421753,776.687805,777.934509,77.251114,29.245752,2,3.629895,1.693129,3.057282,2.819295,0.385209,2.735189,135.439331,1.634065,1.896814,0.851627,3.367627
1776194335.061218,226.448807,560.212585,787.908081,786.661377,76.151016,28.78606,2,3.56365,1.71947,1.958959,2.807829,0.389372,2.778386,155.723557,1.634065,1.896814,0.851627,3.367627
1776194335.829215,220.064789,540.416138,767.960999,760.480896,78.128967,28.937584,2,3.578998,1.710695,2.1077,2.748531,0.376464,2.76393,121.023697,1.634065,1.896814,0.851627,3.367627
1776194336.593473,224.320801,544.886902,764.220947,769.207703,78.51133,29.16258,2,3.605489,1.697834,3.466974,2.75539,0.380859,2.742861,139.235214,1.634065,1.896814,0.851627,3.367627
1776194337.361471,230.704803,544.736328,767.960999,775.441101,78.128967,29.751429,2,3.501627,1.665094,4.287751,2.689113,0.384145,2.689862,120.488228,1.634065,1.896814,0.851627,3.367627
1776194338.131973,220.064789,537.922729,770.454346,757.987488,77.876129,29.032772,2,3.480763,1.70523,1.82417,2.681769,0.375261,2.754959,110.088219,1.634065,1.896814,0.851627,3.367627
1776194338.893737,219.000793,541.480103,761.727539,760.480896,78.768318,28.79767,2,3.597792,1.718795,0.630565,2.740537,0.376417,2.77727,112.735558,1.634065,1.896814,0.851627,3.367627
1776194339.649268,225.384796,537.589478,755.494141,762.974243,79.418221,29.540289,2,3.664887,1.676683,2.342544,2.768801,0.377899,2.708519,131.637787,1.634065,1.896814,0.851627,3.367627
1776194340.414772,227.512787,540.448242,765.467651,767.960999,78.383453,29.625565,2,3.574274,1.671983,2.192077,2.735991,0.380397,2.700938,112.514351,1.634065,1.896814,0.851627,3.367627
1776194341.196495,223.256805,553.43103,781.674561,776.687805,76.758286,28.74473,2,3.584662,1.72188,1.815651,2.802039,0.384421,2.782366,126.480766,1.634065,1.896814,0.851627,3.367627
1776194341.959506,230.704803,540.996216,762.974243,771.70105,78.63961,29.895618,2,3.613826,1.657273,2.785244,2.757256,0.382341,2.677337,120.05024,1.634065,1.896814,0.851627,3.367627
1776194342.738724,224.320801,547.380249,779.181213,771.70105,77.003906,29.068354,2,3.570268,1.703196,2.066393,2.781886,0.382062,2.751628,117.458351,1.634065,1.896814,0.851627,3.367627
1776194343.493008,226.448807,530.291992,754.247437,756.740784,79.549492,29.924223,2,3.544222,1.655731,2.267053,2.673221,0.374938,2.674873,110.935356,1.634065,1.896814,0.851627,3.367627
1776194344.251032,230.704803,532.269409,757.987488,762.974243,79.156982,30.237562,2,3.673659,1.639026,1.343284,2.784587,0.378131,2.648315,106.344536,1.634065,1.896814,0.851627,3.367627
1776194345.022769,228.576797,540.63092,771.70105,769.207703,77.750313,29.715876,2,3.6768,1.667034,2.290626,2.837391,0.381045,2.692977,126.807983,1.634065,1.896814,0.851627,3.367627
1776194345.782052,227.512787,530.474731,759.234192,757.987488,79.027,30.015377,2,3.63289,1.650835,2.428022,2.758214,0.375586,2.667065,105.23542,1.634065,1.896814,0.851627,3.367627
1776194346.558776,224.320801,548.626953,776.687805,772.947754,77.251114,29.021469,2,3.62638,1.705877,2.228133,2.816566,0.382664,2.75602,119.040047,1.634065,1.896814,0.851627,3.367627
1776194347.323034,230.704803,540.996216,764.220947,771.70105,78.51133,29.895618,2,3.682203,1.657273,4.116098,2.814017,0.382341,2.677337,107.993172,1.634065,1.896814,0.851627,3.367627
1776194348.092278,231.768814,538.685547,769.207703,770.454346,78.002342,30.082094,2,3.737574,1.647271,3.069546,2.874971,0.381786,2.661393,130.879761,1.634065,1.896814,0.851627,3.367627
1776194348.85904,229.640793,534.580139,766.714294,764.220947,78.256004,30.049006,2,3.672421,1.649037,2.55231,2.815697,0.378686,2.664202,116.204414,1.634065,1.896814,0.851627,3.367627
1776194349.634518,226.448807,545.252258,775.441101,771.70105,77.375313,29.344112,2,3.615475,1.6876,2.316255,2.803588,0.382155,2.726198,111.763481,1.634065,1.896814,0.851627,3.367627
1776194350.412489,227.512787,551.668457,777.934509,779.181213,77.127312,29.198956,2,3.546508,1.695773,1.804196,2.758951,0.38581,2.739498,102.881035,1.634065,1.896814,0.851627,3.367627
1776194351.180487,227.512787,540.448242,767.960999,767.960999,78.128967,29.625565,2,3.624975,1.671983,3.876665,2.783839,0.380397,2.700938,129.269333,1.634065,1.896814,0.851627,3.367627
1776194351.936017,233.896805,529.077454,755.494141,762.974243,79.418221,30.655924,2,3.669917,1.617254,3.610722,2.772601,0.37827,2.614057,137.702759,1.634065,1.896814,0.851627,3.367627
1776194352.722727,230.704803,552.216553,786.661377,782.921326,76.271698,29.467175,2,3.613695,1.680735,2.759836,2.842754,0.387754,2.715068,112.570457,1.634065,1.896814,0.851627,3.367627
1776194353.495711,225.384796,541.329468,772.947754,766.714294,77.624908,29.396191,2,3.653417,1.684688,2.501713,2.823901,0.379703,2.721472,122.941406,1.634065,1.896814,0.851627,3.367627
1776194354.262462,223.256805,540.964111,766.714294,764.220947,78.256004,29.213646,2,3.719659,1.694942,2.195969,2.851916,0.378407,2.738143,113.942558,1.634065,1.896814,0.851627,3.367627
1776194355.031706,224.320801,546.133545,769.207703,770.454346,78.002342,29.115391,2,3.675038,1.700515,4.146684,2.826867,0.381461,2.747241,106.873749,1.634065,1.896814,0.851627,3.367627
1776194355.803456,217.936798,546.28418,771.70105,764.220947,77.750313,28.517511,2,3.624335,1.735251,2.798609,2.796903,0.378175,2.804547,142.402328,1.634065,1.896814,0.851627,3.367627
1776194356.570207,227.512787,550.421753,766.714294,777.934509,78.256004,29.245752,2,3.661957,1.693129,2.680343,2.807674,0.385209,2.735189,128.975388,1.634065,1.896814,0.851627,3.367627
1776194357.336957,230.704803,539.749512,766.714294,770.454346,78.256004,29.943995,2,3.589586,1.654667,2.160647,2.752187,0.38174,2.673174,110.783592,1.634065,1.896814,0.851627,3.367627
1776194358.112435,224.320801,543.640198,775.441101,767.960999,77.375313,29.209921,2,3.603876,1.695153,3.0459,2.794594,0.380258,2.738487,124.201302,1.634065,1.896814,0.851627,3.367627
1776194358.882926,215.808792,544.672119,770.454346,760.480896,77.876129,28.377937,2,3.567949,1.743571,1.136492,2.748941,0.376278,2.818425,104.166176,1.634065,1.896814,0.851627,3.367627
1776194359.643455,222.192795,545.768188,760.480896,767.960999,78.897446,28.932821,2,3.645728,1.71097,3.086399,2.772506,0.380165,2.764381,140.349472,1.634065,1.896814,0.851627,3.367627
1776194360.402726,226.448807,537.772156,759.234192,764.220947,79.027,29.631325,2,3.653417,1.671666,2.891394,2.773799,0.378547,2.700428,147.98642,1.634065,1.896814,0.851627,3.367627
1776194361.173217,230.704803,544.736328,770.454346,775.441101,77.876129,29.751429,2,3.629707,1.665094,3.230735,2.796524,0.384145,2.689862,133.318695,1.634065,1.896814,0.851627,3.367627
1776194361.932488,234.960815,529.260132,759.234192,764.220947,79.027,30.745142,2,3.698183,1.612687,3.969449,2.807787,0.378918,2.606923,109.176102,1.634065,1.896814,0.851627,3.367627
1776194362.705472,228.576797,536.890869,772.947754,765.467651,77.624908,29.861065,2,3.663929,1.659141,2.998131,2.832026,0.379241,2.680323,138.754471,1.634065,1.896814,0.851627,3.367627
1776194363.463508,238.152802,531.054932,757.987488,769.207703,79.156982,30.960793,2,3.669268,1.601759,4.234952,2.78126,0.381463,2.589921,131.701553,1.634065,1.896814,0.851627,3.367627
1776194364.233999,228.576797,530.65741,770.454346,759.234192,77.876129,30.106232,2,3.698163,1.645985,4.155166,2.849266,0.376234,2.65935,105.567329,1.634065,1.896814,0.851627,3.367627
1776194365.009476,216.872803,544.854736,775.441101,761.727539,77.375313,28.471178,2,3.70243,1.738004,1.566488,2.871017,0.376926,2.809133,137.650467,1.634065,1.896814,0.851627,3.367627
1776194365.757527,225.384796,532.602661,748.013916,757.987488,80.21241,29.734632,2,3.748393,1.66601,2.933472,2.80385,0.375493,2.691332,136.897812,1.634065,1.896814,0.851627,3.367627
1776194366.516798,230.704803,534.762817,759.234192,765.467651,79.027,30.139069,2,3.771723,1.644239,4.578773,2.863621,0.379334,2.656578,151.709274,1.634065,1.896814,0.851627,3.367627
1776194367.2873,230.704803,539.749512,770.454346,770.454346,77.876129,29.943995,2,3.637477,1.654667,2.791523,2.80251,0.38174,2.673174,106.840065,1.634065,1.896814,0.851627,3.367627
1776194368.054051,231.768814,536.1922,766.714294,767.960999,78.256004,30.179764,2,3.605676,1.642081,2.933655,2.764523,0.380583,2.653155,133.595322,1.634065,1.896814,0.851627,3.367627
1776194368.832022,226.448807,545.252258,777.934509,771.70105,77.127312,29.344112,2,3.590937,1.6876,1.789325,2.793514,0.382155,2.726198,106.780846,1.634065,1.896814,0.851627,3.367627
1776194369.608747,226.448807,550.239014,776.687805,776.687805,77.251114,29.155704,2,3.554256,1.698224,1.707188,2.760548,0.384561,2.743498,117.48671,1.634065,1.896814,0.851627,3.367627
1776194370.377991,232.832794,543.85498,769.207703,776.687805,78.002342,29.977655,2,3.64754,1.652858,4.783324,2.805716,0.384839,2.670288,135.445724,1.634065,1.896814,0.851627,3.367627
1776194371.152234,224.320801,539.900146,774.194458,764.220947,77.499908,29.352873,2,3.657196,1.68711,3.107622,2.831381,0.378454,2.725401,149.290802,1.634065,1.896814,0.851627,3.367627
1776194371.918984,219.000793,541.480103,766.714294,760.480896,78.256004,28.79767,2,3.628901,1.718795,2.414804,2.78233,0.376417,2.77727,123.156647,1.634065,1.896814,0.851627,3.367627
1776194372.691969,223.256805,554.677734,772.947754,777.934509,77.624908,28.698662,2,3.656779,1.724574,2.446013,2.826499,0.385023,2.786823,127.259209,1.634065,1.896814,0.851627,3.367627
1776194373.442513,229.640793,528.34668,750.507385,757.987488,79.945915,30.29612,2,3.744896,1.635942,3.065911,2.810573,0.375679,2.643438,139.408905,1.634065,1.896814,0.851627,3.367627
1776194374.205524,222.192795,532.054626,762.974243,754.247437,78.63961,29.458874,2,3.713862,1.681196,1.171851,2.833581,0.37355,2.715815,107.869583,1.634065,1.896814,0.851627,3.367627
1776194374.962312,223.256805,534.730713,756.740784,757.987488,79.287384,29.453892,2,3.760191,1.681473,1.767882,2.84549,0.3754,2.716263,134.663437,1.634065,1.896814,0.851627,3.367627
1776194375.725323,229.640793,540.813538,762.974243,770.454346,78.63961,29.805893,2,3.667611,1.662131,1.257218,2.798292,0.381693,2.685111,94.48954,1.634065,1.896814,0.851627,3.367627
1776194376.498308,228.576797,543.124268,772.947754,771.70105,77.624908,29.619864,2,3.635863,1.672296,1.550185,2.810332,0.382248,2.701443,124.603096,1.634065,1.896814,0.851627,3.367627
1776194377.258825,221.128799,530.625305,760.480896,751.754089,78.897446,29.415045,2,3.673942,1.683636,2.480711,2.793963,0.3723,2.719767,120.013634,1.634065,1.896814,0.851627,3.367627
1776194378.010616,221.128799,530.625305,751.754089,751.754089,79.813332,29.415045,2,3.65921,1.683636,2.071497,2.750826,0.3723,2.719767,116.282326,1.634065,1.896814,0.851627,3.367627
1776194378.756172,223.256805,524.75708,745.520569,748.013916,80.480675,29.846611,2,3.777554,1.659923,2.894074,2.816244,0.370589,2.681575,119.169655,1.634065,1.896814,0.851627,3.367627
1776194379.507975,226.448807,529.045349,751.754089,755.494141,79.813332,29.973602,2,3.853343,1.653075,3.679824,2.896766,0.374337,2.670635,133.651077,1.634065,1.896814,0.851627,3.367627
1776194380.273479,224.320801,538.653442,765.467651,762.974243,78.383453,29.400835,2,3.811069,1.684429,4.08632,2.91725,0.377852,2.721051,163.269669,1.634065,1.896814,0.851627,3.367627
1776194381.042724,217.936798,543.790771,769.207703,761.727539,78.002342,28.610859,2,3.731709,1.729732,3.74764,2.87046,0.376972,2.795374,163.607117,1.634065,1.896814,0.851627,3.367627
1776194381.784541,223.256805,524.75708,741.780518,748.013916,80.886459,29.846611,2,3.928268,1.659923,3.618946,2.913913,0.370589,2.681575,147.106003,1.634065,1.896814,0.851627,3.367627
1776194382.53633,222.192795,528.314575,751.754089,750.507385,79.813332,29.605679,2,3.851121,1.673076,2.369751,2.895096,0.371745,2.7027,133.063416,1.634065,1.896814,0.851627,3.367627
1776194383.285628,223.256805,527.25061,749.26062,750.507385,80.078941,29.74745,2,3.766244,1.665311,1.87998,2.821898,0.371792,2.69021,109.89653,1.634065,1.896814,0.851627,3.367627
1776194384.046158,228.576797,538.137512,760.480896,766.714294,78.897446,29.812511,2,3.792221,1.661772,2.316658,2.883911,0.379842,2.684535,103.621239,1.634065,1.896814,0.851627,3.367627
1776194384.801688,228.576797,526.917358,755.494141,755.494141,79.418221,30.25527,2,3.813623,1.638092,2.881003,2.88117,0.37443,2.646837,115.737488,1.634065,1.896814,0.851627,3.367627
1776194385.577165,224.320801,546.133545,775.441101,770.454346,77.375313,29.115391,2,3.633394,1.700515,2.174122,2.817483,0.381461,2.747241,83.008133,1.634065,1.896814,0.851627,3.367627
1776194386.345163,224.320801,543.640198,767.960999,767.960999,78.128967,29.209921,2,3.668993,1.695153,2.224865,2.817643,0.380258,2.738487,120.139397,1.634065,1.896814,0.851627,3.367627
1776194387.12812,232.832794,560.062012,782.921326,792.894836,76.636055,29.364902,2,3.468304,1.686437,2.558221,2.715409,0.392658,2.724308,123.720467,1.634065,1.896814,0.851627,3.367627
1776194387.887404,221.128799,524.391785,759.234192,745.520569,79.027,29.660994,2,3.542125,1.670038,2.81348,2.689303,0.369293,2.697806,115.914436,1.634065,1.896814,0.851627,3.367627
1776194388.646675,214.744797,537.009277,759.234192,751.754089,79.027,28.56583,2,3.587586,1.73239,1.772068,2.723818,0.372022,2.799788,131.76442,1.634065,1.896814,0.851627,3.367627
1776194389.399711,229.640793,540.813538,753.000732,770.454346,79.681198,29.805893,2,3.634048,1.662131,3.543639,2.736441,0.381693,2.685111,125.086555,1.634065,1.896814,0.851627,3.367627
1776194390.175189,221.128799,544.338867,775.441101,765.467651,77.375313,28.888065,2,3.666224,1.713553,2.126536,2.842941,0.378916,2.768631,117.262611,1.634065,1.896814,0.851627,3.367627
1776194390.939446,224.320801,543.640198,764.220947,767.960999,78.51133,29.209921,2,3.729414,1.695153,2.004121,2.850096,0.380258,2.738487,149.675644,1.634065,1.896814,0.851627,3.367627
1776194391.708703,226.448807,545.252258,769.207703,771.70105,78.002342,29.344112,2,3.716015,1.6876,1.527531,2.858387,0.382155,2.726198,168.115585,1.634065,1.896814,0.851627,3.367627
1776194392.477947,226.448807,542.758911,769.207703,769.207703,78.002342,29.439228,2,3.748937,1.682289,3.603048,2.883711,0.380952,2.717584,139.116257,1.634065,1.896814,0.851627,3.367627
1776194393.233477,232.832794,530.141479,755.494141,762.974243,79.418221,30.51647,2,3.705807,1.624445,3.426291,2.799715,0.378224,2.625327,124.763321,1.634065,1.896814,0.851627,3.367627
1776194394.003968,231.768814,537.438904,770.454346,769.207703,77.876129,30.130848,2,3.696771,1.644676,3.706297,2.848194,0.381185,2.657271,149.831573,1.634065,1.896814,0.851627,3.367627
1776194394.784432,226.448807,547.745667,780.427856,774.194458,76.880905,29.249603,2,3.672158,1.692912,2.940778,2.865855,0.383358,2.734836,158.068939,1.634065,1.896814,0.851627,3.367627
1776194395.548702,221.128799,536.858704,764.220947,757.987488,78.51133,29.173147,2,3.718785,1.697235,2.410251,2.841974,0.375307,2.741883,153.741013,1.634065,1.896814,0.851627,3.367627
1776194396.310467,227.512787,541.694946,761.727539,769.207703,78.768318,29.577551,2,3.804654,1.674626,2.689375,2.898109,0.380999,2.705199,142.990555,1.634065,1.896814,0.851627,3.367627
1776194397.070983,226.448807,532.7854,760.480896,759.234192,78.897446,29.825951,2,3.754711,1.661043,3.27116,2.855386,0.376141,2.683367,153.227158,1.634065,1.896814,0.851627,3.367627
1776194397.833994,221.128799,535.612,762.974243,756.740784,78.63961,29.221207,2,3.749116,1.694515,3.477585,2.860479,0.374706,2.737447,181.398422,1.634065,1.896814,0.851627,3.367627
1776194398.595758,225.384796,541.329468,761.727539,766.714294,78.768318,29.396191,2,3.734436,1.684688,2.807825,2.844622,0.379703,2.721472,142.286026,1.634065,1.896814,0.851627,3.367627
1776194399.361262,226.448807,540.265503,765.467651,766.714294,78.383453,29.534966,2,3.705923,1.676977,3.352159,2.836764,0.37975,2.708994,149.410339,1.634065,1.896814,0.851627,3.367627
1776194400.128026,226.448807,540.265503,766.714294,766.714294,78.256004,29.534966,2,3.657522,1.676977,2.498299,2.804274,0.37975,2.708994,144.351883,1.634065,1.896814,0.851627,3.367627
1776194400.907243,228.576797,553.097778,779.181213,781.674561,77.003906,29.24194,2,3.66518,1.693344,3.496678,2.855839,0.387059,2.73554,163.335281,1.634065,1.896814,0.851627,3.367627
1776194401.68646,228.576797,550.604431,779.181213,779.181213,77.003906,29.33551,2,3.715406,1.688082,3.369306,2.894975,0.385856,2.726981,154.613678,1.634065,1.896814,0.851627,3.367627
1776194402.449471,217.936798,532.570557,762.974243,750.507385,78.63961,29.038597,2,3.724393,1.704896,2.174305,2.841616,0.37156,2.754414,151.08107,1.634065,1.896814,0.851627,3.367627
1776194403.213741,226.448807,547.745667,764.220947,774.194458,78.51133,29.249603,2,3.759672,1.692912,4.139451,2.87322,0.383358,2.734836,160.671127,1.634065,1.896814,0.851627,3.367627
1776194403.977998,226.448807,537.772156,764.220947,764.220947,78.51133,29.631325,2,3.713624,1.671666,4.41516,2.838029,0.378547,2.700428,166.960526,1.634065,1.896814,0.851627,3.367627
1776194404.741009,221.128799,535.612,762.974243,756.740784,78.63961,29.221207,2,3.682909,1.694515,2.93975,2.809965,0.374706,2.737447,139.887405,1.634065,1.896814,0.851627,3.367627
1776194405.509006,220.064789,546.649536,767.960999,766.714294,78.128967,28.702318,2,3.761858,1.724359,3.719442,2.888961,0.379471,2.786468,162.887558,1.634065,1.896814,0.851627,3.367627
1776194406.269524,224.320801,541.146851,760.480896,765.467651,78.897446,29.305065,2,3.682398,1.689791,2.313133,2.800393,0.379055,2.729757,136.482132,1.634065,1.896814,0.851627,3.367627
1776194407.032547,224.320801,538.653442,762.974243,762.974243,78.63961,29.400835,2,3.699931,1.684429,2.637824,2.822952,0.377852,2.721051,156.702438,1.634065,1.896814,0.851627,3.367627
1776194407.789323,229.640793,533.333435,756.740784,762.974243,79.287384,30.098104,2,3.774817,1.646418,3.80558,2.856558,0.378085,2.660038,157.305984,1.634065,1.896814,0.851627,3.367627
1776194408.551088,228.576797,531.904114,761.727539,760.480896,78.768318,30.056875,2,3.754937,1.648616,4.541064,2.860239,0.376835,2.663533,161.486374,1.634065,1.896814,0.851627,3.367627
1776194409.332799,221.128799,551.81897,781.674561,772.947754,76.758286,28.608503,2,3.760446,1.729871,3.230294,2.939445,0.382524,2.795604,158.629807,1.634065,1.896814,0.851627,3.367627
1776194410.108276,220.064789,554.129639,775.441101,774.194458,77.375313,28.425003,2,3.70183,1.740757,2.489229,2.870551,0.383079,2.813724,128.371857,1.634065,1.896814,0.851627,3.367627
1776194410.868806,221.128799,540.598755,760.480896,761.727539,78.897446,29.029909,2,3.787066,1.705393,3.518892,2.879992,0.377112,2.755228,151.96283,1.634065,1.896814,0.851627,3.367627
1776194411.619349,228.576797,530.65741,750.507385,759.234192,79.945915,30.106232,2,3.83886,1.645985,3.210797,2.881093,0.376234,2.65935,152.343155,1.634065,1.896814,0.851627,3.367627
1776194412.381114,228.576797,533.150757,761.727539,761.727539,78.768318,30.007685,2,3.869483,1.651247,3.563503,2.947492,0.377437,2.667722,135.734726,1.634065,1.896814,0.851627,3.367627
1776194413.139138,231.768814,529.95874,757.987488,761.727539,79.156982,30.426735,2,3.836575,1.629107,2.900169,2.908076,0.377576,2.632658,133.285233,1.634065,1.896814,0.851627,3.367627
1776194413.900902,227.512787,529.228027,761.727539,756.740784,78.768318,30.064825,2,3.88892,1.648192,2.793102,2.962298,0.374985,2.662858,159.43779,1.634065,1.896814,0.851627,3.367627
1776194414.657679,232.832794,530.141479,756.740784,762.974243,79.287384,30.51647,2,3.865286,1.624445,3.578888,2.92502,0.378224,2.625327,147.564789,1.634065,1.896814,0.851627,3.367627
1776194415.425688,232.832794,535.128174,767.960999,767.960999,78.128967,30.318312,2,3.703139,1.634777,3.096974,2.843866,0.38063,2.641597,123.838051,1.634065,1.896814,0.851627,3.367627
1776194416.188699,238.152802,531.054932,762.974243,769.207703,78.63961,30.960793,2,3.637643,1.601759,2.876156,2.775428,0.381463,2.589921,107.507362,1.634065,1.896814,0.851627,3.367627
1776194416.956697,233.896805,529.077454,767.960999,762.974243,78.128967,30.655924,2,3.679805,1.617254,2.911735,2.825947,0.37827,2.614057,125.736389,1.634065,1.896814,0.851627,3.367627
1776194417.729681,231.768814,538.685547,772.947754,770.454346,77.624908,30.082094,2,3.638376,1.647271,3.000003,2.812275,0.381786,2.661393,136.358871,1.634065,1.896814,0.851627,3.367627
1776194418.485212,243.472794,525.734924,755.494141,769.207703,79.418221,31.652412,2,3.674359,1.567713,3.533138,2.775957,0.381696,2.537607,118.275459,1.634065,1.896814,0.851627,3.367627
1776194419.261948,232.832794,531.388184,776.687805,764.220947,77.251114,30.466684,2,3.611888,1.627028,2.345959,2.805309,0.378825,2.629387,107.705223,1.634065,1.896814,0.851627,3.367627
1776194420.027452,232.832794,532.634888,765.467651,765.467651,78.383453,30.417065,2,3.757164,1.629611,3.017004,2.875987,0.379427,2.633451,116.006325,1.634065,1.896814,0.851627,3.367627
1776194420.82163,230.704803,560.943359,794.141479,791.648132,75.553291,29.142342,2,3.722722,1.698982,2.913828,2.956368,0.391963,2.744737,138.573975,1.634065,1.896814,0.851627,3.367627
1776194421.589628,232.832794,537.621582,767.960999,770.454346,78.128967,30.220192,2,3.663026,1.639943,2.166999,2.813061,0.381832,2.649766,97.240868,1.634065,1.896814,0.851627,3.367627
1776194422.353897,230.704803,531.022705,764.220947,761.727539,78.51133,30.287052,2,3.517861,1.636419,2.018037,2.688423,0.37753,2.644192,111.866547,1.634065,1.896814,0.851627,3.367627
1776194423.108181,237.088791,524.638733,754.247437,761.727539,79.549492,31.125143,2,3.690272,1.593531,2.413518,2.783378,0.377808,2.577189,95.729759,1.634065,1.896814,0.851627,3.367627
1776194423.882412,226.448807,535.278748,774.194458,761.727539,77.499908,29.728321,2,3.601253,1.666354,1.654352,2.78807,0.377344,2.691885,94.169128,1.634065,1.896814,0.851627,3.367627
1776194424.644176,234.960815,536.740234,761.727539,771.70105,78.768318,30.447128,2,3.717905,1.628045,3.527227,2.832031,0.382527,2.630986,126.498589,1.634065,1.896814,0.851627,3.367627
1776194425.404693,229.640793,524.606628,760.480896,754.247437,78.897446,30.446348,2,3.695369,1.628086,3.680154,2.810257,0.373875,2.63105,125.289803,1.634065,1.896814,0.851627,3.367627
1776194426.165211,237.088791,532.118896,760.480896,769.207703,78.897446,30.822468,2,3.764921,1.608751,4.43418,2.86315,0.381417,2.600788,138.726242,1.634065,1.896814,0.851627,3.367627
1776194426.934467,227.512787,530.474731,769.207703,757.987488,78.002342,30.015377,2,3.662137,1.650835,2.745553,2.816944,0.375586,2.667065,130.630066,1.634065,1.896814,0.851627,3.367627
1776194427.698724,229.640793,537.073486,764.220947,766.714294,78.51133,29.951286,2,3.708337,1.654274,2.878028,2.833989,0.379889,2.672548,119.16153,1.634065,1.896814,0.851627,3.367627
1776194428.469215,232.832794,541.361694,770.454346,774.194458,77.876129,30.0742,2,3.685816,1.647692,1.853397,2.839753,0.383637,2.662062,120.270233,1.634065,1.896814,0.851627,3.367627
1776194429.240953,228.576797,538.137512,771.70105,766.714294,77.750313,29.812511,2,3.814432,1.661772,3.428384,2.943601,0.379842,2.684535,136.385391,1.634065,1.896814,0.851627,3.367627
1776194430.011455,233.896805,542.791016,770.454346,776.687805,77.876129,30.114647,2,3.781558,1.645537,3.661502,2.913518,0.384886,2.658639,147.471848,1.634065,1.896814,0.851627,3.367627
1776194430.808127,230.704803,562.190063,796.634888,792.894836,75.316811,29.096519,2,3.642848,1.701589,1.567002,2.90202,0.392565,2.748999,138.997696,1.634065,1.896814,0.851627,3.367627
1776194431.571138,243.472794,534.461731,762.974243,777.934509,78.63961,31.297338,2,3.642103,1.585004,6.077645,2.778831,0.385905,2.564053,122.412743,1.634065,1.896814,0.851627,3.367627
1776194432.317942,232.832794,501.46756,746.767273,734.300354,80.346313,31.708115,2,3.738145,1.565036,2.32793,2.791524,0.364392,2.533535,116.831596,1.634065,1.896814,0.851627,3.367627
1776194433.073472,237.088791,523.39209,755.494141,760.480896,79.418221,31.176168,2,3.588603,1.590995,2.316291,2.711168,0.377207,2.573275,120.965767,1.634065,1.896814,0.851627,3.367627
1776194433.82651,239.216797,516.277344,753.000732,755.494141,79.681198,31.66362,2,3.60255,1.567174,4.111508,2.712723,0.374894,2.536786,139.65712,1.634065,1.896814,0.851627,3.367627
1776194434.604492,234.960815,537.986938,777.934509,772.947754,77.127312,30.39802,2,3.531878,1.630605,1.96744,2.74757,0.383128,2.635016,122.052765,1.634065,1.896814,0.851627,3.367627
1776194435.371243,237.088791,532.118896,766.714294,769.207703,78.256004,30.822468,2,3.642163,1.608751,2.40735,2.792498,0.381417,2.600788,119.975395,1.634065,1.896814,0.851627,3.367627
1776194436.141734,237.088791,533.36554,770.454346,770.454346,77.876129,30.772594,2,3.619321,1.611288,5.227346,2.788521,0.382018,2.60474,167.35788,1.634065,1.896814,0.851627,3.367627
1776194436.915965,232.832794,536.374878,774.194458,769.207703,77.499908,30.269169,2,3.465935,1.63736,2.089121,2.683308,0.381231,2.645679,139.559723,1.634065,1.896814,0.851627,3.367627
1776194437.692701,229.640793,543.306946,776.687805,772.947754,77.251114,29.709743,2,3.607703,1.667369,3.538058,2.802059,0.382896,2.693516,135.889877,1.634065,1.896814,0.851627,3.367627
1776194438.450725,231.768814,528.712097,757.987488,760.480896,79.156982,30.476612,2,3.668295,1.626512,3.194238,2.780522,0.376975,2.628576,142.17485,1.634065,1.896814,0.851627,3.367627
1776194439.22371,232.832794,541.361694,772.947754,774.194458,77.624908,30.0742,2,3.609925,1.647692,3.091062,2.790283,0.383637,2.662062,139.177109,1.634065,1.896814,0.851627,3.367627
1776194439.98672,241.344788,531.602966,762.974243,772.947754,78.63961,31.223948,2,3.569483,1.588627,4.270825,2.723423,0.383407,2.569626,138.675903,1.634065,1.896814,0.851627,3.367627
1776194440.755965,238.152802,527.314819,769.207703,765.467651,78.002342,31.112066,2,3.545326,1.594183,3.550909,2.727092,0.379659,2.578195,122.008659,1.634065,1.896814,0.851627,3.367627
1776194441.512754,228.576797,516.943787,756.740784,745.520569,79.287384,30.660025,2,3.574438,1.617043,1.033978,2.704923,0.369619,2.613728,111.536354,1.634065,1.896814,0.851627,3.367627
1776194442.277011,229.640793,535.826843,764.220947,765.467651,78.51133,30.000063,2,3.645587,1.651656,1.985322,2.786034,0.379288,2.668372,105.531624,1.634065,1.896814,0.851627,3.367627
1776194443.042515,226.448807,535.278748,765.467651,761.727539,78.383453,29.728321,2,3.531802,1.666354,1.601186,2.70348,0.377344,2.691885,86.662239,1.634065,1.896814,0.851627,3.367627
1776194443.805526,233.896805,537.80426,762.974243,771.70105,78.63961,30.309252,2,3.683274,1.635252,2.754585,2.810243,0.38248,2.642349,131.409653,1.634065,1.896814,0.851627,3.367627
1776194444.576017,231.768814,536.1922,770.454346,767.960999,77.876129,30.179764,2,3.639682,1.642081,2.217815,2.804209,0.380583,2.653155,121.723114,1.634065,1.896814,0.851627,3.367627
1776194445.345273,234.960815,537.986938,769.207703,772.947754,78.002342,30.39802,2,3.60919,1.630605,2.492865,2.776217,0.383128,2.635016,108.786888,1.634065,1.896814,0.851627,3.367627
1776194446.107037,238.152802,527.314819,761.727539,765.467651,78.768318,31.112066,2,3.790086,1.594183,3.730053,2.887013,0.379659,2.578195,123.010201,1.634065,1.896814,0.851627,3.367627
1776194446.858828,242.408798,514.33197,751.754089,756.740784,79.813332,32.033268,2,3.830048,1.549593,4.416996,2.879254,0.375635,2.510165,108.066437,1.634065,1.896814,0.851627,3.367627
1776194447.649266,230.704803,545.983032,790.401428,776.687805,75.910797,29.703674,2,3.684722,1.667701,2.765306,2.91241,0.384747,2.694049,127.904823,1.634065,1.896814,0.851627,3.367627
1776194448.40729,238.152802,528.561523,757.987488,766.714294,79.156982,31.06148,2,3.727674,1.596708,3.178303,2.825531,0.38026,2.582098,120.12606,1.634065,1.896814,0.851627,3.367627
1776194449.170312,231.768814,523.725342,762.974243,755.494141,78.63961,30.677778,2,3.695486,1.616133,2.865912,2.81956,0.374569,2.612304,112.985161,1.634065,1.896814,0.851627,3.367627
1776194449.94579,233.896805,544.03772,775.441101,777.934509,77.375313,30.066389,2,3.652654,1.648108,3.038263,2.832418,0.385487,2.662725,128.587326,1.634065,1.896814,0.851627,3.367627
1776194450.711294,239.216797,532.484253,765.467651,771.70105,78.383453,30.998634,2,3.652961,1.599857,3.546907,2.796224,0.382713,2.586972,123.874374,1.634065,1.896814,0.851627,3.367627
1776194451.485525,232.832794,533.88147,774.194458,766.714294,77.499908,30.367607,2,3.603436,1.632194,2.818253,2.78976,0.380028,2.637522,111.985924,1.634065,1.896814,0.851627,3.367627
1776194452.248536,234.960815,530.506836,762.974243,765.467651,78.63961,30.695068,2,3.575964,1.615247,2.96101,2.728369,0.37952,2.61092,119.868149,1.634065,1.896814,0.851627,3.367627
1776194453.017792,230.704803,533.516113,769.207703,764.220947,78.002342,30.188232,2,3.627576,1.641633,2.827102,2.790359,0.378733,2.652444,105.847282,1.634065,1.896814,0.851627,3.367627
1776194453.784543,233.896805,536.557556,766.714294,770.454346,78.256004,30.358297,2,3.635017,1.632681,3.027321,2.78702,0.381879,2.63829,142.733871,1.634065,1.896814,0.851627,3.367627
1776194454.546307,233.896805,527.83075,761.727539,761.727539,78.768318,30.706099,2,3.609267,1.614682,2.249062,2.749278,0.377669,2.610038,121.056641,1.634065,1.896814,0.851627,3.367627
1776194455.313058,234.960815,533.000183,766.714294,767.960999,78.256004,30.595409,2,3.599581,1.620366,3.984026,2.75985,0.380723,2.61893,124.605835,1.634065,1.896814,0.851627,3.367627
1776194456.087289,238.152802,539.781738,774.194458,777.934509,77.499908,30.613476,2,3.613904,1.619436,3.151609,2.797865,0.385673,2.617472,107.242165,1.634065,1.896814,0.851627,3.367627
1776194456.870258,231.768814,543.672302,782.921326,775.441101,76.636055,29.888641,2,3.591196,1.65765,2.653282,2.811624,0.384192,2.677939,113.160904,1.634065,1.896814,0.851627,3.367627
1776194457.635762,233.896805,534.064209,765.467651,767.960999,78.383453,30.45686,2,3.604783,1.627539,2.782123,2.759345,0.380676,2.63019,114.140015,1.634065,1.896814,0.851627,3.367627
1776194458.4075,230.704803,537.256226,771.70105,767.960999,77.750313,30.041214,2,3.627527,1.649453,2.733767,2.799367,0.380537,2.664865,116.788841,1.634065,1.896814,0.851627,3.367627
1776194459.175498,229.640793,537.073486,767.960999,766.714294,78.128967,29.951286,2,3.647855,1.654274,3.0535,2.801411,0.379889,2.672548,125.431557,1.634065,1.896814,0.851627,3.367627
1776194459.954727,228.576797,549.357727,779.181213,777.934509,77.003906,29.382524,2,3.692475,1.685451,2.528187,2.877107,0.385255,2.722709,117.626686,1.634065,1.896814,0.851627,3.367627
1776194460.721478,232.832794,538.868286,766.714294,771.70105,78.256004,30.171371,2,3.671782,1.642526,3.687314,2.815208,0.382434,2.653859,122.591217,1.634065,1.896814,0.851627,3.367627
1776194461.498202,230.704803,543.489624,776.687805,774.194458,77.251114,29.799335,2,3.664281,1.662487,1.456299,2.846002,0.383544,2.685682,109.035027,1.634065,1.896814,0.851627,3.367627
1776194462.263707,240.280807,536.406982,765.467651,776.687805,78.383453,30.936602,2,3.788983,1.602977,4.082906,2.900344,0.385165,2.591812,119.722389,1.634065,1.896814,0.851627,3.367627
1776194463.031704,231.768814,526.218689,767.960999,757.987488,78.128967,30.576866,2,3.818216,1.621322,3.672994,2.932241,0.375772,2.620428,126.03875,1.634065,1.896814,0.851627,3.367627
1776194463.798467,226.448807,534.032104,766.714294,760.480896,78.256004,29.777054,2,3.762946,1.663698,3.254417,2.885104,0.376743,2.687624,138.773346,1.634065,1.896814,0.851627,3.367627
1776194464.577684,220.064789,551.63623,779.181213,771.70105,77.003906,28.516844,2,3.570679,1.735291,0.731758,2.782206,0.381876,2.804613,116.444572,1.634065,1.896814,0.851627,3.367627
1776194465.336955,231.768814,541.178955,759.234192,772.947754,79.027,29.985056,2,3.671231,1.65246,2.802722,2.787324,0.382989,2.669655,132.122406,1.634065,1.896814,0.851627,3.367627
1776194466.103706,233.896805,535.310913,766.714294,769.207703,78.256004,30.407497,2,3.704258,1.63011,3.844133,2.840107,0.381277,2.634237,136.85878,1.634065,1.896814,0.851627,3.367627
1776194466.877949,229.640793,539.566895,774.194458,769.207703,77.499908,29.854198,2,3.681815,1.659512,2.983187,2.850441,0.381092,2.680918,120.554352,1.634065,1.896814,0.851627,3.367627
1776194467.625999,230.704803,518.555786,748.013916,749.26062,80.21241,30.790997,2,3.829293,1.610351,1.675648,2.864364,0.371516,2.603279,123.305496,1.634065,1.896814,0.851627,3.367627
1776194468.386517,238.152802,531.054932,760.480896,769.207703,78.897446,30.960793,2,3.66774,1.601759,3.931704,2.789246,0.381463,2.589921,128.801498,1.634065,1.896814,0.851627,3.367627
1776194469.159501,228.576797,533.150757,772.947754,761.727539,77.624908,30.007685,2,3.576995,1.651247,2.773238,2.76483,0.377437,2.667722,110.528572,1.634065,1.896814,0.851627,3.367627
1776194469.928745,226.448807,540.265503,769.207703,766.714294,78.002342,29.534966,2,3.648816,1.676977,2.606872,2.806697,0.37975,2.708994,113.419144,1.634065,1.896814,0.851627,3.367627
1776194470.700495,229.640793,545.800293,771.70105,775.441101,77.750313,29.614216,2,3.666213,1.672606,2.286514,2.82922,0.384099,2.701943,126.873878,1.634065,1.896814,0.851627,3.367627
1776194471.458519,231.768814,528.712097,757.987488,760.480896,79.156982,30.476612,2,3.725784,1.626512,3.459116,2.824098,0.376975,2.628576,134.41629,1.634065,1.896814,0.851627,3.367627
1776194472.22527,229.640793,534.580139,766.714294,764.220947,78.256004,30.049006,2,3.688624,1.649037,2.724771,2.828121,0.378686,2.664202,133.495895,1.634065,1.896814,0.851627,3.367627
1776194472.98454,227.512787,529.228027,759.234192,756.740784,79.027,30.064825,2,3.688743,1.648192,2.710231,2.80062,0.374985,2.662858,120.054207,1.634065,1.896814,0.851627,3.367627
1776194473.743811,228.576797,531.904114,759.234192,760.480896,79.027,30.056875,2,3.781641,1.648616,3.399928,2.871152,0.376835,2.663533,134.975037,1.634065,1.896814,0.851627,3.367627
1776194474.518042,231.768814,546.16571,774.194458,777.934509,77.499908,29.792845,2,3.728689,1.66284,2.572871,2.886731,0.385394,2.686247,129.179367,1.634065,1.896814,0.851627,3.367627
1776194475.281065,236.024811,531.936157,762.974243,767.960999,78.63961,30.733957,2,3.655728,1.613258,3.345182,2.789227,0.380769,2.607814,119.585579,1.634065,1.896814,0.851627,3.367627
1776194476.052802,231.768814,534.945496,771.70105,766.714294,77.750313,30.228838,2,3.656116,1.639486,2.916068,2.821429,0.379982,2.649044,126.493408,1.634065,1.896814,0.851627,3.367627
1776194476.819553,227.512787,534.214722,766.714294,761.727539,78.256004,29.868,2,3.742886,1.658765,3.967283,2.869724,0.37739,2.679723,120.015373,1.634065,1.896814,0.851627,3.367627
1776194477.587551,229.640793,540.813538,767.960999,770.454346,78.128967,29.805893,2,3.724861,1.662131,3.831466,2.860548,0.381693,2.685111,113.541191,1.634065,1.896814,0.851627,3.367627
1776194478.353055,229.640793,535.826843,765.467651,765.467651,78.383453,30.000063,2,3.726805,1.651656,4.789309,2.852749,0.379288,2.668372,139.788513,1.634065,1.896814,0.851627,3.367627
1776194479.119817,229.640793,537.073486,766.714294,766.714294,78.256004,29.951286,2,3.745844,1.654274,3.704718,2.871992,0.379889,2.672548,160.049042,1.634065,1.896814,0.851627,3.367627
1776194479.881581,228.576797,531.904114,761.727539,760.480896,78.768318,30.056875,2,3.679055,1.648616,2.912249,2.802438,0.376835,2.663533,137.961761,1.634065,1.896814,0.851627,3.367627
1776194480.640852,231.768814,531.205444,759.234192,762.974243,79.027,30.377016,2,3.70395,1.631702,4.310222,2.812165,0.378178,2.636746,96.929611,1.634065,1.896814,0.851627,3.367627
1776194481.42381,231.768814,551.152527,782.921326,782.921326,76.636055,29.603079,2,3.611532,1.673219,3.157887,2.827545,0.3878,2.70293,131.644775,1.634065,1.896814,0.851627,3.367627
1776194482.183081,229.640793,527.099976,759.234192,756.740784,79.027,30.346029,2,3.685963,1.633323,3.244797,2.798509,0.375078,2.639303,152.757126,1.634065,1.896814,0.851627,3.367627
1776194482.942363,237.088791,530.872192,759.234192,767.960999,79.027,30.872503,2,3.673424,1.606215,4.770694,2.788989,0.380815,2.596841,141.661209,1.634065,1.896814,0.851627,3.367627
1776194483.694154,234.960815,514.299805,751.754089,749.26062,79.813332,31.359022,2,3.76715,1.581972,4.124947,2.83197,0.371701,2.559397,137.064011,1.634065,1.896814,0.851627,3.367627
1776194484.459658,230.704803,529.776123,765.467651,760.480896,78.383453,30.336699,2,3.680456,1.633812,3.469764,2.81727,0.376928,2.640075,123.727791,1.634065,1.896814,0.851627,3.367627
1776194485.217682,240.280807,528.92688,757.987488,769.207703,79.156982,31.237442,2,3.669636,1.58796,3.937983,2.781538,0.381556,2.568599,126.515175,1.634065,1.896814,0.851627,3.367627
1776194485.98568,233.896805,526.584106,767.960999,760.480896,78.128967,30.756435,2,3.649712,1.612111,3.654525,2.802836,0.377068,2.606024,130.660355,1.634065,1.896814,0.851627,3.367627
1776194486.746209,236.024811,526.949463,760.480896,762.974243,78.897446,30.934834,2,3.656082,1.603066,3.798053,2.78038,0.378363,2.59195,119.901031,1.634065,1.896814,0.851627,3.367627
1776194487.50922,234.960815,526.766724,762.974243,761.727539,78.63961,30.845781,2,3.714973,1.607568,3.632679,2.834429,0.377716,2.598946,122.362724,1.634065,1.896814,0.851627,3.367627
1776194488.27597,236.024811,531.936157,766.714294,767.960999,78.256004,30.733957,2,3.730706,1.613258,3.2734,2.860385,0.380769,2.607814,130.627838,1.634065,1.896814,0.851627,3.367627
1776194489.042721,229.640793,529.593384,766.714294,759.234192,78.256004,30.24637,2,3.660458,1.638561,3.056438,2.806525,0.37628,2.647579,121.0924,1.634065,1.896814,0.851627,3.367627
1776194489.789525,228.576797,516.943787,746.767273,745.520569,80.346313,30.660025,2,3.829546,1.617043,4.864946,2.85978,0.369619,2.613728,122.955406,1.634065,1.896814,0.851627,3.367627
1776194490.545056,241.344788,529.109558,755.494141,770.454346,79.418221,31.324995,2,3.819887,1.583643,4.664176,2.885902,0.382204,2.561962,137.285614,1.634065,1.896814,0.851627,3.367627
1776194491.335505,240.280807,548.873901,790.401428,789.154724,75.910797,30.44787,2,3.749487,1.628006,5.719357,2.9636,0.391179,2.630926,176.281036,1.634065,1.896814,0.851627,3.367627
1776194492.103503,230.704803,526.036011,767.960999,756.740784,78.128967,30.486635,2,3.603235,1.625992,3.719662,2.767144,0.375124,2.627758,150.026382,1.634065,1.896814,0.851627,3.367627
1776194492.85654,228.576797,521.930603,753.000732,750.507385,79.681198,30.456301,2,3.693352,1.627568,3.360897,2.781097,0.372024,2.630236,135.073685,1.634065,1.896814,0.851627,3.367627
1776194493.619551,228.576797,534.397461,762.974243,762.974243,78.63961,29.958651,2,3.628243,1.653878,2.902446,2.768256,0.378038,2.671916,124.089188,1.634065,1.896814,0.851627,3.367627
1776194494.370095,239.216797,523.757446,750.507385,762.974243,79.945915,31.353193,2,3.695406,1.582258,4.457826,2.77343,0.378503,2.559836,132.759628,1.634065,1.896814,0.851627,3.367627
1776194495.134364,238.152802,524.821411,764.220947,762.974243,78.51133,31.213739,2,3.721236,1.589132,3.945877,2.843847,0.378456,2.570404,128.355118,1.634065,1.896814,0.851627,3.367627
1776194495.887402,233.896805,514.117126,753.000732,748.013916,79.681198,31.269043,2,3.671535,1.586399,0.707891,2.764668,0.371054,2.566197,143.348999,1.634065,1.896814,0.851627,3.367627
1776194496.651659,226.448807,529.045349,764.220947,755.494141,78.51133,29.973602,2,3.663265,1.653075,2.456367,2.799544,0.374337,2.670635,126.629768,1.634065,1.896814,0.851627,3.367627
1776194497.409683,232.832794,532.634888,757.987488,765.467651,79.156982,30.417065,2,3.650494,1.629611,3.349185,2.767029,0.379427,2.633451,134.343597,1.634065,1.896814,0.851627,3.367627
1776194498.155239,233.896805,512.870483,745.520569,746.767273,80.480675,31.321245,2,3.644188,1.583828,3.885771,2.716817,0.370452,2.562245,140.898193,1.634065,1.896814,0.851627,3.367627
1776194498.92199,230.704803,532.269409,766.714294,762.974243,78.256004,30.237562,2,3.593017,1.639026,2.633014,2.754817,0.378131,2.648315,143.301208,1.634065,1.896814,0.851627,3.367627
1776194499.683767,229.640793,530.840088,761.727539,760.480896,78.768318,30.196785,2,3.565317,1.64118,2.938685,2.715801,0.376882,2.651727,145.98262,1.634065,1.896814,0.851627,3.367627
1776194500.450518,228.576797,536.890869,766.714294,765.467651,78.256004,29.861065,2,3.60571,1.659141,1.573648,2.764549,0.379241,2.680323,152.453995,1.634065,1.896814,0.851627,3.367627
1776194501.199815,246.664825,523.789551,749.26062,770.454346,80.078941,32.015503,2,3.659646,1.550429,4.19985,2.742028,0.382436,2.511425,153.084396,1.634065,1.896814,0.851627,3.367627
1776194501.987759,236.024811,539.41626,787.908081,775.441101,76.151016,30.43749,2,3.558797,1.628546,3.211348,2.804005,0.384377,2.631776,157.214203,1.634065,1.896814,0.851627,3.367627
1776194502.759496,230.704803,534.762817,771.70105,765.467651,77.750313,30.139069,2,3.512856,1.644239,2.268081,2.710875,0.379334,2.656578,145.946213,1.634065,1.896814,0.851627,3.367627
1776194503.521273,226.448807,530.291992,761.727539,756.740784,78.768318,29.924223,2,3.53325,1.655731,1.581505,2.691374,0.374938,2.674873,133.609833,1.634065,1.896814,0.851627,3.367627
1776194504.283037,226.448807,535.278748,761.727539,761.727539,78.768318,29.728321,2,3.623627,1.666354,2.948085,2.760216,0.377344,2.691885,139.371338,1.634065,1.896814,0.851627,3.367627
1776194505.041061,236.024811,533.182861,757.987488,769.207703,79.156982,30.684147,2,3.73088,1.615806,5.263696,2.827961,0.38137,2.611794,167.212418,1.634065,1.896814,0.851627,3.367627
1776194505.814045,229.640793,535.826843,772.947754,765.467651,77.624908,30.000063,2,3.671598,1.651656,3.266717,2.837953,0.379288,2.668372,159.031204,1.634065,1.896814,0.851627,3.367627
1776194506.587029,224.320801,542.393494,772.947754,766.714294,77.624908,29.257416,2,3.54161,1.692472,0.738734,2.737479,0.379657,2.734119,120.425606,1.634065,1.896814,0.851627,3.367627
1776194507.338832,231.768814,528.712097,751.754089,760.480896,79.813332,30.476612,2,3.808407,1.626512,4.444424,2.862985,0.376975,2.628576,112.705902,1.634065,1.896814,0.851627,3.367627
1776194508.11431,206.232788,539.287781,775.441101,745.520569,77.375313,27.662924,2,3.677568,1.787509,1.380442,2.851738,0.368643,2.89269,119.092026,1.634065,1.896814,0.851627,3.367627
1776194508.867347,230.704803,550.969727,753.000732,781.674561,79.681198,29.514175,2,3.789516,1.678128,2.669218,2.853508,0.387152,2.710853,126.899338,1.634065,1.896814,0.851627,3.367627
1776194509.645317,233.896805,547.777771,777.934509,781.674561,77.127312,29.922529,2,3.78718,1.655822,4.196068,2.946178,0.387292,2.675019,125.484619,1.634065,1.896814,0.851627,3.367627
1776194510.403341,241.344788,525.369507,757.987488,766.714294,79.156982,31.4778,2,3.816797,1.576168,3.995702,2.893084,0.3804,2.550506,153.176865,1.634065,1.896814,0.851627,3.367627
1776194511.175092,241.344788,530.356262,771.70105,771.70105,77.750313,31.274391,2,3.850278,1.586135,4.676918,2.971263,0.382805,2.565792,127.976112,1.634065,1.896814,0.851627,3.367627
1776194511.954309,239.216797,537.471008,779.181213,776.687805,77.003906,30.799606,2,3.680242,1.609913,3.652359,2.867575,0.385118,2.602597,101.020554,1.634065,1.896814,0.851627,3.367627
1776194512.716074,225.384796,520.135742,761.727539,745.520569,78.768318,30.231869,2,3.648758,1.639326,2.064778,2.77936,0.369479,2.64879,129.178452,1.634065,1.896814,0.851627,3.367627
1776194513.47659,223.256805,534.730713,760.480896,757.987488,78.897446,29.453892,2,3.541578,1.681473,2.267971,2.693303,0.3754,2.716263,86.748283,1.634065,1.896814,0.851627,3.367627
1776194514.230874,226.448807,531.538696,754.247437,757.987488,79.549492,29.875008,2,3.642409,1.658387,1.826042,2.747278,0.37554,2.679117,108.386879,1.634065,1.896814,0.851627,3.367627
1776194514.971444,230.704803,514.815796,740.533813,745.520569,81.022636,30.945465,2,3.656698,1.60253,2.037681,2.707908,0.369711,2.591118,143.478088,1.634065,1.896814,0.851627,3.367627
1776194515.730728,231.768814,528.712097,759.234192,760.480896,79.027,30.476612,2,3.641066,1.626512,2.550841,2.764422,0.376975,2.628576,131.456528,1.634065,1.896814,0.851627,3.367627
1776194516.487504,238.152802,526.068115,756.740784,764.220947,79.287384,31.162819,2,3.52461,1.591658,2.113135,2.667216,0.379058,2.574297,101.68322,1.634065,1.896814,0.851627,3.367627
1776194517.235555,239.216797,510.043823,748.013916,749.26062,80.21241,31.92705,2,3.623273,1.554603,3.63826,2.710259,0.371887,2.517725,109.600693,1.634065,1.896814,0.851627,3.367627
1776194518.013526,226.448807,536.525452,777.934509,762.974243,77.127312,29.679745,2,3.568802,1.66901,1.552462,2.776294,0.377945,2.696154,80.358177,1.634065,1.896814,0.851627,3.367627
1776194518.769057,228.576797,529.410706,755.494141,757.987488,79.418221,30.155748,2,3.453259,1.643354,0.664749,2.608917,0.375633,2.655173,98.927757,1.634065,1.896814,0.851627,3.367627
1776194519.524587,230.704803,527.282715,755.494141,757.987488,79.418221,30.436493,2,3.552075,1.628599,3.012267,2.683572,0.375726,2.631858,97.177902,1.634065,1.896814,0.851627,3.367627
1776194520.29135,232.832794,536.374878,766.714294,769.207703,78.256004,30.269169,2,3.723866,1.63736,4.40308,2.855141,0.381231,2.645679,138.158615,1.634065,1.896814,0.851627,3.367627
1776194521.061841,236.024811,538.169678,770.454346,774.194458,77.876129,30.486504,2,3.74518,1.625999,4.41292,2.88549,0.383776,2.627769,135.994537,1.634065,1.896814,0.851627,3.367627
1776194521.813631,239.216797,516.277344,751.754089,755.494141,79.813332,31.66362,2,3.718424,1.567174,4.710073,2.79534,0.374894,2.536786,120.243446,1.634065,1.896814,0.851627,3.367627
1776194522.564175,228.576797,509.463684,750.507385,738.040466,79.945915,30.970768,2,3.766498,1.601257,3.52932,2.826784,0.36601,2.589143,124.342567,1.634065,1.896814,0.851627,3.367627
1776194523.335913,229.640793,543.306946,771.70105,772.947754,77.750313,29.709743,2,3.699199,1.667369,3.759316,2.854676,0.382896,2.693516,117.589188,1.634065,1.896814,0.851627,3.367627
1776194524.101429,234.960815,536.740234,765.467651,771.70105,78.383453,30.447128,2,3.704699,1.628045,3.998419,2.835827,0.382527,2.630986,147.32634,1.634065,1.896814,0.851627,3.367627
1776194524.869426,232.832794,532.634888,767.960999,765.467651,78.128967,30.417065,2,3.724461,1.629611,2.138102,2.860241,0.379427,2.633451,123.942482,1.634065,1.896814,0.851627,3.367627
1776194525.61997,234.960815,518.039917,750.507385,753.000732,79.945915,31.203264,2,3.74608,1.589651,3.372794,2.811461,0.373506,2.571204,130.895035,1.634065,1.896814,0.851627,3.367627
1776194526.396695,228.576797,540.63092,776.687805,769.207703,77.251114,29.715876,2,3.707212,1.667034,2.380179,2.879346,0.381045,2.692977,140.507553,1.634065,1.896814,0.851627,3.367627
1776194527.159705,228.576797,534.397461,762.974243,762.974243,78.63961,29.958651,2,3.704423,1.653878,2.498592,2.826379,0.378038,2.671916,133.851959,1.634065,1.896814,0.851627,3.367627
1776194527.931455,225.384796,542.576172,771.70105,767.960999,77.750313,29.348469,2,3.638155,1.687356,1.263313,2.807568,0.380304,2.725801,127.005363,1.634065,1.896814,0.851627,3.367627
1776194528.689479,226.448807,532.7854,757.987488,759.234192,79.156982,29.825951,2,3.765545,1.661043,3.574445,2.854236,0.376141,2.683367,139.263779,1.634065,1.896814,0.851627,3.367627
1776194529.46745,229.640793,552.033752,777.934509,781.674561,77.127312,29.378056,2,3.679949,1.685701,2.135495,2.862759,0.387106,2.723114,125.187065,1.634065,1.896814,0.851627,3.367627
1776194530.250408,229.640793,553.280518,782.921326,782.921326,76.636055,29.331272,2,3.594387,1.68832,2.783739,2.814122,0.387707,2.727367,133.51944,1.634065,1.896814,0.851627,3.367627
1776194531.012172,234.960815,533.000183,761.727539,767.960999,78.768318,30.595409,2,3.734148,1.620366,1.968909,2.844403,0.380723,2.61893,104.08522,1.634065,1.896814,0.851627,3.367627
1776194531.780181,226.448807,531.538696,767.960999,757.987488,78.128967,29.875008,2,3.527515,1.658387,1.511779,2.708994,0.37554,2.679117,93.106285,1.634065,1.896814,0.851627,3.367627
1776194532.530725,230.704803,524.789307,750.507385,755.494141,79.945915,30.536942,2,3.605816,1.623385,3.158952,2.706191,0.374523,2.623663,105.20121,1.634065,1.896814,0.851627,3.367627
1776194533.309943,230.704803,548.47644,779.181213,779.181213,77.003906,29.60862,2,3.61375,1.672914,2.530463,2.815766,0.385949,2.702439,131.85228,1.634065,1.896814,0.851627,3.367627
1776194534.067967,231.768814,527.465393,757.987488,759.234192,79.156982,30.526655,2,3.482091,1.623917,2.242563,2.639382,0.376373,2.624499,80.415451,1.634065,1.896814,0.851627,3.367627
1776194534.835964,239.216797,537.471008,767.960999,776.687805,78.128967,30.799606,2,3.549629,1.609913,2.55253,2.725976,0.385118,2.602597,101.106575,1.634065,1.896814,0.851627,3.367627
1776194535.606467,236.024811,530.689453,770.454346,766.714294,77.876129,30.783934,2,3.595179,1.61071,3.326934,2.769922,0.380168,2.60384,120.347801,1.634065,1.896814,0.851627,3.367627
1776194536.364491,228.576797,520.683838,757.987488,749.26062,79.156982,30.506981,2,3.698406,1.624937,2.275572,2.803345,0.371423,2.6261,131.95787,1.634065,1.896814,0.851627,3.367627
1776194537.108801,237.088791,517.15863,744.273865,754.247437,80.615486,31.433821,2,3.759865,1.578312,2.569677,2.798369,0.3742,2.553787,108.414185,1.634065,1.896814,0.851627,3.367627
1776194537.875552,228.576797,528.164001,766.714294,756.740784,78.256004,30.205429,2,3.666272,1.640723,3.179404,2.810983,0.375031,2.651002,128.805862,1.634065,1.896814,0.851627,3.367627
1776194538.633576,238.152802,531.054932,757.987488,769.207703,79.156982,30.960793,2,3.678679,1.601759,3.255849,2.788393,0.381463,2.589921,138.215225,1.634065,1.896814,0.851627,3.367627
1776194539.377887,240.280807,506.48645,744.273865,746.767273,80.615486,32.176132,2,3.760344,1.542907,4.988354,2.798726,0.370731,2.500109,174.686325,1.634065,1.896814,0.851627,3.367627
1776194540.158363,233.896805,539.050964,780.427856,772.947754,76.880905,30.260363,2,3.672495,1.637824,1.967698,2.866117,0.383082,2.646413,131.800797,1.634065,1.896814,0.851627,3.367627
1776194540.908907,231.768814,516.245117,750.507385,748.013916,79.945915,30.98456,2,3.726867,1.600563,3.100792,2.797041,0.370961,2.588068,117.469337,1.634065,1.896814,0.851627,3.367627
1776194541.673164,230.704803,532.269409,764.220947,762.974243,78.51133,30.237562,2,3.736816,1.639026,3.005401,2.855753,0.378131,2.648315,139.591843,1.634065,1.896814,0.851627,3.367627
1776194542.427448,238.152802,524.821411,754.247437,762.974243,79.549492,31.213739,2,3.664352,1.589132,2.855484,2.763828,0.378456,2.570404,119.009361,1.634065,1.896814,0.851627,3.367627
1776194543.204173,228.576797,536.890869,776.687805,765.467651,77.251114,29.861065,2,3.41105,1.659141,0.893607,2.649321,0.379241,2.680323,110.784531,1.634065,1.896814,0.851627,3.367627
1776194543.963455,234.960815,531.753479,759.234192,766.714294,79.027,30.645159,2,3.497932,1.617806,2.940338,2.65575,0.380121,2.614922,106.574898,1.634065,1.896814,0.851627,3.367627
1776194544.713999,238.152802,516.094604,750.507385,754.247437,79.945915,31.57489,2,3.861794,1.571455,4.049273,2.898305,0.374246,2.543309,149.147903,1.634065,1.896814,0.851627,3.367627
1776194545.48449,237.088791,532.118896,770.454346,769.207703,77.876129,30.822468,2,3.701087,1.608751,3.221519,2.851519,0.381417,2.600788,136.349258,1.634065,1.896814,0.851627,3.367627
1776194546.259968,233.896805,537.80426,775.441101,771.70105,77.375313,30.309252,2,3.565138,1.635252,2.054203,2.764555,0.38248,2.642349,114.060295,1.634065,1.896814,0.851627,3.367627
1776194547.022979,233.896805,529.077454,762.974243,762.974243,78.63961,30.655924,2,3.60542,1.617254,3.093669,2.750843,0.37827,2.614057,113.779594,1.634065,1.896814,0.851627,3.367627
1776194547.789741,238.152802,533.548218,766.714294,771.70105,78.256004,30.860758,2,3.577474,1.606809,2.32514,2.7429,0.382666,2.597766,102.776939,1.634065,1.896814,0.851627,3.367627
1776194548.549012,245.600784,522.360229,759.234192,767.960999,79.027,31.980892,2,3.641366,1.55206,3.668735,2.76465,0.381187,2.513884,121.197929,1.634065,1.896814,0.851627,3.367627
1776194549.329476,227.512787,531.721436,780.427856,759.234192,76.880905,29.966089,2,3.4905,1.653479,2.315153,2.724083,0.376188,2.671278,103.501381,1.634065,1.896814,0.851627,3.367627
1776194550.101214,226.448807,544.005554,771.70105,770.454346,77.750313,29.391592,2,3.619016,1.684945,2.158884,2.792798,0.381554,2.721888,128.371628,1.634065,1.896814,0.851627,3.367627
1776194550.866718,230.704803,539.749512,765.467651,770.454346,78.383453,29.943995,2,3.624984,1.654667,2.07594,2.774808,0.38174,2.673174,111.325279,1.634065,1.896814,0.851627,3.367627
1776194551.635974,233.896805,539.050964,769.207703,772.947754,78.002342,30.260363,2,3.563632,1.637824,2.238267,2.741173,0.383082,2.646413,112.715462,1.634065,1.896814,0.851627,3.367627
1776194552.416439,225.384796,545.06958,780.427856,770.454346,76.880905,29.253492,2,3.619909,1.692693,1.71277,2.825078,0.381507,2.734479,125.760605,1.634065,1.896814,0.851627,3.367627
1776194553.175709,232.832794,535.128174,759.234192,767.960999,79.027,30.318312,2,3.7616,1.634777,3.614577,2.855936,0.38063,2.641597,147.376648,1.634065,1.896814,0.851627,3.367627
1776194553.9462,229.640793,537.073486,770.454346,766.714294,77.876129,29.951286,2,3.622813,1.654274,1.379817,2.791212,0.379889,2.672548,111.995323,1.634065,1.896814,0.851627,3.367627
1776194554.709211,233.896805,534.064209,762.974243,767.960999,78.63961,30.45686,2,3.671224,1.627539,2.72881,2.801049,0.380676,2.63019,121.581352,1.634065,1.896814,0.851627,3.367627
1776194555.479714,239.216797,537.471008,770.454346,776.687805,77.876129,30.799606,2,3.649263,1.609913,2.062538,2.811591,0.385118,2.602597,111.019508,1.634065,1.896814,0.851627,3.367627
1776194556.261425,225.384796,540.082886,781.674561,765.467651,76.758286,29.444065,2,3.522396,1.68202,0.85667,2.753368,0.379102,2.717148,124.554832,1.634065,1.896814,0.851627,3.367627
1776194557.023189,233.896805,537.80426,761.727539,771.70105,78.768318,30.309252,2,3.595021,1.635252,2.041866,2.738427,0.38248,2.642349,116.173378,1.634065,1.896814,0.851627,3.367627
1776194557.796173,228.576797,538.137512,772.947754,766.714294,77.624908,29.812511,2,3.566319,1.661772,2.312913,2.756579,0.379842,2.684535,130.655502,1.634065,1.896814,0.851627,3.367627
1776194558.557949,230.704803,533.516113,761.727539,764.220947,78.768318,30.188232,2,3.61967,1.641633,1.984587,2.757202,0.378733,2.652444,115.47419,1.634065,1.896814,0.851627,3.367627
1776194559.32096,233.896805,532.817505,762.974243,766.714294,78.63961,30.506384,2,3.5749,1.624967,2.069515,2.727557,0.380075,2.626148,105.430779,1.634065,1.896814,0.851627,3.367627
1776194560.096438,239.216797,542.457764,775.441101,781.674561,77.375313,30.603119,2,3.648402,1.619969,3.390932,2.829121,0.387524,2.618307,123.467628,1.634065,1.896814,0.851627,3.367627
1776194560.864435,228.576797,526.917358,767.960999,755.494141,78.128967,30.25527,2,3.674304,1.638092,2.23074,2.821722,0.37443,2.646837,119.961525,1.634065,1.896814,0.851627,3.367627
1776194561.612486,242.408798,521.812134,748.013916,764.220947,80.21241,31.719727,2,3.797433,1.564479,2.967692,2.840533,0.379243,2.532688,119.166191,1.634065,1.896814,0.851627,3.367627
1776194562.385482,238.152802,529.808228,772.947754,767.960999,77.624908,31.011053,2,3.680011,1.599233,2.866059,2.844456,0.380862,2.586007,124.268471,1.634065,1.896814,0.851627,3.367627
1776194563.153479,225.384796,527.615967,767.960999,753.000732,78.128967,29.931551,2,3.594646,1.655336,3.295467,2.760548,0.373088,2.674243,105.698952,1.634065,1.896814,0.851627,3.367627
1776194563.92023,237.088791,543.33905,766.714294,780.427856,78.256004,30.379333,2,3.596491,1.631581,3.272703,2.757481,0.386829,2.636555,132.303879,1.634065,1.896814,0.851627,3.367627
1776194564.685734,232.832794,527.648071,765.467651,760.480896,78.383453,30.616522,2,3.529768,1.619279,2.499841,2.701924,0.377021,2.617227,121.687744,1.634065,1.896814,0.851627,3.367627
1776194565.438772,237.088791,520.898682,753.000732,757.987488,79.681198,31.278721,2,3.672138,1.585922,4.287494,2.765123,0.376004,2.565463,109.627747,1.634065,1.896814,0.851627,3.367627
1776194566.198042,231.768814,521.231934,759.234192,753.000732,79.027,30.779362,2,3.68604,1.610943,2.440469,2.798567,0.373366,2.604203,129.73909,1.634065,1.896814,0.851627,3.367627
1776194566.959818,230.704803,529.776123,761.727539,760.480896,78.768318,30.336699,2,3.734019,1.633812,3.339418,2.844306,0.376928,2.640075,130.551437,1.634065,1.896814,0.851627,3.367627
1776194567.731556,231.768814,541.178955,771.70105,772.947754,77.750313,29.985056,2,3.7781,1.65246,2.084128,2.915564,0.382989,2.669655,150.060165,1.634065,1.896814,0.851627,3.367627
1776194568.498307,236.024811,535.67627,766.714294,771.70105,78.256004,30.585007,2,3.605246,1.620902,3.056805,2.764193,0.382573,2.61977,134.127441,1.634065,1.896814,0.851627,3.367627
1776194569.263811,237.088791,529.625488,765.467651,766.714294,78.383453,30.922705,2,3.559901,1.603678,2.809477,2.724989,0.380214,2.592899,107.715782,1.634065,1.896814,0.851627,3.367627
1776194570.031808,234.960815,530.506836,767.960999,765.467651,78.128967,30.695068,2,3.586364,1.615247,2.870318,2.754188,0.37952,2.61092,119.714531,1.634065,1.896814,0.851627,3.367627
1776194570.813531,232.832794,546.348389,781.674561,779.181213,76.758286,29.881725,2,3.479637,1.658024,2.50924,2.719944,0.386042,2.678537,118.059334,1.634065,1.896814,0.851627,3.367627
1776194571.586516,236.024811,540.662964,772.947754,776.687805,77.624908,30.388632,2,3.513645,1.631095,3.021189,2.715864,0.384979,2.635789,118.005531,1.634065,1.896814,0.851627,3.367627
1776194572.3595,242.408798,538.019043,772.947754,780.427856,77.624908,31.061012,2,3.627743,1.596731,3.935339,2.804055,0.387062,2.582134,125.823372,1.634065,1.896814,0.851627,3.367627
1776194573.127498,237.088791,524.638733,767.960999,761.727539,78.128967,31.125143,2,3.602126,1.593531,3.120914,2.766293,0.377808,2.577189,122.326637,1.634065,1.896814,0.851627,3.367627
1776194573.898,231.768814,532.452148,770.454346,764.220947,77.876129,30.327459,2,3.630716,1.634297,3.126898,2.797301,0.378779,2.64084,123.128044,1.634065,1.896814,0.851627,3.367627
1776194574.664751,239.216797,536.224304,766.714294,775.441101,78.256004,30.849127,2,3.570583,1.607399,2.92466,2.737617,0.384517,2.598682,100.898842,1.634065,1.896814,0.851627,3.367627
1776194575.445215,242.408798,541.759216,780.427856,784.16803,76.880905,30.912865,2,3.631652,1.604174,3.89271,2.834242,0.388866,2.59367,109.371513,1.634065,1.896814,0.851627,3.367627
1776194576.228173,241.344788,540.329773,782.921326,781.674561,76.636055,30.875355,2,3.607239,1.60607,2.928662,2.824185,0.387617,2.596617,114.529015,1.634065,1.896814,0.851627,3.367627
1776194577.017376,240.280807,547.627258,789.154724,787.908081,76.030716,30.496046,2,3.606963,1.625504,2.348455,2.846452,0.390577,2.62699,111.751259,1.634065,1.896814,0.851627,3.367627
1776194577.794101,233.896805,535.310913,776.687805,769.207703,77.251114,30.407497,2,3.478145,1.63011,2.035184,2.701433,0.381277,2.634237,93.718674,1.634065,1.896814,0.851627,3.367627
1776194578.568332,237.088791,540.845703,774.194458,777.934509,77.499908,30.476704,2,3.517763,1.626507,2.739017,2.723432,0.385627,2.628568,113.3209,1.634065,1.896814,0.851627,3.367627
1776194579.350043,242.408798,545.499268,781.674561,787.908081,76.758286,30.766127,2,3.575622,1.611617,3.975104,2.794973,0.39067,2.605254,107.931366,1.634065,1.896814,0.851627,3.367627
1776194580.133012,231.768814,538.685547,782.921326,770.454346,76.636055,30.082094,2,3.518823,1.647271,2.399676,2.754961,0.381786,2.661393,116.886833,1.634065,1.896814,0.851627,3.367627
1776194580.905997,225.384796,540.082886,772.947754,765.467651,77.624908,29.444065,2,3.631559,1.68202,3.024677,2.807006,0.379102,2.717148,159.726089,1.634065,1.896814,0.851627,3.367627
1776194581.686461,226.448807,555.225769,780.427856,781.674561,76.880905,28.969706,2,3.553736,1.708847,2.013925,2.773435,0.386966,2.760894,133.067245,1.634065,1.896814,0.851627,3.367627
1776194582.453212,229.640793,540.813538,766.714294,770.454346,78.256004,29.805893,2,3.57952,1.662131,2.229602,2.744469,0.381693,2.685111,115.481644,1.634065,1.896814,0.851627,3.367627
1776194583.206261,233.896805,524.090698,753.000732,757.987488,79.681198,30.857607,2,3.65492,1.606969,3.129468,2.752157,0.375865,2.598014,125.185356,1.634065,1.896814,0.851627,3.367627
1776194583.991712,231.768814,551.152527,785.414673,782.921326,76.392769,29.603079,2,3.458035,1.673219,2.057802,2.715991,0.3878,2.70293,96.347015,1.634065,1.896814,0.851627,3.367627
1776194584.762203,233.896805,539.050964,770.454346,772.947754,77.876129,30.260363,2,3.634867,1.637824,2.554439,2.800499,0.383082,2.646413,132.873108,1.634065,1.896814,0.851627,3.367627
1776194585.536434,232.832794,540.11499,774.194458,772.947754,77.499908,30.122709,2,3.570597,1.645109,2.701272,2.764336,0.383035,2.657958,121.2742,1.634065,1.896814,0.851627,3.367627
1776194586.308172,227.512787,537.954834,771.70105,765.467651,77.750313,29.722065,2,3.538537,1.666696,2.028501,2.730693,0.379195,2.692434,106.734947,1.634065,1.896814,0.851627,3.367627
1776194587.061221,238.152802,527.314819,753.000732,765.467651,79.681198,31.112066,2,3.703269,1.594183,3.797723,2.788564,0.379659,2.578195,114.040092,1.634065,1.896814,0.851627,3.367627
1776194587.840438,232.832794,540.11499,779.181213,772.947754,77.003906,30.122709,2,3.535205,1.645109,2.323378,2.754566,0.383035,2.657958,109.469559,1.634065,1.896814,0.851627,3.367627
1776194588.599709,232.832794,526.401367,759.234192,759.234192,79.027,30.666796,2,3.573349,1.616696,2.031696,2.713009,0.37642,2.613184,133.410233,1.634065,1.896814,0.851627,3.367627
1776194589.36646,240.280807,535.160278,766.714294,775.441101,78.256004,30.98634,2,3.579968,1.600474,4.626725,2.744813,0.384563,2.587929,98.52713,1.634065,1.896814,0.851627,3.367627
1776194590.141938,238.152802,534.794922,775.441101,772.947754,77.375313,30.810982,2,3.654438,1.609334,3.521866,2.833801,0.383268,2.601696,149.5121,1.634065,1.896814,0.851627,3.367627
1776194590.909947,237.088791,529.625488,767.960999,766.714294,78.128967,30.922705,2,3.634703,1.603678,2.773972,2.79131,0.380214,2.592899,133.170303,1.634065,1.896814,0.851627,3.367627
1776194591.687918,234.960815,540.480286,777.934509,775.441101,77.127312,30.300278,2,3.568899,1.635724,2.147612,2.77637,0.384331,2.643093,116.953369,1.634065,1.896814,0.851627,3.367627
1776194592.447189,236.024811,524.456055,759.234192,760.480896,79.027,31.036259,2,3.626928,1.59797,2.622697,2.753688,0.377161,2.584051,125.000076,1.634065,1.896814,0.851627,3.367627
1776194593.21394,233.896805,530.324158,766.714294,764.220947,78.256004,30.605915,2,3.621839,1.619825,3.060697,2.776916,0.378872,2.618082,147.791321,1.634065,1.896814,0.851627,3.367627
1776194593.974457,238.152802,527.314819,760.480896,765.467651,78.897446,31.112066,2,3.577156,1.594183,2.787814,2.720359,0.379659,2.578195,137.177246,1.634065,1.896814,0.851627,3.367627
1776194594.73748,244.536804,525.917542,762.974243,770.454346,78.63961,31.739298,2,3.602494,1.563541,4.162766,2.74861,0.382343,2.531264,133.509247,1.634065,1.896814,0.851627,3.367627
1776194595.514204,216.872803,527.401062,776.687805,744.273865,77.251114,29.138845,2,3.578111,1.699181,2.899802,2.779075,0.368506,2.745062,106.354546,1.634065,1.896814,0.851627,3.367627
1776194596.295915,231.768814,567.359436,781.674561,799.128235,76.758286,29.002705,2,3.440881,1.706952,2.244803,2.689649,0.395618,2.757784,103.297821,1.634065,1.896814,0.851627,3.367627
1776194597.056433,238.152802,529.808228,760.480896,767.960999,78.897446,31.011053,2,3.580112,1.599233,2.795305,2.722607,0.380862,2.586007,102.5513,1.634065,1.896814,0.851627,3.367627
1776194597.813222,243.472794,519.501465,756.740784,762.974243,79.287384,31.911009,2,3.588067,1.555363,3.713787,2.715237,0.378689,2.518873,116.105354,1.634065,1.896814,0.851627,3.367627
1776194598.568752,240.280807,511.473267,755.494141,751.754089,79.418221,31.962687,2,3.502424,1.552919,2.512325,2.646061,0.373137,2.515181,134.429825,1.634065,1.896814,0.851627,3.367627
1776194599.324283,230.704803,513.569092,755.494141,744.273865,79.418221,30.997299,2,3.559104,1.599924,1.691877,2.688882,0.36911,2.587076,122.692513,1.634065,1.896814,0.851627,3.367627
1776194600.096021,226.448807,540.265503,771.70105,766.714294,77.750313,29.534966,2,3.451217,1.676977,0.94604,2.663308,0.37975,2.708994,90.212868,1.634065,1.896814,0.851627,3.367627
1776194600.864018,228.576797,541.877563,767.960999,770.454346,78.128967,29.667791,2,3.571308,1.669665,1.624905,2.742625,0.381647,2.697207,127.179665,1.634065,1.896814,0.851627,3.367627
1776194601.614562,246.664825,525.036255,750.507385,771.70105,79.945915,31.963781,2,3.694523,1.552867,5.327034,2.772767,0.383038,2.515102,112.321587,1.634065,1.896814,0.851627,3.367627
1776194602.391298,236.024811,528.196167,776.687805,764.220947,77.251114,30.884367,2,3.641021,1.605614,2.726717,2.827937,0.378965,2.595908,112.099976,1.634065,1.896814,0.851627,3.367627
1776194603.158049,234.960815,530.506836,766.714294,765.467651,78.256004,30.695068,2,3.548615,1.615247,3.213037,2.720774,0.37952,2.61092,122.30584,1.634065,1.896814,0.851627,3.367627
1776194603.923553,231.768814,529.95874,765.467651,761.727539,78.383453,30.426735,2,3.616967,1.629107,2.554109,2.768671,0.377576,2.632658,142.944565,1.634065,1.896814,0.851627,3.367627
1776194604.677837,229.640793,522.113281,754.247437,751.754089,79.549492,30.547329,2,3.690812,1.622848,2.713645,2.783786,0.372672,2.622821,138.834671,1.634065,1.896814,0.851627,3.367627
1776194605.434615,229.640793,527.099976,756.740784,756.740784,79.287384,30.346029,2,3.583574,1.633323,2.488091,2.711836,0.375078,2.639303,108.659004,1.634065,1.896814,0.851627,3.367627
1776194606.18891,225.384796,523.875854,754.247437,749.26062,79.549492,30.080963,2,3.721862,1.647331,2.548234,2.807205,0.371283,2.661489,106.691597,1.634065,1.896814,0.851627,3.367627
1776194606.929481,238.152802,517.341309,740.533813,755.494141,81.022636,31.522787,2,3.874318,1.57398,3.936624,2.869063,0.374848,2.547163,145.390396,1.634065,1.896814,0.851627,3.367627
1776194607.701218,232.832794,532.634888,771.70105,765.467651,77.750313,30.417065,2,3.576141,1.629611,1.997328,2.759712,0.379427,2.633451,119.252205,1.634065,1.896814,0.851627,3.367627
1776194608.454256,250.920792,523.273682,753.000732,774.194458,79.681198,32.410564,2,3.424058,1.532063,3.343714,2.578318,0.384426,2.483881,72.461868,1.634065,1.896814,0.851627,3.367627
1776194609.199813,246.664825,493.868988,745.520569,740.533813,80.480675,33.309059,2,3.650015,1.491914,4.150943,2.721161,0.368003,2.42467,117.466972,1.634065,1.896814,0.851627,3.367627
1776194609.987757,232.832794,538.868286,787.908081,771.70105,76.151016,30.171371,2,3.525664,1.642526,3.076082,2.777899,0.382434,2.653859,133.254395,1.634065,1.896814,0.851627,3.367627
1776194610.748286,236.024811,528.196167,760.480896,764.220947,78.897446,30.884367,2,3.607958,1.605614,3.419975,2.743783,0.378965,2.595908,138.252441,1.634065,1.896814,0.851627,3.367627
1776194611.518777,232.832794,533.88147,770.454346,766.714294,77.876129,30.367607,2,3.629381,1.632194,3.045459,2.796273,0.380028,2.637522,120.757805,1.634065,1.896814,0.851627,3.367627
1776194612.285528,232.832794,533.88147,766.714294,766.714294,78.256004,30.367607,2,3.611277,1.632194,2.416419,2.768818,0.380028,2.637522,120.917999,1.634065,1.896814,0.851627,3.367627
1776194613.064746,227.512787,545.434937,779.181213,772.947754,77.003906,29.434433,2,3.522376,1.682556,2.925835,2.744569,0.382803,2.718016,143.314804,1.634065,1.896814,0.851627,3.367627
1776194613.832744,228.576797,540.63092,767.960999,769.207703,78.128967,29.715876,2,3.551435,1.667034,1.823656,2.727364,0.381045,2.692977,117.574356,1.634065,1.896814,0.851627,3.367627
1776194614.589533,238.152802,529.808228,756.740784,767.960999,79.287384,31.011053,2,3.637121,1.599233,3.702184,2.752358,0.380862,2.586007,129.574219,1.634065,1.896814,0.851627,3.367627
1776194615.362517,231.768814,533.698853,772.947754,765.467651,77.624908,30.278069,2,3.621731,1.636891,2.848581,2.799409,0.37938,2.644939,129.765488,1.634065,1.896814,0.851627,3.367627
1776194616.125528,238.152802,532.301514,762.974243,770.454346,78.63961,30.910698,2,3.731321,1.604284,2.624533,2.846902,0.382065,2.59384,131.206955,1.634065,1.896814,0.851627,3.367627
1776194616.904746,234.960815,540.480286,779.181213,775.441101,77.003906,30.300278,2,3.560948,1.635724,2.806467,2.774624,0.384331,2.643093,147.317612,1.634065,1.896814,0.851627,3.367627
1776194617.674002,230.704803,533.516113,769.207703,764.220947,78.002342,30.188232,2,3.7874,1.641633,4.246554,2.913297,0.378733,2.652444,109.459991,1.634065,1.896814,0.851627,3.367627
1776194618.451973,221.128799,545.58551,777.934509,766.714294,77.127312,28.841097,2,3.811928,1.716272,2.051266,2.965431,0.379517,2.77311,146.450089,1.634065,1.896814,0.851627,3.367627
1776194619.213737,226.448807,541.512207,761.727539,767.960999,78.768318,29.48702,2,3.811285,1.679633,0.905687,2.90316,0.380351,2.713286,141.885208,1.634065,1.896814,0.851627,3.367627
1776194619.975501,234.960815,536.740234,761.727539,771.70105,78.768318,30.447128,2,3.757077,1.628045,3.820561,2.861869,0.382527,2.630986,142.532425,1.634065,1.896814,0.851627,3.367627
1776194620.755965,225.384796,543.822876,780.427856,769.207703,76.880905,29.300901,2,3.654131,1.690025,2.045722,2.851786,0.380906,2.730137,117.527504,1.634065,1.896814,0.851627,3.367627
1776194621.528961,232.832794,548.841797,772.947754,781.674561,77.624908,29.786411,2,3.604772,1.66319,2.5739,2.7863,0.387245,2.686808,122.290382,1.634065,1.896814,0.851627,3.367627
1776194622.308179,233.896805,546.531067,779.181213,780.427856,77.003906,29.970329,2,3.488717,1.653251,2.920254,2.718343,0.38669,2.670916,120.731682,1.634065,1.896814,0.851627,3.367627
1776194623.087397,232.832794,545.101685,779.181213,777.934509,77.003906,29.929615,2,3.569828,1.655441,3.826252,2.781543,0.385441,2.674409,134.837845,1.634065,1.896814,0.851627,3.367627
1776194623.856641,231.768814,536.1922,769.207703,767.960999,78.002342,30.179764,2,3.555766,1.642081,3.259594,2.735122,0.380583,2.653155,127.290764,1.634065,1.896814,0.851627,3.367627
1776194624.62465,233.896805,536.557556,767.960999,770.454346,78.128967,30.358297,2,3.546154,1.632681,2.454495,2.723308,0.381879,2.63829,115.076897,1.634065,1.896814,0.851627,3.367627
1776194625.386414,236.024811,528.196167,761.727539,764.220947,78.768318,30.884367,2,3.623371,1.605614,2.667418,2.760021,0.378965,2.595908,124.697136,1.634065,1.896814,0.851627,3.367627
1776194626.165632,234.960815,542.973694,779.181213,777.934509,77.003906,30.203161,2,3.559298,1.640843,2.299475,2.773338,0.385534,2.651192,108.993294,1.634065,1.896814,0.851627,3.367627
1776194626.939863,238.152802,539.781738,774.194458,777.934509,77.499908,30.613476,2,3.482187,1.619436,3.353774,2.69589,0.385673,2.617472,126.919701,1.634065,1.896814,0.851627,3.367627
1776194627.724068,238.152802,546.015259,784.16803,784.16803,76.514214,30.370125,2,3.558815,1.632062,2.281997,2.790709,0.38868,2.637314,126.794739,1.634065,1.896814,0.851627,3.367627
1776194628.49457,237.088791,532.118896,770.454346,769.207703,77.876129,30.822468,2,3.575121,1.608751,3.779438,2.754467,0.381417,2.600788,133.098618,1.634065,1.896814,0.851627,3.367627
1776194629.258828,233.896805,526.584106,764.220947,760.480896,78.51133,30.756435,2,3.496775,1.612111,3.034885,2.672309,0.377068,2.606024,126.545494,1.634065,1.896814,0.851627,3.367627
1776194630.024332,230.704803,531.022705,765.467651,761.727539,78.383453,30.287052,2,3.494645,1.636419,2.076931,2.675038,0.37753,2.644192,110.157051,1.634065,1.896814,0.851627,3.367627
1776194630.78859,239.216797,534.977661,764.220947,774.194458,78.51133,30.8988,2,3.463838,1.604885,2.361343,2.647138,0.383915,2.594774,119.912117,1.634065,1.896814,0.851627,3.367627
1776194631.562832,237.088791,534.612244,774.194458,771.70105,77.499908,30.722881,2,3.52729,1.613824,2.916728,2.730808,0.38262,2.608697,115.400146,1.634065,1.896814,0.851627,3.367627
1776194632.324596,234.960815,524.273376,761.727539,759.234192,78.768318,30.947081,2,3.558214,1.602449,2.723412,2.71039,0.376513,2.590992,121.022209,1.634065,1.896814,0.851627,3.367627
1776194633.083867,239.216797,525.00415,759.234192,764.220947,79.027,31.302048,2,3.568362,1.584772,3.634881,2.709223,0.379104,2.563697,136.345947,1.634065,1.896814,0.851627,3.367627
1776194633.843138,229.640793,518.373108,759.234192,748.013916,79.027,30.700069,2,3.587775,1.614991,3.207016,2.723961,0.370868,2.61052,123.713326,1.634065,1.896814,0.851627,3.367627
1776194634.621109,225.384796,547.562988,777.934509,772.947754,77.127312,29.159126,2,3.642553,1.69803,1.259899,2.833668,0.38271,2.743181,107.188858,1.634065,1.896814,0.851627,3.367627
1776194635.370406,227.512787,524.241333,749.26062,751.754089,80.078941,30.264256,2,3.565951,1.637619,1.036695,2.671827,0.372579,2.646088,109.967033,1.634065,1.896814,0.851627,3.367627
1776194636.122208,231.768814,524.971985,751.754089,756.740784,79.813332,30.627239,2,3.607069,1.618728,3.947419,2.711629,0.375171,2.616364,156.124115,1.634065,1.896814,0.851627,3.367627
1776194636.875246,231.768814,521.231934,753.000732,753.000732,79.681198,30.779362,2,3.54464,1.610943,3.091576,2.669116,0.373366,2.604203,158.662949,1.634065,1.896814,0.851627,3.367627
1776194637.63327,233.896805,526.584106,757.987488,760.480896,79.156982,30.756435,2,3.645762,1.612111,3.065434,2.763442,0.377068,2.606024,154.587509,1.634065,1.896814,0.851627,3.367627
1776194638.397527,239.216797,531.237549,764.220947,770.454346,78.51133,31.048796,2,3.594674,1.597342,3.116764,2.747125,0.382111,2.58308,145.01976,1.634065,1.896814,0.851627,3.367627
1776194639.163032,240.280807,526.433472,765.467651,766.714294,78.383453,31.339029,2,3.541542,1.582954,3.638113,2.710936,0.380353,2.560904,121.594894,1.634065,1.896814,0.851627,3.367627
1776194639.926042,236.024811,521.962646,762.974243,757.987488,78.63961,31.138351,2,3.623981,1.592874,3.19354,2.765004,0.375958,2.576174,126.232277,1.634065,1.896814,0.851627,3.367627
1776194640.691558,236.024811,529.442871,765.467651,765.467651,78.383453,30.834066,2,3.635791,1.608162,2.715995,2.783081,0.379566,2.599871,107.832451,1.634065,1.896814,0.851627,3.367627
1776194641.448336,229.640793,519.619812,756.740784,749.26062,79.287384,30.648989,2,3.586274,1.61761,2.632867,2.71388,0.371469,2.614614,99.676552,1.634065,1.896814,0.851627,3.367627
1776194642.21384,225.384796,535.096069,765.467651,760.480896,78.383453,29.63714,2,3.508784,1.671346,1.419178,2.68586,0.376696,2.699914,100.445427,1.634065,1.896814,0.851627,3.367627
1776194642.975604,231.768814,537.438904,761.727539,769.207703,78.768318,30.130848,2,3.587413,1.644676,3.163028,2.732631,0.381185,2.657271,123.394753,1.634065,1.896814,0.851627,3.367627
1776194643.73986,226.448807,531.538696,764.220947,757.987488,78.51133,29.875008,2,3.58813,1.658387,2.031328,2.742124,0.37554,2.679117,112.154381,1.634065,1.896814,0.851627,3.367627
1776194644.506624,227.512787,540.448242,766.714294,767.960999,78.256004,29.625565,2,3.576037,1.671983,1.994354,2.741799,0.380397,2.700938,129.02623,1.634065,1.896814,0.851627,3.367627
1776194645.260908,233.896805,527.83075,754.247437,761.727539,79.549492,30.706099,2,3.701103,1.614682,4.131629,2.791547,0.377669,2.610038,147.029648,1.634065,1.896814,0.851627,3.367627
1776194646.025165,231.768814,529.95874,764.220947,761.727539,78.51133,30.426735,2,3.55862,1.629107,2.434961,2.719572,0.377576,2.632658,114.889511,1.634065,1.896814,0.851627,3.367627
1776194646.785683,233.896805,529.077454,760.480896,762.974243,78.897446,30.655924,2,3.53631,1.617254,2.621926,2.689296,0.37827,2.614057,140.773911,1.634065,1.896814,0.851627,3.367627
1776194647.537473,229.640793,517.126465,751.754089,746.767273,79.813332,30.75132,2,3.575684,1.612372,2.256956,2.688035,0.370266,2.606431,124.982803,1.634065,1.896814,0.851627,3.367627
1776194648.29425,228.576797,526.917358,756.740784,755.494141,79.287384,30.25527,2,3.342103,1.638092,4.879267,2.529106,0.37443,2.646837,124.903358,1.634065,1.896814,0.851627,3.367627
1776194649.056027,225.384796,532.602661,761.727539,757.987488,78.768318,29.734632,2,3.438076,1.66601,2.434961,2.618877,0.375493,2.691332,119.362343,1.634065,1.896814,0.851627,3.367627
1776194649.814051,226.448807,532.7854,757.987488,759.234192,79.156982,29.825951,2,3.647254,1.661043,2.567657,2.764573,0.376141,2.683367,148.174728,1.634065,1.896814,0.851627,3.367627
1776194650.573321,237.088791,534.612244,759.234192,771.70105,79.027,30.722881,2,3.633217,1.613824,2.94647,2.758462,0.38262,2.608697,115.549141,1.634065,1.896814,0.851627,3.367627
1776194651.326358,229.640793,514.633057,753.000732,744.273865,79.681198,30.854342,2,3.642797,1.607134,2.485558,2.743029,0.369064,2.598271,117.902275,1.634065,1.896814,0.851627,3.367627
1776194652.075655,233.896805,520.350647,749.26062,754.247437,80.078941,31.010618,2,3.636637,1.599255,3.606352,2.724789,0.374061,2.58604,120.129562,1.634065,1.896814,0.851627,3.367627
1776194652.842406,229.640793,532.086731,766.714294,761.727539,78.256004,30.147367,2,3.496047,1.643799,2.027033,2.68047,0.377483,2.655879,96.64814,1.634065,1.896814,0.851627,3.367627
1776194653.591716,236.024811,520.715942,749.26062,756.740784,80.078941,31.18965,2,3.553844,1.590326,3.239767,2.662756,0.375356,2.572244,110.974602,1.634065,1.896814,0.851627,3.367627
1776194654.354727,243.472794,528.228271,762.974243,771.70105,78.63961,31.550144,2,3.636241,1.572654,4.114886,2.774359,0.382898,2.545137,126.025711,1.634065,1.896814,0.851627,3.367627
1776194655.133943,236.024811,534.429565,779.181213,770.454346,77.003906,30.634495,2,3.507189,1.618355,2.678727,2.732735,0.381972,2.615779,103.617393,1.634065,1.896814,0.851627,3.367627
1776194655.888227,229.640793,517.126465,754.247437,746.767273,79.549492,30.75132,2,3.520323,1.612372,1.960134,2.655194,0.370266,2.606431,117.874779,1.634065,1.896814,0.851627,3.367627
1776194656.643758,230.704803,526.036011,755.494141,756.740784,79.418221,30.486635,2,3.521696,1.625992,2.685887,2.660621,0.375124,2.627758,153.925766,1.634065,1.896814,0.851627,3.367627
1776194657.411768,227.512787,536.70813,767.960999,764.220947,78.128967,29.77055,2,3.532748,1.664052,3.192475,2.713012,0.378593,2.688191,114.649742,1.634065,1.896814,0.851627,3.367627
1776194658.161065,230.704803,522.295898,749.26062,753.000732,80.078941,30.638058,2,3.569531,1.618171,2.81113,2.674509,0.37332,2.615493,134.540634,1.634065,1.896814,0.851627,3.367627
1776194658.925322,229.640793,533.333435,764.220947,762.974243,78.51133,30.098104,2,3.618543,1.646418,2.59615,2.765367,0.378085,2.660038,132.414108,1.634065,1.896814,0.851627,3.367627
1776194659.687086,229.640793,532.086731,761.727539,761.727539,78.768318,30.147367,2,3.593716,1.643799,3.035583,2.737432,0.377483,2.655879,134.755112,1.634065,1.896814,0.851627,3.367627
1776194660.453837,229.640793,537.073486,766.714294,766.714294,78.256004,29.951286,2,3.705354,1.654274,2.982269,2.840948,0.379889,2.672548,145.397141,1.634065,1.896814,0.851627,3.367627
1776194661.223081,227.512787,539.201538,769.207703,766.714294,78.002342,29.673737,2,3.664139,1.669339,2.57155,2.818484,0.379796,2.696683,130.101334,1.634065,1.896814,0.851627,3.367627
1776194661.971143,227.512787,520.501099,748.013916,748.013916,80.21241,30.415583,2,3.715875,1.629688,-0.099999,2.779526,0.370775,2.633573,122.386154,1.634065,1.896814,0.851627,3.367627
1776194662.732908,217.936798,532.570557,761.727539,750.507385,78.768318,29.038597,2,3.719608,1.704896,-0.163189,2.833328,0.37156,2.754414,116.492249,1.634065,1.896814,0.851627,3.367627
1776194663.459764,231.768814,511.258362,726.820251,743.027161,82.551361,31.192509,2,3.778901,1.590184,3.514596,2.746582,0.368555,2.572025,155.787369,1.634065,1.896814,0.851627,3.367627
1776194664.205322,231.768814,513.75177,745.520569,745.520569,80.480675,31.088184,2,3.835272,1.595374,2.987813,2.859274,0.369758,2.580035,122.620003,1.634065,1.896814,0.851627,3.367627
1776194664.954619,231.768814,517.491821,749.26062,749.26062,80.078941,30.933004,2,3.896336,1.603158,3.10898,2.919371,0.371562,2.592093,104.965599,1.634065,1.896814,0.851627,3.367627
1776194665.707656,227.512787,520.501099,753.000732,748.013916,79.681198,30.415583,2,4.031826,1.629688,3.371178,3.035968,0.370775,2.633573,144.559097,1.634065,1.896814,0.851627,3.367627
1776194666.495601,212.616806,557.837524,787.908081,770.454346,76.151016,27.596289,2,3.879391,1.79172,2.290295,3.056603,0.38095,2.899893,145.443771,1.634065,1.896814,0.851627,3.367627
1776194667.262363,217.936798,555.010986,766.714294,772.947754,78.256004,28.195541,2,3.826335,1.754568,2.133219,2.933706,0.382385,2.836858,118.476646,1.634065,1.896814,0.851627,3.367627
1776194668.025374,220.064789,545.402832,762.974243,765.467651,78.63961,28.749063,2,3.831625,1.721627,2.824678,2.923431,0.378869,2.781948,142.457779,1.634065,1.896814,0.851627,3.367627
1776194668.789632,223.256805,544.704224,764.220947,767.960999,78.51133,29.071373,2,3.823736,1.703023,4.302475,2.922179,0.380212,2.751346,153.11145,1.634065,1.896814,0.851627,3.367627
1776194669.558876,226.448807,546.498962,769.207703,772.947754,78.002342,29.29678,2,3.864254,1.690256,3.468112,2.972414,0.382757,2.730514,165.298721,1.634065,1.896814,0.851627,3.367627
1776194670.329367,221.128799,543.092163,770.454346,764.220947,77.876129,28.93519,2,3.734,1.710833,1.934322,2.876877,0.378314,2.764157,113.791267,1.634065,1.896814,0.851627,3.367627
1776194671.084909,225.384796,535.096069,755.494141,760.480896,79.418221,29.63714,2,3.815995,1.671346,2.495618,2.882962,0.376696,2.699914,133.415985,1.634065,1.896814,0.851627,3.367627
1776194671.819246,232.832794,510.194366,734.300354,743.027161,81.710434,31.335705,2,3.974766,1.583117,3.680485,2.918672,0.368602,2.561154,134.434555,1.634065,1.896814,0.851627,3.367627
1776194672.583504,228.576797,530.65741,764.220947,759.234192,78.51133,30.106232,2,3.87758,1.645985,2.347097,2.963328,0.376234,2.65935,122.716606,1.634065,1.896814,0.851627,3.367627
1776194673.349008,237.088791,538.352295,765.467651,775.441101,78.383453,30.574699,2,3.761223,1.621434,3.406023,2.879095,0.384424,2.620604,143.230057,1.634065,1.896814,0.851627,3.367627
1776194674.125732,231.768814,538.685547,776.687805,770.454346,77.251114,30.082094,2,3.742553,1.647271,3.468589,2.906795,0.381786,2.661393,142.732697,1.634065,1.896814,0.851627,3.367627
1776194674.899975,230.704803,542.24292,774.194458,772.947754,77.499908,29.847399,2,3.826648,1.65988,4.295315,2.96257,0.382942,2.681507,146.393051,1.634065,1.896814,0.851627,3.367627
1776194675.675453,229.640793,544.55365,775.441101,774.194458,77.375313,29.6619,2,3.783343,1.669988,3.576207,2.93376,0.383497,2.697726,135.756149,1.634065,1.896814,0.851627,3.367627
1776194676.43971,230.704803,534.762817,764.220947,765.467651,78.51133,30.139069,2,3.707709,1.644239,3.894693,2.833508,0.379334,2.656578,117.379326,1.634065,1.896814,0.851627,3.367627
1776194677.206461,226.448807,535.278748,766.714294,761.727539,78.256004,29.728321,2,3.688311,1.666354,1.613302,2.827881,0.377344,2.691885,97.697701,1.634065,1.896814,0.851627,3.367627
1776194677.980692,223.256805,547.19751,774.194458,770.454346,77.499908,28.977293,2,3.629017,1.708411,2.34438,2.809565,0.381414,2.760178,130.143326,1.634065,1.896814,0.851627,3.367627
1776194678.743714,228.576797,540.63092,762.974243,769.207703,78.63961,29.715876,2,3.638394,1.667034,3.023245,2.776001,0.381045,2.692977,131.5858,1.634065,1.896814,0.851627,3.367627
1776194679.524179,225.384796,551.302979,780.427856,776.687805,76.880905,29.018711,2,3.585002,1.706035,2.594204,2.797835,0.384514,2.756279,128.516525,1.634065,1.896814,0.851627,3.367627
1776194680.303397,227.512787,554.161743,779.181213,781.674561,77.003906,29.105818,2,3.662104,1.70106,2.052184,2.853443,0.387013,2.748132,134.738327,1.634065,1.896814,0.851627,3.367627
1776194681.076381,224.320801,544.886902,772.947754,769.207703,77.624908,29.16258,2,3.614339,1.697834,3.172942,2.793695,0.380859,2.742861,137.393585,1.634065,1.896814,0.851627,3.367627
1776194681.835663,231.768814,536.1922,759.234192,767.960999,79.027,30.179764,2,3.603122,1.642081,2.456735,2.735614,0.380583,2.653155,129.161545,1.634065,1.896814,0.851627,3.367627
1776194682.606154,228.576797,538.137512,770.454346,766.714294,77.876129,29.812511,2,3.583002,1.661772,2.867858,2.760539,0.379842,2.684535,134.379868,1.634065,1.896814,0.851627,3.367627
1776194683.371659,229.640793,537.073486,765.467651,766.714294,78.383453,29.951286,2,3.510323,1.654274,1.99619,2.687039,0.379889,2.672548,119.446602,1.634065,1.896814,0.851627,3.367627
1776194684.138409,239.216797,538.717712,766.714294,777.934509,78.256004,30.750248,2,3.494749,1.612427,2.437054,2.679474,0.38572,2.606517,113.049408,1.634065,1.896814,0.851627,3.367627
1776194684.910147,240.280807,532.666931,771.70105,772.947754,77.750313,31.086292,2,3.509947,1.595468,3.221335,2.70863,0.38336,2.580181,136.477219,1.634065,1.896814,0.851627,3.367627
1776194685.656963,240.280807,506.48645,746.767273,746.767273,80.346313,32.176132,2,2.892658,1.542907,4.080336,2.160142,0.370731,2.500109,109.368004,1.634065,1.896814,0.851627,3.367627
1776194686.419973,236.024811,521.962646,762.974243,757.987488,78.63961,31.138351,2,2.820817,1.592874,2.478141,2.152211,0.375958,2.576174,104.108147,1.634065,1.896814,0.851627,3.367627
1776194687.197944,233.896805,541.544312,777.934509,775.441101,77.127312,30.163065,2,3.482203,1.642966,2.66874,2.708926,0.384284,2.654558,113.734886,1.634065,1.896814,0.851627,3.367627
1776194687.943502,241.344788,512.902649,745.520569,754.247437,80.480675,31.998093,2,3.722688,1.551249,4.757953,2.77534,0.374386,2.512661,130.873489,1.634065,1.896814,0.851627,3.367627
1776194688.709006,234.960815,523.026672,765.467651,757.987488,78.383453,30.99798,2,3.683921,1.59989,4.054413,2.819922,0.375911,2.587023,143.345108,1.634065,1.896814,0.851627,3.367627
1776194689.48573,231.768814,541.178955,776.687805,772.947754,77.251114,29.985056,2,3.572495,1.65246,3.960233,2.774714,0.382989,2.669655,149.297745,1.634065,1.896814,0.851627,3.367627
1776194690.266206,225.384796,547.562988,780.427856,772.947754,76.880905,29.159126,2,3.632627,1.69803,2.689889,2.835003,0.38271,2.743181,136.127335,1.634065,1.896814,0.851627,3.367627
1776194691.029217,236.024811,539.41626,762.974243,775.441101,78.63961,30.43749,2,3.609434,1.628546,3.328292,2.753905,0.384377,2.631776,118.480904,1.634065,1.896814,0.851627,3.367627
1776194691.799708,233.896805,534.064209,770.454346,767.960999,77.876129,30.45686,2,3.694901,1.627539,3.424418,2.846752,0.380676,2.63019,155.409256,1.634065,1.896814,0.851627,3.367627
1776194692.568952,229.640793,534.580139,769.207703,764.220947,78.002342,30.049006,2,3.597692,1.649037,2.533914,2.767372,0.378686,2.664202,127.540993,1.634065,1.896814,0.851627,3.367627
1776194693.334468,232.832794,536.374878,765.467651,769.207703,78.383453,30.269169,2,3.613899,1.63736,3.648357,2.766323,0.381231,2.645679,127.691154,1.634065,1.896814,0.851627,3.367627
1776194694.118673,228.576797,550.604431,784.16803,779.181213,76.514214,29.33551,2,3.4732,1.688082,3.585166,2.723573,0.385856,2.726981,147.075714,1.634065,1.896814,0.851627,3.367627
1776194694.892904,243.472794,548.175354,774.194458,791.648132,77.499908,30.755177,2,3.705736,1.612175,5.265606,2.86896,0.392521,2.606124,124.331581,1.634065,1.896814,0.851627,3.367627
1776194695.673368,237.088791,535.858948,780.427856,772.947754,76.880905,30.673328,2,3.742739,1.616361,4.648241,2.920938,0.383221,2.612661,141.747574,1.634065,1.896814,0.851627,3.367627
1776194696.451351,227.512787,539.201538,777.934509,766.714294,77.127312,29.673737,2,3.575616,1.669339,1.911226,2.781595,0.379796,2.696683,127.737801,1.634065,1.896814,0.851627,3.367627
1776194697.208128,232.832794,530.141479,756.740784,762.974243,79.287384,30.51647,2,3.730241,1.624445,3.695502,2.822825,0.378224,2.625327,132.111145,1.634065,1.896814,0.851627,3.367627
1776194697.973633,230.704803,532.269409,765.467651,762.974243,78.383453,30.237562,2,3.719206,1.639026,3.319003,2.846932,0.378131,2.648315,139.497192,1.634065,1.896814,0.851627,3.367627
1776194698.739137,228.576797,534.397461,765.467651,762.974243,78.383453,29.958651,2,3.6796,1.653878,3.09925,2.816615,0.378038,2.671916,135.417282,1.634065,1.896814,0.851627,3.367627
1776194699.498408,236.024811,531.936157,759.234192,767.960999,79.027,30.733957,2,3.643528,1.613258,3.665541,2.766292,0.380769,2.607814,136.389542,1.634065,1.896814,0.851627,3.367627
1776194700.258937,237.088791,524.638733,760.480896,761.727539,78.897446,31.125143,2,3.574989,1.593531,3.242007,2.71871,0.377808,2.577189,117.394264,1.634065,1.896814,0.851627,3.367627
1776194701.010727,243.472794,515.761414,751.754089,759.234192,79.813332,32.068207,2,3.557626,1.547953,3.938607,2.67446,0.376884,2.507694,127.218651,1.634065,1.896814,0.851627,3.367627
1776194701.787452,236.024811,531.936157,776.687805,767.960999,77.251114,30.733957,2,3.539241,1.613258,2.734758,2.748885,0.380769,2.607814,127.36869,1.634065,1.896814,0.851627,3.367627
1776194702.552956,232.832794,528.894775,765.467651,761.727539,78.383453,30.566416,2,3.532569,1.621862,3.163432,2.704067,0.377623,2.621274,135.07399,1.634065,1.896814,0.851627,3.367627
1776194703.309733,227.512787,522.994629,756.740784,750.507385,79.287384,30.314529,2,3.632964,1.634975,2.680086,2.749212,0.371978,2.641911,128.137924,1.634065,1.896814,0.851627,3.367627
1776194704.05155,234.960815,515.54657,741.780518,750.507385,80.886459,31.306929,2,3.894333,1.584532,4.962321,2.888741,0.372303,2.563328,155.346558,1.634065,1.896814,0.851627,3.367627
1776194704.817066,231.768814,529.95874,765.467651,761.727539,78.383453,30.426735,2,3.78971,1.629107,3.987074,2.900901,0.377576,2.632658,114.944748,1.634065,1.896814,0.851627,3.367627
1776194705.565117,230.704803,516.0625,748.013916,746.767273,80.21241,30.893803,2,3.774263,1.605137,4.522338,2.823201,0.370313,2.595166,148.819565,1.634065,1.896814,0.851627,3.367627
1776194706.331867,230.704803,536.009521,766.714294,766.714294,78.256004,30.090061,2,3.704028,1.646846,2.710635,2.839931,0.379935,2.660718,145.325821,1.634065,1.896814,0.851627,3.367627
1776194707.083658,233.896805,521.597351,751.754089,755.494141,79.813332,30.959446,2,3.734599,1.601826,3.647329,2.8075,0.374662,2.590026,156.437241,1.634065,1.896814,0.851627,3.367627
1776194707.852902,228.576797,534.397461,769.207703,762.974243,78.002342,29.958651,2,3.607499,1.653878,2.82835,2.774916,0.378038,2.671916,140.440567,1.634065,1.896814,0.851627,3.367627
1776194708.605939,231.768814,524.971985,753.000732,756.740784,79.681198,30.627239,2,3.691945,1.618728,2.045832,2.780038,0.375171,2.616364,135.921478,1.634065,1.896814,0.851627,3.367627
1776194709.360235,243.472794,524.48822,754.247437,767.960999,79.549492,31.703796,2,3.68562,1.565243,4.479599,2.779869,0.381094,2.53385,135.280563,1.634065,1.896814,0.851627,3.367627
1776194710.121999,232.832794,516.427856,761.727539,749.26062,78.768318,31.075006,2,3.603994,1.596032,2.142766,2.745262,0.371609,2.581052,82.855919,1.634065,1.896814,0.851627,3.367627
1776194710.86631,229.640793,510.893005,744.273865,740.533813,80.615486,31.010168,2,3.658615,1.599278,1.255199,2.723012,0.367259,2.586076,77.845421,1.634065,1.896814,0.851627,3.367627
1776194711.616854,232.832794,521.414673,750.507385,754.247437,79.945915,30.869549,2,3.746479,1.606364,2.958146,2.81176,0.374014,2.597073,118.545456,1.634065,1.896814,0.851627,3.367627
1776194712.398564,234.960815,549.207214,781.674561,784.16803,76.758286,29.96307,2,3.596307,1.653641,2.479352,2.811141,0.388541,2.671537,134.884064,1.634065,1.896814,0.851627,3.367627
1776194713.164068,231.768814,529.95874,765.467651,761.727539,78.383453,30.426735,2,3.469607,1.629107,2.653062,2.655872,0.377576,2.632658,128.229172,1.634065,1.896814,0.851627,3.367627
1776194713.928338,227.512787,531.721436,764.220947,759.234192,78.51133,29.966089,2,3.643484,1.653479,1.931347,2.784426,0.376188,2.671278,90.462448,1.634065,1.896814,0.851627,3.367627
1776194714.668909,230.704803,513.569092,740.533813,744.273865,81.022636,30.997299,2,3.815394,1.599924,2.809147,2.825428,0.36911,2.587076,126.622337,1.634065,1.896814,0.851627,3.367627
1776194715.425686,239.216797,527.497498,756.740784,766.714294,79.287384,31.200254,2,3.830877,1.5898,3.73512,2.898981,0.380307,2.571434,145.590378,1.634065,1.896814,0.851627,3.367627
1776194716.208643,238.152802,543.521729,782.921326,781.674561,76.636055,30.467001,2,3.582789,1.627011,2.287395,2.805042,0.387477,2.629361,120.753197,1.634065,1.896814,0.851627,3.367627
1776194716.975394,242.408798,529.292236,766.714294,771.70105,78.256004,31.412268,2,3.503151,1.579365,3.714448,2.685916,0.382852,2.5554,113.281639,1.634065,1.896814,0.851627,3.367627
1776194717.742157,242.408798,524.305481,766.714294,766.714294,78.256004,31.616575,2,3.556205,1.569441,3.776684,2.726593,0.380446,2.540238,122.164757,1.634065,1.896814,0.851627,3.367627
1776194718.503921,234.960815,518.039917,761.727539,753.000732,78.768318,31.203264,2,3.729277,1.589651,4.409249,2.840693,0.373506,2.571204,132.41687,1.634065,1.896814,0.851627,3.367627
1776194719.270671,229.640793,530.840088,766.714294,760.480896,78.256004,30.196785,2,3.727445,1.64118,3.099177,2.857886,0.376882,2.651727,135.556961,1.634065,1.896814,0.851627,3.367627
1776194720.033682,229.640793,533.333435,762.974243,762.974243,78.63961,30.098104,2,3.617424,1.646418,2.967876,2.760001,0.378085,2.660038,125.016754,1.634065,1.896814,0.851627,3.367627
1776194720.792953,231.768814,529.95874,759.234192,761.727539,79.027,30.426735,2,3.675792,1.629107,3.582229,2.790787,0.377576,2.632658,140.855972,1.634065,1.896814,0.851627,3.367627
1776194721.574677,229.640793,549.540405,781.674561,779.181213,76.758286,29.472065,2,3.570307,1.680463,2.582455,2.790818,0.385903,2.714629,142.296646,1.634065,1.896814,0.851627,3.367627
1776194722.342674,222.192795,537.041382,767.960999,759.234192,78.128967,29.265383,2,3.657364,1.692023,1.85112,2.808713,0.375955,2.733388,97.261024,1.634065,1.896814,0.851627,3.367627
1776194723.114411,226.448807,550.239014,771.70105,776.687805,77.750313,29.155704,2,3.61129,1.698224,2.042197,2.786836,0.384561,2.743498,127.867088,1.634065,1.896814,0.851627,3.367627
1776194723.872435,232.832794,532.634888,757.987488,765.467651,79.156982,30.417065,2,3.668737,1.629611,2.478324,2.780857,0.379427,2.633451,119.019615,1.634065,1.896814,0.851627,3.367627
1776194724.645419,228.576797,539.384216,772.947754,767.960999,77.624908,29.764116,2,3.536323,1.664403,1.987047,2.733393,0.380444,2.688753,107.758087,1.634065,1.896814,0.851627,3.367627
1776194725.41343,229.640793,539.566895,767.960999,769.207703,78.128967,29.854198,2,3.424041,1.659512,1.734506,2.62953,0.381092,2.680918,89.714058,1.634065,1.896814,0.851627,3.367627
1776194726.181427,223.256805,537.224121,767.960999,760.480896,78.128967,29.357321,2,3.56252,1.686861,1.730871,2.735877,0.376603,2.724997,110.985771,1.634065,1.896814,0.851627,3.367627
1776194726.944437,232.832794,541.361694,762.974243,774.194458,78.63961,30.0742,2,3.631437,1.647692,2.517135,2.770693,0.383637,2.662062,101.91468,1.634065,1.896814,0.851627,3.367627
1776194727.723655,232.832794,546.348389,779.181213,779.181213,77.003906,29.881725,2,3.500721,1.658024,1.770048,2.727696,0.386042,2.678537,97.635651,1.634065,1.896814,0.851627,3.367627
1776194728.491652,228.576797,534.397461,767.960999,762.974243,78.128967,29.958651,2,3.583625,1.653878,2.899875,2.752084,0.378038,2.671916,123.905121,1.634065,1.896814,0.851627,3.367627
1776194729.254676,228.576797,534.397461,762.974243,762.974243,78.63961,29.958651,2,3.662668,1.653878,2.074435,2.794522,0.378038,2.671916,142.049484,1.634065,1.896814,0.851627,3.367627
1776194730.022673,231.768814,539.932251,767.960999,771.70105,78.128967,30.033497,2,3.625074,1.649866,3.021152,2.783916,0.382387,2.665521,128.310532,1.634065,1.896814,0.851627,3.367627
1776194730.796903,231.768814,542.425659,774.194458,774.194458,77.499908,29.936769,2,3.544204,1.655055,2.917977,2.743904,0.38359,2.673795,130.595123,1.634065,1.896814,0.851627,3.367627
1776194731.564901,227.512787,535.461426,767.960999,762.974243,78.128967,29.819197,2,3.612903,1.661409,2.399639,2.774568,0.377992,2.683954,107.478325,1.634065,1.896814,0.851627,3.367627
1776194732.329159,229.640793,537.073486,764.220947,766.714294,78.51133,29.951286,2,3.278624,1.654274,4.634105,2.505593,0.379889,2.672548,121.826126,1.634065,1.896814,0.851627,3.367627
1776194733.097169,236.024811,539.41626,767.960999,775.441101,78.128967,30.43749,2,3.250548,1.628546,2.937915,2.496294,0.384377,2.631776,111.351341,1.634065,1.896814,0.851627,3.367627
1776194733.881373,229.640793,547.046997,784.16803,776.687805,76.514214,29.566679,2,3.553272,1.675225,2.138102,2.786362,0.3847,2.706166,114.14183,1.634065,1.896814,0.851627,3.367627
1776194734.650617,222.192795,538.288086,769.207703,760.480896,78.002342,29.217407,2,3.645468,1.69473,0.969979,2.804122,0.376557,2.737797,138.604691,1.634065,1.896814,0.851627,3.367627
1776194735.412381,224.320801,539.900146,761.727539,764.220947,78.768318,29.352873,2,3.579598,1.68711,1.349929,2.726679,0.378454,2.725401,139.611435,1.634065,1.896814,0.851627,3.367627
1776194736.174157,229.640793,538.32019,761.727539,767.960999,78.768318,29.902664,2,3.550341,1.656893,3.48401,2.704392,0.38049,2.67673,116.098389,1.634065,1.896814,0.851627,3.367627
1776194736.938415,241.344788,536.589722,764.220947,777.934509,78.51133,31.023792,2,3.59728,1.598595,3.698402,2.749116,0.385812,2.585018,133.935898,1.634065,1.896814,0.851627,3.367627
1776194737.705165,226.448807,522.811829,766.714294,749.26062,78.256004,30.222971,2,3.63693,1.639796,2.131236,2.788486,0.37133,2.649534,89.79351,1.634065,1.896814,0.851627,3.367627
1776194738.465682,231.768814,534.945496,760.480896,766.714294,78.897446,30.228838,2,3.728873,1.639486,2.962589,2.835737,0.379982,2.649044,128.08316,1.634065,1.896814,0.851627,3.367627
1776194739.23368,231.768814,536.1922,767.960999,767.960999,78.128967,30.179764,2,3.733772,1.642081,4.027719,2.867392,0.380583,2.653155,151.790436,1.634065,1.896814,0.851627,3.367627
1776194739.999197,228.576797,533.150757,765.467651,761.727539,78.383453,30.007685,2,3.686002,1.651247,3.427686,2.821515,0.377437,2.667722,149.88414,1.634065,1.896814,0.851627,3.367627
1776194740.769688,226.448807,541.512207,770.454346,767.960999,77.876129,29.48702,2,3.715682,1.679633,2.972612,2.862763,0.380351,2.713286,141.805435,1.634065,1.896814,0.851627,3.367627
1776194741.510257,240.280807,516.459961,740.533813,756.740784,81.022636,31.752062,2,3.854416,1.56293,5.353103,2.854326,0.375542,2.530336,160.11116,1.634065,1.896814,0.851627,3.367627
1776194742.291968,226.448807,539.01886,781.674561,765.467651,76.758286,29.583067,2,3.670872,1.674322,2.377389,2.869427,0.379148,2.704708,110.698257,1.634065,1.896814,0.851627,3.367627
1776194743.056226,219.000793,536.493347,764.220947,755.494141,78.51133,28.987757,2,3.644096,1.70781,0.982279,2.784894,0.374012,2.759192,106.553642,1.634065,1.896814,0.851627,3.367627
1776194743.816743,222.192795,542.028137,760.480896,764.220947,78.897446,29.074419,2,3.748622,1.70285,4.113785,2.850756,0.378361,2.751061,136.095947,1.634065,1.896814,0.851627,3.367627
1776194744.602207,226.448807,563.952637,785.414673,790.401428,76.392769,28.649849,2,3.687821,1.727437,2.319339,2.896469,0.391176,2.791567,143.020325,1.634065,1.896814,0.851627,3.367627
1776194745.36023,231.768814,532.452148,757.987488,764.220947,79.156982,30.327459,2,3.754658,1.634297,3.048066,2.845984,0.378779,2.64084,155.876511,1.634065,1.896814,0.851627,3.367627
1776194746.123241,228.576797,530.65741,762.974243,759.234192,78.63961,30.106232,2,3.755384,1.645985,2.60063,2.865261,0.376234,2.65935,141.759781,1.634065,1.896814,0.851627,3.367627
1776194746.896225,227.512787,544.188232,772.947754,771.70105,77.624908,29.481987,2,3.705309,1.679912,2.966701,2.86401,0.382202,2.713737,123.21064,1.634065,1.896814,0.851627,3.367627
1776194747.667975,230.704803,544.736328,771.70105,775.441101,77.750313,29.751429,2,3.717201,1.665094,3.551827,2.868568,0.384145,2.689862,163.198517,1.634065,1.896814,0.851627,3.367627
1776194748.425999,232.832794,527.648071,757.987488,760.480896,79.156982,30.616522,2,3.742122,1.619279,2.95866,2.836482,0.377021,2.617227,142.494675,1.634065,1.896814,0.851627,3.367627
1776194749.192749,232.832794,533.88147,766.714294,766.714294,78.256004,30.367607,2,3.740921,1.632194,2.602502,2.868217,0.380028,2.637522,131.618134,1.634065,1.896814,0.851627,3.367627
1776194749.942047,234.960815,516.793274,749.26062,751.754089,80.078941,31.255011,2,3.798534,1.587092,4.530893,2.846092,0.372904,2.567263,142.186417,1.634065,1.896814,0.851627,3.367627
1776194750.729991,228.576797,551.851074,787.908081,780.427856,76.151016,29.288652,2,3.835089,1.690713,3.389023,3.021698,0.386458,2.731257,165.965317,1.634065,1.896814,0.851627,3.367627
1776194751.511715,226.448807,552.732422,781.674561,779.181213,76.758286,29.062405,2,3.701767,1.703535,1.206732,2.893577,0.385764,2.752184,142.928818,1.634065,1.896814,0.851627,3.367627
1776194752.282206,228.576797,544.370972,770.454346,772.947754,77.876129,29.572088,2,3.606232,1.674927,2.695066,2.778437,0.382849,2.705684,123.286354,1.634065,1.896814,0.851627,3.367627
1776194753.056436,227.512787,545.434937,774.194458,772.947754,77.499908,29.434433,2,3.635024,1.682556,1.908876,2.814215,0.382803,2.718016,138.901398,1.634065,1.896814,0.851627,3.367627
1776194753.82568,223.256805,540.964111,769.207703,764.220947,78.002342,29.213646,2,3.634896,1.694942,1.73223,2.79599,0.378407,2.738143,124.818718,1.634065,1.896814,0.851627,3.367627
1776194754.591185,227.512787,542.941528,765.467651,770.454346,78.383453,29.52969,2,3.614017,1.677269,3.002059,2.766413,0.3816,2.709465,118.310921,1.634065,1.896814,0.851627,3.367627
1776194755.352961,233.896805,535.310913,761.727539,769.207703,78.768318,30.407497,2,3.657924,1.63011,3.624381,2.786342,0.381277,2.634237,131.051224,1.634065,1.896814,0.851627,3.367627
1776194756.125945,236.024811,539.41626,772.947754,775.441101,77.624908,30.43749,2,3.629338,1.628546,3.981309,2.805289,0.384377,2.631776,152.289902,1.634065,1.896814,0.851627,3.367627
1776194756.875242,243.472794,514.514709,749.26062,757.987488,80.078941,32.120953,2,3.712923,1.545483,5.070123,2.781947,0.376283,2.503978,116.448975,1.634065,1.896814,0.851627,3.367627
1776194757.653213,229.640793,532.086731,777.934509,761.727539,77.127312,30.147367,2,3.578079,1.643799,3.269508,2.783511,0.377483,2.655879,127.898811,1.634065,1.896814,0.851627,3.367627
1776194758.408744,238.152802,527.314819,755.494141,765.467651,79.418221,31.112066,2,3.583667,1.594183,4.300823,2.707439,0.379659,2.578195,133.962692,1.634065,1.896814,0.851627,3.367627
1776194759.195454,232.832794,547.595093,786.661377,780.427856,76.271698,29.833994,2,3.602722,1.660606,3.522343,2.834122,0.386644,2.682669,138.395248,1.634065,1.896814,0.851627,3.367627
1776194759.965944,231.768814,537.438904,770.454346,769.207703,77.876129,30.130848,2,3.680105,1.644676,2.998535,2.835353,0.381185,2.657271,127.947365,1.634065,1.896814,0.851627,3.367627
1776194760.748902,231.768814,551.152527,782.921326,782.921326,76.636055,29.603079,2,3.680387,1.673219,2.488312,2.881454,0.3878,2.70293,148.632828,1.634065,1.896814,0.851627,3.367627
1776194761.525626,229.640793,544.55365,776.687805,774.194458,77.251114,29.6619,2,3.672798,1.669988,2.345959,2.852618,0.383497,2.697726,159.68718,1.634065,1.896814,0.851627,3.367627
1776194762.278676,229.640793,523.359924,753.000732,753.000732,79.681198,30.496756,2,3.638067,1.625467,3.560052,2.739467,0.373273,2.626933,137.555832,1.634065,1.896814,0.851627,3.367627
1776194763.0367,238.152802,529.808228,757.987488,767.960999,79.156982,31.011053,2,3.676062,1.599233,4.942971,2.786409,0.380862,2.586007,143.28508,1.634065,1.896814,0.851627,3.367627
1776194763.79971,239.216797,525.00415,762.974243,764.220947,78.63961,31.302048,2,3.70614,1.584772,5.220517,2.827689,0.379104,2.563697,163.906082,1.634065,1.896814,0.851627,3.367627
1776194764.567708,239.216797,528.744202,767.960999,767.960999,78.128967,31.149601,2,3.69772,1.592314,4.512167,2.839705,0.380908,2.57531,110.797134,1.634065,1.896814,0.851627,3.367627
1776194765.343185,233.896805,535.310913,775.441101,769.207703,77.375313,30.407497,2,3.654152,1.63011,4.140111,2.83358,0.381277,2.634237,154.474258,1.634065,1.896814,0.851627,3.367627
1776194766.111196,228.576797,533.150757,767.960999,761.727539,78.128967,30.007685,2,3.609227,1.651247,2.231805,2.771745,0.377437,2.667722,132.422989,1.634065,1.896814,0.851627,3.367627
1776194766.864233,227.512787,524.241333,753.000732,751.754089,79.681198,30.264256,2,3.64653,1.637619,1.695733,2.74584,0.372579,2.646088,146.469833,1.634065,1.896814,0.851627,3.367627
1776194767.623503,236.024811,533.182861,759.234192,769.207703,79.027,30.684147,2,3.583584,1.615806,2.730095,2.720779,0.38137,2.611794,119.659241,1.634065,1.896814,0.851627,3.367627
1776194768.397734,236.024811,538.169678,774.194458,774.194458,77.499908,30.486504,2,3.579157,1.625999,1.785617,2.770963,0.383776,2.627769,125.651466,1.634065,1.896814,0.851627,3.367627
1776194769.173211,232.832794,538.868286,775.441101,771.70105,77.375313,30.171371,2,3.544515,1.642526,2.329619,2.748563,0.382434,2.653859,106.494469,1.634065,1.896814,0.851627,3.367627
1776194769.943715,238.152802,538.535034,770.454346,776.687805,77.876129,30.662617,2,3.628948,1.61691,3.450047,2.795939,0.385072,2.61352,125.025757,1.634065,1.896814,0.851627,3.367627
1776194770.717946,231.768814,534.945496,774.194458,766.714294,77.499908,30.228838,2,3.671386,1.639486,2.08332,2.842366,0.379982,2.649044,121.1353,1.634065,1.896814,0.851627,3.367627
1776194771.480956,228.576797,530.65741,762.974243,759.234192,78.63961,30.106232,2,3.573807,1.645985,1.914457,2.726722,0.376234,2.65935,98.207336,1.634065,1.896814,0.851627,3.367627
1776194772.232747,228.576797,523.177307,751.754089,751.754089,79.813332,30.405792,2,3.496265,1.630199,1.186905,2.628332,0.372626,2.634377,89.28141,1.634065,1.896814,0.851627,3.367627
1776194772.978304,232.832794,517.674561,745.520569,750.507385,80.480675,31.023386,2,3.685548,1.598615,3.107842,2.747652,0.37221,2.585049,120.258018,1.634065,1.896814,0.851627,3.367627
1776194773.732588,226.448807,520.318481,754.247437,746.767273,79.549492,30.323877,2,3.623316,1.634485,0.698529,2.732877,0.370127,2.641136,122.108742,1.634065,1.896814,0.851627,3.367627
1776194774.441991,246.664825,486.388885,709.366577,733.053711,84.582504,33.648945,2,3.962219,1.477285,5.264981,2.810666,0.364394,2.403436,137.386795,1.634065,1.896814,0.851627,3.367627
1776194775.238674,236.024811,548.143188,796.634888,784.16803,75.316811,30.098755,2,3.86265,1.646383,3.400479,3.077121,0.388587,2.659982,155.475143,1.634065,1.896814,0.851627,3.367627
1776194776.012905,232.832794,537.621582,774.194458,770.454346,77.499908,30.220192,2,3.607135,1.639943,1.955103,2.792624,0.381832,2.649766,125.38414,1.634065,1.896814,0.851627,3.367627
1776194776.790876,227.512787,544.188232,777.934509,771.70105,77.127312,29.481987,2,3.540148,1.679912,2.76527,2.754003,0.382202,2.713737,160.208755,1.634065,1.896814,0.851627,3.367627
1776194777.53768,230.704803,519.802612,746.767273,750.507385,80.346313,30.739843,2,3.706484,1.612958,2.957007,2.767881,0.372117,2.607345,132.853363,1.634065,1.896814,0.851627,3.367627
1776194778.303196,226.448807,534.032104,765.467651,760.480896,78.383453,29.777054,2,3.683323,1.663698,2.899765,2.819465,0.376743,2.687624,142.157959,1.634065,1.896814,0.851627,3.367627
1776194779.05,225.384796,520.135742,746.767273,745.520569,80.346313,30.231869,2,3.685579,1.639326,2.791743,2.75227,0.369479,2.64879,122.258705,1.634065,1.896814,0.851627,3.367627
1776194779.82049,224.320801,544.886902,770.454346,769.207703,77.876129,29.16258,2,3.657288,1.697834,2.421229,2.817773,0.380859,2.742861,135.091537,1.634065,1.896814,0.851627,3.367627
1776194780.579761,230.704803,536.009521,759.234192,766.714294,79.027,30.090061,2,3.702534,1.646846,2.382199,2.81109,0.379935,2.660718,123.758064,1.634065,1.896814,0.851627,3.367627
1776194781.342772,228.576797,531.904114,762.974243,760.480896,78.63961,30.056875,2,3.722781,1.648616,2.673146,2.840386,0.376835,2.663533,138.212204,1.634065,1.896814,0.851627,3.367627
1776194782.10703,225.384796,535.096069,764.220947,760.480896,78.51133,29.63714,2,3.652611,1.671346,1.806178,2.791402,0.376696,2.699914,123.283875,1.634065,1.896814,0.851627,3.367627
1776194782.855092,225.384796,522.62915,748.013916,748.013916,80.21241,30.131096,2,3.718762,1.644663,2.442452,2.781686,0.370682,2.65725,135.933243,1.634065,1.896814,0.851627,3.367627
1776194783.596909,222.192795,515.847656,741.780518,738.040466,80.886459,30.105772,2,3.693394,1.64601,1.124302,2.739688,0.365732,2.659389,120.736473,1.634065,1.896814,0.851627,3.367627
1776194784.334986,233.896805,517.8573,738.040466,751.754089,81.296356,31.113472,2,3.904615,1.594113,2.718786,2.881764,0.372858,2.578087,145.654465,1.634065,1.896814,0.851627,3.367627
1776194785.11171,226.448807,541.512207,776.687805,767.960999,77.251114,29.48702,2,3.808611,1.679633,2.570374,2.958102,0.380351,2.713286,130.047165,1.634065,1.896814,0.851627,3.367627
1776194785.870981,225.384796,532.602661,759.234192,757.987488,79.027,29.734632,2,3.834281,1.66601,2.025674,2.911117,0.375493,2.691332,111.309982,1.634065,1.896814,0.851627,3.367627
1776194786.635239,231.768814,539.932251,764.220947,771.70105,78.51133,30.033497,2,3.797856,1.649866,3.327742,2.902401,0.382387,2.665521,121.491348,1.634065,1.896814,0.851627,3.367627
1776194787.404494,229.640793,537.073486,769.207703,766.714294,78.002342,29.951286,2,3.76057,1.654274,2.805806,2.892659,0.379889,2.672548,153.321289,1.634065,1.896814,0.851627,3.367627
1776194788.177479,228.576797,543.124268,772.947754,771.70105,77.624908,29.619864,2,3.708104,1.672296,3.278944,2.866171,0.382248,2.701443,149.478058,1.634065,1.896814,0.851627,3.367627
1776194788.94049,233.896805,535.310913,762.974243,769.207703,78.63961,30.407497,2,3.736231,1.63011,3.808848,2.850648,0.381277,2.634237,155.744705,1.634065,1.896814,0.851627,3.367627
1776194789.69602,246.664825,523.789551,755.494141,770.454346,79.418221,32.015503,2,3.799562,1.550429,4.288449,2.870547,0.382436,2.511425,149.807419,1.634065,1.896814,0.851627,3.367627
1776194790.455291,245.600784,512.386719,759.234192,757.987488,79.027,32.401691,2,3.714582,1.53247,4.133539,2.820238,0.376376,2.484489,127.751778,1.634065,1.896814,0.851627,3.367627
1776194791.215808,236.024811,513.23584,760.480896,749.26062,78.897446,31.50103,2,3.815372,1.575038,3.802349,2.901517,0.371748,2.548778,165.983276,1.634065,1.896814,0.851627,3.367627
1776194791.995038,227.512787,541.694946,779.181213,769.207703,77.003906,29.577551,2,3.677603,1.674626,1.968579,2.865519,0.380999,2.705199,150.565323,1.634065,1.896814,0.851627,3.367627
1776194792.750569,232.832794,528.894775,755.494141,761.727539,79.418221,30.566416,2,3.558863,1.621862,1.808748,2.6887,0.377623,2.621274,102.936646,1.634065,1.896814,0.851627,3.367627
1776194793.512333,234.960815,529.260132,761.727539,764.220947,78.768318,30.745142,2,3.616394,1.612687,2.596297,2.754707,0.378918,2.606923,143.204468,1.634065,1.896814,0.851627,3.367627
1776194794.27285,230.704803,524.789307,760.480896,755.494141,78.897446,30.536942,2,3.675441,1.623385,2.755026,2.795103,0.374523,2.623663,124.834053,1.634065,1.896814,0.851627,3.367627
1776194795.045834,230.704803,542.24292,772.947754,772.947754,77.624908,29.847399,2,3.655545,1.65988,2.734978,2.825545,0.382942,2.681507,138.415237,1.634065,1.896814,0.851627,3.367627
1776194795.81883,228.576797,541.877563,772.947754,770.454346,77.624908,29.667791,2,3.656138,1.669665,1.750001,2.826004,0.381647,2.697207,135.063278,1.634065,1.896814,0.851627,3.367627
1776194796.590568,233.896805,544.03772,771.70105,777.934509,77.750313,30.066389,2,3.644233,1.648108,2.094813,2.812258,0.385487,2.662725,121.051666,1.634065,1.896814,0.851627,3.367627
1776194797.359812,228.576797,534.397461,769.207703,762.974243,78.002342,29.958651,2,3.454906,1.653878,0.764656,2.65754,0.378038,2.671916,76.950722,1.634065,1.896814,0.851627,3.367627
1776194798.134043,230.704803,545.983032,774.194458,776.687805,77.499908,29.703674,2,3.565486,1.667701,1.621233,2.760379,0.384747,2.694049,105.994797,1.634065,1.896814,0.851627,3.367627
1776194798.898312,239.216797,534.977661,764.220947,774.194458,78.51133,30.8988,2,3.59243,1.604885,3.047185,2.74541,0.383915,2.594774,112.07309,1.634065,1.896814,0.851627,3.367627
1776194799.668803,232.832794,530.141479,770.454346,762.974243,77.876129,30.51647,2,3.682551,1.624445,2.961671,2.837237,0.378224,2.625327,112.317604,1.634065,1.896814,0.851627,3.367627
1776194800.454255,227.512787,551.668457,785.414673,779.181213,76.392769,29.198956,2,3.559769,1.695773,1.895768,2.795895,0.38581,2.739498,125.537727,1.634065,1.896814,0.851627,3.367627
1776194801.213525,229.640793,532.086731,759.234192,761.727539,79.027,30.147367,2,3.520041,1.643799,1.364763,2.672536,0.377483,2.655879,118.563057,1.634065,1.896814,0.851627,3.367627
1776194801.976536,227.512787,532.96814,762.974243,760.480896,78.63961,29.916964,2,3.630256,1.656122,2.356607,2.769792,0.376789,2.675498,130.501755,1.634065,1.896814,0.851627,3.367627
1776194802.740805,234.960815,537.986938,764.220947,772.947754,78.51133,30.39802,2,3.631172,1.630605,2.034339,2.775018,0.383128,2.635016,113.846886,1.634065,1.896814,0.851627,3.367627
1776194803.496336,230.704803,519.802612,755.494141,750.507385,79.418221,30.739843,2,3.514922,1.612958,3.642078,2.655503,0.372117,2.607345,140.915009,1.634065,1.896814,0.851627,3.367627
1776194804.255607,239.216797,529.990906,759.234192,769.207703,79.027,31.099117,2,3.583269,1.594828,2.405992,2.72054,0.38151,2.579192,116.565132,1.634065,1.896814,0.851627,3.367627
1776194805.016124,234.960815,520.533325,760.480896,755.494141,78.897446,31.100283,2,3.474674,1.59477,1.94328,2.642423,0.374709,2.579103,122.865608,1.634065,1.896814,0.851627,3.367627
1776194805.776642,233.896805,525.337402,760.480896,759.234192,78.897446,30.806938,2,3.457974,1.60954,1.187933,2.629723,0.376466,2.602016,105.655792,1.634065,1.896814,0.851627,3.367627
1776194806.545898,227.512787,534.214722,769.207703,761.727539,78.002342,29.868,2,3.567433,1.658765,-0.106241,2.744097,0.37739,2.679723,129.444977,1.634065,1.896814,0.851627,3.367627
1776194807.300182,241.344788,529.109558,754.247437,770.454346,79.549492,31.324995,2,3.718453,1.583643,2.708799,2.804633,0.382204,2.561962,125.568436,1.634065,1.896814,0.851627,3.367627
1776194808.064439,238.152802,522.328125,764.220947,760.480896,78.51133,31.31608,2,3.690262,1.584082,3.271895,2.820176,0.377254,2.562636,123.834023,1.634065,1.896814,0.851627,3.367627
1776194808.848644,229.640793,544.55365,784.16803,774.194458,76.514214,29.6619,2,3.660544,1.669988,2.038782,2.870481,0.383497,2.697726,135.915482,1.634065,1.896814,0.851627,3.367627
1776194809.60916,236.024811,531.936157,760.480896,767.960999,78.897446,30.733957,2,3.607336,1.613258,2.345555,2.74331,0.380769,2.607814,121.408134,1.634065,1.896814,0.851627,3.367627
1776194810.362197,232.832794,516.427856,753.000732,749.26062,79.681198,31.075006,2,3.622609,1.596032,1.949633,2.727827,0.371609,2.581052,119.616676,1.634065,1.896814,0.851627,3.367627
1776194811.122727,238.152802,528.561523,760.480896,766.714294,78.897446,31.06148,2,3.595976,1.596708,3.181497,2.734671,0.38026,2.582098,137.124756,1.634065,1.896814,0.851627,3.367627
1776194811.881998,240.280807,521.446716,759.234192,761.727539,79.027,31.544193,2,3.796361,1.572942,3.35763,2.882327,0.377948,2.545578,160.688461,1.634065,1.896814,0.851627,3.367627
1776194812.645009,241.344788,522.87616,762.974243,764.220947,78.63961,31.5805,2,3.683944,1.571184,3.557665,2.810754,0.379197,2.542895,130.028854,1.634065,1.896814,0.851627,3.367627
1776194813.408019,234.960815,520.533325,762.974243,755.494141,78.63961,31.100283,2,3.603202,1.59477,2.955318,2.74915,0.374709,2.579103,139.025467,1.634065,1.896814,0.851627,3.367627
1776194814.16355,238.152802,521.081421,755.494141,759.234192,79.418221,31.367502,2,3.673407,1.581556,3.011863,2.775238,0.376652,2.558759,141.494507,1.634065,1.896814,0.851627,3.367627
1776194814.93904,234.960815,536.740234,775.441101,771.70105,77.375313,30.447128,2,3.567806,1.628045,2.149374,2.766623,0.382527,2.630986,118.564583,1.634065,1.896814,0.851627,3.367627
1776194815.702051,234.960815,528.013428,762.974243,762.974243,78.63961,30.79538,2,3.54848,1.610128,4.16126,2.707399,0.378317,2.602932,136.143982,1.634065,1.896814,0.851627,3.367627
1776194816.461321,240.280807,525.186829,759.234192,765.467651,79.027,31.390068,2,3.646944,1.580451,4.20488,2.768884,0.379752,2.557064,101.484146,1.634065,1.896814,0.851627,3.367627
1776194817.254252,230.704803,550.969727,792.894836,781.674561,75.672081,29.514175,2,3.518484,1.678128,1.184114,2.789788,0.387152,2.710853,117.959282,1.634065,1.896814,0.851627,3.367627
1776194818.011029,231.768814,526.218689,756.740784,757.987488,79.287384,30.576866,2,3.561299,1.621322,2.775294,2.69498,0.375772,2.620428,117.167023,1.634065,1.896814,0.851627,3.367627
1776194818.769066,238.152802,527.314819,757.987488,765.467651,79.156982,31.112066,2,3.65621,1.594183,3.335232,2.771361,0.379659,2.578195,121.611275,1.634065,1.896814,0.851627,3.367627
1776194819.53831,233.896805,530.324158,769.207703,764.220947,78.002342,30.605915,2,3.670553,1.619825,3.145,2.823418,0.378872,2.618082,119.428215,1.634065,1.896814,0.851627,3.367627
1776194820.300074,239.216797,528.744202,761.727539,767.960999,78.768318,31.149601,2,3.622319,1.592314,3.217516,2.75922,0.380908,2.57531,138.250626,1.634065,1.896814,0.851627,3.367627
1776194821.073058,231.768814,532.452148,772.947754,764.220947,77.624908,30.327459,2,3.582449,1.634297,3.361962,2.769046,0.378779,2.64084,134.600021,1.634065,1.896814,0.851627,3.367627
1776194821.843549,234.960815,539.233643,770.454346,774.194458,77.876129,30.34907,2,3.646324,1.633164,3.712943,2.809326,0.38373,2.639052,147.169754,1.634065,1.896814,0.851627,3.367627
1776194822.611559,228.576797,531.904114,767.960999,760.480896,78.128967,30.056875,2,3.631952,1.648616,1.808271,2.789197,0.376835,2.663533,116.028999,1.634065,1.896814,0.851627,3.367627
1776194823.37831,226.448807,537.772156,766.714294,764.220947,78.256004,29.631325,2,3.593881,1.671666,1.922866,2.75548,0.378547,2.700428,125.158943,1.634065,1.896814,0.851627,3.367627
1776194824.147554,224.320801,542.393494,769.207703,766.714294,78.002342,29.257416,2,3.552641,1.692472,1.566194,2.732719,0.379657,2.734119,85.654549,1.634065,1.896814,0.851627,3.367627
1776194824.90807,220.064789,535.429321,760.480896,755.494141,78.897446,29.12859,2,3.579594,1.699764,2.814765,2.722213,0.374058,2.746014,128.453659,1.634065,1.896814,0.851627,3.367627
1776194825.683548,232.832794,557.568604,775.441101,790.401428,77.375313,29.457537,2,3.526911,1.68127,3.276852,2.734911,0.391455,2.715935,125.878227,1.634065,1.896814,0.851627,3.367627
1776194826.457792,231.768814,541.178955,774.194458,772.947754,77.499908,29.985056,2,3.604875,1.65246,2.48497,2.790874,0.382989,2.669655,129.642807,1.634065,1.896814,0.851627,3.367627
1776194827.24075,231.768814,551.152527,782.921326,782.921326,76.636055,29.603079,2,3.501325,1.673219,1.496284,2.741262,0.3878,2.70293,108.777245,1.634065,1.896814,0.851627,3.367627
1776194828.000019,230.704803,527.282715,759.234192,757.987488,79.027,30.436493,2,3.599106,1.628599,2.884418,2.732564,0.375726,2.631858,111.226852,1.634065,1.896814,0.851627,3.367627
1776194828.771757,229.640793,540.813538,771.70105,770.454346,77.750313,29.805893,2,3.629553,1.662131,2.328812,2.80093,0.381693,2.685111,111.664909,1.634065,1.896814,0.851627,3.367627
1776194829.544754,227.512787,542.941528,772.947754,770.454346,77.624908,29.52969,2,3.546934,1.677269,1.713724,2.741595,0.3816,2.709465,92.551506,1.634065,1.896814,0.851627,3.367627
1776194830.307765,231.768814,536.1922,762.974243,767.960999,78.63961,30.179764,2,3.448259,1.642081,1.98859,2.630933,0.380583,2.653155,82.033379,1.634065,1.896814,0.851627,3.367627
1776194831.075762,226.448807,535.278748,767.960999,761.727539,78.128967,29.728321,2,3.448809,1.666354,1.776804,2.648551,0.377344,2.691885,102.562729,1.634065,1.896814,0.851627,3.367627
1776194831.845006,228.576797,543.124268,769.207703,771.70105,78.002342,29.619864,2,3.535908,1.672296,1.99384,2.719848,0.382248,2.701443,130.000885,1.634065,1.896814,0.851627,3.367627
1776194832.611757,233.896805,539.050964,766.714294,772.947754,78.256004,30.260363,2,3.605372,1.637824,2.692643,2.76429,0.383082,2.646413,122.227806,1.634065,1.896814,0.851627,3.367627
1776194833.37852,225.384796,531.355957,766.714294,756.740784,78.256004,29.783619,2,3.547606,1.663341,1.92125,2.72,0.374892,2.687051,114.165863,1.634065,1.896814,0.851627,3.367627
1776194834.132804,228.576797,529.410706,754.247437,757.987488,79.549492,30.155748,2,3.632935,1.643354,2.343499,2.740132,0.375633,2.655173,119.248924,1.634065,1.896814,0.851627,3.367627
1776194834.909528,225.384796,547.562988,776.687805,772.947754,77.251114,29.159126,2,3.573026,1.69803,1.221272,2.775126,0.38271,2.743181,100.682137,1.634065,1.896814,0.851627,3.367627
1776194835.681265,224.320801,546.133545,771.70105,770.454346,77.750313,29.115391,2,3.645202,1.700515,1.57071,2.813006,0.381461,2.747241,98.835838,1.634065,1.896814,0.851627,3.367627
1776194836.451756,226.448807,546.498962,770.454346,772.947754,77.876129,29.29678,2,3.536723,1.690256,1.290704,2.724884,0.382757,2.730514,79.922302,1.634065,1.896814,0.851627,3.367627
1776194837.22226,223.256805,543.45752,770.454346,766.714294,77.876129,29.118645,2,3.553218,1.70033,1.187419,2.737592,0.37961,2.746939,95.45771,1.634065,1.896814,0.851627,3.367627
1776194837.986517,229.640793,542.060242,764.220947,771.70105,78.51133,29.757742,2,3.553543,1.66475,2.518713,2.715692,0.382294,2.68931,122.065331,1.634065,1.896814,0.851627,3.367627
1776194838.752021,234.960815,536.740234,765.467651,771.70105,78.383453,30.447128,2,3.627964,1.628045,2.582198,2.777089,0.382527,2.630986,130.228195,1.634065,1.896814,0.851627,3.367627
1776194839.505058,232.832794,517.674561,753.000732,750.507385,79.681198,31.023386,2,3.665127,1.598615,2.963837,2.759843,0.37221,2.585049,113.94442,1.634065,1.896814,0.851627,3.367627
1776194840.269315,232.832794,531.388184,764.220947,764.220947,78.51133,30.466684,2,3.747432,1.627028,2.005406,2.863866,0.378825,2.629387,103.848671,1.634065,1.896814,0.851627,3.367627
1776194841.047299,233.896805,545.284424,777.934509,779.181213,77.127312,30.018282,2,3.657653,1.65068,2.646012,2.845414,0.386089,2.666818,117.454155,1.634065,1.896814,0.851627,3.367627
1776194841.819036,231.768814,537.438904,771.70105,769.207703,77.750313,30.130848,2,3.61051,1.644676,2.885115,2.786234,0.381185,2.657271,139.763748,1.634065,1.896814,0.851627,3.367627
1776194842.587034,226.448807,535.278748,767.960999,761.727539,78.128967,29.728321,2,3.522875,1.666354,1.810364,2.70543,0.377344,2.691885,112.779968,1.634065,1.896814,0.851627,3.367627
1776194843.351291,229.640793,538.32019,764.220947,767.960999,78.51133,29.902664,2,3.586735,1.656893,2.303073,2.741058,0.38049,2.67673,103.137474,1.634065,1.896814,0.851627,3.367627
1776194844.111808,233.896805,531.570862,760.480896,765.467651,78.897446,30.556068,2,3.72216,1.622396,3.479751,2.830632,0.379473,2.622112,120.977348,1.634065,1.896814,0.851627,3.367627
1776194844.884805,227.512787,537.954834,772.947754,765.467651,77.624908,29.722065,2,3.690893,1.666696,2.546288,2.852868,0.379195,2.692434,131.250443,1.634065,1.896814,0.851627,3.367627
1776194845.654049,234.960815,542.973694,769.207703,777.934509,78.002342,30.203161,2,3.595098,1.640843,2.942394,2.765377,0.385534,2.651192,122.574608,1.634065,1.896814,0.851627,3.367627
1776194846.420799,239.216797,532.484253,766.714294,771.70105,78.256004,30.998634,2,3.635787,1.599857,4.217585,2.78761,0.382713,2.586972,141.346664,1.634065,1.896814,0.851627,3.367627
1776194847.193784,239.216797,533.730957,772.947754,772.947754,77.624908,30.948635,2,3.590345,1.602371,3.382194,2.775149,0.383314,2.590871,128.506393,1.634065,1.896814,0.851627,3.367627
1776194847.95556,237.088791,522.145386,761.727539,759.234192,78.768318,31.22736,2,3.684402,1.588458,2.510709,2.806511,0.376606,2.569366,119.14286,1.634065,1.896814,0.851627,3.367627
1776194848.738518,229.640793,544.55365,782.921326,774.194458,76.636055,29.6619,2,3.653741,1.669988,2.837309,2.860592,0.383497,2.697726,134.076996,1.634065,1.896814,0.851627,3.367627
1776194849.485322,234.960815,518.039917,746.767273,753.000732,80.346313,31.203264,2,3.706194,1.589651,3.42093,2.767664,0.373506,2.571204,120.378571,1.634065,1.896814,0.851627,3.367627
1776194850.252072,233.896805,531.570862,766.714294,765.467651,78.256004,30.556068,2,3.538229,1.622396,2.449061,2.712811,0.379473,2.622112,99.948143,1.634065,1.896814,0.851627,3.367627
1776194851.028796,237.088791,543.33905,776.687805,780.427856,77.251114,30.379333,2,3.455705,1.631581,2.309792,2.684004,0.386829,2.636555,108.622932,1.634065,1.896814,0.851627,3.367627
1776194851.804287,233.896805,537.80426,775.441101,771.70105,77.375313,30.309252,2,3.478295,1.635252,3.527557,2.697213,0.38248,2.642349,137.424393,1.634065,1.896814,0.851627,3.367627
1776194852.568544,230.704803,529.776123,764.220947,760.480896,78.51133,30.336699,2,3.515594,1.633812,2.142949,2.686691,0.376928,2.640075,119.648476,1.634065,1.896814,0.851627,3.367627
1776194853.326568,234.960815,528.013428,757.987488,762.974243,79.156982,30.79538,2,3.646738,1.610128,2.817555,2.764182,0.378317,2.602932,115.264824,1.634065,1.896814,0.851627,3.367627
1776194854.097058,232.832794,535.128174,770.454346,767.960999,77.876129,30.318312,2,3.607402,1.634777,2.239295,2.779338,0.38063,2.641597,118.370766,1.634065,1.896814,0.851627,3.367627
1776194854.867549,228.576797,536.890869,770.454346,765.467651,77.876129,29.861065,2,3.711627,1.659141,2.953409,2.859639,0.379241,2.680323,112.183968,1.634065,1.896814,0.851627,3.367627
1776194855.641793,237.088791,547.079224,774.194458,784.16803,77.499908,30.234438,2,3.684612,1.639191,3.339748,2.852606,0.388634,2.648576,125.471153,1.634065,1.896814,0.851627,3.367627
1776194856.422257,233.896805,542.791016,780.427856,776.687805,76.880905,30.114647,2,3.634969,1.645537,2.26206,2.836831,0.384886,2.658639,145.513947,1.634065,1.896814,0.851627,3.367627
1776194857.184021,224.320801,526.186584,761.727539,750.507385,78.768318,29.889219,2,3.618887,1.657619,1.997806,2.756606,0.371838,2.67789,127.399712,1.634065,1.896814,0.851627,3.367627
1776194857.948278,236.024811,541.909668,764.220947,777.934509,78.51133,30.339931,2,3.533424,1.633643,2.160977,2.700317,0.38558,2.639807,149.239334,1.634065,1.896814,0.851627,3.367627
1776194858.722509,237.088791,538.352295,774.194458,775.441101,77.499908,30.574699,2,3.548701,1.621434,2.31519,2.747385,0.384424,2.620604,144.360764,1.634065,1.896814,0.851627,3.367627
1776194859.485532,241.344788,526.616211,762.974243,767.960999,78.63961,31.426699,2,3.558658,1.57866,2.125141,2.715164,0.381001,2.554319,112.998444,1.634065,1.896814,0.851627,3.367627
1776194860.251036,240.280807,523.940125,765.467651,764.220947,78.383453,31.441275,2,3.605198,1.577948,3.138244,2.759662,0.379151,2.55323,124.442314,1.634065,1.896814,0.851627,3.367627
1776194861.030254,236.024811,538.169678,779.181213,774.194458,77.003906,30.486504,2,3.622527,1.625999,1.741409,2.822605,0.383776,2.627769,135.159943,1.634065,1.896814,0.851627,3.367627
1776194861.803238,240.280807,537.653687,772.947754,777.934509,77.624908,30.887022,2,3.487143,1.60548,2.467566,2.695379,0.385766,2.595699,135.069366,1.634065,1.896814,0.851627,3.367627
1776194862.570001,238.152802,526.068115,766.714294,764.220947,78.256004,31.162819,2,3.499373,1.591658,1.828025,2.68302,0.379058,2.574297,110.485733,1.634065,1.896814,0.851627,3.367627
1776194863.333012,242.408798,525.552185,762.974243,767.960999,78.63961,31.565248,2,3.531783,1.571922,3.878684,2.69466,0.381048,2.54402,109.743004,1.634065,1.896814,0.851627,3.367627
1776194864.096023,237.088791,519.651978,762.974243,756.740784,78.63961,31.330252,2,3.696114,1.583385,3.774297,2.82004,0.375403,2.561566,131.137833,1.634065,1.896814,0.851627,3.367627
1776194864.870253,232.832794,536.374878,774.194458,769.207703,77.499908,30.269169,2,3.631086,1.63736,2.435696,2.811167,0.381231,2.645679,154.509445,1.634065,1.896814,0.851627,3.367627
1776194865.645731,240.280807,543.887207,775.441101,784.16803,77.375313,30.641497,2,3.537738,1.617995,3.331266,2.743307,0.388773,2.615216,118.261559,1.634065,1.896814,0.851627,3.367627
1776194866.421221,233.896805,534.064209,775.441101,767.960999,77.375313,30.45686,2,3.541637,1.627539,2.489377,2.746331,0.380676,2.63019,110.724983,1.634065,1.896814,0.851627,3.367627
1776194867.185478,241.344788,531.602966,764.220947,772.947754,78.51133,31.223948,2,3.630579,1.588627,2.547683,2.774565,0.383407,2.569626,134.358597,1.634065,1.896814,0.851627,3.367627
1776194867.962203,240.280807,535.160278,776.687805,775.441101,77.251114,30.98634,2,3.4602,1.600474,1.912622,2.687495,0.384563,2.587929,96.604347,1.634065,1.896814,0.851627,3.367627
1776194868.73768,238.152802,534.794922,775.441101,772.947754,77.375313,30.810982,2,3.382998,1.609334,1.744383,2.623316,0.383268,2.601696,83.597511,1.634065,1.896814,0.851627,3.367627
1776194869.50943,244.536804,534.644409,771.70105,779.181213,77.750313,31.383816,2,3.553045,1.580757,2.539238,2.741889,0.386553,2.557533,90.27813,1.634065,1.896814,0.851627,3.367627
1776194870.282414,242.408798,528.045532,772.947754,770.454346,77.624908,31.463095,2,3.614464,1.576884,2.722641,2.793792,0.382251,2.551601,85.747093,1.634065,1.896814,0.851627,3.367627
1776194871.054152,233.896805,527.83075,771.70105,761.727539,77.750313,30.706099,2,3.540268,1.614682,2.159508,2.732028,0.377669,2.610038,96.612541,1.634065,1.896814,0.851627,3.367627
1776194871.825889,232.832794,537.621582,771.70105,770.454346,77.750313,30.220192,2,3.597009,1.639943,1.421638,2.775816,0.381832,2.649766,137.354477,1.634065,1.896814,0.851627,3.367627
1776194872.600119,229.640793,540.813538,774.194458,770.454346,77.499908,29.805893,2,3.535856,1.662131,0.882519,2.73744,0.381693,2.685111,86.884399,1.634065,1.896814,0.851627,3.367627
1776194873.36439,229.640793,534.580139,764.220947,764.220947,78.51133,30.049006,2,3.612431,1.649037,1.401334,2.760695,0.378686,2.664202,105.071892,1.634065,1.896814,0.851627,3.367627
1776194874.141114,239.216797,548.691284,776.687805,787.908081,77.251114,30.361002,2,3.581661,1.632539,2.274984,2.781833,0.390531,2.638067,103.492355,1.634065,1.896814,0.851627,3.367627
1776194874.910358,236.024811,529.442871,769.207703,765.467651,78.002342,30.834066,2,3.576719,1.608162,1.597881,2.75124,0.379566,2.599871,93.476021,1.634065,1.896814,0.851627,3.367627
1776194875.693316,233.896805,546.531067,782.921326,780.427856,76.636055,29.970329,2,3.562061,1.653251,1.262102,2.788813,0.38669,2.670916,95.353897,1.634065,1.896814,0.851627,3.367627
1776194876.442625,237.088791,515.911926,749.26062,753.000732,80.078941,31.485865,2,3.692239,1.575775,1.828796,2.766449,0.373599,2.549906,109.550507,1.634065,1.896814,0.851627,3.367627
1776194877.211869,237.088791,532.118896,769.207703,769.207703,78.002342,30.822468,2,3.385919,1.608751,0.461922,2.604475,0.381417,2.600788,87.869682,1.634065,1.896814,0.851627,3.367627
1776194877.99358,242.408798,545.499268,781.674561,787.908081,76.758286,30.766127,2,3.326876,1.611617,2.06397,2.600534,0.39067,2.605254,93.083969,1.634065,1.896814,0.851627,3.367627
1776194878.762825,236.024811,525.702759,769.207703,761.727539,78.002342,30.985462,2,3.546766,1.600518,2.417374,2.728199,0.377762,2.587998,118.079887,1.634065,1.896814,0.851627,3.367627
1776194879.518355,234.960815,519.286621,755.494141,754.247437,79.418221,31.151688,2,3.645461,1.592211,2.714784,2.754124,0.374107,2.57515,129.94957,1.634065,1.896814,0.851627,3.367627
1776194880.288858,240.280807,536.406982,770.454346,776.687805,77.876129,30.936602,2,3.58488,1.602977,2.157489,2.761986,0.385165,2.591812,127.314262,1.634065,1.896814,0.851627,3.367627
1776194881.050622,242.408798,521.812134,761.727539,764.220947,78.768318,31.719727,2,3.504477,1.564479,3.586709,2.669456,0.379243,2.532688,114.53553,1.634065,1.896814,0.851627,3.367627
1776194881.82236,238.152802,528.561523,771.70105,766.714294,77.750313,31.06148,2,3.514248,1.596708,3.193467,2.711949,0.38026,2.582098,133.404572,1.634065,1.896814,0.851627,3.367627
1776194882.585371,239.216797,525.00415,762.974243,764.220947,78.63961,31.302048,2,3.655773,1.584772,3.244467,2.78926,0.379104,2.563697,127.30677,1.634065,1.896814,0.851627,3.367627
1776194883.334667,241.344788,510.409302,749.26062,751.754089,80.078941,32.104221,2,3.798042,1.546265,4.229151,2.845724,0.373183,2.505155,126.947533,1.634065,1.896814,0.851627,3.367627
1776194884.11265,232.832794,535.128174,777.934509,767.960999,77.127312,30.318312,2,3.803277,1.634777,2.903841,2.958701,0.38063,2.641597,129.232117,1.634065,1.896814,0.851627,3.367627
1776194884.879401,232.832794,533.88147,766.714294,766.714294,78.256004,30.367607,2,3.720038,1.632194,1.399314,2.852206,0.380028,2.637522,135.037628,1.634065,1.896814,0.851627,3.367627
1776194885.631192,240.280807,520.200073,751.754089,760.480896,79.813332,31.595903,2,3.701828,1.570439,3.438701,2.782864,0.377346,2.541759,117.17318,1.634065,1.896814,0.851627,3.367627
1776194886.407916,233.896805,535.310913,776.687805,769.207703,77.251114,30.407497,2,3.639231,1.63011,3.555719,2.826546,0.381277,2.634237,117.934547,1.634065,1.896814,0.851627,3.367627
1776194887.165939,238.152802,524.821411,757.987488,762.974243,79.156982,31.213739,2,3.610312,1.589132,3.337435,2.736571,0.378456,2.570404,105.562019,1.634065,1.896814,0.851627,3.367627
1776194887.92521,241.344788,521.629456,759.234192,762.974243,79.027,31.632101,2,3.691867,1.568692,3.37518,2.802991,0.378596,2.539097,127.399361,1.634065,1.896814,0.851627,3.367627
1776194888.668287,245.600784,502.413147,743.027161,748.013916,80.750748,32.833717,2,3.763036,1.51288,4.282758,2.796038,0.371565,2.455421,116.56646,1.634065,1.896814,0.851627,3.367627
1776194889.440024,244.536804,525.917542,771.70105,770.454346,77.750313,31.739298,2,3.654883,1.563541,2.874907,2.820477,0.382343,2.531264,114.460472,1.634065,1.896814,0.851627,3.367627
1776194890.201788,243.472794,517.008118,761.727539,760.480896,78.768318,32.015636,2,3.734258,1.550423,3.131965,2.844487,0.377486,2.511415,136.047211,1.634065,1.896814,0.851627,3.367627
1776194890.968538,236.024811,521.962646,766.714294,757.987488,78.256004,31.138351,2,3.726386,1.592874,2.629746,2.857074,0.375958,2.576174,126.228874,1.634065,1.896814,0.851627,3.367627
1776194891.716589,234.960815,511.806458,748.013916,746.767273,80.21241,31.463728,2,3.825111,1.576853,2.603934,2.861237,0.370499,2.551554,136.010696,1.634065,1.896814,0.851627,3.367627
1776194892.47212,230.704803,519.802612,755.494141,750.507385,79.418221,30.739843,2,3.796137,1.612958,3.034591,2.867959,0.372117,2.607345,124.855698,1.634065,1.896814,0.851627,3.367627
1776194893.237636,230.704803,534.762817,765.467651,765.467651,78.383453,30.139069,2,3.70384,1.644239,2.302559,2.835169,0.379334,2.656578,117.062233,1.634065,1.896814,0.851627,3.367627
1776194893.9807,234.960815,513.053101,743.027161,748.013916,80.750748,31.411289,2,3.775788,1.579413,4.229555,2.805513,0.3711,2.555473,113.281937,1.634065,1.896814,0.851627,3.367627
1776194894.74745,224.320801,529.926636,766.714294,754.247437,78.256004,29.741011,2,3.708546,1.665662,3.141108,2.843395,0.373643,2.690774,146.668869,1.634065,1.896814,0.851627,3.367627
1776194895.495501,221.128799,523.145081,748.013916,744.273865,80.21241,29.710678,2,3.687376,1.667318,1.014884,2.758208,0.368692,2.693433,125.504868,1.634065,1.896814,0.851627,3.367627
1776194896.233578,226.448807,517.825073,738.040466,744.273865,81.296356,30.425468,2,3.66293,1.629173,1.484278,2.70339,0.368924,2.632761,113.744987,1.634065,1.896814,0.851627,3.367627
1776194896.980381,219.000793,519.039673,746.767273,738.040466,80.346313,29.673279,2,3.822437,1.669364,1.527017,2.854471,0.365592,2.696723,158.248444,1.634065,1.896814,0.851627,3.367627
1776194897.722199,239.216797,526.250854,741.780518,765.467651,80.886459,31.251066,2,4.038658,1.587286,4.567096,2.995798,0.379706,2.567563,148.226349,1.634065,1.896814,0.851627,3.367627
1776194898.495194,233.896805,532.817505,772.947754,766.714294,77.624908,30.506384,2,3.827237,1.624967,5.031754,2.958254,0.380075,2.626148,177.400955,1.634065,1.896814,0.851627,3.367627
1776194899.275659,238.152802,547.261841,780.427856,785.414673,76.880905,30.32192,2,3.737636,1.634587,5.010678,2.916955,0.389282,2.641298,123.754562,1.634065,1.896814,0.851627,3.367627
1776194900.04615,224.320801,529.926636,770.454346,754.247437,77.876129,29.741011,2,3.726955,1.665662,4.223423,2.871449,0.373643,2.690774,181.759201,1.634065,1.896814,0.851627,3.367627
1776194900.811654,222.192795,540.781433,765.467651,762.974243,78.383453,29.121927,2,3.855914,1.700143,2.771732,2.951578,0.377759,2.746633,174.222809,1.634065,1.896814,0.851627,3.367627
1776194901.559705,233.896805,527.83075,748.013916,761.727539,80.21241,30.706099,2,3.937773,1.614682,5.168892,2.945509,0.377669,2.610038,153.450439,1.634065,1.896814,0.851627,3.367627
1776194902.326467,227.512787,531.721436,766.714294,759.234192,78.256004,29.966089,2,3.76582,1.653479,2.708762,2.887308,0.376188,2.671278,164.998932,1.634065,1.896814,0.851627,3.367627
1776194903.096958,224.320801,542.393494,770.454346,766.714294,77.876129,29.257416,2,3.656728,1.692472,2.164172,2.817342,0.379657,2.734119,130.711868,1.634065,1.896814,0.851627,3.367627
1776194903.874929,227.512787,554.161743,777.934509,781.674561,77.127312,29.105818,2,3.664524,1.70106,2.693561,2.85076,0.387013,2.748132,162.423203,1.634065,1.896814,0.851627,3.367627
1776194904.651654,230.704803,549.723022,776.687805,780.427856,77.251114,29.561323,2,3.631267,1.675521,3.454269,2.820361,0.386551,2.706643,175.063095,1.634065,1.896814,0.851627,3.367627
1776194905.398458,241.344788,517.889404,746.767273,759.234192,80.346313,31.787924,2,3.646805,1.561216,4.41773,2.723315,0.376791,2.527735,146.608932,1.634065,1.896814,0.851627,3.367627
1776194906.15026,233.896805,509.130371,751.754089,743.027161,79.813332,31.478903,2,3.670769,1.576114,4.04248,2.759516,0.368648,2.550424,120.084908,1.634065,1.896814,0.851627,3.367627
1776194906.914517,232.832794,530.141479,764.220947,762.974243,78.51133,30.51647,2,3.585046,1.624445,1.538252,2.739767,0.378224,2.625327,141.851166,1.634065,1.896814,0.851627,3.367627
1776194907.660074,231.768814,512.505066,745.520569,744.273865,80.480675,31.140259,2,3.731379,1.592779,3.925829,2.78182,0.369156,2.576027,115.865707,1.634065,1.896814,0.851627,3.367627
1776194908.409372,237.088791,518.405334,749.26062,755.494141,80.078941,31.38195,2,3.731173,1.580848,3.694914,2.795621,0.374801,2.557674,135.957443,1.634065,1.896814,0.851627,3.367627
1776194909.161162,228.576797,513.203735,751.754089,741.780518,79.813332,30.814611,2,3.843513,1.60915,4.157772,2.889376,0.367814,2.601409,143.727661,1.634065,1.896814,0.851627,3.367627
1776194909.937887,226.448807,547.745667,776.687805,774.194458,77.251114,29.249603,2,3.879027,1.692912,3.842444,3.012793,0.383358,2.734836,181.469254,1.634065,1.896814,0.851627,3.367627
1776194910.709636,219.000793,543.97345,771.70105,762.974243,77.750313,28.703564,2,3.721767,1.724287,3.158622,2.872092,0.37762,2.786348,164.357178,1.634065,1.896814,0.851627,3.367627
1776194911.472647,212.616806,542.877319,762.974243,755.494141,78.63961,28.142748,2,3.810414,1.757777,2.853171,2.907248,0.373733,2.842257,162.933517,1.634065,1.896814,0.851627,3.367627
1776194912.231918,222.192795,548.261536,759.234192,770.454346,79.027,28.83919,2,3.793969,1.716383,1.954112,2.880511,0.381368,2.773293,139.666031,1.634065,1.896814,0.851627,3.367627
1776194912.986202,223.256805,532.237305,754.247437,755.494141,79.549492,29.551098,2,3.771162,1.676086,2.290552,2.844389,0.374198,2.707554,146.550858,1.634065,1.896814,0.851627,3.367627
1776194913.741732,226.448807,532.7854,755.494141,759.234192,79.418221,29.825951,2,3.843371,1.661043,3.919477,2.903645,0.376141,2.683367,165.991928,1.634065,1.896814,0.851627,3.367627
1776194914.502261,224.320801,533.666687,760.480896,757.987488,78.897446,29.594261,2,3.877142,1.673705,4.8431,2.948492,0.375447,2.703713,150.010834,1.634065,1.896814,0.851627,3.367627
1776194915.266519,222.192795,539.534729,764.220947,761.727539,78.51133,29.16959,2,3.814667,1.697436,4.081621,2.915249,0.377158,2.742212,157.119522,1.634065,1.896814,0.851627,3.367627
1776194916.015816,226.448807,527.798645,749.26062,754.247437,80.078941,30.023146,2,3.828553,1.650419,4.184465,2.868584,0.373736,2.666403,171.877716,1.634065,1.896814,0.851627,3.367627
1776194916.790047,225.384796,547.562988,774.194458,772.947754,77.499908,29.159126,2,3.720072,1.69803,3.174006,2.880059,0.38271,2.743181,161.812897,1.634065,1.896814,0.851627,3.367627
1776194917.550564,222.192795,534.547974,760.480896,756.740784,78.897446,29.361811,2,3.765808,1.686609,3.191704,2.863825,0.374752,2.724589,176.519196,1.634065,1.896814,0.851627,3.367627
1776194918.291135,233.896805,520.350647,740.533813,754.247437,81.022636,31.010618,2,3.81701,1.599255,5.264614,2.826625,0.374061,2.58604,127.634834,1.634065,1.896814,0.851627,3.367627
1776194919.054157,230.704803,528.529419,762.974243,759.234192,78.63961,30.386513,2,3.768929,1.631205,5.154352,2.875596,0.376327,2.635963,155.714478,1.634065,1.896814,0.851627,3.367627
1776194919.814675,226.448807,529.045349,760.480896,755.494141,78.897446,29.973602,2,3.783326,1.653075,4.694726,2.877147,0.374337,2.670635,149.996277,1.634065,1.896814,0.851627,3.367627
1776194920.555245,230.704803,514.815796,740.533813,745.520569,81.022636,30.945465,2,3.919215,1.60253,4.699352,2.902311,0.369711,2.591118,159.860092,1.634065,1.896814,0.851627,3.367627
1776194921.315763,232.832794,530.141479,760.480896,762.974243,78.897446,30.51647,2,3.937967,1.624445,5.228411,2.994748,0.378224,2.625327,177.791107,1.634065,1.896814,0.851627,3.367627
1776194922.098719,232.832794,550.088501,782.921326,782.921326,76.636055,29.738977,2,3.687454,1.665773,4.897148,2.886987,0.387846,2.690952,187.909714,1.634065,1.896814,0.851627,3.367627
1776194922.872951,229.640793,540.813538,774.194458,770.454346,77.499908,29.805893,2,3.582534,1.662131,3.292603,2.773578,0.381693,2.685111,140.41835,1.634065,1.896814,0.851627,3.367627
1776194923.633481,223.256805,529.743896,760.480896,753.000732,78.897446,29.648951,2,3.663957,1.670698,2.362702,2.786369,0.372995,2.69887,131.009644,1.634065,1.896814,0.851627,3.367627
1776194924.375298,231.768814,519.985291,741.780518,751.754089,80.886459,30.830404,2,3.773435,1.608348,4.432417,2.799061,0.372765,2.60016,194.110901,1.634065,1.896814,0.851627,3.367627
1776194925.123348,229.640793,515.879761,748.013916,745.520569,80.21241,30.802744,2,3.828654,1.609753,4.354136,2.863887,0.369665,2.602349,176.62532,1.634065,1.896814,0.851627,3.367627
1776194925.883865,228.576797,530.65741,760.480896,759.234192,78.897446,30.106232,2,3.72871,1.645985,4.90629,2.835613,0.376234,2.65935,136.34877,1.634065,1.896814,0.851627,3.367627
1776194926.639395,229.640793,527.099976,755.494141,756.740784,79.418221,30.346029,2,3.735295,1.633323,5.785118,2.821993,0.375078,2.639303,178.81485,1.634065,1.896814,0.851627,3.367627
1776194927.414873,223.256805,544.704224,775.441101,767.960999,77.375313,29.071373,2,3.78193,1.703023,4.883636,2.932664,0.380212,2.751346,187.223999,1.634065,1.896814,0.851627,3.367627
1776194928.18039,227.512787,542.941528,765.467651,770.454346,78.383453,29.52969,2,3.743649,1.677269,5.147192,2.865643,0.3816,2.709465,184.248825,1.634065,1.896814,0.851627,3.367627
1776194928.937167,228.576797,529.410706,756.740784,757.987488,79.287384,30.155748,2,3.723598,1.643354,5.382183,2.817799,0.375633,2.655173,186.654694,1.634065,1.896814,0.851627,3.367627
1776194929.697684,224.320801,531.17334,760.480896,755.494141,78.897446,29.691931,2,3.70816,1.668343,2.895506,2.819985,0.374244,2.695081,156.141525,1.634065,1.896814,0.851627,3.367627
1776194930.438254,232.832794,517.674561,740.533813,750.507385,81.022636,31.023386,2,3.923809,1.598615,4.098106,2.905713,0.37221,2.585049,187.43074,1.634065,1.896814,0.851627,3.367627
1776194931.211238,228.576797,539.384216,772.947754,767.960999,77.624908,29.764116,2,3.694468,1.664403,4.340771,2.855631,0.380444,2.688753,157.983841,1.634065,1.896814,0.851627,3.367627
1776194931.976755,221.128799,535.612,765.467651,756.740784,78.383453,29.221207,2,3.712129,1.694515,2.927817,2.841515,0.374706,2.737447,162.697983,1.634065,1.896814,0.851627,3.367627
1776194932.717326,226.448807,520.318481,740.533813,746.767273,81.022636,30.323877,2,3.801711,1.634485,3.125246,2.815296,0.370127,2.641136,162.558609,1.634065,1.896814,0.851627,3.367627
1776194933.487816,229.640793,544.55365,770.454346,774.194458,77.876129,29.6619,2,3.774387,1.669988,4.783545,2.907993,0.383497,2.697726,156.389343,1.634065,1.896814,0.851627,3.367627
1776194934.25706,226.448807,539.01886,769.207703,765.467651,78.002342,29.583067,2,3.790793,1.674322,4.706916,2.915907,0.379148,2.704708,129.912079,1.634065,1.896814,0.851627,3.367627
1776194935.018824,222.192795,534.547974,761.727539,756.740784,78.768318,29.361811,2,3.770851,1.686609,2.907146,2.872361,0.374752,2.724589,179.336258,1.634065,1.896814,0.851627,3.367627
1776194935.779341,228.576797,539.384216,760.480896,767.960999,78.897446,29.764116,2,3.835988,1.664403,4.555017,2.917196,0.380444,2.688753,180.138748,1.634065,1.896814,0.851627,3.367627
1776194936.531145,233.896805,524.090698,751.754089,757.987488,79.813332,30.857607,2,3.837161,1.606969,4.216446,2.884602,0.375865,2.598014,150.830017,1.634065,1.896814,0.851627,3.367627
1776194937.287921,228.576797,521.930603,756.740784,750.507385,79.287384,30.456301,2,3.788675,1.627568,3.725059,2.867045,0.372024,2.630236,140.875671,1.634065,1.896814,0.851627,3.367627
1776194938.062152,226.448807,545.252258,774.194458,771.70105,77.499908,29.344112,2,3.736668,1.6876,2.803309,2.892908,0.382155,2.726198,133.455521,1.634065,1.896814,0.851627,3.367627
1776194938.821423,228.576797,533.150757,759.234192,761.727539,79.027,30.007685,2,3.745144,1.651247,2.796149,2.843441,0.377437,2.667722,131.868668,1.634065,1.896814,0.851627,3.367627
1776194939.586927,234.960815,537.986938,765.467651,772.947754,78.383453,30.39802,2,3.812114,1.630605,3.850082,2.91805,0.383128,2.635016,150.850266,1.634065,1.896814,0.851627,3.367627
1776194940.367403,223.256805,543.45752,780.427856,766.714294,76.880905,29.118645,2,3.701914,1.70033,2.946102,2.889077,0.37961,2.746939,150.999695,1.634065,1.896814,0.851627,3.367627
1776194941.130414,224.320801,539.900146,762.974243,764.220947,78.63961,29.352873,2,3.653533,1.68711,2.392259,2.787551,0.378454,2.725401,146.487976,1.634065,1.896814,0.851627,3.367627
1776194941.897165,233.896805,544.03772,766.714294,777.934509,78.256004,30.066389,2,3.608655,1.648108,3.862382,2.766808,0.385487,2.662725,145.748428,1.634065,1.896814,0.851627,3.367627
1776194942.666409,232.832794,535.128174,769.207703,767.960999,78.002342,30.318312,2,3.654175,1.634777,3.35583,2.81082,0.38063,2.641597,138.121323,1.634065,1.896814,0.851627,3.367627
1776194943.428173,237.088791,529.625488,761.727539,766.714294,78.768318,30.922705,2,3.790334,1.603678,4.35946,2.887202,0.380214,2.592899,116.772972,1.634065,1.896814,0.851627,3.367627
1776194944.196182,230.704803,529.776123,767.960999,760.480896,78.128967,30.336699,2,3.773432,1.633812,5.055216,2.897848,0.376928,2.640075,122.719818,1.634065,1.896814,0.851627,3.367627
1776194944.965427,236.024811,539.41626,769.207703,775.441101,78.002342,30.43749,2,3.716766,1.628546,4.942677,2.858965,0.384377,2.631776,108.55938,1.634065,1.896814,0.851627,3.367627
1776194945.735918,236.024811,534.429565,770.454346,770.454346,77.876129,30.634495,2,3.777837,1.618355,3.321096,2.910651,0.381972,2.615779,135.720444,1.634065,1.896814,0.851627,3.367627
1776194946.511395,230.704803,538.50293,775.441101,769.207703,77.375313,29.992523,2,3.756409,1.65206,3.200883,2.912874,0.381138,2.669016,114.434349,1.634065,1.896814,0.851627,3.367627
1776194947.281886,234.960815,540.480286,770.454346,775.441101,77.876129,30.300278,2,3.791714,1.635724,3.847107,2.921342,0.384331,2.643093,146.419434,1.634065,1.896814,0.851627,3.367627
1776194948.077323,224.320801,558.600525,795.388184,782.921326,75.434868,28.651768,2,3.703411,1.727325,1.593769,2.945649,0.387475,2.79138,124.677666,1.634065,1.896814,0.851627,3.367627
1776194948.850307,230.704803,549.723022,772.947754,780.427856,77.624908,29.561323,2,3.732391,1.675521,3.322932,2.884943,0.386551,2.706643,138.592239,1.634065,1.896814,0.851627,3.367627
1776194949.624538,226.448807,542.758911,774.194458,769.207703,77.499908,29.439228,2,3.645226,1.682289,1.851598,2.822114,0.380952,2.717584,122.121513,1.634065,1.896814,0.851627,3.367627
1776194950.380069,229.640793,529.593384,755.494141,759.234192,79.418221,30.24637,2,3.786581,1.638561,3.325759,2.86074,0.37628,2.647579,130.377335,1.634065,1.896814,0.851627,3.367627
1776194951.159299,229.640793,549.540405,779.181213,779.181213,77.003906,29.472065,2,3.77515,1.680463,3.133838,2.941526,0.385903,2.714629,147.539795,1.634065,1.896814,0.851627,3.367627
1776194951.917322,240.280807,530.173523,757.987488,770.454346,79.156982,31.186897,2,3.726434,1.590462,3.936991,2.82459,0.382158,2.572454,138.985947,1.634065,1.896814,0.851627,3.367627
1776194952.705267,231.768814,546.16571,787.908081,777.934509,76.151016,29.792845,2,3.641527,1.66284,2.643956,2.869189,0.385394,2.686247,132.398621,1.634065,1.896814,0.851627,3.367627
1776194953.470771,234.960815,534.246887,765.467651,769.207703,78.383453,30.545822,2,3.705554,1.622926,3.083572,2.836482,0.381324,2.622943,122.666985,1.634065,1.896814,0.851627,3.367627
1776194954.250001,225.384796,542.576172,779.181213,767.960999,77.003906,29.348469,2,3.662148,1.687356,0.939651,2.853477,0.380304,2.725801,82.277519,1.634065,1.896814,0.851627,3.367627
1776194955.021739,229.640793,547.046997,771.70105,776.687805,77.750313,29.566679,2,3.67538,1.675225,1.827254,2.836294,0.3847,2.706166,103.708672,1.634065,1.896814,0.851627,3.367627
1776194955.790982,228.576797,539.384216,769.207703,767.960999,78.002342,29.764116,2,3.593891,1.664403,1.579706,2.764449,0.380444,2.688753,134.627655,1.634065,1.896814,0.851627,3.367627
1776194956.556487,234.960815,537.986938,765.467651,772.947754,78.383453,30.39802,2,3.60547,1.630605,3.654195,2.759871,0.383128,2.635016,135.490997,1.634065,1.896814,0.851627,3.367627
1776194957.328224,227.512787,535.461426,771.70105,762.974243,77.750313,29.819197,2,3.557153,1.661409,1.640326,2.745058,0.377992,2.683954,137.934113,1.634065,1.896814,0.851627,3.367627
1776194958.077534,230.704803,522.295898,749.26062,753.000732,80.078941,30.638058,2,3.534414,1.618171,3.086987,2.648197,0.37332,2.615493,120.046486,1.634065,1.896814,0.851627,3.367627
1776194958.806883,240.280807,500.252991,729.313599,740.533813,82.269135,32.446976,2,3.69007,1.530392,4.469501,2.691218,0.367724,2.481391,133.633896,1.634065,1.896814,0.851627,3.367627
1776194959.581114,240.280807,533.913635,774.194458,774.194458,77.499908,31.036234,2,3.671345,1.597971,4.501776,2.842335,0.383962,2.584053,118.955406,1.634065,1.896814,0.851627,3.367627
1776194960.329165,251.984802,509.742737,748.013916,761.727539,80.21241,33.0807,2,3.68652,1.501911,4.884848,2.757569,0.378459,2.439286,144.996262,1.634065,1.896814,0.851627,3.367627
1776194961.118356,243.472794,535.708435,789.154724,779.181213,76.030716,31.247261,2,3.40631,1.587474,2.757743,2.688106,0.386507,2.567852,134.702957,1.634065,1.896814,0.851627,3.367627
1776194961.8876,365.832794,546.744263,769.207703,912.577087,78.002342,40.087879,2,3.031824,1.247015,4.802895,2.332103,0.456199,2.093149,116.964302,1.634065,1.896814,0.851627,3.367627
1776194962.701737,593.050049,430.482361,814.088562,1023.53241,73.702057,57.941502,3,2.028178,0.830938,9.426708,1.651117,0.492788,1.577295,58.058258,3.054178,4.285746,0.0,3.990343
1776195065.469111,301.992798,376.206543,1075.893433,678.199341,55.767605,44.528618,2,1.4898,1.127007,-1.943279,1.602866,0.340348,1.949297,60.315475,1.634065,1.896814,0.851627,3.367627
1776195066.273274,267.944794,496.276154,804.11499,764.220947,74.616196,35.061169,2,2.651492,1.41954,-0.725477,2.132104,0.380358,2.321393,106.616898,1.634065,1.896814,0.851627,3.367627
1776195067.036284,258.368805,493.385284,762.974243,751.754089,78.63961,34.368793,2,2.910852,1.447258,1.614845,2.220906,0.373926,2.36042,141.807663,1.634065,1.896814,0.851627,3.367627
1776195067.794309,248.792801,497.974487,757.987488,746.767273,79.156982,33.315975,2,2.906547,1.491613,1.759988,2.203126,0.371103,2.424232,92.628967,1.634065,1.896814,0.851627,3.367627
1776195068.547346,240.280807,502.746338,753.000732,743.027161,79.681198,32.338093,2,3.141298,1.535398,5.103683,2.3654,0.368927,2.488862,114.209106,1.634065,1.896814,0.851627,3.367627
1776195069.310357,232.832794,521.414673,762.974243,754.247437,78.63961,30.869549,2,3.151832,1.606364,3.03874,2.404767,0.374014,2.597073,122.054771,1.634065,1.896814,0.851627,3.367627
1776195070.0422,239.216797,500.070312,731.807007,739.287109,81.988831,32.357769,2,3.355241,1.534491,3.622141,2.455389,0.367076,2.487507,128.973709,1.634065,1.896814,0.851627,3.367627
1776195070.782771,242.408798,501.865051,740.533813,744.273865,81.022636,32.569839,2,3.281294,1.524784,4.670639,2.429909,0.369621,2.473045,102.556473,1.634065,1.896814,0.851627,3.367627
1776195071.537066,237.088791,510.92511,754.247437,748.013916,79.549492,31.695774,2,3.316571,1.565628,3.121978,2.501515,0.371193,2.534435,115.71003,1.634065,1.896814,0.851627,3.367627
1776195072.28387,233.896805,509.130371,746.767273,743.027161,80.346313,31.478903,2,3.411469,1.576114,3.558033,2.547574,0.368648,2.550424,122.31411,1.634065,1.896814,0.851627,3.367627
1776195073.033167,233.896805,515.363831,749.26062,749.26062,80.078941,31.217014,2,3.333997,1.58897,3.075935,2.498033,0.371655,2.570155,129.727585,1.634065,1.896814,0.851627,3.367627
1776195073.746311,234.960815,479.392517,713.106628,714.353333,84.138893,32.891403,2,3.522242,1.510304,5.515981,2.511734,0.354862,2.451621,116.68055,1.634065,1.896814,0.851627,3.367627
1776195074.488128,238.152802,507.367767,741.780518,745.520569,80.886459,31.944498,2,3.410615,1.553778,4.406495,2.529928,0.370037,2.516478,121.00634,1.634065,1.896814,0.851627,3.367627
1776195075.22371,236.024811,497.0289,735.547058,733.053711,81.571938,32.197479,2,3.441919,1.541913,3.250452,2.531693,0.36393,2.498618,135.207657,1.634065,1.896814,0.851627,3.367627
1776195075.958047,247.728806,500.285095,734.300354,748.013916,81.710434,33.11821,2,3.474507,1.50026,4.785454,2.551332,0.371657,2.436866,143.497208,1.634065,1.896814,0.851627,3.367627
1776195076.708591,248.792801,502.961304,750.507385,751.754089,79.945915,33.094971,2,3.411201,1.501282,4.765259,2.560132,0.373508,2.438364,117.449036,1.634065,1.896814,0.851627,3.367627
1776195077.455395,248.792801,497.974487,746.767273,746.767273,80.346313,33.315975,2,3.317262,1.491613,4.328177,2.477223,0.371103,2.424232,124.637474,1.634065,1.896814,0.851627,3.367627
1776195078.200952,241.344788,495.448975,745.520569,736.793762,80.480675,32.756084,2,3.27397,1.516363,3.183076,2.440812,0.365966,2.460564,115.68354,1.634065,1.896814,0.851627,3.367627
1776195078.95025,255.176788,510.290863,749.26062,765.467651,80.078941,33.336063,2,3.34836,1.49074,5.129715,2.508794,0.380402,2.42296,107.593231,1.634065,1.896814,0.851627,3.367627
1776195079.730726,246.664825,523.789551,780.427856,770.454346,76.880905,32.015503,2,3.195267,1.550429,4.415527,2.493675,0.382436,2.511425,135.166397,1.634065,1.896814,0.851627,3.367627
1776195080.489996,243.472794,512.021362,759.234192,755.494141,79.027,32.226959,2,3.299029,1.540542,4.111766,2.504735,0.37508,2.496562,135.975739,1.634065,1.896814,0.851627,3.367627
1776195081.241787,245.600784,508.646667,751.754089,754.247437,79.813332,32.562363,2,3.378172,1.525124,4.273468,2.539555,0.374572,2.47355,139.234406,1.634065,1.896814,0.851627,3.367627
1776195082.003551,246.664825,516.309448,761.727539,762.974243,78.768318,32.329376,2,3.384584,1.5358,5.522186,2.578131,0.378828,2.489463,160.753891,1.634065,1.896814,0.851627,3.367627
1776195082.759082,248.792801,509.194702,755.494141,757.987488,79.418221,32.822811,2,3.269875,1.513369,4.531114,2.470371,0.376515,2.456141,108.703964,1.634065,1.896814,0.851627,3.367627
1776195083.519611,244.536804,510.957336,760.480896,755.494141,78.897446,32.367794,2,3.209081,1.534029,3.884302,2.440445,0.375127,2.486817,127.961311,1.634065,1.896814,0.851627,3.367627
1776195084.268908,255.176788,506.550751,749.26062,761.727539,80.078941,33.499744,2,3.242863,1.48367,4.96357,2.42975,0.378598,2.412682,129.651184,1.634065,1.896814,0.851627,3.367627
1776195085.001998,259.4328,478.607666,733.053711,738.040466,81.849388,35.151569,2,3.354461,1.416002,5.467477,2.459,0.367357,2.316458,111.065697,1.634065,1.896814,0.851627,3.367627
1776195085.756282,243.472794,492.07428,754.247437,735.547058,79.549492,33.10091,2,3.202285,1.501021,3.035546,2.415315,0.365458,2.437981,126.649696,1.634065,1.896814,0.851627,3.367627
1776195086.518047,238.152802,517.341309,761.727539,755.494141,78.768318,31.522787,2,3.305882,1.57398,3.044762,2.518181,0.374848,2.547163,125.633095,1.634065,1.896814,0.851627,3.367627
1776195087.267344,233.896805,510.377075,749.26062,744.273865,80.078941,31.426174,2,3.443407,1.578685,3.663851,2.580009,0.369249,2.554359,123.462914,1.634065,1.896814,0.851627,3.367627
1776195088.0316,234.960815,530.506836,764.220947,765.467651,78.51133,30.695068,2,3.416457,1.615247,4.659807,2.610928,0.37952,2.61092,157.059692,1.634065,1.896814,0.851627,3.367627
1776195088.77343,243.472794,508.281311,741.780518,751.754089,80.886459,32.387291,2,3.385786,1.533132,3.4575,2.51151,0.373276,2.485477,125.136971,1.634065,1.896814,0.851627,3.367627
1776195089.538934,237.088791,520.898682,765.467651,757.987488,78.383453,31.278721,2,3.34544,1.585922,4.798451,2.560826,0.376004,2.565463,112.754364,1.634065,1.896814,0.851627,3.367627
1776195090.294465,245.600784,519.866882,755.494141,765.467651,79.418221,32.085064,2,3.378783,1.547162,4.998634,2.552651,0.379984,2.506505,126.122826,1.634065,1.896814,0.851627,3.367627
1776195091.037529,247.728806,497.791748,743.027161,745.520569,80.750748,33.22897,2,3.36343,1.495404,4.238587,2.49912,0.370455,2.429763,126.63723,1.634065,1.896814,0.851627,3.367627
1776195091.789318,242.408798,503.111755,751.754089,745.520569,79.813332,32.515373,2,3.3886,1.527265,4.314261,2.547394,0.370222,2.476734,147.250443,1.634065,1.896814,0.851627,3.367627
1776195092.527395,248.792801,496.727783,738.040466,745.520569,81.296356,33.371689,2,3.504833,1.489196,4.514187,2.586709,0.370501,2.420711,154.063904,1.634065,1.896814,0.851627,3.367627
1776195093.290406,237.088791,512.171814,762.974243,749.26062,78.63961,31.643032,2,3.463416,1.568165,4.523476,2.642497,0.371794,2.538295,149.153976,1.634065,1.896814,0.851627,3.367627
1776195094.054676,232.832794,526.401367,764.220947,759.234192,78.51133,30.666796,2,3.335971,1.616696,2.723412,2.549419,0.37642,2.613184,141.842484,1.634065,1.896814,0.851627,3.367627
1776195094.796493,243.472794,510.774658,741.780518,754.247437,80.886459,32.280228,2,3.398191,1.538072,4.328031,2.520712,0.374479,2.492862,153.452408,1.634065,1.896814,0.851627,3.367627
1776195095.578204,224.320801,534.913391,781.674561,759.234192,76.758286,29.545668,2,3.28964,1.676386,1.726135,2.571428,0.376048,2.708038,120.344604,1.634065,1.896814,0.851627,3.367627
1776195096.307554,237.088791,507.185059,729.313599,744.273865,82.269135,31.855047,2,3.432284,1.558019,4.775687,2.503211,0.369389,2.52289,112.221222,1.634065,1.896814,0.851627,3.367627
1776195097.059344,231.768814,513.75177,751.754089,745.520569,79.813332,31.088184,2,3.445561,1.595374,3.324804,2.590214,0.369758,2.580035,126.622322,1.634065,1.896814,0.851627,3.367627
1776195097.813628,236.024811,523.209351,754.247437,759.234192,79.549492,31.087219,2,3.485616,1.595422,4.725532,2.629017,0.376559,2.58011,164.16658,1.634065,1.896814,0.851627,3.367627
1776195098.571652,242.408798,523.058838,757.987488,765.467651,79.156982,31.668068,2,3.396148,1.56696,3.900715,2.574238,0.379845,2.53646,142.853012,1.634065,1.896814,0.851627,3.367627
1776195099.338415,230.704803,522.295898,766.714294,753.000732,78.256004,30.638058,2,3.28909,1.618171,2.014071,2.521792,0.37332,2.615493,119.339424,1.634065,1.896814,0.851627,3.367627
1776195100.095192,232.832794,526.401367,756.740784,759.234192,79.287384,30.666796,2,3.453527,1.616696,4.942898,2.613425,0.37642,2.613184,136.39502,1.634065,1.896814,0.851627,3.367627
1776195100.854463,230.704803,526.036011,759.234192,756.740784,79.027,30.486635,2,3.485299,1.625992,4.134163,2.646158,0.375124,2.627758,158.608078,1.634065,1.896814,0.851627,3.367627
1776195101.617474,230.704803,532.269409,762.974243,762.974243,78.63961,30.237562,2,3.477784,1.639026,4.35891,2.65346,0.378131,2.648315,129.050156,1.634065,1.896814,0.851627,3.367627
1776195102.363031,239.216797,516.277344,745.520569,755.494141,80.480675,31.66362,2,3.472606,1.567174,5.642985,2.588899,0.374894,2.536786,131.412766,1.634065,1.896814,0.851627,3.367627
1776195103.117315,236.024811,514.482544,754.247437,750.507385,79.549492,31.448698,2,3.488564,1.577586,6.23898,2.63124,0.372349,2.552676,178.433838,1.634065,1.896814,0.851627,3.367627
1776195103.880337,227.512787,525.487915,762.974243,753.000732,78.63961,30.214151,2,3.505107,1.640262,4.748774,2.674307,0.373181,2.650272,115.750633,1.634065,1.896814,0.851627,3.367627
1776195104.627141,238.152802,521.081421,746.767273,759.234192,80.346313,31.367502,2,3.610908,1.581556,6.740869,2.696508,0.376652,2.558759,131.90155,1.634065,1.896814,0.851627,3.367627
1776195105.390152,239.216797,525.00415,762.974243,764.220947,78.63961,31.302048,2,3.538924,1.584772,6.042066,2.700108,0.379104,2.563697,197.032669,1.634065,1.896814,0.851627,3.367627
1776195106.148176,230.704803,517.309082,757.987488,748.013916,79.156982,30.842314,2,3.404824,1.607744,4.602125,2.580814,0.370914,2.59922,122.390411,1.634065,1.896814,0.851627,3.367627
1776195106.924901,223.256805,544.704224,776.687805,767.960999,77.251114,29.071373,2,3.43917,1.703023,3.084894,2.671161,0.380212,2.751346,154.950409,1.634065,1.896814,0.851627,3.367627
1776195107.662978,233.896805,516.610596,738.040466,750.507385,81.296356,31.165155,2,3.590657,1.591542,4.99298,2.65005,0.372256,2.574118,165.38356,1.634065,1.896814,0.851627,3.367627
1776195108.435974,230.704803,538.50293,772.947754,769.207703,77.624908,29.992523,2,3.583001,1.65206,4.704199,2.769472,0.381138,2.669016,163.93103,1.634065,1.896814,0.851627,3.367627
1776195109.177791,234.960815,511.806458,741.780518,746.767273,80.886459,31.463728,2,3.734061,1.576853,6.727981,2.769854,0.370499,2.551554,164.179352,1.634065,1.896814,0.851627,3.367627
1776195109.952022,229.640793,538.32019,774.194458,767.960999,77.499908,29.902664,2,3.599569,1.656893,4.739815,2.786766,0.38049,2.67673,175.313309,1.634065,1.896814,0.851627,3.367627
1776195110.711293,228.576797,529.410706,759.234192,757.987488,79.027,30.155748,2,3.629686,1.643354,4.974878,2.755782,0.375633,2.655173,148.855469,1.634065,1.896814,0.851627,3.367627
1776195111.461836,238.152802,523.574707,750.507385,761.727539,79.945915,31.264826,2,3.7261,1.586607,8.049692,2.796466,0.377855,2.566517,185.552277,1.634065,1.896814,0.851627,3.367627
1776195112.224846,239.216797,525.00415,762.974243,764.220947,78.63961,31.302048,2,3.653907,1.584772,7.361721,2.787837,0.379104,2.563697,207.793198,1.634065,1.896814,0.851627,3.367627
1776195113.00283,234.960815,537.986938,777.934509,772.947754,77.127312,30.39802,2,3.553098,1.630605,5.992057,2.764078,0.383128,2.635016,151.820099,1.634065,1.896814,0.851627,3.367627
1776195113.769581,221.128799,529.378601,766.714294,750.507385,78.256004,29.463907,2,3.540519,1.680916,4.154321,2.714567,0.371699,2.715362,151.841843,1.634065,1.896814,0.851627,3.367627
1776195114.526358,229.640793,537.073486,756.740784,766.714294,79.287384,29.951286,2,3.670727,1.654274,4.867627,2.777789,0.379889,2.672548,169.335327,1.634065,1.896814,0.851627,3.367627
1776195115.294356,226.448807,537.772156,767.960999,764.220947,78.128967,29.631325,2,3.585688,1.671666,4.693954,2.753669,0.378547,2.700428,165.244644,1.634065,1.896814,0.851627,3.367627
1776195116.058625,225.384796,537.589478,764.220947,762.974243,78.51133,29.540289,2,3.592826,1.676683,4.320025,2.745713,0.377899,2.708519,138.923615,1.634065,1.896814,0.851627,3.367627
1776195116.820389,229.640793,537.073486,761.727539,766.714294,78.768318,29.951286,2,3.488245,1.654274,5.163164,2.657093,0.379889,2.672548,116.679443,1.634065,1.896814,0.851627,3.367627
1776195117.582153,231.768814,532.452148,761.727539,764.220947,78.768318,30.327459,2,3.517724,1.634297,4.881103,2.679547,0.378779,2.64084,144.142365,1.634065,1.896814,0.851627,3.367627
1776195118.332697,228.576797,518.190491,750.507385,746.767273,79.945915,30.608839,2,3.610203,1.619674,5.265018,2.709484,0.37022,2.617846,129.874084,1.634065,1.896814,0.851627,3.367627
1776195119.109422,228.576797,548.111023,776.687805,776.687805,77.251114,29.429689,2,3.72411,1.68282,6.310909,2.892471,0.384654,2.718444,170.141357,1.634065,1.896814,0.851627,3.367627
1776195119.876171,224.320801,537.406738,766.714294,761.727539,78.256004,29.448956,2,3.615426,1.681748,3.288858,2.771999,0.377251,2.716707,169.856247,1.634065,1.896814,0.851627,3.367627
1776195120.627975,226.448807,527.798645,751.754089,754.247437,79.813332,30.023146,2,3.699646,1.650419,6.348324,2.781224,0.373736,2.666403,191.024673,1.634065,1.896814,0.851627,3.367627
1776195121.377272,236.024811,524.456055,749.26062,760.480896,80.078941,31.036259,2,3.682252,1.59797,7.242316,2.758966,0.377161,2.584051,142.953415,1.634065,1.896814,0.851627,3.367627
1776195122.14901,232.832794,535.128174,771.70105,767.960999,77.750313,30.318312,2,3.526797,1.634777,4.910293,2.721632,0.38063,2.641597,161.09523,1.634065,1.896814,0.851627,3.367627
1776195122.917006,233.896805,535.310913,767.960999,769.207703,78.128967,30.407497,2,3.505291,1.63011,4.953215,2.691927,0.381277,2.634237,131.775299,1.634065,1.896814,0.851627,3.367627
1776195123.685004,225.384796,532.602661,767.960999,757.987488,78.128967,29.734632,2,3.484773,1.66601,2.653502,2.67617,0.375493,2.691332,145.095352,1.634065,1.896814,0.851627,3.367627
1776195124.444287,227.512787,534.214722,759.234192,761.727539,79.027,29.868,2,3.538969,1.658765,5.212439,2.686906,0.37739,2.679723,147.579498,1.634065,1.896814,0.851627,3.367627
1776195125.209791,230.704803,538.50293,765.467651,769.207703,78.383453,29.992523,2,3.586795,1.65206,3.818395,2.745575,0.381138,2.669016,153.700729,1.634065,1.896814,0.851627,3.367627
1776195125.954102,227.512787,513.020996,744.273865,740.533813,80.615486,30.722809,2,3.51591,1.613828,3.813254,2.6168,0.367166,2.608703,150.250793,1.634065,1.896814,0.851627,3.367627
1776195126.704645,229.640793,523.359924,750.507385,753.000732,79.945915,30.496756,2,3.570019,1.625467,3.868293,2.679326,0.373273,2.626933,158.248001,1.634065,1.896814,0.851627,3.367627
1776195127.465162,229.640793,530.840088,760.480896,760.480896,78.897446,30.196785,2,3.55661,1.64118,4.384244,2.704734,0.376882,2.651727,160.298416,1.634065,1.896814,0.851627,3.367627
1776195128.22194,234.960815,528.013428,756.740784,762.974243,79.287384,30.79538,2,3.55268,1.610128,3.789425,2.688458,0.378317,2.602932,146.491745,1.634065,1.896814,0.851627,3.367627
1776195128.97747,233.896805,520.350647,755.494141,754.247437,79.418221,31.010618,2,3.467026,1.599255,3.7255,2.619317,0.374061,2.58604,154.921646,1.634065,1.896814,0.851627,3.367627
1776195129.74174,231.768814,529.95874,764.220947,761.727539,78.51133,30.426735,2,3.513715,1.629107,3.442299,2.685255,0.377576,2.632658,154.162918,1.634065,1.896814,0.851627,3.367627
1776195130.503503,233.896805,530.324158,761.727539,764.220947,78.768318,30.605915,2,3.526567,1.619825,4.897405,2.686283,0.378872,2.618082,149.772873,1.634065,1.896814,0.851627,3.367627
1776195131.265268,233.896805,527.83075,761.727539,761.727539,78.768318,30.706099,2,3.502914,1.614682,4.495314,2.668266,0.377669,2.610038,156.839844,1.634065,1.896814,0.851627,3.367627
1776195132.035759,224.320801,534.913391,770.454346,759.234192,77.876129,29.545668,2,3.508927,1.676386,5.045926,2.703468,0.376048,2.708038,175.835449,1.634065,1.896814,0.851627,3.367627
1776195132.795029,225.384796,535.096069,759.234192,760.480896,79.027,29.63714,2,3.604581,1.671346,3.43268,2.736722,0.376696,2.699914,154.034149,1.634065,1.896814,0.851627,3.367627
1776195133.56678,221.128799,545.58551,771.70105,766.714294,77.750313,28.841097,2,3.566559,1.716272,1.888829,2.752318,0.379517,2.77311,161.730698,1.634065,1.896814,0.851627,3.367627
1776195134.334776,227.512787,547.928345,767.960999,775.441101,78.128967,29.33979,2,3.583971,1.687843,3.741913,2.75235,0.384006,2.726591,153.892014,1.634065,1.896814,0.851627,3.367627
1776195135.099034,233.896805,537.80426,764.220947,771.70105,78.51133,30.309252,2,3.628469,1.635252,4.532582,2.772952,0.38248,2.642349,166.432007,1.634065,1.896814,0.851627,3.367627
1776195135.878251,231.768814,544.919006,779.181213,776.687805,77.003906,29.840666,2,3.455908,1.660245,4.477616,2.692779,0.384793,2.68209,129.237442,1.634065,1.896814,0.851627,3.367627
1776195136.643768,236.024811,534.429565,765.467651,770.454346,78.383453,30.634495,2,3.501122,1.618355,2.970483,2.679996,0.381972,2.615779,157.532822,1.634065,1.896814,0.851627,3.367627
1776195137.409272,236.024811,529.442871,765.467651,765.467651,78.383453,30.834066,2,3.534615,1.608162,3.548669,2.705634,0.379566,2.599871,170.431351,1.634065,1.896814,0.851627,3.367627
1776195138.172282,238.152802,527.314819,762.974243,765.467651,78.63961,31.112066,2,3.550532,1.594183,5.310143,2.708964,0.379659,2.578195,182.47966,1.634065,1.896814,0.851627,3.367627
1776195138.942773,232.832794,531.388184,770.454346,764.220947,77.876129,30.466684,2,3.569932,1.627028,5.403258,2.75047,0.378825,2.629387,182.166656,1.634065,1.896814,0.851627,3.367627
1776195139.708277,234.960815,533.000183,765.467651,767.960999,78.383453,30.595409,2,3.484724,1.620366,4.936876,2.667444,0.380723,2.61893,155.483719,1.634065,1.896814,0.851627,3.367627
1776195140.471288,232.832794,527.648071,762.974243,760.480896,78.63961,30.616522,2,3.626972,1.619279,4.949102,2.767286,0.377021,2.617227,169.122513,1.634065,1.896814,0.851627,3.367627
1776195141.238051,232.832794,533.88147,766.714294,766.714294,78.256004,30.367607,2,3.617718,1.632194,4.750646,2.773756,0.380028,2.637522,173.263077,1.634065,1.896814,0.851627,3.367627
1776195142.011035,226.448807,539.01886,772.947754,765.467651,77.624908,29.583067,2,3.485389,1.674322,4.842659,2.694023,0.379148,2.704708,125.750626,1.634065,1.896814,0.851627,3.367627
1776195142.766566,237.088791,530.872192,755.494141,767.960999,79.418221,30.872503,2,3.674429,1.606215,6.874483,2.776009,0.380815,2.596841,127.675858,1.634065,1.896814,0.851627,3.367627
1776195143.54703,221.128799,540.598755,780.427856,761.727539,76.880905,29.029909,2,3.624914,1.705393,4.062895,2.828984,0.377112,2.755228,160.118729,1.634065,1.896814,0.851627,3.367627
1776195144.293834,236.024811,528.196167,746.767273,764.220947,80.346313,30.884367,2,3.60974,1.605614,7.365172,2.695636,0.378965,2.595908,139.753372,1.634065,1.896814,0.851627,3.367627
1776195145.061843,238.152802,532.301514,767.960999,770.454346,78.128967,30.910698,2,3.659954,1.604284,6.525852,2.810702,0.382065,2.59384,201.529602,1.634065,1.896814,0.851627,3.367627
1776195145.833581,232.832794,532.634888,771.70105,765.467651,77.750313,30.417065,2,3.638309,1.629611,7.515346,2.807687,0.379427,2.633451,196.062622,1.634065,1.896814,0.851627,3.367627
1776195146.606565,233.896805,540.297668,772.947754,774.194458,77.624908,30.211636,2,3.431062,1.640395,3.364165,2.652031,0.383683,2.650482,148.113937,1.634065,1.896814,0.851627,3.367627
1776195147.367083,228.576797,525.670654,760.480896,754.247437,78.897446,30.305281,2,3.500216,1.635461,4.640237,2.661848,0.373828,2.642678,130.061829,1.634065,1.896814,0.851627,3.367627
1776195148.126354,233.896805,531.570862,759.234192,765.467651,79.027,30.556068,2,3.466987,1.622396,4.897809,2.632255,0.379473,2.622112,108.711601,1.634065,1.896814,0.851627,3.367627
1776195148.883142,232.832794,522.661377,756.740784,755.494141,79.287384,30.818611,2,3.415289,1.608947,5.572231,2.584489,0.374616,2.601093,125.600899,1.634065,1.896814,0.851627,3.367627
1776195149.63992,242.408798,525.552185,756.740784,767.960999,79.287384,31.565248,2,3.499772,1.571922,5.033332,2.64842,0.381048,2.54402,176.72496,1.634065,1.896814,0.851627,3.367627
1776195150.409164,238.152802,526.068115,769.207703,764.220947,78.002342,31.162819,2,3.467591,1.591658,4.363646,2.667298,0.379058,2.574297,165.364838,1.634065,1.896814,0.851627,3.367627
1776195151.177162,232.832794,528.894775,767.960999,761.727539,78.128967,30.566416,2,3.434676,1.621862,3.569855,2.637697,0.377623,2.621274,154.772995,1.634065,1.896814,0.851627,3.367627
1776195151.938926,231.768814,528.712097,761.727539,760.480896,78.768318,30.476612,2,3.416294,1.626512,3.5226,2.602285,0.376975,2.628576,145.949524,1.634065,1.896814,0.851627,3.367627
1776195152.694468,240.280807,525.186829,755.494141,765.467651,79.418221,31.390068,2,3.427484,1.580451,5.00763,2.589444,0.379752,2.557064,116.820877,1.634065,1.896814,0.851627,3.367627
1776195153.454986,236.024811,519.46936,760.480896,755.494141,78.897446,31.241116,2,3.432436,1.587778,5.156775,2.610302,0.374755,2.568319,167.559677,1.634065,1.896814,0.851627,3.367627
1776195154.200543,233.896805,509.130371,745.520569,743.027161,80.480675,31.478903,2,3.495307,1.576114,4.613507,2.605823,0.368648,2.550424,158.785538,1.634065,1.896814,0.851627,3.367627
1776195154.96106,233.896805,526.584106,760.480896,760.480896,78.897446,30.756435,2,3.478868,1.612111,4.947817,2.645613,0.377068,2.606024,167.521027,1.634065,1.896814,0.851627,3.367627
1776195155.720331,242.408798,526.798889,759.234192,769.207703,79.027,31.514088,2,3.493544,1.574403,7.261593,2.652418,0.381649,2.547809,185.214096,1.634065,1.896814,0.851627,3.367627
1776195156.494562,238.152802,531.054932,774.194458,769.207703,77.499908,30.960793,2,3.36822,1.601759,4.16137,2.607657,0.381463,2.589921,145.996048,1.634065,1.896814,0.851627,3.367627
1776195157.258831,233.896805,525.337402,764.220947,759.234192,78.51133,30.806938,2,3.479846,1.60954,4.10064,2.659371,0.376466,2.602016,140.187958,1.634065,1.896814,0.851627,3.367627
1776195158.013115,233.896805,520.350647,754.247437,754.247437,79.549492,31.010618,2,3.568425,1.599255,5.196394,2.691475,0.374061,2.58604,145.770081,1.634065,1.896814,0.851627,3.367627
1776195158.781113,227.512787,532.96814,767.960999,760.480896,78.128967,29.916964,2,3.364653,1.656122,2.772614,2.583923,0.376789,2.675498,137.629654,1.634065,1.896814,0.851627,3.367627
1776195159.53415,237.088791,527.132141,753.000732,764.220947,79.681198,31.023592,2,3.467013,1.598605,5.324536,2.610663,0.379011,2.585033,174.714569,1.634065,1.896814,0.851627,3.367627
1776195160.304641,236.024811,533.182861,770.454346,769.207703,77.876129,30.684147,2,3.337483,1.615806,3.77371,2.571378,0.38137,2.611794,140.451874,1.634065,1.896814,0.851627,3.367627
1776195161.07265,234.960815,531.753479,767.960999,766.714294,78.128967,30.645159,2,3.431523,1.617806,3.661061,2.635276,0.380121,2.614922,146.418045,1.634065,1.896814,0.851627,3.367627
1776195161.839401,234.960815,531.753479,766.714294,766.714294,78.256004,30.645159,2,3.471359,1.617806,4.5288,2.66154,0.380121,2.614922,155.780289,1.634065,1.896814,0.851627,3.367627
1776195162.612385,236.024811,538.169678,772.947754,774.194458,77.624908,30.486504,2,3.546244,1.625999,4.109195,2.741061,0.383776,2.627769,166.31723,1.634065,1.896814,0.851627,3.367627
1776195163.387863,230.704803,538.50293,775.441101,769.207703,77.375313,29.992523,2,3.392555,1.65206,3.004813,2.630726,0.381138,2.669016,146.766174,1.634065,1.896814,0.851627,3.367627
1776195164.149627,230.704803,531.022705,761.727539,761.727539,78.768318,30.287052,2,3.42411,1.636419,4.363389,2.608239,0.37753,2.644192,156.651962,1.634065,1.896814,0.851627,3.367627
1776195164.907663,237.088791,528.378845,757.987488,765.467651,79.156982,30.973064,2,3.40237,1.601141,5.381705,2.578954,0.379613,2.588964,161.769043,1.634065,1.896814,0.851627,3.367627
1776195165.665687,239.216797,521.264099,757.987488,760.480896,79.156982,31.45599,2,3.421794,1.57723,4.788685,2.593677,0.3773,2.552131,146.660904,1.634065,1.896814,0.851627,3.367627
1776195166.433685,240.280807,528.92688,767.960999,769.207703,78.128967,31.237442,2,3.388795,1.58796,5.88319,2.602463,0.381556,2.568599,126.334373,1.634065,1.896814,0.851627,3.367627
1776195167.200435,239.216797,526.250854,766.714294,765.467651,78.256004,31.251066,2,3.415842,1.587286,4.214941,2.618975,0.379706,2.567563,148.407959,1.634065,1.896814,0.851627,3.367627
1776195167.9622,239.216797,522.510742,761.727539,761.727539,78.768318,31.40451,2,3.621263,1.579744,6.214196,2.758416,0.377901,2.555981,161.83017,1.634065,1.896814,0.851627,3.367627
1776195168.731455,222.192795,527.06781,769.207703,749.26062,78.002342,29.654942,2,3.489449,1.670369,2.573055,2.684111,0.371144,2.698341,122.619743,1.634065,1.896814,0.851627,3.367627
1776195169.49322,224.320801,539.900146,761.727539,764.220947,78.768318,29.352873,2,3.547874,1.68711,3.114892,2.702513,0.378454,2.725401,151.126694,1.634065,1.896814,0.851627,3.367627
1776195170.253737,233.896805,537.80426,760.480896,771.70105,78.897446,30.309252,2,3.568179,1.635252,6.483995,2.713532,0.38248,2.642349,171.008911,1.634065,1.896814,0.851627,3.367627
1776195171.021735,244.536804,535.891052,767.960999,780.427856,78.128967,31.333685,2,3.459437,1.583216,6.434133,2.656713,0.387155,2.561306,171.99707,1.634065,1.896814,0.851627,3.367627
1776195171.813419,229.640793,544.55365,791.648132,774.194458,75.791245,29.6619,2,3.377115,1.669988,4.037156,2.673487,0.383497,2.697726,165.898087,1.634065,1.896814,0.851627,3.367627
1776195172.562728,238.152802,521.081421,749.26062,759.234192,80.078941,31.367502,2,3.490327,1.581556,5.977664,2.615165,0.376652,2.558759,160.491699,1.634065,1.896814,0.851627,3.367627
1776195173.326986,228.576797,524.42395,764.220947,753.000732,78.51133,30.355453,2,3.420285,1.63283,3.753699,2.613853,0.373227,2.638525,156.78418,1.634065,1.896814,0.851627,3.367627
1776195174.08875,234.960815,534.246887,761.727539,769.207703,78.768318,30.545822,2,3.446414,1.622926,3.842371,2.625229,0.381324,2.622943,149.592514,1.634065,1.896814,0.851627,3.367627
1776195174.846774,240.280807,523.940125,757.987488,764.220947,79.156982,31.441275,2,3.458334,1.577948,4.279931,2.621374,0.379151,2.55323,149.129486,1.634065,1.896814,0.851627,3.367627
1776195175.617265,237.088791,529.625488,770.454346,766.714294,77.876129,30.922705,2,3.512733,1.603678,5.710252,2.706401,0.380214,2.592899,127.514061,1.634065,1.896814,0.851627,3.367627
1776195176.395247,238.152802,541.028442,777.934509,779.181213,77.127312,30.564495,2,3.413351,1.621961,5.046257,2.655363,0.386275,2.621429,145.29454,1.634065,1.896814,0.851627,3.367627
1776195177.169479,231.768814,534.945496,774.194458,766.714294,77.499908,30.228838,2,3.401853,1.639486,3.866531,2.633696,0.379982,2.649044,134.078857,1.634065,1.896814,0.851627,3.367627
1776195177.933736,232.832794,532.634888,764.220947,765.467651,78.51133,30.417065,2,3.502076,1.629611,4.539485,2.67636,0.379427,2.633451,165.435257,1.634065,1.896814,0.851627,3.367627
1776195178.701734,231.768814,534.945496,767.960999,766.714294,78.128967,30.228838,2,3.480567,1.639486,4.237889,2.67294,0.379982,2.649044,163.34404,1.634065,1.896814,0.851627,3.367627
1776195179.461004,239.216797,528.744202,759.234192,767.960999,79.027,31.149601,2,3.515909,1.592314,4.816223,2.669398,0.380908,2.57531,170.030655,1.634065,1.896814,0.851627,3.367627
1776195180.21904,242.408798,519.318726,757.987488,761.727539,79.156982,31.823557,2,3.506678,1.559517,4.646002,2.658018,0.378041,2.52516,156.091629,1.634065,1.896814,0.851627,3.367627
1776195180.990778,239.216797,528.744202,771.70105,767.960999,77.750313,31.149601,2,3.483677,1.592314,3.269508,2.688357,0.380908,2.57531,154.78212,1.634065,1.896814,0.851627,3.367627
1776195181.740075,248.792801,511.68811,749.26062,760.480896,80.078941,32.715195,2,3.467314,1.518203,5.105812,2.597922,0.377718,2.463287,154.112396,1.634065,1.896814,0.851627,3.367627
1776195182.488126,229.640793,495.932739,748.013916,725.573547,80.21241,31.649553,2,3.021908,1.567851,-2.186274,2.260429,0.360043,2.537817,109.544769,1.634065,1.896814,0.851627,3.367627
1776195183.217476,236.024811,500.768951,729.313599,736.793762,82.269135,32.034039,2,3.500776,1.549557,1.996851,2.553164,0.365734,2.510111,181.047501,1.634065,1.896814,0.851627,3.367627
1776195183.973005,246.664825,521.296143,755.494141,767.960999,79.418221,32.119446,2,3.685618,1.545553,4.110003,2.784463,0.381234,2.504084,150.960434,1.634065,1.896814,0.851627,3.367627
1776195184.743496,238.152802,522.328125,770.454346,760.480896,77.876129,31.31608,2,3.393348,1.584082,4.052136,2.614419,0.377254,2.562636,168.659286,1.634065,1.896814,0.851627,3.367627
1776195185.505273,247.728806,525.218933,761.727539,772.947754,78.768318,32.049877,2,3.49161,1.548813,4.440495,2.659656,0.383686,2.50899,153.69902,1.634065,1.896814,0.851627,3.367627
1776195186.290724,238.152802,536.041626,785.414673,774.194458,76.392769,30.761368,2,3.488145,1.61186,4.899571,2.73964,0.383869,2.605632,152.906433,1.634065,1.896814,0.851627,3.367627
1776195187.066202,233.896805,536.557556,775.441101,770.454346,77.375313,30.358297,2,3.492517,1.632681,3.929685,2.708241,0.381879,2.63829,130.990143,1.634065,1.896814,0.851627,3.367627
1776195187.836692,240.280807,537.653687,770.454346,777.934509,77.876129,30.887022,2,3.439494,1.60548,3.810574,2.649973,0.385766,2.595699,166.113419,1.634065,1.896814,0.851627,3.367627
1776195188.598469,242.408798,521.812134,761.727539,764.220947,78.768318,31.719727,2,3.435234,1.564479,3.060991,2.616712,0.379243,2.532688,144.86554,1.634065,1.896814,0.851627,3.367627
1776195189.378933,232.832794,536.374878,780.427856,769.207703,76.880905,30.269169,2,3.403386,1.63736,3.006576,2.656097,0.381231,2.645679,148.082535,1.634065,1.896814,0.851627,3.367627
1776195190.140697,238.152802,529.808228,761.727539,767.960999,78.768318,31.011053,2,3.430438,1.599233,3.151829,2.613059,0.380862,2.586007,141.980301,1.634065,1.896814,0.851627,3.367627
1776195190.918668,240.280807,540.147034,777.934509,780.427856,77.127312,30.788343,2,3.436108,1.610486,3.995996,2.673067,0.386969,2.60349,160.051651,1.634065,1.896814,0.851627,3.367627
1776195191.695392,239.216797,536.224304,776.687805,775.441101,77.251114,30.849127,2,3.4022,1.607399,3.536553,2.642447,0.384517,2.598682,161.823715,1.634065,1.896814,0.851627,3.367627
1776195192.459662,236.024811,524.456055,764.220947,760.480896,78.51133,31.036259,2,3.47806,1.59797,3.135674,2.658006,0.377161,2.584051,132.621155,1.634065,1.896814,0.851627,3.367627
1776195193.225166,226.448807,527.798645,765.467651,754.247437,78.383453,30.023146,2,3.462794,1.650419,2.965085,2.650657,0.373736,2.666403,147.204041,1.634065,1.896814,0.851627,3.367627
1776195193.97945,232.832794,528.894775,754.247437,761.727539,79.549492,30.566416,2,3.510662,1.621862,3.219867,2.647908,0.377623,2.621274,142.419128,1.634065,1.896814,0.851627,3.367627
1776195194.759915,234.960815,547.96051,780.427856,782.921326,76.880905,30.010784,2,3.411875,1.651081,3.827464,2.662723,0.387939,2.667457,142.186951,1.634065,1.896814,0.851627,3.367627
1776195195.539144,234.960815,544.220398,779.181213,779.181213,77.003906,30.154837,2,3.364144,1.643402,3.970404,2.621278,0.386135,2.65525,149.229706,1.634065,1.896814,0.851627,3.367627
1776195196.310882,238.152802,537.28833,771.70105,775.441101,77.750313,30.711914,2,3.44686,1.614385,3.516542,2.659945,0.38447,2.609573,147.843216,1.634065,1.896814,0.851627,3.367627
1776195197.081373,234.960815,531.753479,770.454346,766.714294,77.876129,30.645159,2,3.484232,1.617806,3.914594,2.684441,0.380121,2.614922,155.608902,1.634065,1.896814,0.851627,3.367627
1776195197.868071,227.512787,550.421753,786.661377,777.934509,76.271698,29.245752,2,3.366096,1.693129,3.278614,2.647978,0.385209,2.735189,154.892807,1.634065,1.896814,0.851627,3.367627
1776195198.624847,238.152802,531.054932,756.740784,769.207703,79.287384,30.960793,2,3.452766,1.601759,3.133544,2.612849,0.381463,2.589921,135.61644,1.634065,1.896814,0.851627,3.367627
1776195199.392857,239.216797,529.990906,767.960999,769.207703,78.128967,31.099117,2,3.436342,1.594828,4.891641,2.638977,0.38151,2.579192,152.396713,1.634065,1.896814,0.851627,3.367627
1776195200.167088,239.216797,534.977661,774.194458,774.194458,77.499908,30.8988,2,3.51249,1.604885,5.356591,2.719351,0.383915,2.594774,144.802307,1.634065,1.896814,0.851627,3.367627
1776195200.936332,245.600784,531.087036,769.207703,776.687805,78.002342,31.621557,2,3.561542,1.569201,5.048974,2.739565,0.385397,2.539872,157.355042,1.634065,1.896814,0.851627,3.367627
1776195201.725524,232.832794,541.361694,789.154724,774.194458,76.030716,30.0742,2,3.487933,1.647692,2.892018,2.752519,0.383637,2.662062,150.574234,1.634065,1.896814,0.851627,3.367627
1776195202.49104,240.280807,533.913635,765.467651,774.194458,78.383453,31.036234,2,3.54579,1.597971,3.780209,2.714187,0.383962,2.584053,146.921371,1.634065,1.896814,0.851627,3.367627
1776195203.262777,231.768814,529.95874,771.70105,761.727539,77.750313,30.426735,2,3.482022,1.629107,2.929616,2.68708,0.377576,2.632658,137.295166,1.634065,1.896814,0.851627,3.367627
1776195204.037008,234.960815,542.973694,774.194458,777.934509,77.499908,30.203161,2,3.51787,1.640843,2.788439,2.723515,0.385534,2.651192,145.613205,1.634065,1.896814,0.851627,3.367627
1776195204.817473,231.768814,544.919006,780.427856,776.687805,76.880905,29.840666,2,3.429645,1.660245,2.781793,2.67659,0.384793,2.68209,144.859161,1.634065,1.896814,0.851627,3.367627
1776195205.591715,231.768814,542.425659,774.194458,774.194458,77.499908,29.936769,2,3.459278,1.655055,3.117021,2.678154,0.38359,2.673795,146.943161,1.634065,1.896814,0.851627,3.367627
1776195206.3647,236.024811,541.909668,772.947754,777.934509,77.624908,30.339931,2,3.426982,1.633643,4.863845,2.648878,0.38558,2.639807,135.795013,1.634065,1.896814,0.851627,3.367627
1776195207.138931,238.152802,538.535034,774.194458,776.687805,77.499908,30.662617,2,3.377204,1.61691,3.577713,2.614613,0.385072,2.61352,146.976028,1.634065,1.896814,0.851627,3.367627
1776195207.904435,243.472794,528.228271,765.467651,771.70105,78.383453,31.550144,2,3.358436,1.572654,3.537911,2.570774,0.382898,2.545137,141.222626,1.634065,1.896814,0.851627,3.367627
1776195208.68864,243.472794,540.695251,784.16803,784.16803,76.514214,31.048548,2,3.33256,1.597355,3.798347,2.613287,0.388912,2.583099,145.165939,1.634065,1.896814,0.851627,3.367627
1776195209.472856,249.856812,541.791321,784.16803,791.648132,76.514214,31.561598,2,3.255723,1.572099,3.620966,2.553033,0.3928,2.54429,154.581131,1.634065,1.896814,0.851627,3.367627
1776195210.244593,266.880798,524.767334,771.70105,791.648132,77.750313,33.712048,2,2.97803,1.474601,2.581904,2.298149,0.393543,2.39956,132.656113,1.634065,1.896814,0.851627,3.367627
1776195211.018824,280.712799,509.688629,774.194458,790.401428,77.499908,35.515221,2,2.757045,1.40195,3.717863,2.134489,0.393545,2.296964,142.596848,1.634065,1.896814,0.851627,3.367627
1776195211.801782,326.464783,510.064148,782.921326,836.528931,76.636055,39.026119,2,2.403338,1.279754,2.834078,1.881624,0.417795,2.134518,97.447639,1.634065,1.896814,0.851627,3.367627
1776195212.643346,687.487732,508.087952,841.515686,1195.575684,71.299919,57.502651,3,1.885955,0.812441,11.913481,1.587061,0.558543,1.612553,55.470661,3.054178,4.285746,0.0,3.990343
1776195216.813731,361.139832,366.927124,1418.733154,728.066956,42.291252,49.602554,3,1.09937,0.91741,1.871383,1.559713,0.331313,0.97343,11.151922,3.054178,4.285746,0.0,3.990343
1776195217.664022,272.200806,500.746948,850.242554,772.947754,70.5681,35.215939,2,1.749022,1.413493,2.183889,1.487093,0.384754,2.312966,71.016006,1.634065,1.896814,0.851627,3.367627
1776195218.468173,242.408798,526.798889,804.11499,769.207703,74.616196,31.514088,2,2.301971,1.574403,1.800928,1.851049,0.381649,2.547809,82.782898,1.634065,1.896814,0.851627,3.367627
1776195219.251144,241.344788,540.329773,782.921326,781.674561,76.636055,30.875355,2,3.19091,1.60607,1.735277,2.498232,0.387617,2.596617,120.192436,1.634065,1.896814,0.851627,3.367627
1776195220.010414,248.792801,519.168213,759.234192,767.960999,79.027,32.396542,2,3.398201,1.532707,4.935444,2.58003,0.381326,2.484843,100.818916,1.634065,1.896814,0.851627,3.367627
1776195220.783398,244.536804,523.424194,772.947754,767.960999,77.624908,31.842348,2,3.325043,1.558623,4.034696,2.570085,0.381141,2.523805,135.80722,1.634065,1.896814,0.851627,3.367627
1776195221.551395,242.408798,523.058838,767.960999,765.467651,78.128967,31.668068,2,3.238806,1.56696,2.858605,2.487276,0.379845,2.53646,124.751945,1.634065,1.896814,0.851627,3.367627
1776195222.3169,248.792801,524.154968,765.467651,772.947754,78.383453,32.187531,2,3.231047,1.542376,3.487058,2.473262,0.383732,2.499313,121.420708,1.634065,1.896814,0.851627,3.367627
1776195223.102363,242.408798,535.525696,785.414673,777.934509,76.392769,31.160566,2,3.091803,1.591769,1.308843,2.428347,0.385859,2.57447,113.807899,1.634065,1.896814,0.851627,3.367627
1776195223.879088,243.472794,534.461731,776.687805,777.934509,77.251114,31.297338,2,3.108306,1.585004,3.152196,2.414183,0.385905,2.564053,116.269562,1.634065,1.896814,0.851627,3.367627
1776195224.649578,255.176788,528.991211,770.454346,784.16803,77.876129,32.541084,2,3.151054,1.526093,2.625047,2.427743,0.389423,2.47499,105.921074,1.634065,1.896814,0.851627,3.367627
1776195225.416329,249.856812,510.624084,766.714294,760.480896,78.256004,32.85511,2,3.162763,1.511924,3.462347,2.424936,0.377764,2.45401,129.608383,1.634065,1.896814,0.851627,3.367627
1776195226.200546,250.920792,534.493896,784.16803,785.414673,76.514214,31.947556,2,3.131253,1.553634,2.631472,2.455429,0.389839,2.51626,112.127083,1.634065,1.896814,0.851627,3.367627
1776195226.98849,243.472794,535.708435,787.908081,779.181213,76.151016,31.247261,2,3.096056,1.587474,1.403023,2.439408,0.386507,2.567852,115.731453,1.634065,1.896814,0.851627,3.367627
1776195227.761475,241.344788,529.109558,772.947754,770.454346,77.624908,31.324995,2,3.20385,1.583643,2.382272,2.476408,0.382204,2.561962,113.762962,1.634065,1.896814,0.851627,3.367627
1776195228.544432,229.640793,539.566895,782.921326,769.207703,76.636055,29.854198,2,3.206927,1.659512,1.584736,2.510772,0.381092,2.680918,109.813713,1.634065,1.896814,0.851627,3.367627
1776195229.292495,236.024811,519.46936,748.013916,755.494141,80.21241,31.241116,2,3.407588,1.587778,2.834629,2.548923,0.374755,2.568319,106.456535,1.634065,1.896814,0.851627,3.367627
1776195230.076699,217.936798,545.037476,784.16803,762.974243,76.514214,28.56411,2,3.647165,1.732492,1.911814,2.85999,0.377574,2.799957,133.674591,1.634065,1.896814,0.851627,3.367627
1776195230.838463,220.064789,544.156128,761.727539,764.220947,78.768318,28.795963,2,3.958727,1.718894,3.905818,3.015471,0.378268,2.777434,108.661339,1.634065,1.896814,0.851627,3.367627
1776195231.617681,217.936798,558.750977,779.181213,776.687805,77.003906,28.059769,2,3.908582,1.762846,3.128036,3.045494,0.384189,2.850802,142.021027,1.634065,1.896814,0.851627,3.367627
1776195232.390665,223.256805,555.924438,772.947754,779.181213,77.624908,28.652746,2,3.801701,1.727267,4.503869,2.938517,0.385624,2.791285,160.655487,1.634065,1.896814,0.851627,3.367627
1776195233.174882,217.936798,559.997681,784.16803,777.934509,76.514214,28.014799,2,3.780241,1.765606,3.415165,2.964344,0.384791,2.855464,164.71199,1.634065,1.896814,0.851627,3.367627
1776195233.947866,222.192795,555.741699,772.947754,777.934509,77.624908,28.56189,2,3.857553,1.732623,5.016258,2.981687,0.384976,2.800175,175.497955,1.634065,1.896814,0.851627,3.367627
1776195234.714617,226.448807,545.252258,766.714294,771.70105,78.256004,29.344112,2,3.842319,1.6876,5.428741,2.945961,0.382155,2.726198,129.219345,1.634065,1.896814,0.851627,3.367627
1776195235.48012,230.704803,539.749512,765.467651,770.454346,78.383453,29.943995,2,3.674247,1.654667,2.150586,2.812517,0.38174,2.673174,141.122192,1.634065,1.896814,0.851627,3.367627
1776195236.249377,234.960815,539.233643,769.207703,774.194458,78.002342,30.34907,2,3.594377,1.633164,3.553663,2.764823,0.38373,2.639052,116.004601,1.634065,1.896814,0.851627,3.367627
1776195237.046048,241.344788,562.770203,796.634888,804.11499,75.316811,30.013716,2,3.627227,1.650924,5.983722,2.889576,0.398442,2.667207,189.233032,1.634065,1.896814,0.851627,3.367627
1776195237.84272,258.368805,558.213135,796.634888,816.581909,75.316811,31.64028,2,3.44076,1.568298,6.411735,2.741029,0.405199,2.538497,133.444733,1.634065,1.896814,0.851627,3.367627
1776195238.621949,516.543579,518.209106,779.181213,1034.752686,77.003906,49.919521,3,2.586038,0.850883,11.534527,2.014992,0.439518,1.847198,81.750488,3.054178,4.285746,0.0,3.990343
1776195299.894873,963.628235,523.672913,1321.491333,1487.301147,45.403248,64.79039,3,0.850581,0.779153,9.451783,1.124036,0.750814,0.981674,10.0,3.054178,4.285746,0.0,3.990343
1776195301.39722,1000.0,727.912231,1502.261353,1727.912231,39.939789,57.87331,3,0.634679,0.776139,4.845154,0.953454,0.776139,0.950945,10.0,3.054178,4.285746,0.0,3.990343
1776195303.249898,862.018005,658.943787,1852.581299,1520.961792,32.387241,56.67585,3,0.1,0.788922,-0.028347,0.185258,0.680065,0.925792,10.0,3.054178,4.285746,0.0,3.990343
1776195304.476702,302.564514,340.727478,1226.74292,643.291992,48.910004,47.033775,3,1.387901,0.96022,1.725076,1.702598,0.290529,1.021945,17.227787,3.054178,4.285746,0.0,3.990343
1776195305.28584,233.896805,514.117126,809.101746,748.013916,74.156311,31.269043,2,2.809095,1.586399,1.025753,2.272844,0.371054,2.566197,63.98344,1.634065,1.896814,0.851627,3.367627
1776195306.051343,219.000793,529.013123,765.467651,748.013916,78.383453,29.277637,2,3.705011,1.691333,2.927487,2.836066,0.370403,2.732265,93.71183,1.634065,1.896814,0.851627,3.367627
1776195306.801887,231.768814,533.698853,750.507385,765.467651,79.945915,30.278069,2,3.931417,1.636891,2.501493,2.950557,0.37938,2.644939,99.964279,1.634065,1.896814,0.851627,3.367627
1776195307.576131,216.872803,539.867981,774.194458,756.740784,77.499908,28.658794,2,3.831571,1.726912,2.393764,2.966381,0.37452,2.790696,149.016068,1.634065,1.896814,0.851627,3.367627
1776195308.324181,221.128799,531.871948,748.013916,753.000732,80.21241,29.366346,2,3.896829,1.686356,3.802092,2.914882,0.372902,2.724177,122.870537,1.634065,1.896814,0.851627,3.367627
1776195309.083451,213.680801,536.826599,759.234192,750.507385,79.027,28.471512,2,3.921876,1.737984,2.737879,2.977623,0.371374,2.809099,122.07708,1.634065,1.896814,0.851627,3.367627
1776195309.833995,211.552795,536.461121,750.507385,748.013916,79.945915,28.281933,2,4.05653,1.749342,3.205804,3.044456,0.370078,2.828084,160.565659,1.634065,1.896814,0.851627,3.367627
1776195310.574566,220.064789,530.442627,740.533813,750.507385,81.022636,29.322136,2,3.979957,1.688832,4.681434,2.947293,0.371653,2.728199,118.195557,1.634065,1.896814,0.851627,3.367627
1776195311.33259,217.936798,537.557373,757.987488,755.494141,79.156982,28.84692,2,3.837509,1.715935,3.118931,2.908783,0.373965,2.772553,141.573105,1.634065,1.896814,0.851627,3.367627
1776195312.079393,223.256805,529.743896,746.767273,753.000732,80.346313,29.648951,2,3.845091,1.670698,4.060178,2.871388,0.372995,2.69887,133.011658,1.634065,1.896814,0.851627,3.367627
1776195312.847403,217.936798,543.790771,767.960999,761.727539,78.128967,28.610859,2,3.883213,1.729732,5.272105,2.982156,0.376972,2.795374,123.42527,1.634065,1.896814,0.851627,3.367627
1776195313.60044,221.128799,535.612,753.000732,756.740784,79.681198,29.221207,2,3.959981,1.694515,4.832378,2.981869,0.374706,2.737447,167.322754,1.634065,1.896814,0.851627,3.367627
1776195314.352231,213.680801,529.346375,751.754089,743.027161,79.813332,28.758141,2,3.909024,1.721097,2.08589,2.938625,0.367765,2.781073,124.392265,1.634065,1.896814,0.851627,3.367627
1776195315.109008,211.552795,542.694641,756.740784,754.247437,79.287384,28.048197,2,3.809104,1.763556,2.481592,2.882504,0.373085,2.852,122.896515,1.634065,1.896814,0.851627,3.367627
1776195315.864539,213.680801,544.306702,755.494141,757.987488,79.418221,28.190544,2,3.950826,1.754871,5.290573,2.984826,0.374982,2.837368,141.532364,1.634065,1.896814,0.851627,3.367627
1776195316.622563,220.064789,545.402832,757.987488,765.467651,79.156982,28.749063,2,3.95937,1.721627,5.812913,3.001153,0.378869,2.781948,137.835907,1.634065,1.896814,0.851627,3.367627
1776195317.378105,216.872803,534.881287,755.494141,751.754089,79.418221,28.848902,2,3.902215,1.71582,3.892123,2.9481,0.372115,2.772364,129.553711,1.634065,1.896814,0.851627,3.367627
1776195318.137376,211.552795,541.447937,759.234192,753.000732,79.027,28.094635,2,3.993354,1.760713,3.245091,3.031891,0.372484,2.847203,150.672714,1.634065,1.896814,0.851627,3.367627
1776195318.882933,219.000793,535.246643,745.520569,754.247437,80.480675,29.035669,2,4.060987,1.705064,5.812656,3.027549,0.37341,2.754688,115.246986,1.634065,1.896814,0.851627,3.367627
1776195319.663397,216.872803,561.061707,780.427856,777.934509,76.880905,27.878029,2,3.954981,1.774054,4.169302,3.086577,0.384744,2.869773,175.23497,1.634065,1.896814,0.851627,3.367627
1776195320.420175,224.320801,541.146851,756.740784,765.467651,79.287384,29.305065,2,4.004464,1.689791,6.972665,3.030341,0.379055,2.729757,138.903366,1.634065,1.896814,0.851627,3.367627
1776195321.179446,223.256805,534.730713,759.234192,757.987488,79.027,29.453892,2,3.976219,1.681473,4.604695,3.018881,0.3754,2.716263,125.109085,1.634065,1.896814,0.851627,3.367627
1776195321.938728,224.320801,536.160095,759.234192,760.480896,79.027,29.497231,2,3.923052,1.679067,4.107176,2.978515,0.37665,2.71237,113.943108,1.634065,1.896814,0.851627,3.367627
1776195322.714206,217.936798,550.02417,775.441101,767.960999,77.375313,28.37863,2,3.884355,1.74353,3.347642,3.012089,0.379979,2.818356,157.886002,1.634065,1.896814,0.851627,3.367627
1776195323.461009,228.576797,530.65741,746.767273,759.234192,80.346313,30.106232,2,3.947871,1.645985,4.540954,2.948141,0.376234,2.65935,122.8871,1.634065,1.896814,0.851627,3.367627
1776195324.237734,207.296799,544.457275,776.687805,751.754089,77.251114,27.575081,2,3.793751,1.793064,-0.286192,2.946561,0.371697,2.902196,118.615326,1.634065,1.896814,0.851627,3.367627
1776195324.987031,219.000793,543.97345,749.26062,762.974243,80.078941,28.703564,2,3.93581,1.724287,4.853197,2.948947,0.37762,2.786348,130.715347,1.634065,1.896814,0.851627,3.367627
1776195325.7513,215.808792,544.672119,764.220947,760.480896,78.51133,28.377937,2,4.013496,1.743571,5.628629,3.067198,0.376278,2.818425,143.515442,1.634065,1.896814,0.851627,3.367627
1776195326.530518,215.808792,563.372437,779.181213,779.181213,77.003906,27.696869,2,3.950732,1.785372,3.987441,3.078336,0.385299,2.88904,129.558624,1.634065,1.896814,0.851627,3.367627
1776195327.297269,219.000793,551.453552,766.714294,770.454346,78.256004,28.424889,2,3.974668,1.740763,6.605712,3.047434,0.381229,2.813735,134.918579,1.634065,1.896814,0.851627,3.367627
1776195328.072747,217.936798,556.25769,775.441101,774.194458,77.375313,28.150135,2,3.918241,1.757328,3.962253,3.038365,0.382986,2.8415,128.33255,1.634065,1.896814,0.851627,3.367627
1776195328.843238,205.168793,550.325317,770.454346,755.494141,77.876129,27.156902,2,3.96747,1.820003,3.775876,3.056755,0.373408,2.948667,124.956566,1.634065,1.896814,0.851627,3.367627
1776195329.607507,217.936798,561.244385,764.220947,779.181213,78.51133,27.969976,2,4.027358,1.768366,3.538756,3.077791,0.385392,2.860131,115.588112,1.634065,1.896814,0.851627,3.367627
1776195330.380491,213.680801,554.280212,772.947754,767.960999,77.624908,27.824434,2,3.975424,1.777387,2.382786,3.072795,0.379793,2.875436,142.850388,1.634065,1.896814,0.851627,3.367627
1776195331.144749,217.936798,551.270874,764.220947,769.207703,78.51133,28.332632,2,3.893711,1.746289,4.520172,2.975655,0.380581,2.822972,129.588974,1.634065,1.896814,0.851627,3.367627
1776195331.925213,215.808792,562.125732,780.427856,777.934509,76.880905,27.741253,2,3.859372,1.782586,2.962001,3.011961,0.384698,2.884286,175.379837,1.634065,1.896814,0.851627,3.367627
1776195332.683237,217.936798,542.544067,757.987488,760.480896,79.156982,28.657761,2,3.959447,1.726973,4.757622,3.001212,0.376371,2.790797,166.726334,1.634065,1.896814,0.851627,3.367627
1776195333.46122,213.680801,559.266968,777.934509,772.947754,77.127312,27.64492,2,3.965724,1.788645,3.686029,3.085074,0.382199,2.894632,152.119843,1.634065,1.896814,0.851627,3.367627
1776195334.230464,217.936798,556.25769,769.207703,774.194458,78.002342,28.150135,2,3.918374,1.757328,4.573192,3.014043,0.382986,2.8415,112.060692,1.634065,1.896814,0.851627,3.367627
1776195334.999708,216.872803,551.088196,769.207703,767.960999,78.002342,28.240082,2,3.858602,1.751869,3.668294,2.968066,0.379933,2.832325,124.386307,1.634065,1.896814,0.851627,3.367627
1776195335.775186,220.064789,559.116455,775.441101,779.181213,77.375313,28.243082,2,3.829975,1.751688,6.131215,2.96992,0.385485,2.832021,139.187683,1.634065,1.896814,0.851627,3.367627
1776195336.540702,219.000793,545.220154,765.467651,764.220947,78.383453,28.656738,2,3.896828,1.727033,4.810972,2.982896,0.378222,2.790896,127.472565,1.634065,1.896814,0.851627,3.367627
1776195337.322413,212.616806,561.577637,781.674561,774.194458,76.758286,27.462971,2,3.946805,1.800206,4.178261,3.085117,0.382754,2.914456,130.965485,1.634065,1.896814,0.851627,3.367627
1776195338.090411,217.936798,556.25769,767.960999,774.194458,78.128967,28.150135,2,3.957898,1.757328,5.18894,3.039511,0.382986,2.8415,129.113663,1.634065,1.896814,0.851627,3.367627
1776195338.878355,217.936798,569.971313,787.908081,787.908081,76.151016,27.660179,2,3.756915,1.787682,4.285879,2.960104,0.389602,2.892986,140.889404,1.634065,1.896814,0.851627,3.367627
1776195339.652598,223.256805,557.171021,774.194458,780.427856,77.499908,28.606976,2,3.898279,1.729961,4.466234,3.018026,0.386226,2.795753,127.681061,1.634065,1.896814,0.851627,3.367627
1776195340.436802,220.064789,560.363037,784.16803,780.427856,76.514214,28.197968,2,3.844223,1.754421,3.18113,3.014517,0.386086,2.83661,171.334244,1.634065,1.896814,0.851627,3.367627
1776195341.211033,216.872803,553.581543,774.194458,770.454346,77.499908,28.148689,2,3.989685,1.757416,1.737701,3.088792,0.381136,2.841648,156.955185,1.634065,1.896814,0.851627,3.367627
1776195341.985265,220.064789,557.869751,774.194458,777.934509,77.499908,28.288343,2,3.971624,1.748955,3.984283,3.074809,0.384883,2.827437,158.714737,1.634065,1.896814,0.851627,3.367627
1776195342.75826,205.168793,550.325317,772.947754,755.494141,77.624908,27.156902,2,3.918568,1.820003,2.838117,3.028848,0.373408,2.948667,156.961121,1.634065,1.896814,0.851627,3.367627
1776195343.521271,216.872803,559.815002,762.974243,776.687805,78.63961,27.922777,2,4.006054,1.771281,3.686212,3.056516,0.384143,2.865069,157.594879,1.634065,1.896814,0.851627,3.367627
1776195344.299242,214.744797,560.696289,777.934509,775.441101,77.127312,27.693245,2,3.886595,1.7856,3.114782,3.023516,0.383448,2.889429,159.771591,1.634065,1.896814,0.851627,3.367627
1776195345.06724,220.064789,554.129639,767.960999,774.194458,78.128967,28.425003,2,3.799115,1.740757,2.241975,2.917572,0.383079,2.813724,145.235291,1.634065,1.896814,0.851627,3.367627
1776195345.833991,224.320801,547.380249,766.714294,771.70105,78.256004,29.068354,2,3.812494,1.703196,3.729465,2.923093,0.382062,2.751628,149.310867,1.634065,1.896814,0.851627,3.367627
1776195346.61696,216.872803,557.321655,782.921326,774.194458,76.636055,28.012705,2,3.802645,1.765735,3.674426,2.977172,0.38294,2.855681,165.910141,1.634065,1.896814,0.851627,3.367627
1776195347.397425,225.384796,565.016602,780.427856,790.401428,76.880905,28.515232,2,3.790835,1.735386,2.859744,2.958473,0.39113,2.804772,131.852585,1.634065,1.896814,0.851627,3.367627
1776195348.176643,224.320801,553.613708,779.181213,777.934509,77.003906,28.835434,2,3.894193,1.716601,4.160636,3.034282,0.385069,2.773652,175.496292,1.634065,1.896814,0.851627,3.367627
1776195348.95212,232.832794,552.581909,775.441101,785.414673,77.375313,29.644569,2,3.762067,1.670938,4.204476,2.917261,0.389049,2.699257,144.667725,1.634065,1.896814,0.851627,3.367627
1776195349.728856,219.000793,541.480103,776.687805,760.480896,77.251114,28.79767,2,3.684236,1.718795,0.821898,2.861501,0.376417,2.77727,124.987785,1.634065,1.896814,0.851627,3.367627
1776195350.488127,228.576797,541.877563,759.234192,770.454346,79.027,29.667791,2,3.844474,1.669665,3.302003,2.918856,0.381647,2.697207,148.158768,1.634065,1.896814,0.851627,3.367627
1776195351.271085,226.448807,553.979065,782.921326,780.427856,76.636055,29.015982,2,3.825844,1.706191,4.27211,2.995335,0.386365,2.756536,161.747147,1.634065,1.896814,0.851627,3.367627
1776195352.050303,219.000793,551.453552,779.181213,770.454346,77.003906,28.424889,2,3.734893,1.740763,2.812598,2.910158,0.381229,2.813735,129.945999,1.634065,1.896814,0.851627,3.367627
1776195352.815819,225.384796,547.562988,765.467651,772.947754,78.383453,29.159126,2,3.894403,1.69803,4.033558,2.98104,0.38271,2.743181,123.121368,1.634065,1.896814,0.851627,3.367627
1776195353.595036,216.872803,552.3349,779.181213,769.207703,77.003906,28.194311,2,3.830477,1.754642,2.687466,2.984636,0.380534,2.836983,129.874985,1.634065,1.896814,0.851627,3.367627
1776195354.369267,216.872803,557.321655,774.194458,774.194458,77.499908,28.012705,2,3.816382,1.765735,1.69654,2.954622,0.38294,2.855681,97.927391,1.634065,1.896814,0.851627,3.367627
1776195355.153472,207.296799,565.65094,784.16803,772.947754,76.514214,26.818995,2,3.744303,1.842384,1.761346,2.936163,0.38192,2.987744,126.942909,1.634065,1.896814,0.851627,3.367627
1776195355.928962,207.296799,568.144287,775.441101,775.441101,77.375313,26.732758,2,4.024852,1.848187,3.398349,3.121036,0.383123,2.997945,161.158005,1.634065,1.896814,0.851627,3.367627
1776195356.69696,213.680801,561.760315,767.960999,775.441101,78.128967,27.556032,2,4.000578,1.794274,4.98134,3.072288,0.383402,2.904269,139.412567,1.634065,1.896814,0.851627,3.367627
1776195357.47119,215.808792,560.879028,774.194458,776.687805,77.499908,27.785784,2,3.943821,1.779799,3.915071,3.053285,0.384096,2.879539,126.301216,1.634065,1.896814,0.851627,3.367627
1776195358.250408,219.000793,563.920532,779.181213,782.921326,77.003906,27.97226,2,3.839582,1.768225,2.905603,2.99173,0.387243,2.859893,116.827667,1.634065,1.896814,0.851627,3.367627
1776195359.025898,225.384796,557.536499,775.441101,782.921326,77.375313,28.78767,2,3.860485,1.719376,5.170288,2.993579,0.387521,2.778231,109.206299,1.634065,1.896814,0.851627,3.367627
1776195359.802622,210.4888,548.745361,776.687805,759.234192,77.251114,27.723831,2,3.891761,1.783678,4.67611,3.022683,0.375444,2.886149,124.368324,1.634065,1.896814,0.851627,3.367627
1776195360.579347,201.976791,564.737488,776.687805,766.714294,77.251114,26.343161,2,4.017754,1.874874,4.205248,3.120541,0.378681,3.045229,149.186981,1.634065,1.896814,0.851627,3.367627
1776195361.361057,212.616806,581.524658,781.674561,794.141479,76.758286,26.773163,2,3.993375,1.845463,3.296716,3.12152,0.392377,2.993154,157.818848,1.634065,1.896814,0.851627,3.367627
1776195362.126561,217.936798,553.764282,765.467651,771.70105,78.383453,28.241093,2,3.982484,1.751808,4.643541,3.048463,0.381783,2.832222,119.866524,1.634065,1.896814,0.851627,3.367627
1776195362.904545,216.872803,559.815002,777.934509,776.687805,77.127312,27.922777,2,3.928749,1.771281,4.93023,3.056309,0.384143,2.865069,129.483887,1.634065,1.896814,0.851627,3.367627
1776195363.694983,208.360794,572.067078,790.401428,780.427856,75.910797,26.698277,2,3.956259,1.850517,4.585161,3.127033,0.385575,3.00205,146.579178,1.634065,1.896814,0.851627,3.367627
1776195364.459239,224.320801,558.600525,764.220947,782.921326,78.51133,28.651768,2,4.110973,1.727325,6.003219,3.141692,0.387475,2.79138,165.020218,1.634065,1.896814,0.851627,3.367627
1776195365.255923,220.064789,571.583374,796.634888,791.648132,75.316811,27.798307,2,4.015726,1.779017,3.939451,3.199067,0.391499,2.878208,193.259735,1.634065,1.896814,0.851627,3.367627
1776195366.023921,217.936798,547.530884,767.960999,765.467651,78.128967,28.471066,2,4.001565,1.738011,2.486402,3.073046,0.378776,2.809144,206.412399,1.634065,1.896814,0.851627,3.367627
1776195366.795659,221.128799,554.312317,771.70105,775.441101,77.750313,28.51652,2,4.014254,1.73531,4.180427,3.097804,0.383727,2.804645,114.54229,1.634065,1.896814,0.851627,3.367627
1776195367.563656,223.256805,547.19751,767.960999,770.454346,78.128967,28.977293,2,4.184604,1.708411,5.134635,3.213613,0.381414,2.760178,195.73317,1.634065,1.896814,0.851627,3.367627
1776195368.341626,212.616806,552.85083,777.934509,765.467651,77.127312,27.776066,2,4.0974,1.780406,2.922273,3.187509,0.378544,2.880573,182.421646,1.634065,1.896814,0.851627,3.367627
1776195369.125843,211.552795,571.36853,784.16803,782.921326,76.514214,27.020952,2,4.094769,1.82894,3.282139,3.210987,0.386917,2.96422,127.105759,1.634065,1.896814,0.851627,3.367627
1776195369.893841,215.808792,557.138977,767.960999,772.947754,78.128967,27.920231,2,4.276678,1.771438,3.929942,3.284322,0.382292,2.865336,140.083435,1.634065,1.896814,0.851627,3.367627
1776195370.671812,215.808792,562.125732,777.934509,777.934509,77.127312,27.741253,2,4.156205,1.782586,2.952712,3.233255,0.384698,2.884286,133.13855,1.634065,1.896814,0.851627,3.367627
1776195371.437316,214.744797,549.476135,765.467651,764.220947,78.383453,28.099833,2,4.021241,1.760395,2.126279,3.07813,0.378036,2.846668,120.618622,1.634065,1.896814,0.851627,3.367627
1776195372.221532,215.808792,569.605896,784.16803,785.414673,76.514214,27.477051,2,4.015783,1.799306,2.921686,3.149049,0.388306,2.912908,143.000977,1.634065,1.896814,0.851627,3.367627
1776195373.009477,212.616806,571.551208,787.908081,784.16803,76.151016,27.11368,2,4.0024,1.822835,1.656225,3.153523,0.387565,2.953587,140.307266,1.634065,1.896814,0.851627,3.367627
1776195373.781215,217.936798,559.997681,771.70105,777.934509,77.750313,28.014799,2,4.083262,1.765606,3.819863,3.151058,0.384791,2.855464,149.603561,1.634065,1.896814,0.851627,3.367627
1776195374.549212,217.936798,550.02417,767.960999,767.960999,78.128967,28.37863,2,4.223862,1.74353,5.558206,3.243761,0.379979,2.818356,172.773529,1.634065,1.896814,0.851627,3.367627
1776195375.337169,208.360794,568.327026,787.908081,776.687805,76.151016,26.826841,2,4.102405,1.841858,4.198602,3.232318,0.383771,2.986821,177.912445,1.634065,1.896814,0.851627,3.367627
1776195376.106413,217.936798,562.491089,769.207703,780.427856,78.002342,27.925297,2,4.168277,1.771125,4.329132,3.20627,0.385993,2.864805,174.851624,1.634065,1.896814,0.851627,3.367627
1776195376.884384,214.744797,559.449646,777.934509,774.194458,77.127312,27.737839,2,4.041241,1.7828,0.568035,3.143821,0.382847,2.884651,210.192825,1.634065,1.896814,0.851627,3.367627
1776195377.666095,210.4888,566.198975,781.674561,776.687805,76.758286,27.100826,2,4.150522,1.823678,1.513688,3.244357,0.383864,2.955055,153.069656,1.634065,1.896814,0.851627,3.367627
1776195378.431611,219.000793,556.440308,765.467651,775.441101,78.383453,28.242094,2,4.044355,1.751748,2.444361,3.095823,0.383634,2.832121,169.291809,1.634065,1.896814,0.851627,3.367627
1776195379.212075,220.064789,561.609741,780.427856,781.674561,76.880905,28.152994,2,3.977786,1.757154,3.079093,3.104375,0.386688,2.841207,142.968063,1.634065,1.896814,0.851627,3.367627
1776195379.983813,217.936798,551.270874,771.70105,769.207703,77.750313,28.332632,2,3.96033,1.746289,3.062496,3.056191,0.380581,2.822972,146.760345,1.634065,1.896814,0.851627,3.367627
1776195380.763031,215.808792,560.879028,779.181213,776.687805,77.003906,27.785784,2,4.029335,1.779799,2.800776,3.139582,0.384096,2.879539,161.089981,1.634065,1.896814,0.851627,3.367627
1776195381.546,212.616806,566.564392,782.921326,779.181213,76.636055,27.287209,2,4.10071,1.81152,1.754297,3.210534,0.38516,2.933967,149.270554,1.634065,1.896814,0.851627,3.367627
1776195382.317738,223.256805,560.911255,771.70105,784.16803,77.750313,28.470531,2,4.058148,1.738043,3.455371,3.131677,0.38803,2.809197,158.365067,1.634065,1.896814,0.851627,3.367627
1776195383.103189,215.808792,560.879028,785.414673,776.687805,76.392769,27.785784,2,3.945585,1.779799,3.78098,3.09892,0.384096,2.879539,126.897812,1.634065,1.896814,0.851627,3.367627
1776195383.88864,216.872803,569.788574,785.414673,786.661377,76.392769,27.56876,2,3.918038,1.793466,4.321348,3.077284,0.388954,2.902884,135.828415,1.634065,1.896814,0.851627,3.367627
1776195384.67161,213.680801,565.500427,782.921326,779.181213,76.636055,27.423763,2,3.898699,1.802717,2.468484,3.052375,0.385206,2.918777,153.950073,1.634065,1.896814,0.851627,3.367627
1776195385.433374,222.192795,549.50824,761.727539,771.70105,78.768318,28.792599,2,4.049904,1.71909,3.306152,3.084924,0.381969,2.777757,140.476837,1.634065,1.896814,0.851627,3.367627
1776195386.233786,217.936798,577.451416,800.374939,795.388184,74.964867,27.400055,2,4.039267,1.80424,2.018514,3.232928,0.39321,2.921399,147.174118,1.634065,1.896814,0.851627,3.367627
1776195387.019237,217.936798,567.477905,785.414673,785.414673,76.392769,27.747992,2,3.984606,1.782163,3.333543,3.129568,0.388399,2.883566,153.869781,1.634065,1.896814,0.851627,3.367627
1776195387.805947,207.296799,566.897644,786.661377,774.194458,76.271698,26.775805,2,4.094345,1.845286,3.956708,3.220863,0.382522,2.992841,128.901108,1.634065,1.896814,0.851627,3.367627
1776195388.592644,211.552795,580.095337,786.661377,791.648132,76.271698,26.723083,2,4.089446,1.84884,1.97941,3.217009,0.391127,2.999095,142.122772,1.634065,1.896814,0.851627,3.367627
1776195389.373109,221.128799,570.519348,780.427856,791.648132,76.880905,27.932713,2,4.098567,1.770666,4.324983,3.198636,0.391545,2.864028,119.07106,1.634065,1.896814,0.851627,3.367627
1776195390.171039,213.680801,575.473938,797.881592,789.154724,75.199127,27.077175,2,3.94712,1.825233,1.796999,3.149334,0.390017,2.957761,112.559914,1.634065,1.896814,0.851627,3.367627
1776195390.955244,211.552795,570.121765,784.16803,781.674561,76.514214,27.064049,2,4.015934,1.826097,1.829347,3.149167,0.386316,2.959265,121.65258,1.634065,1.896814,0.851627,3.367627
1776195391.741942,219.000793,576.38739,786.661377,795.388184,76.271698,27.533827,2,4.034716,1.795686,4.066897,3.173955,0.393257,2.906691,167.534866,1.634065,1.896814,0.851627,3.367627
1776195392.536132,214.744797,574.409912,794.141479,789.154724,75.553291,27.212004,2,3.987905,1.816406,3.887606,3.166961,0.390064,2.942426,159.946121,1.634065,1.896814,0.851627,3.367627
1776195393.325323,216.872803,574.77533,789.154724,791.648132,76.030716,27.3951,2,4.048571,1.804558,4.229371,3.194949,0.39136,2.921947,167.044418,1.634065,1.896814,0.851627,3.367627
1776195394.124488,212.616806,581.524658,799.128235,794.141479,75.081818,26.773163,2,4.034683,1.845463,2.370008,3.224229,0.392377,2.993154,157.409561,1.634065,1.896814,0.851627,3.367627
1776195394.899965,219.000793,563.920532,775.441101,782.921326,77.375313,27.97226,2,4.082421,1.768225,2.991559,3.165677,0.387243,2.859893,175.694565,1.634065,1.896814,0.851627,3.367627
1776195395.689168,223.256805,570.884644,789.154724,794.141479,76.030716,28.112974,2,4.048455,1.759593,2.670503,3.194857,0.392841,2.845315,139.719315,1.634065,1.896814,0.851627,3.367627
1776195396.48958,219.000793,576.38739,800.374939,795.388184,74.964867,27.533827,2,3.964823,1.795686,2.2672,3.173346,0.393257,2.906691,180.807541,1.634065,1.896814,0.851627,3.367627
1776195397.278771,209.424805,568.509705,789.154724,777.934509,76.030716,26.920622,2,3.998105,1.835594,2.970299,3.155123,0.384419,2.975843,158.315186,1.634065,1.896814,0.851627,3.367627
1776195398.055507,214.744797,568.176514,776.687805,782.921326,77.251114,27.428658,2,4.010595,1.802404,2.483098,3.11498,0.387057,2.918237,123.10833,1.634065,1.896814,0.851627,3.367627
1776195398.845945,220.064789,576.570068,790.401428,796.634888,75.910797,27.624298,2,4.09234,1.789948,3.566991,3.234592,0.393904,2.896859,139.120239,1.634065,1.896814,0.851627,3.367627
1776195399.651343,217.936798,584.931519,805.361694,802.868286,74.500687,27.144775,2,4.094158,1.820796,3.842371,3.297278,0.396819,2.950045,142.544952,1.634065,1.896814,0.851627,3.367627
1776195400.440547,212.616806,570.304504,789.154724,782.921326,76.030716,27.156853,2,4.02366,1.820006,4.893403,3.17529,0.386964,2.948672,137.913162,1.634065,1.896814,0.851627,3.367627
1776195401.214777,214.744797,561.942993,774.194458,776.687805,77.499908,27.648792,2,4.091547,1.788401,4.417327,3.167653,0.38405,2.894214,133.338608,1.634065,1.896814,0.851627,3.367627
1776195401.989008,216.872803,559.815002,774.194458,776.687805,77.499908,27.922777,2,4.207648,1.771281,3.530494,3.257538,0.384143,2.865069,160.162888,1.634065,1.896814,0.851627,3.367627
1776195402.764486,219.000793,558.933716,775.441101,777.934509,77.375313,28.151571,2,4.080288,1.75724,2.641863,3.164023,0.384837,2.841353,141.093613,1.634065,1.896814,0.851627,3.367627
1776195403.541211,221.128799,558.052429,776.687805,779.181213,77.251114,28.379637,2,4.046798,1.743469,4.269282,3.143099,0.385531,2.818255,127.227684,1.634065,1.896814,0.851627,3.367627
1776195404.321688,224.320801,559.847229,780.427856,784.16803,76.880905,28.606215,2,3.989743,1.730006,3.152086,3.113707,0.388076,2.795828,144.213745,1.634065,1.896814,0.851627,3.367627
1776195405.099658,224.320801,553.613708,777.934509,777.934509,77.127312,28.835434,2,3.99999,1.716601,3.836202,3.111731,0.385069,2.773652,117.720619,1.634065,1.896814,0.851627,3.367627
1776195405.871395,223.256805,547.19751,771.70105,770.454346,77.750313,28.977293,2,3.635531,1.708411,6.975639,2.805543,0.381414,2.760178,147.159698,1.634065,1.896814,0.851627,3.367627
1776195406.64438,228.576797,550.604431,772.947754,779.181213,77.624908,29.33551,2,3.630332,1.688082,2.795929,2.806057,0.385856,2.726981,133.350266,1.634065,1.896814,0.851627,3.367627
1776195407.432337,231.768814,559.879333,787.908081,791.648132,76.151016,29.276747,2,3.975021,1.691383,4.345948,3.131951,0.39201,2.732347,124.507584,1.634065,1.896814,0.851627,3.367627
1776195408.200334,231.768814,536.1922,767.960999,767.960999,78.128967,30.179764,2,3.923674,1.642081,5.065313,3.013228,0.380583,2.653155,133.305176,1.634065,1.896814,0.851627,3.367627
1776195408.975811,225.384796,542.576172,775.441101,767.960999,77.375313,29.348469,2,3.861556,1.687356,4.019495,2.994409,0.380304,2.725801,125.821602,1.634065,1.896814,0.851627,3.367627
1776195409.767496,223.256805,565.897949,791.648132,789.154724,75.791245,28.290627,2,3.859249,1.748818,3.241823,3.055167,0.390435,2.827206,127.441498,1.634065,1.896814,0.851627,3.367627
1776195410.547973,231.768814,558.632629,780.427856,790.401428,76.880905,29.322926,2,3.871539,1.688788,4.321017,3.021457,0.391408,2.728127,127.75705,1.634065,1.896814,0.851627,3.367627
1776195411.305997,238.152802,527.314819,757.987488,765.467651,79.156982,31.112066,2,4.022411,1.594183,3.022878,3.048937,0.379659,2.578195,113.492172,1.634065,1.896814,0.851627,3.367627
1776195412.096435,220.064789,549.142944,790.401428,769.207703,75.910797,28.609282,2,4.063047,1.729825,1.797366,3.211438,0.380674,2.795528,144.450729,1.634065,1.896814,0.851627,3.367627
1776195412.866925,219.000793,550.206909,770.454346,769.207703,77.876129,28.470957,2,4.003619,1.738017,3.100756,3.084605,0.380627,2.809155,135.406174,1.634065,1.896814,0.851627,3.367627
1776195413.652389,214.744797,565.683044,785.414673,780.427856,76.392769,27.516291,2,4.036239,1.796802,2.602172,3.170121,0.385854,2.908607,141.033798,1.634065,1.896814,0.851627,3.367627
1776195414.431607,219.000793,565.167236,779.181213,784.16803,77.003906,27.92779,2,4.080211,1.770971,1.377467,3.179224,0.387844,2.864544,133.928635,1.634065,1.896814,0.851627,3.367627
1776195415.217058,215.808792,565.865784,785.414673,781.674561,76.392769,27.608522,2,4.140194,1.790946,2.124811,3.25177,0.386502,2.898567,217.690308,1.634065,1.896814,0.851627,3.367627
1776195416.006261,212.616806,572.797852,789.154724,785.414673,76.030716,27.070644,2,4.0961,1.825663,1.399351,3.232456,0.388167,2.958509,165.21666,1.634065,1.896814,0.851627,3.367627
1776195416.786725,217.936798,568.724609,780.427856,786.661377,76.880905,27.704016,2,4.18877,1.784923,2.824752,3.269033,0.389,2.888273,190.022018,1.634065,1.896814,0.851627,3.367627
1776195417.562203,229.640793,559.513916,775.441101,789.154724,77.375313,29.09959,2,4.047128,1.701414,3.608812,3.138309,0.390714,2.748713,166.950394,1.634065,1.896814,0.851627,3.367627
1776195418.347654,229.640793,555.773865,785.414673,785.414673,76.392769,29.238159,2,3.956979,1.693558,3.935119,3.107869,0.38891,2.735888,148.637238,1.634065,1.896814,0.851627,3.367627
1776195419.141844,225.384796,563.769897,794.141479,789.154724,75.553291,28.56028,2,3.904372,1.732718,2.464702,3.100623,0.390528,2.800333,153.211838,1.634065,1.896814,0.851627,3.367627
1776195419.934775,228.576797,568.058105,792.894836,796.634888,75.672081,28.692795,2,3.883966,1.724917,3.765265,3.079577,0.394276,2.787392,112.590225,1.634065,1.896814,0.851627,3.367627
1776195420.700279,232.832794,537.621582,765.467651,770.454346,78.383453,30.220192,2,4.058119,1.639943,4.681324,3.106359,0.381832,2.649766,155.334839,1.634065,1.896814,0.851627,3.367627
1776195421.478251,245.600784,547.294067,777.934509,792.894836,77.127312,30.975203,2,3.999914,1.601034,6.133051,3.111671,0.393215,2.588797,147.289917,1.634065,1.896814,0.851627,3.367627
1776195422.274934,233.896805,549.024536,796.634888,782.921326,75.316811,29.87488,2,3.777703,1.658394,4.413398,3.00945,0.387893,2.679128,167.078629,1.634065,1.896814,0.851627,3.367627
1776195423.052905,233.896805,544.03772,777.934509,777.934509,77.127312,30.066389,2,3.818554,1.648108,4.349436,2.970585,0.385487,2.662725,114.845825,1.634065,1.896814,0.851627,3.367627
1776195423.844589,223.256805,555.924438,791.648132,779.181213,75.791245,28.652746,2,3.827514,1.727267,3.033526,3.030044,0.385624,2.791285,124.229507,1.634065,1.896814,0.851627,3.367627
1776195424.628806,222.192795,560.728516,784.16803,782.921326,76.514214,28.379965,2,3.878528,1.74345,2.130722,3.041418,0.387382,2.818222,129.298828,1.634065,1.896814,0.851627,3.367627
1776195425.40179,226.448807,551.485718,772.947754,777.934509,77.624908,29.10898,2,3.887123,1.70088,3.8709,3.004543,0.385162,2.747838,147.02887,1.634065,1.896814,0.851627,3.367627
1776195426.164801,231.768814,537.438904,762.974243,769.207703,78.63961,30.130848,2,3.903332,1.644676,3.402204,2.978142,0.381185,2.657271,136.475555,1.634065,1.896814,0.851627,3.367627
1776195426.977679,210.4888,577.419312,812.841797,787.908081,73.815102,26.714893,2,3.848374,1.849393,1.794135,3.128119,0.389277,3.00007,183.555527,1.634065,1.896814,0.851627,3.367627
1776195427.740702,223.256805,554.677734,762.974243,777.934509,78.63961,28.698662,2,3.89297,1.724574,4.054339,2.970236,0.385023,2.786823,166.113937,1.634065,1.896814,0.851627,3.367627
1776195428.544854,205.168793,577.752563,804.11499,782.921326,74.616196,26.205544,2,3.998504,1.884491,-0.131208,3.215257,0.386639,3.062416,148.522095,1.634065,1.896814,0.851627,3.367627
1776195429.29789,212.616806,549.110718,753.000732,761.727539,79.681198,27.912449,2,4.208895,1.77192,3.844684,3.169301,0.37674,2.866153,187.935287,1.634065,1.896814,0.851627,3.367627
1776195430.054668,214.744797,544.48938,756.740784,759.234192,79.287384,28.284395,2,4.023083,1.749193,4.518997,3.044431,0.37563,2.827836,154.534973,1.634065,1.896814,0.851627,3.367627
1776195430.825159,208.360794,554.613464,770.454346,762.974243,77.876129,27.309021,2,4.151174,1.810108,4.110517,3.19829,0.377156,2.931526,168.588165,1.634065,1.896814,0.851627,3.367627
1776195431.584442,216.872803,552.3349,759.234192,769.207703,79.027,28.194311,2,4.298321,1.754642,3.963097,3.263432,0.380534,2.836983,195.866989,1.634065,1.896814,0.851627,3.367627
1776195432.338726,214.744797,537.009277,754.247437,751.754089,79.549492,28.56583,2,4.191266,1.73239,4.585858,3.161252,0.372022,2.799788,214.79866,1.634065,1.896814,0.851627,3.367627
1776195433.083036,212.616806,529.163696,744.273865,741.780518,80.615486,28.663033,2,4.23893,1.726663,6.410927,3.154925,0.367118,2.790284,208.083115,1.634065,1.896814,0.851627,3.367627
1776195433.884694,221.128799,590.46637,801.621643,811.595154,74.848282,27.246195,2,3.802354,1.814181,1.479505,3.048049,0.401168,2.938572,171.09285,1.634065,1.896814,0.851627,3.367627
1776195434.653938,226.448807,548.99231,769.207703,775.441101,78.002342,29.202579,2,3.989856,1.695568,5.532944,3.069028,0.383959,2.739164,209.815567,1.634065,1.896814,0.851627,3.367627
1776195435.434415,236.024811,555.623291,780.427856,791.648132,76.880905,29.81436,2,3.854009,1.661671,6.091854,3.007776,0.392196,2.684375,113.631088,1.634065,1.896814,0.851627,3.367627
1776195436.223605,224.320801,551.1203,789.154724,775.441101,76.030716,28.928154,2,3.879541,1.711239,5.291418,3.061558,0.383866,2.764823,134.526733,1.634065,1.896814,0.851627,3.367627
1776195437.014043,225.384796,566.263306,790.401428,791.648132,75.910797,28.470325,2,4.045836,1.738055,2.010179,3.197835,0.391731,2.809217,201.764267,1.634065,1.896814,0.851627,3.367627
1776195437.793274,222.192795,553.248291,779.181213,775.441101,77.003906,28.653728,2,4.004342,1.72721,0.743984,3.120108,0.383774,2.79119,202.722855,1.634065,1.896814,0.851627,3.367627
1776195438.548804,228.576797,534.397461,755.494141,762.974243,79.418221,29.958651,2,4.114953,1.653878,4.002017,3.108823,0.378038,2.671916,118.5019,1.634065,1.896814,0.851627,3.367627
1776195439.341736,222.192795,563.221863,792.894836,785.414673,75.672081,28.289869,2,3.932906,1.748863,4.341432,3.118381,0.388585,2.827283,146.729919,1.634065,1.896814,0.851627,3.367627
1776195440.135913,219.000793,571.400635,794.141479,790.401428,75.553291,27.707541,2,4.007452,1.784701,2.52793,3.182484,0.390851,2.887895,158.265656,1.634065,1.896814,0.851627,3.367627
1776195440.922623,219.000793,567.660583,786.661377,786.661377,76.271698,27.83927,2,4.019414,1.776463,0.461372,3.161918,0.389047,2.873865,139.621323,1.634065,1.896814,0.851627,3.367627
1776195441.689374,212.616806,546.617371,766.714294,759.234192,78.256004,28.004112,2,4.029451,1.766263,0.938292,3.089438,0.375537,2.856575,173.02095,1.634065,1.896814,0.851627,3.367627
1776195442.469839,219.000793,568.907288,780.427856,787.908081,76.880905,27.795223,2,3.958742,1.779209,1.828723,3.089513,0.389648,2.878535,126.255211,1.634065,1.896814,0.851627,3.367627
1776195443.250303,215.808792,560.879028,780.427856,776.687805,76.880905,27.785784,2,4.049565,1.779799,2.650455,3.160393,0.384096,2.879539,143.647842,1.634065,1.896814,0.851627,3.367627
1776195444.037013,217.936798,571.217896,786.661377,789.154724,76.271698,27.616486,2,4.023031,1.790442,3.660731,3.164763,0.390203,2.897705,133.500748,1.634065,1.896814,0.851627,3.367627
1776195444.818724,219.000793,563.920532,781.674561,782.921326,76.758286,27.97226,2,4.02209,1.768225,2.946947,3.143966,0.387243,2.859893,138.017105,1.634065,1.896814,0.851627,3.367627
1776195445.611655,209.424805,572.249756,792.894836,781.674561,75.672081,26.791815,2,4.006264,1.844209,2.931195,3.176546,0.386223,2.990949,155.445404,1.634065,1.896814,0.851627,3.367627
1776195446.382146,222.192795,563.221863,770.454346,785.414673,77.876129,28.289869,2,4.121545,1.748863,5.515723,3.175462,0.388585,2.827283,130.56131,1.634065,1.896814,0.851627,3.367627
1776195447.170103,219.000793,565.167236,787.908081,784.16803,76.151016,27.92779,2,4.010423,1.770971,3.349038,3.159845,0.387844,2.864544,130.436142,1.634065,1.896814,0.851627,3.367627
1776195447.966774,213.680801,576.720642,796.634888,790.401428,75.316811,27.034464,2,4.035546,1.828048,2.799417,3.214857,0.390619,2.962664,159.998215,1.634065,1.896814,0.851627,3.367627
1776195448.748485,213.680801,567.993774,781.674561,781.674561,76.758286,27.336288,2,4.101778,1.808346,1.661108,3.206256,0.386409,2.928483,112.691307,1.634065,1.896814,0.851627,3.367627
1776195449.525221,217.936798,563.737793,776.687805,781.674561,77.251114,27.880758,2,4.199481,1.773885,3.543676,3.261685,0.386595,2.869486,142.360046,1.634065,1.896814,0.851627,3.367627
1776195450.313166,219.000793,570.153931,787.908081,789.154724,76.151016,27.751312,2,3.971928,1.781955,1.83614,3.129514,0.39025,2.883212,118.266884,1.634065,1.896814,0.851627,3.367627
1776195451.091137,223.256805,559.664551,777.934509,782.921326,77.127312,28.515867,2,3.996617,1.735349,2.67601,3.109107,0.387428,2.804709,149.927963,1.634065,1.896814,0.851627,3.367627
1776195451.871601,224.320801,557.35376,780.427856,781.674561,76.880905,28.697468,2,3.881255,1.724644,3.480889,3.02904,0.386873,2.786939,140.047134,1.634065,1.896814,0.851627,3.367627
1776195452.658312,220.064789,561.609741,786.661377,781.674561,76.271698,28.152994,2,3.967235,1.757154,2.599161,3.12087,0.386688,2.841207,125.364418,1.634065,1.896814,0.851627,3.367627
1776195453.430049,220.064789,551.63623,771.70105,771.70105,77.750313,28.516844,2,4.062224,1.735291,3.342979,3.134823,0.381876,2.804613,139.479004,1.634065,1.896814,0.851627,3.367627
1776195454.214253,214.744797,563.189697,784.16803,777.934509,76.514214,27.604481,2,4.039551,1.791201,2.211206,3.167686,0.384651,2.899005,136.102036,1.634065,1.896814,0.851627,3.367627
1776195454.992224,210.4888,562.458984,777.934509,772.947754,77.127312,27.231956,2,4.064515,1.815107,2.124958,3.161927,0.38206,2.940175,136.752304,1.634065,1.896814,0.851627,3.367627
1776195455.766468,214.744797,564.436401,774.194458,779.181213,77.499908,27.560314,2,4.039905,1.794002,3.001876,3.127672,0.385253,2.903803,162.493515,1.634065,1.896814,0.851627,3.367627
1776195456.549425,213.680801,567.993774,782.921326,781.674561,76.636055,27.336288,2,3.961711,1.808346,3.144927,3.101708,0.386409,2.928483,126.053505,1.634065,1.896814,0.851627,3.367627
1776195457.323656,222.192795,561.97522,774.194458,784.16803,77.499908,28.334845,2,4.060099,1.746156,3.976609,3.143306,0.387983,2.822749,141.531754,1.634065,1.896814,0.851627,3.367627
1776195458.1116,215.808792,564.61908,787.908081,780.427856,76.151016,27.652624,2,3.969537,1.788159,2.359911,3.12763,0.3859,2.8938,142.168411,1.634065,1.896814,0.851627,3.367627
1776195458.894571,219.000793,567.660583,782.921326,786.661377,76.636055,27.83927,2,3.975941,1.776463,2.373387,3.112849,0.389047,2.873865,143.571243,1.634065,1.896814,0.851627,3.367627
1776195459.685009,213.680801,570.487244,790.401428,784.16803,75.910797,27.249363,2,3.904474,1.813976,3.098112,3.086102,0.387612,2.938216,140.054901,1.634065,1.896814,0.851627,3.367627
1776195460.470459,219.000793,572.647339,785.414673,791.648132,76.392769,27.663904,2,3.834162,1.787448,2.277408,3.011407,0.391452,2.892585,122.397209,1.634065,1.896814,0.851627,3.367627
1776195461.252183,219.000793,562.673767,781.674561,781.674561,76.758286,28.016876,2,3.847602,1.765478,2.335347,3.007573,0.386641,2.855248,107.450157,1.634065,1.896814,0.851627,3.367627
1776195462.040127,217.936798,568.724609,787.908081,786.661377,76.151016,27.704016,2,3.998915,1.784923,1.556427,3.150778,0.389,2.888273,132.346146,1.634065,1.896814,0.851627,3.367627
1776195462.824332,219.000793,566.413879,784.16803,785.414673,76.514214,27.883461,2,3.889964,1.773717,2.342618,3.050386,0.388445,2.869201,120.371529,1.634065,1.896814,0.851627,3.367627
1776195463.59607,223.256805,553.43103,771.70105,776.687805,77.750313,28.74473,2,3.967092,1.72188,4.153476,3.061409,0.384421,2.782366,149.916672,1.634065,1.896814,0.851627,3.367627
1776195464.392753,216.872803,572.281921,796.634888,789.154724,75.316811,27.481657,2,3.942723,1.799012,2.623137,3.140911,0.390157,2.912403,140.209366,1.634065,1.896814,0.851627,3.367627
1776195465.165737,221.128799,556.805725,772.947754,777.934509,77.624908,28.425117,2,4.099026,1.74075,3.824269,3.168333,0.38493,2.813712,154.166595,1.634065,1.896814,0.851627,3.367627
1776195465.946202,222.192795,559.48175,780.427856,781.674561,76.880905,28.425232,2,4.184195,1.740743,4.435465,3.265462,0.386781,2.813701,118.790977,1.634065,1.896814,0.851627,3.367627
1776195466.74038,212.616806,570.304504,794.141479,782.921326,75.553291,27.156853,2,3.985946,1.820006,1.6404,3.165405,0.386964,2.948672,133.078232,1.634065,1.896814,0.851627,3.367627
1776195467.522102,212.616806,569.057739,781.674561,781.674561,76.758286,27.200169,2,4.079317,1.817177,2.135165,3.188699,0.386362,2.943763,164.34491,1.634065,1.896814,0.851627,3.367627
1776195468.291347,219.000793,557.687012,769.207703,776.687805,78.002342,28.19676,2,4.130292,1.754494,2.773972,3.177052,0.384236,2.836734,134.340759,1.634065,1.896814,0.851627,3.367627
1776195469.061838,224.320801,552.367004,770.454346,776.687805,77.876129,28.88172,2,4.049814,1.71392,3.659225,3.120197,0.384468,2.769234,148.571381,1.634065,1.896814,0.851627,3.367627
1776195469.857274,217.936798,569.971313,795.388184,787.908081,75.434868,27.660179,2,3.94682,1.787682,3.334204,3.139254,0.389602,2.892986,152.356583,1.634065,1.896814,0.851627,3.367627
1776195470.632752,221.128799,558.052429,775.441101,779.181213,77.375313,28.379637,2,3.995865,1.743469,2.406616,3.098558,0.385531,2.818255,176.547638,1.634065,1.896814,0.851627,3.367627
1776195471.406983,220.064789,552.882935,774.194458,772.947754,77.499908,28.47085,2,4.057428,1.738024,3.981162,3.141238,0.382478,2.809165,115.456429,1.634065,1.896814,0.851627,3.367627
1776195472.193681,219.000793,566.413879,786.661377,785.414673,76.271698,27.883461,2,4.020995,1.773717,3.795263,3.163162,0.388445,2.869201,117.918694,1.634065,1.896814,0.851627,3.367627
1776195472.975403,213.680801,561.760315,781.674561,775.441101,76.758286,27.556032,2,4.002074,1.794274,1.987561,3.12832,0.383402,2.904269,170.149246,1.634065,1.896814,0.851627,3.367627
1776195473.757115,217.936798,568.724609,781.674561,786.661377,76.758286,27.704016,2,4.112122,1.784923,1.426595,3.214341,0.389,2.888273,189.352173,1.634065,1.896814,0.851627,3.367627
1776195474.527606,220.064789,552.882935,770.454346,772.947754,77.876129,28.47085,2,4.097769,1.738024,2.962258,3.157144,0.382478,2.809165,162.821259,1.634065,1.896814,0.851627,3.367627
1776195475.310563,209.424805,561.029541,782.921326,770.454346,76.636055,27.18199,2,4.10604,1.818364,2.127895,3.214706,0.38081,2.945821,163.939484,1.634065,1.896814,0.851627,3.367627
1776195476.069834,220.064789,551.63623,759.234192,771.70105,79.027,28.516844,2,4.292227,1.735291,4.999442,3.258806,0.381876,2.804613,150.152802,1.634065,1.896814,0.851627,3.367627
1776195476.86527,214.744797,574.409912,795.388184,789.154724,75.434868,27.212004,2,4.094285,1.816406,2.532703,3.256546,0.390064,2.942426,159.087494,1.634065,1.896814,0.851627,3.367627
1776195477.639502,214.744797,559.449646,774.194458,774.194458,77.499908,27.737839,2,3.66883,1.7828,4.813653,2.840388,0.382847,2.884651,151.632538,1.634065,1.896814,0.851627,3.367627
1776195478.447393,207.296799,591.831421,807.855042,799.128235,74.270752,25.940367,2,3.70775,1.903309,2.376067,2.995324,0.39455,3.096275,188.740555,1.634065,1.896814,0.851627,3.367627
1776195479.207923,212.616806,554.097473,760.480896,766.714294,78.897446,27.730904,2,4.165135,1.783234,2.408268,3.167506,0.379146,2.885393,162.548965,1.634065,1.896814,0.851627,3.367627
1776195479.970934,220.064789,551.63623,762.974243,771.70105,78.63961,28.516844,2,4.12102,1.735291,2.980139,3.144232,0.381876,2.804613,176.699097,1.634065,1.896814,0.851627,3.367627
1776195480.757631,217.936798,566.231201,786.661377,784.16803,76.271698,27.792105,2,4.049821,1.779404,3.131708,3.185838,0.387798,2.878867,148.788467,1.634065,1.896814,0.851627,3.367627
1776195481.529369,217.936798,553.764282,771.70105,771.70105,77.750313,28.241093,2,4.098116,1.751808,2.504357,3.16252,0.381783,2.832222,144.661148,1.634065,1.896814,0.851627,3.367627
1776195482.308599,217.936798,561.244385,779.181213,779.181213,77.003906,27.969976,2,4.090171,1.768366,2.679755,3.186984,0.385392,2.860131,156.343201,1.634065,1.896814,0.851627,3.367627
1776195483.092804,223.256805,567.144653,784.16803,790.401428,76.514214,28.246004,2,4.088458,1.751511,2.714086,3.206038,0.391037,2.831724,133.278351,1.634065,1.896814,0.851627,3.367627
1776195483.852074,238.152802,538.535034,759.234192,776.687805,79.027,30.662617,2,3.916762,1.61691,9.849756,2.973739,0.385072,2.61352,213.563583,1.634065,1.896814,0.851627,3.367627
1776195484.616331,208.360794,520.95282,764.220947,729.313599,78.51133,28.569439,2,3.542052,1.732177,0.604275,2.70691,0.360918,2.799433,104.069756,1.634065,1.896814,0.851627,3.367627
1776195485.350668,212.616806,526.670288,734.300354,739.287109,81.710434,28.759706,2,3.92225,1.721006,1.598983,2.880109,0.365915,2.780922,119.630402,1.634065,1.896814,0.851627,3.367627
1776195486.117419,205.168793,552.818726,766.714294,757.987488,78.256004,27.06757,2,4.134627,1.825866,3.974553,3.170078,0.374611,2.958861,229.714539,1.634065,1.896814,0.851627,3.367627
1776195486.861742,224.320801,542.393494,744.273865,766.714294,80.615486,29.257416,2,4.163126,1.692472,2.089158,3.098506,0.379657,2.734119,164.826294,1.634065,1.896814,0.851627,3.367627
1776195487.639713,211.552795,551.421448,777.934509,762.974243,77.127312,27.727383,2,4.448517,1.783455,4.733205,3.460655,0.377295,2.885769,240.366547,1.634065,1.896814,0.851627,3.367627
1776195488.412696,212.616806,561.577637,772.947754,774.194458,77.624908,27.462971,2,4.063677,1.800206,2.817115,3.14101,0.382754,2.914456,166.699387,1.634065,1.896814,0.851627,3.367627
1776195489.198147,214.744797,573.163269,785.414673,787.908081,76.392769,27.255058,2,4.054194,1.813606,3.038887,3.184223,0.389462,2.937575,162.624786,1.634065,1.896814,0.851627,3.367627
1776195489.982365,211.552795,568.875061,784.16803,780.427856,76.514214,27.107283,2,4.042599,1.823255,3.04109,3.170077,0.385715,2.954317,175.491425,1.634065,1.896814,0.851627,3.367627
1776195490.762829,215.808792,569.605896,780.427856,785.414673,76.880905,27.477051,2,4.010138,1.799306,4.990704,3.129624,0.388306,2.912908,194.585251,1.634065,1.896814,0.851627,3.367627
1776195491.537059,228.576797,560.577942,774.194458,789.154724,77.499908,28.964764,2,4.04003,1.709131,5.728169,3.127769,0.390668,2.76136,152.40332,1.634065,1.896814,0.851627,3.367627
1776195492.305057,242.408798,541.759216,767.960999,784.16803,78.128967,30.912865,2,3.920676,1.604174,6.036962,3.010926,0.388866,2.59367,121.436218,1.634065,1.896814,0.851627,3.367627
1776195493.098001,215.808792,545.918762,792.894836,761.727539,75.672081,28.331493,2,3.887396,1.746358,1.777208,3.082296,0.376879,2.823086,167.54361,1.634065,1.896814,0.851627,3.367627
1776195493.849791,223.256805,537.224121,751.754089,760.480896,79.813332,29.357321,2,3.973275,1.686861,2.507992,2.986926,0.376603,2.724997,178.684433,1.634065,1.896814,0.851627,3.367627
1776195494.632749,233.896805,561.491394,782.921326,795.388184,76.636055,29.406622,2,3.789669,1.684106,0.844333,2.967012,0.393907,2.720528,160.080399,1.634065,1.896814,0.851627,3.367627
1776195495.399499,240.280807,533.913635,766.714294,774.194458,78.256004,31.036234,2,3.756944,1.597971,2.975476,2.880502,0.383962,2.584053,143.614487,1.634065,1.896814,0.851627,3.367627
1776195496.183704,236.024811,543.156372,784.16803,779.181213,76.514214,30.291388,2,3.62599,1.636191,3.31478,2.843385,0.386182,2.643831,138.492447,1.634065,1.896814,0.851627,3.367627
1776195496.965427,232.832794,545.101685,781.674561,777.934509,76.758286,29.929615,2,3.794713,1.655441,3.774077,2.966231,0.385441,2.674409,179.586258,1.634065,1.896814,0.851627,3.367627
1776195497.740905,237.088791,543.33905,775.441101,780.427856,77.375313,30.379333,2,3.729943,1.631581,4.033778,2.892351,0.386829,2.636555,148.495316,1.634065,1.896814,0.851627,3.367627
1776195498.506409,237.088791,528.378845,765.467651,765.467651,78.383453,30.973064,2,4.101245,1.601141,3.857241,3.13937,0.379613,2.588964,137.105026,1.634065,1.896814,0.851627,3.367627
1776195499.304339,226.448807,558.965881,797.881592,785.414673,75.199127,28.831751,2,4.09054,1.716814,5.557912,3.263767,0.388771,2.774004,122.657036,1.634065,1.896814,0.851627,3.367627
1776195500.077323,222.192795,545.768188,772.947754,767.960999,77.624908,28.932821,2,3.955408,1.71097,4.133539,3.057323,0.380165,2.764381,170.288055,1.634065,1.896814,0.851627,3.367627
1776195500.851554,226.448807,552.732422,774.194458,779.181213,77.499908,29.062405,2,4.01709,1.703535,2.664738,3.110009,0.385764,2.752184,140.836334,1.634065,1.896814,0.851627,3.367627
1776195501.634512,214.744797,554.462891,782.921326,769.207703,76.636055,27.91766,2,3.999308,1.771598,2.011281,3.131144,0.380441,2.865606,151.06163,1.634065,1.896814,0.851627,3.367627
1776195502.419975,215.808792,570.8526,785.414673,786.661377,76.392769,27.433506,2,4.185524,1.802093,1.79509,3.287372,0.388907,2.917702,129.907745,1.634065,1.896814,0.851627,3.367627
1776195503.201686,212.616806,565.317688,781.674561,777.934509,76.758286,27.330938,2,4.268799,1.808692,3.614577,3.336812,0.384558,2.929079,159.832077,1.634065,1.896814,0.851627,3.367627
1776195503.995864,214.744797,581.890076,794.141479,796.634888,75.553291,26.95649,2,4.173149,1.83321,5.402635,3.314071,0.393672,2.971673,139.17572,1.634065,1.896814,0.851627,3.367627
1776195504.790042,211.552795,578.848633,794.141479,790.401428,75.553291,26.765234,2,4.174466,1.845997,3.074136,3.315116,0.390526,2.994092,167.147964,1.634065,1.896814,0.851627,3.367627
1776195505.585479,213.680801,584.200806,795.388184,797.881592,75.434868,26.781017,2,4.201799,1.844935,1.98657,3.342061,0.394227,2.992225,157.83223,1.634065,1.896814,0.851627,3.367627
1776195506.375917,211.552795,576.355286,790.401428,787.908081,75.910797,26.849934,2,4.120827,1.840312,3.117829,3.257107,0.389323,2.984107,181.862808,1.634065,1.896814,0.851627,3.367627
1776195507.161368,216.872803,574.77533,785.414673,791.648132,76.392769,27.3951,2,4.159337,1.804558,3.177972,3.266804,0.39136,2.921947,151.816299,1.634065,1.896814,0.851627,3.367627
1776195507.955559,209.424805,575.989868,794.141479,785.414673,75.553291,26.664234,2,4.165118,1.852824,3.131047,3.307693,0.388027,3.006118,187.43602,1.634065,1.896814,0.851627,3.367627
1776195508.749736,207.296799,584.351318,794.141479,791.648132,75.553291,26.185471,2,4.146703,1.885902,3.789425,3.293069,0.390941,3.064944,140.77475,1.634065,1.896814,0.851627,3.367627
1776195509.535187,210.4888,578.665894,785.414673,789.154724,76.392769,26.672691,2,4.251483,1.85225,3.57338,3.339177,0.389878,3.005105,189.546829,1.634065,1.896814,0.851627,3.367627
1776195510.296951,213.680801,551.786865,761.727539,765.467651,78.768318,27.915066,2,4.237791,1.771758,2.778525,3.228042,0.378591,2.865879,151.16835,1.634065,1.896814,0.851627,3.367627
1776195511.083662,207.296799,571.884399,786.661377,779.181213,76.271698,26.604441,2,4.173096,1.85689,1.833019,3.282813,0.384927,3.013299,169.096878,1.634065,1.896814,0.851627,3.367627
1776195511.864125,209.424805,573.496521,780.427856,782.921326,76.880905,26.749151,2,4.0901,1.847081,1.74912,3.192028,0.386825,2.995998,143.012375,1.634065,1.896814,0.851627,3.367627
1776195512.653316,212.616806,580.278015,789.154724,792.894836,76.030716,26.81526,2,3.979023,1.842635,1.878805,3.140065,0.391775,2.988183,141.997375,1.634065,1.896814,0.851627,3.367627
1776195513.437533,225.384796,573.743408,784.16803,799.128235,76.514214,28.203833,2,3.908865,1.754065,1.94989,3.065207,0.39534,2.836012,108.814156,1.634065,1.896814,0.851627,3.367627
1776195514.221738,221.128799,558.052429,784.16803,779.181213,76.514214,28.379637,2,3.797892,1.743469,2.691578,2.978186,0.385531,2.818255,122.136292,1.634065,1.896814,0.851627,3.367627
1776195514.998462,221.128799,555.559021,776.687805,776.687805,77.251114,28.470745,2,3.793368,1.73803,1.065591,2.946263,0.384328,2.809175,118.000137,1.634065,1.896814,0.851627,3.367627
1776195515.768952,215.808792,548.41217,770.454346,764.220947,77.876129,28.239056,2,3.89003,1.751932,1.256998,2.99709,0.378082,2.832429,120.486198,1.634065,1.896814,0.851627,3.367627
1776195516.540703,215.808792,555.892273,771.70105,771.70105,77.750313,27.965338,2,3.903051,1.768651,1.584663,3.011989,0.381691,2.860615,145.544769,1.634065,1.896814,0.851627,3.367627
1776195517.307454,220.064789,551.63623,766.714294,771.70105,78.256004,28.516844,2,3.860106,1.735291,2.309205,2.959598,0.381876,2.804613,137.549545,1.634065,1.896814,0.851627,3.367627
1776195518.099138,214.744797,570.669861,791.648132,785.414673,75.791245,27.341583,2,3.759673,1.808004,2.504577,2.976338,0.38826,2.927892,159.774979,1.634065,1.896814,0.851627,3.367627
1776195518.860902,225.384796,548.809692,761.727539,774.194458,78.768318,29.112169,2,3.953096,1.700698,3.766513,3.011182,0.383311,2.747541,156.456085,1.634065,1.896814,0.851627,3.367627
1776195519.665066,219.000793,577.634094,804.11499,796.634888,74.616196,27.490734,2,3.857434,1.798432,2.103258,3.10182,0.393858,2.911407,163.294876,1.634065,1.896814,0.851627,3.367627
1776195520.439297,222.192795,555.741699,774.194458,777.934509,77.499908,28.56189,2,3.798776,1.732623,2.140489,2.940992,0.384976,2.800175,151.474472,1.634065,1.896814,0.851627,3.367627
1776195521.214774,224.320801,553.613708,775.441101,777.934509,77.375313,28.835434,2,3.83566,1.716601,3.544888,2.974328,0.385069,2.773652,158.142563,1.634065,1.896814,0.851627,3.367627
1776195522.011446,216.872803,571.035278,796.634888,787.908081,75.316811,27.525139,2,3.798487,1.796239,2.659745,3.026007,0.389555,2.90764,153.344406,1.634065,1.896814,0.851627,3.367627
1776195522.785688,221.128799,558.052429,774.194458,779.181213,77.499908,28.379637,2,3.888542,1.743469,3.192806,3.010488,0.385531,2.818255,133.05069,1.634065,1.896814,0.851627,3.367627
1776195523.57488,215.808792,567.112549,789.154724,782.921326,76.030716,27.564556,2,3.833556,1.793733,1.996006,3.025269,0.387103,2.903341,123.215782,1.634065,1.896814,0.851627,3.367627
1776195524.352851,216.872803,562.308411,777.934509,779.181213,77.127312,27.833424,2,3.893168,1.776827,2.754769,3.02863,0.385345,2.874484,147.676453,1.634065,1.896814,0.851627,3.367627
1776195525.125835,219.000793,556.440308,772.947754,775.441101,77.624908,28.242094,2,3.885223,1.751748,3.774738,3.003074,0.383634,2.832121,166.286621,1.634065,1.896814,0.851627,3.367627
1776195525.906311,223.256805,562.157837,780.427856,785.414673,76.880905,28.425343,2,3.875594,1.740736,3.602093,3.024621,0.388631,2.81369,153.182205,1.634065,1.896814,0.851627,3.367627
1776195526.673062,230.704803,544.736328,766.714294,775.441101,78.256004,29.751429,2,3.891278,1.665094,2.541295,2.983499,0.384145,2.689862,150.797256,1.634065,1.896814,0.851627,3.367627
1776195527.45602,219.000793,550.206909,782.921326,769.207703,76.636055,28.470957,2,3.64122,1.738017,1.440511,2.850789,0.380627,2.809155,136.868912,1.634065,1.896814,0.851627,3.367627
1776195528.232744,217.936798,557.504272,776.687805,775.441101,77.251114,28.104881,2,3.766513,1.760087,1.437794,2.925405,0.383588,2.846148,160.560349,1.634065,1.896814,0.851627,3.367627
1776195529.008234,219.000793,557.687012,775.441101,776.687805,77.375313,28.19676,2,3.927045,1.754494,2.166338,3.045192,0.384236,2.836734,140.712814,1.634065,1.896814,0.851627,3.367627
1776195529.777478,222.192795,550.754944,769.207703,772.947754,78.002342,28.746161,2,3.912369,1.721796,2.840247,3.009424,0.382571,2.782228,155.539474,1.634065,1.896814,0.851627,3.367627
1776195530.541736,227.512787,542.941528,764.220947,770.454346,78.51133,29.52969,2,3.810804,1.677269,2.763177,2.912297,0.3816,2.709465,155.878708,1.634065,1.896814,0.851627,3.367627
1776195531.304746,228.576797,535.644165,762.974243,764.220947,78.63961,29.909781,2,3.816766,1.656509,3.255813,2.912094,0.37864,2.676116,197.920609,1.634065,1.896814,0.851627,3.367627
1776195532.067757,228.576797,534.397461,762.974243,762.974243,78.63961,29.958651,2,3.739233,1.653878,3.268957,2.852938,0.378038,2.671916,173.980148,1.634065,1.896814,0.851627,3.367627
1776195532.83826,224.320801,541.146851,770.454346,765.467651,77.876129,29.305065,2,3.747607,1.689791,3.666312,2.88736,0.379055,2.729757,113.807961,1.634065,1.896814,0.851627,3.367627
1776195533.622464,216.872803,558.568298,784.16803,775.441101,76.514214,27.96767,2,3.769842,1.768508,2.518126,2.956189,0.383541,2.860372,143.762741,1.634065,1.896814,0.851627,3.367627
1776195534.387968,225.384796,550.056274,765.467651,775.441101,78.383453,29.065367,2,3.89885,1.703366,5.431715,2.984444,0.383913,2.751907,166.709351,1.634065,1.896814,0.851627,3.367627
1776195535.17342,219.000793,558.933716,785.414673,777.934509,76.392769,28.151571,2,3.826215,1.75724,3.456913,3.005165,0.384837,2.841353,175.597885,1.634065,1.896814,0.851627,3.367627
1776195535.945169,224.320801,553.613708,771.70105,777.934509,77.750313,28.835434,2,3.880751,1.716601,3.753148,2.99478,0.385069,2.773652,126.915504,1.634065,1.896814,0.851627,3.367627
1776195536.735607,223.256805,565.897949,790.401428,789.154724,75.910797,28.290627,2,3.782928,1.748818,2.562113,2.990032,0.390435,2.827206,173.292587,1.634065,1.896814,0.851627,3.367627
1776195537.509838,229.640793,552.033752,774.194458,781.674561,77.499908,29.378056,2,3.796107,1.685701,3.398532,2.938925,0.387106,2.723114,136.493362,1.634065,1.896814,0.851627,3.367627
1776195538.286562,226.448807,546.498962,776.687805,772.947754,77.251114,29.29678,2,3.875377,1.690256,3.996547,3.009958,0.382757,2.730514,154.282852,1.634065,1.896814,0.851627,3.367627
1776195539.054573,224.320801,541.146851,767.960999,765.467651,78.128967,29.305065,2,3.913654,1.689791,3.248139,3.005533,0.379055,2.729757,142.765167,1.634065,1.896814,0.851627,3.367627
1776195539.825063,227.512787,546.681641,770.454346,774.194458,77.876129,29.387033,2,3.857255,1.685199,2.842083,2.971839,0.383404,2.722301,140.243729,1.634065,1.896814,0.851627,3.367627
1776195540.591813,237.088791,540.845703,766.714294,777.934509,78.256004,30.476704,2,3.886608,1.626507,5.543225,2.979918,0.385627,2.628568,158.986206,1.634065,1.896814,0.851627,3.367627
1776195541.364798,250.920792,538.233948,772.947754,789.154724,77.624908,31.796146,2,3.862326,1.560824,6.851314,2.985376,0.391643,2.527141,155.532959,1.634065,1.896814,0.851627,3.367627
1776195542.145262,227.512787,525.487915,780.427856,753.000732,76.880905,30.214151,2,3.795182,1.640262,3.815677,2.961866,0.373181,2.650272,168.929825,1.634065,1.896814,0.851627,3.367627
1776195542.909532,232.832794,537.621582,764.220947,770.454346,78.51133,30.220192,2,3.955453,1.639943,3.756159,3.02284,0.381832,2.649766,152.991348,1.634065,1.896814,0.851627,3.367627
1776195543.704956,227.512787,561.641968,795.388184,789.154724,75.434868,28.829935,2,3.538327,1.71692,6.204539,2.814344,0.390621,2.774178,169.427231,1.634065,1.896814,0.851627,3.367627
1776195544.487914,226.448807,555.225769,782.921326,781.674561,76.636055,28.969706,2,3.530041,1.708847,3.233489,2.763745,0.386966,2.760894,142.786682,1.634065,1.896814,0.851627,3.367627
1776195545.263404,232.832794,550.088501,775.441101,782.921326,77.375313,29.738977,2,3.634642,1.665773,2.48464,2.818451,0.387846,2.690952,124.694153,1.634065,1.896814,0.851627,3.367627
1776195546.052596,229.640793,555.773865,789.154724,785.414673,76.030716,29.238159,2,3.52222,1.693558,2.91985,2.779576,0.38891,2.735888,135.726898,1.634065,1.896814,0.851627,3.367627
1776195546.821839,243.472794,541.941895,769.207703,785.414673,78.002342,30.999268,2,3.519818,1.599825,3.654305,2.707471,0.389514,2.586923,159.000443,1.634065,1.896814,0.851627,3.367627
1776195547.61103,241.344788,545.316589,789.154724,786.661377,76.030716,30.679628,2,3.377432,1.616038,4.042626,2.665317,0.390022,2.612156,132.0811,1.634065,1.896814,0.851627,3.367627
1776195548.385274,251.984802,534.676575,774.194458,786.661377,77.499908,32.032185,2,3.438953,1.549644,4.848204,2.662418,0.390487,2.510242,123.14679,1.634065,1.896814,0.851627,3.367627
1776195549.181945,253.048798,544.832764,796.634888,797.881592,75.316811,31.71508,2,3.248952,1.564702,3.781787,2.588228,0.395946,2.533027,151.183212,1.634065,1.896814,0.851627,3.367627
1776195549.957423,267.944794,524.950073,775.441101,792.894836,77.375313,33.793232,2,3.07899,1.471164,4.443836,2.387576,0.394191,2.394605,126.23391,1.634065,1.896814,0.851627,3.367627
1776195550.766573,430.736816,569.108521,809.101746,999.845337,74.156311,43.080345,2,2.816972,1.163427,8.328743,2.279217,0.501131,1.99166,117.602844,1.634065,1.896814,0.851627,3.367627
1776195551.634306,698.24646,412.554321,867.696167,1110.800781,69.148628,62.859737,3,1.763766,0.810651,14.612492,1.530413,0.566034,1.436543,42.776211,3.054178,4.285746,0.0,3.990343
1776195552.808748,826.155701,481.622009,1174.381836,1307.77771,51.09071,63.172489,3,1.051279,0.792943,7.4246,1.234603,0.655095,1.082327,15.449635,3.054178,4.285746,0.0,3.990343
1776195589.60792,222.192795,542.028137,779.181213,764.220947,77.003906,29.074419,2,3.459404,1.70285,1.782826,2.695502,0.378361,2.751061,143.003525,1.634065,1.896814,0.851627,3.367627
1776195590.364698,236.024811,536.922974,756.740784,772.947754,79.287384,30.535675,2,3.625933,1.623451,3.820598,2.743892,0.383175,2.623766,140.199081,1.634065,1.896814,0.851627,3.367627
1776195591.141422,230.704803,539.749512,776.687805,770.454346,77.251114,29.943995,2,3.589799,1.654667,3.452103,2.788153,0.38174,2.673174,143.526382,1.634065,1.896814,0.851627,3.367627
1776195591.926873,227.512787,554.161743,785.414673,781.674561,76.392769,29.105818,2,3.634957,1.70106,6.394478,2.854948,0.387013,2.748132,201.774506,1.634065,1.896814,0.851627,3.367627
1776195592.702363,215.808792,545.918762,775.441101,761.727539,77.375313,28.331493,2,3.655713,1.746358,5.14734,2.83479,0.376879,2.823086,166.393524,1.634065,1.896814,0.851627,3.367627
1776195593.476594,216.872803,558.568298,774.194458,775.441101,77.499908,27.96767,2,3.702694,1.768508,5.694647,2.866605,0.383541,2.860372,182.173477,1.634065,1.896814,0.851627,3.367627
1776195594.233371,234.960815,542.973694,756.740784,777.934509,79.287384,30.203161,2,3.805627,1.640843,6.413057,2.879873,0.385534,2.651192,189.684662,1.634065,1.896814,0.851627,3.367627
1776195595.003862,224.320801,533.666687,770.454346,757.987488,77.876129,29.594261,2,3.672165,1.673705,6.186108,2.829235,0.375447,2.703713,189.508911,1.634065,1.896814,0.851627,3.367627
1776195595.773118,209.424805,542.329285,769.207703,751.754089,78.002342,27.858152,2,3.822744,1.775288,6.200684,2.940484,0.371789,2.87187,171.045334,1.634065,1.896814,0.851627,3.367627
1776195596.527402,212.616806,545.370667,754.247437,757.987488,79.549492,28.050173,2,4.164895,1.763435,8.502783,3.141361,0.374936,2.851795,166.129593,1.634065,1.896814,0.851627,3.367627
1776195597.294153,214.744797,554.462891,766.714294,769.207703,78.256004,27.91766,2,4.223759,1.771598,8.025972,3.238416,0.380441,2.865606,220.409637,1.634065,1.896814,0.851627,3.367627
1776195598.045944,213.680801,536.826599,751.754089,750.507385,79.813332,28.471512,2,4.313176,1.737984,7.081715,3.242448,0.371374,2.809099,230.184052,1.634065,1.896814,0.851627,3.367627
1776195598.807708,216.872803,548.594849,761.727539,765.467651,78.768318,28.332066,2,4.172138,1.746323,7.135322,3.178032,0.37873,2.823029,188.672729,1.634065,1.896814,0.851627,3.367627
1776195599.566978,219.000793,542.726746,759.234192,761.727539,79.027,28.750542,2,4.0953,1.721541,7.612133,3.109292,0.377019,2.781806,153.693787,1.634065,1.896814,0.851627,3.367627
1776195600.351195,211.552795,563.888306,784.16803,775.441101,76.514214,27.281607,2,4.016115,1.811883,5.98027,3.149309,0.383309,2.934595,202.552124,1.634065,1.896814,0.851627,3.367627
1776195601.117945,219.000793,556.440308,766.714294,775.441101,78.256004,28.242094,2,4.091882,1.751748,6.516673,3.137305,0.383634,2.832121,202.490204,1.634065,1.896814,0.851627,3.367627
1776195601.900903,215.808792,563.372437,782.921326,779.181213,76.636055,27.696869,2,4.006839,1.785372,6.45888,3.13704,0.385299,2.88904,198.243149,1.634065,1.896814,0.851627,3.367627
1776195602.662667,222.192795,547.014893,761.727539,769.207703,78.768318,28.885931,2,4.091799,1.713676,6.943475,3.116836,0.380767,2.768834,188.604416,1.634065,1.896814,0.851627,3.367627
1776195603.425678,216.872803,539.867981,762.974243,756.740784,78.63961,28.658794,2,4.089126,1.726912,5.645372,3.119897,0.37452,2.790696,228.345093,1.634065,1.896814,0.851627,3.367627
1776195604.182467,214.744797,539.502625,756.740784,754.247437,79.287384,28.471397,2,4.084414,1.737991,6.018529,3.090843,0.373225,2.809111,204.308929,1.634065,1.896814,0.851627,3.367627
1776195604.936751,219.000793,540.233398,754.247437,759.234192,79.549492,28.844959,2,4.106723,1.716048,5.338783,3.097486,0.375816,2.772741,179.165146,1.634065,1.896814,0.851627,3.367627
1776195605.710982,212.616806,554.097473,774.194458,766.714294,77.499908,27.730904,2,3.967475,1.783234,4.174699,3.071597,0.379146,2.885393,174.112106,1.634065,1.896814,0.851627,3.367627
1776195606.461526,222.192795,539.534729,750.507385,761.727539,79.945915,29.16959,2,4.146585,1.697436,6.713073,3.112043,0.377158,2.742212,189.50528,1.634065,1.896814,0.851627,3.367627
1776195607.234511,223.256805,550.937622,772.947754,774.194458,77.624908,28.837303,2,3.996912,1.716492,6.411735,3.089404,0.383219,2.773473,196.769806,1.634065,1.896814,0.851627,3.367627
1776195608.00626,219.000793,547.713501,771.70105,766.714294,77.750313,28.563547,2,3.953581,1.732525,3.780539,3.050983,0.379424,2.800012,161.354202,1.634065,1.896814,0.851627,3.367627
1776195608.765531,221.128799,540.598755,759.234192,761.727539,79.027,29.029909,2,3.989569,1.705393,4.176718,3.029017,0.377112,2.755228,169.528183,1.634065,1.896814,0.851627,3.367627
1776195609.532281,215.808792,544.672119,766.714294,760.480896,78.256004,28.377937,2,4.031528,1.743571,4.353182,3.09103,0.376278,2.818425,173.813812,1.634065,1.896814,0.851627,3.367627
1776195610.285319,220.064789,537.922729,753.000732,757.987488,79.681198,29.032772,2,4.044685,1.70523,5.996279,3.045651,0.375261,2.754959,188.719513,1.634065,1.896814,0.851627,3.367627
1776195611.060796,224.320801,556.107056,775.441101,780.427856,77.375313,28.743311,2,4.005886,1.721962,6.220511,3.106329,0.386272,2.782503,140.141876,1.634065,1.896814,0.851627,3.367627
1776195611.831299,221.128799,545.58551,770.454346,766.714294,77.876129,28.841097,2,3.922328,1.716272,6.030903,3.021975,0.379517,2.77311,166.716736,1.634065,1.896814,0.851627,3.367627
1776195612.59805,224.320801,546.133545,766.714294,770.454346,78.256004,29.115391,2,3.798435,1.700515,5.160117,2.912314,0.381461,2.747241,164.457153,1.634065,1.896814,0.851627,3.367627
1776195613.378514,229.640793,557.020569,780.427856,786.661377,76.880905,29.191822,2,3.79839,1.696177,5.338049,2.96437,0.389511,2.740157,183.961136,1.634065,1.896814,0.851627,3.367627
1776195614.150252,230.704803,542.24292,771.70105,772.947754,77.750313,29.847399,2,3.819407,1.65988,4.909815,2.94744,0.382942,2.681507,172.289032,1.634065,1.896814,0.851627,3.367627
1776195614.930728,224.320801,548.626953,780.427856,772.947754,76.880905,29.021469,2,3.799383,1.705877,4.98593,2.965145,0.382664,2.75602,171.639694,1.634065,1.896814,0.851627,3.367627
1776195615.701219,226.448807,546.498962,770.454346,772.947754,77.876129,29.29678,2,3.839219,1.690256,5.186957,2.957943,0.382757,2.730514,175.186859,1.634065,1.896814,0.851627,3.367627
1776195616.47919,225.384796,551.302979,777.934509,776.687805,77.127312,29.018711,2,3.867178,1.706035,5.046624,3.008411,0.384514,2.756279,151.482208,1.634065,1.896814,0.851627,3.367627
1776195617.248434,227.512787,544.188232,769.207703,771.70105,78.002342,29.481987,2,3.851741,1.679912,6.065014,2.962789,0.382202,2.713737,175.948608,1.634065,1.896814,0.851627,3.367627
1776195618.026406,222.192795,549.50824,777.934509,771.70105,77.127312,28.792599,2,3.825668,1.71909,4.834581,2.976119,0.381969,2.777757,164.812881,1.634065,1.896814,0.851627,3.367627
1776195618.791921,225.384796,543.822876,765.467651,769.207703,78.383453,29.300901,2,3.905193,1.690025,5.45022,2.989299,0.380906,2.730137,171.522171,1.634065,1.896814,0.851627,3.367627
1776195619.567399,221.128799,549.325562,775.441101,770.454346,77.375313,28.701092,2,3.908633,1.724431,5.42415,3.030915,0.381321,2.786587,183.060547,1.634065,1.896814,0.851627,3.367627
1776195620.335397,221.128799,546.832214,767.960999,767.960999,78.128967,28.794273,2,3.906799,1.718992,4.615893,3.000269,0.380119,2.777596,171.729294,1.634065,1.896814,0.851627,3.367627
1776195621.100901,221.128799,544.338867,765.467651,765.467651,78.383453,28.888065,2,3.909685,1.713553,4.40521,2.992738,0.378916,2.768631,166.696457,1.634065,1.896814,0.851627,3.367627
1776195621.88387,221.128799,561.792542,782.921326,782.921326,76.636055,28.244062,2,3.943878,1.751629,5.648273,3.087746,0.387336,2.831921,161.579651,1.634065,1.896814,0.851627,3.367627
1776195622.648128,222.192795,543.274841,764.220947,765.467651,78.51133,29.027065,2,3.988733,1.705556,4.52656,3.048273,0.378962,2.755495,161.331558,1.634065,1.896814,0.851627,3.367627
1776195623.419866,221.128799,549.325562,771.70105,770.454346,77.750313,28.701092,2,3.927671,1.724431,5.370764,3.030988,0.381321,2.786587,178.742615,1.634065,1.896814,0.851627,3.367627
1776195624.18537,224.320801,544.886902,765.467651,769.207703,78.383453,29.16258,2,3.977583,1.697834,4.699646,3.044711,0.380859,2.742861,181.243973,1.634065,1.896814,0.851627,3.367627
1776195624.959601,221.128799,549.325562,774.194458,770.454346,77.499908,28.701092,2,3.97577,1.724431,5.0319,3.078019,0.381321,2.786587,178.293289,1.634065,1.896814,0.851627,3.367627
1776195625.725117,227.512787,545.434937,765.467651,772.947754,78.383453,29.434433,2,3.963375,1.682556,5.983391,3.033836,0.382803,2.718016,194.151443,1.634065,1.896814,0.851627,3.367627
1776195626.47566,226.448807,522.811829,750.507385,749.26062,79.945915,30.222971,2,3.838364,1.639796,4.671704,2.880721,0.37133,2.649534,179.000046,1.634065,1.896814,0.851627,3.367627
1776195627.241165,215.808792,537.191956,765.467651,753.000732,78.383453,28.659838,2,3.897717,1.726851,4.28452,2.983576,0.37267,2.790595,172.759766,1.634065,1.896814,0.851627,3.367627
1776195627.990462,229.640793,535.826843,749.26062,765.467651,80.078941,30.000063,2,3.993063,1.651656,6.520271,2.991845,0.379288,2.668372,146.304077,1.634065,1.896814,0.851627,3.367627
1776195628.768433,228.576797,548.111023,777.934509,776.687805,77.127312,29.429689,2,3.909441,1.68282,4.975429,3.041289,0.384654,2.718444,186.354065,1.634065,1.896814,0.851627,3.367627
1776195629.51773,239.216797,522.510742,749.26062,761.727539,80.078941,31.40451,2,3.884938,1.579744,6.257009,2.910831,0.377901,2.555981,181.605927,1.634065,1.896814,0.851627,3.367627
1776195630.289479,231.768814,531.205444,771.70105,762.974243,77.750313,30.377016,2,3.848522,1.631702,5.653413,2.969909,0.378178,2.636746,181.185364,1.634065,1.896814,0.851627,3.367627
1776195631.076177,227.512787,554.161743,786.661377,781.674561,76.271698,29.105818,2,3.803288,1.70106,4.536915,2.9919,0.387013,2.748132,178.314529,1.634065,1.896814,0.851627,3.367627
1776195631.844175,224.320801,539.900146,767.960999,764.220947,78.128967,29.352873,2,3.851573,1.68711,3.441088,2.957858,0.378454,2.725401,154.37706,1.634065,1.896814,0.851627,3.367627
1776195632.615913,216.872803,546.10144,771.70105,762.974243,77.750313,28.424656,2,3.842188,1.740777,3.773489,2.96502,0.377527,2.813758,158.84581,1.634065,1.896814,0.851627,3.367627
1776195633.392649,219.000793,560.18042,776.687805,779.181213,77.251114,28.106529,2,3.843917,1.759986,3.886285,2.985524,0.385438,2.845978,184.554184,1.634065,1.896814,0.851627,3.367627
1776195634.158153,224.320801,547.380249,765.467651,771.70105,78.383453,29.068354,2,3.893925,1.703196,5.167534,2.980674,0.382062,2.751628,183.536133,1.634065,1.896814,0.851627,3.367627
1776195634.946098,219.000793,562.673767,787.908081,781.674561,76.151016,28.016876,2,3.873376,1.765478,4.265794,3.051864,0.386641,2.855248,169.571823,1.634065,1.896814,0.851627,3.367627
1776195635.722822,221.128799,558.052429,776.687805,779.181213,77.251114,28.379637,2,3.808987,1.743469,3.964896,2.958394,0.385531,2.818255,163.350189,1.634065,1.896814,0.851627,3.367627
1776195636.495818,222.192795,552.001648,772.947754,774.194458,77.624908,28.699869,2,3.8287,1.724503,5.051875,2.959385,0.383172,2.786706,172.957291,1.634065,1.896814,0.851627,3.367627
1776195637.266309,214.744797,546.982727,770.454346,761.727539,77.876129,28.191811,2,3.994841,1.754794,3.783293,3.077843,0.376833,2.837239,180.533798,1.634065,1.896814,0.851627,3.367627
1776195638.028073,219.000793,547.713501,761.727539,766.714294,78.768318,28.563547,2,4.004246,1.732525,4.653419,3.050144,0.379424,2.800012,172.362167,1.634065,1.896814,0.851627,3.367627
1776195638.796071,225.384796,550.056274,767.960999,775.441101,78.128967,29.065367,2,3.987759,1.703366,6.707199,3.062443,0.383913,2.751907,179.318558,1.634065,1.896814,0.851627,3.367627
1776195639.574053,223.256805,552.184326,777.934509,775.441101,77.127312,28.790941,2,3.89082,1.719186,4.786813,3.026803,0.38382,2.777916,175.542801,1.634065,1.896814,0.851627,3.367627
1776195640.342051,226.448807,545.252258,767.960999,771.70105,78.128967,29.344112,2,3.80476,1.6876,4.646038,2.921908,0.382155,2.726198,149.280914,1.634065,1.896814,0.851627,3.367627
1776195641.100075,229.640793,532.086731,757.987488,761.727539,79.156982,30.147367,2,3.847559,1.643799,4.979358,2.916402,0.377483,2.655879,155.436752,1.634065,1.896814,0.851627,3.367627
1776195641.883033,225.384796,552.549683,782.921326,777.934509,76.636055,28.972206,2,3.83078,1.708703,5.889065,2.999199,0.385116,2.760658,169.218628,1.634065,1.896814,0.851627,3.367627
1776195642.662251,220.064789,552.882935,779.181213,772.947754,77.003906,28.47085,2,3.836074,1.738024,5.523177,2.988997,0.382478,2.809165,179.744385,1.634065,1.896814,0.851627,3.367627
1776195643.442727,225.384796,561.276611,780.427856,786.661377,76.880905,28.650803,2,3.825849,1.727381,4.620667,2.985799,0.389326,2.791474,159.298691,1.634065,1.896814,0.851627,3.367627
1776195644.221944,223.256805,553.43103,779.181213,776.687805,77.003906,28.74473,2,3.891466,1.72188,4.328361,3.032157,0.384421,2.782366,154.583603,1.634065,1.896814,0.851627,3.367627
1776195645.014876,224.320801,569.820679,792.894836,794.141479,75.672081,28.246958,2,3.845528,1.751454,4.673797,3.049099,0.392887,2.831627,150.585953,1.634065,1.896814,0.851627,3.367627
1776195645.802833,224.320801,563.58728,787.908081,787.908081,76.151016,28.470427,2,3.869732,1.738049,5.115726,3.048993,0.389881,2.809207,138.602112,1.634065,1.896814,0.851627,3.367627
1776195646.58205,217.936798,553.764282,779.181213,771.70105,77.003906,28.241093,2,3.85184,1.751808,2.713829,3.001282,0.381783,2.832222,125.175377,1.634065,1.896814,0.851627,3.367627
1776195647.358774,222.192795,559.48175,776.687805,781.674561,77.251114,28.425232,2,3.850751,1.740743,4.888776,2.990831,0.386781,2.813701,163.133835,1.634065,1.896814,0.851627,3.367627
1776195648.136745,222.192795,555.741699,777.934509,777.934509,77.127312,28.56189,2,3.87892,1.732623,3.394824,3.017545,0.384976,2.800175,155.479279,1.634065,1.896814,0.851627,3.367627
1776195648.917222,221.128799,558.052429,780.427856,779.181213,76.880905,28.379637,2,3.886686,1.743469,4.92487,3.033278,0.385531,2.818255,183.365555,1.634065,1.896814,0.851627,3.367627
1776195649.69644,222.192795,558.235046,779.181213,780.427856,77.003906,28.470638,2,3.892318,1.738036,4.007452,3.032821,0.386179,2.809186,164.645279,1.634065,1.896814,0.851627,3.367627
1776195650.480644,217.936798,561.244385,784.16803,779.181213,76.514214,27.969976,2,3.869442,1.768366,3.393355,3.034293,0.385392,2.860131,155.694229,1.634065,1.896814,0.851627,3.367627
1776195651.253628,213.680801,554.280212,772.947754,767.960999,77.624908,27.824434,2,3.966453,1.777387,4.606788,3.065861,0.379793,2.875436,163.923355,1.634065,1.896814,0.851627,3.367627
1776195652.030365,216.872803,563.555054,776.687805,780.427856,77.251114,27.788961,2,4.056782,1.7796,4.659551,3.150853,0.385947,2.879201,156.460312,1.634065,1.896814,0.851627,3.367627
1776195652.793376,219.000793,546.466858,762.974243,765.467651,78.63961,28.610065,2,4.145364,1.729779,4.266932,3.162806,0.378823,2.795451,159.367004,1.634065,1.896814,0.851627,3.367627
1776195653.56636,210.4888,552.485474,772.947754,762.974243,77.624908,27.587929,2,4.005683,1.79225,2.654127,3.096184,0.377249,2.900801,168.674316,1.634065,1.896814,0.851627,3.367627
1776195654.31815,225.384796,543.822876,751.754089,769.207703,79.813332,29.300901,2,4.090797,1.690025,4.138165,3.075274,0.380906,2.730137,173.552322,1.634065,1.896814,0.851627,3.367627
1776195655.107341,221.128799,563.039246,789.154724,784.16803,76.030716,28.19916,2,3.873825,1.754348,4.289845,3.057048,0.387937,2.836489,165.848434,1.634065,1.896814,0.851627,3.367627
1776195655.899038,216.872803,569.788574,791.648132,786.661377,75.791245,27.56876,2,3.844562,1.793466,2.738613,3.04354,0.388954,2.902884,151.050064,1.634065,1.896814,0.851627,3.367627
1776195656.670776,217.936798,555.010986,771.70105,772.947754,77.750313,28.195541,2,3.905825,1.754568,3.274282,3.014129,0.382385,2.836858,162.661636,1.634065,1.896814,0.851627,3.367627
1776195657.442513,217.936798,553.764282,771.70105,771.70105,77.750313,28.241093,2,3.970171,1.751808,3.678024,3.063785,0.381783,2.832222,159.797134,1.634065,1.896814,0.851627,3.367627
1776195658.211757,223.256805,552.184326,769.207703,775.441101,78.002342,28.790941,2,4.064746,1.719186,5.183286,3.126634,0.38382,2.777916,170.726028,1.634065,1.896814,0.851627,3.367627
1776195658.976027,224.320801,541.146851,764.220947,765.467651,78.51133,29.305065,2,4.175688,1.689791,4.340147,3.191148,0.379055,2.729757,165.150406,1.634065,1.896814,0.851627,3.367627
1776195659.758985,222.192795,558.235046,782.921326,780.427856,76.636055,28.470638,2,4.061711,1.738036,4.285952,3.18,0.386179,2.809186,176.330368,1.634065,1.896814,0.851627,3.367627
1776195660.507036,244.536804,529.657654,748.013916,774.194458,80.21241,31.585968,2,3.883757,1.57092,5.763859,2.905104,0.384148,2.542491,129.054779,1.634065,1.896814,0.851627,3.367627
1776195661.268799,258.368805,519.565674,761.727539,777.934509,78.768318,33.212154,2,3.473543,1.496139,5.995581,2.645893,0.386556,2.430837,151.002502,1.634065,1.896814,0.851627,3.367627
1776195662.03929,234.960815,508.066345,770.454346,743.027161,77.876129,31.622103,2,3.385127,1.569174,1.963769,2.608086,0.368694,2.539831,136.984848,1.634065,1.896814,0.851627,3.367627
1776195662.83722,236.024811,563.103394,797.881592,799.128235,75.199127,29.535288,2,3.249572,1.67696,2.908357,2.592774,0.395804,2.708965,114.24189,1.634065,1.896814,0.851627,3.367627
1776195663.610205,227.512787,535.461426,772.947754,762.974243,77.624908,29.819197,2,3.645351,1.661409,4.493258,2.817666,0.377992,2.683954,157.172287,1.634065,1.896814,0.851627,3.367627
1776195664.381942,228.576797,544.370972,771.70105,772.947754,77.750313,29.572088,2,3.673478,1.674927,3.023502,2.834827,0.382849,2.705684,160.2061,1.634065,1.896814,0.851627,3.367627
1776195665.168639,227.512787,557.901855,786.661377,785.414673,76.271698,28.96722,2,3.627922,1.70899,2.755797,2.853946,0.388817,2.761128,144.244919,1.634065,1.896814,0.851627,3.367627
1776195665.94039,225.384796,543.822876,771.70105,769.207703,77.750313,29.300901,2,3.916176,1.690025,2.592662,3.022117,0.380906,2.730137,132.866882,1.634065,1.896814,0.851627,3.367627
1776195666.720854,220.064789,554.129639,780.427856,774.194458,76.880905,28.425003,2,3.947086,1.740757,4.215859,3.080416,0.383079,2.813724,168.863739,1.634065,1.896814,0.851627,3.367627
1776195667.498825,219.000793,557.687012,777.934509,776.687805,77.127312,28.19676,2,3.828472,1.754494,2.694149,2.978301,0.384236,2.836734,157.57103,1.634065,1.896814,0.851627,3.367627
1776195668.278043,220.064789,560.363037,779.181213,780.427856,77.003906,28.197968,2,3.849136,1.754421,3.684487,2.999174,0.386086,2.83661,161.013901,1.634065,1.896814,0.851627,3.367627
1776195669.057272,217.936798,558.750977,779.181213,776.687805,77.003906,28.059769,2,3.599945,1.762846,5.68701,2.80501,0.384189,2.850802,166.032181,1.634065,1.896814,0.851627,3.367627
1776195669.82527,222.192795,550.754944,767.960999,772.947754,78.128967,28.746161,2,3.592036,1.721796,3.981786,2.758543,0.382571,2.782228,158.736893,1.634065,1.896814,0.851627,3.367627
1776195670.603241,222.192795,555.741699,777.934509,777.934509,77.127312,28.56189,2,3.875941,1.732623,4.993677,3.015228,0.384976,2.800175,172.184692,1.634065,1.896814,0.851627,3.367627
1776195671.383705,224.320801,558.600525,780.427856,782.921326,76.880905,28.651768,2,3.741049,1.727325,3.008705,2.919619,0.387475,2.79138,163.544083,1.634065,1.896814,0.851627,3.367627
1776195672.161688,222.192795,553.248291,777.934509,775.441101,77.127312,28.653728,2,3.786867,1.72721,2.330831,2.945934,0.383774,2.79119,147.024734,1.634065,1.896814,0.851627,3.367627
1776195672.933426,223.256805,549.690918,771.70105,772.947754,77.750313,28.883816,2,3.839643,1.713799,3.028239,2.963057,0.382617,2.769035,159.990768,1.634065,1.896814,0.851627,3.367627
1776195673.716384,217.936798,558.750977,782.921326,776.687805,76.636055,28.059769,2,3.82179,1.762846,3.21054,2.992161,0.384189,2.850802,169.015335,1.634065,1.896814,0.851627,3.367627
1776195674.501835,223.256805,568.391357,785.414673,791.648132,76.392769,28.201521,2,3.82736,1.754205,2.488312,3.006064,0.391638,2.836248,167.754562,1.634065,1.896814,0.851627,3.367627
1776195675.281064,220.064789,555.376343,779.181213,775.441101,77.003906,28.379303,2,3.816304,1.743489,1.757675,2.973593,0.383681,2.818288,152.332016,1.634065,1.896814,0.851627,3.367627
1776195676.069009,216.872803,567.295227,787.908081,784.16803,76.151016,27.656422,2,3.81843,1.78792,2.554954,3.008572,0.387751,2.893391,173.132462,1.634065,1.896814,0.851627,3.367627
1776195676.838253,225.384796,553.796387,769.207703,779.181213,78.002342,28.925852,2,3.784068,1.711371,2.76516,2.910734,0.385717,2.765042,144.689621,1.634065,1.896814,0.851627,3.367627
1776195677.609991,228.576797,546.864319,771.70105,775.441101,77.750313,29.477003,2,3.640318,1.680189,2.336523,2.809237,0.384052,2.714185,127.739708,1.634065,1.896814,0.851627,3.367627
1776195678.3967,221.128799,556.805725,786.661377,777.934509,76.271698,28.425117,2,3.756027,1.74075,1.586462,2.954721,0.38493,2.813712,141.194534,1.634065,1.896814,0.851627,3.367627
1776195679.177165,225.384796,560.029907,780.427856,785.414673,76.880905,28.696281,2,3.796947,1.724713,3.056952,2.963244,0.388724,2.787054,150.226334,1.634065,1.896814,0.851627,3.367627
1776195679.956383,225.384796,553.796387,779.181213,779.181213,77.003906,28.925852,2,3.727766,1.711371,3.863337,2.904605,0.385717,2.765042,160.21611,1.634065,1.896814,0.851627,3.367627
1776195680.736847,223.256805,554.677734,780.427856,777.934509,76.880905,28.698662,2,3.762153,1.724574,2.658092,2.936089,0.385023,2.786823,148.256409,1.634065,1.896814,0.851627,3.367627
1776195681.528543,219.000793,567.660583,791.648132,786.661377,75.791245,27.83927,2,3.743647,1.776463,2.070763,2.963651,0.389047,2.873865,147.364807,1.634065,1.896814,0.851627,3.367627
1776195682.313995,222.192795,566.961914,785.414673,789.154724,76.392769,28.155794,2,3.693211,1.756983,2.311555,2.900702,0.390389,2.84092,139.650711,1.634065,1.896814,0.851627,3.367627
1776195683.084486,227.512787,549.175049,770.454346,776.687805,77.876129,29.292694,2,3.508104,1.690486,4.804106,2.702834,0.384607,2.730888,149.032089,1.634065,1.896814,0.851627,3.367627
1776195683.862469,227.512787,550.421753,777.934509,777.934509,77.127312,29.245752,2,3.538221,1.693129,3.083682,2.752504,0.385209,2.735189,147.068375,1.634065,1.896814,0.851627,3.367627
1776195684.634207,228.576797,544.370972,771.70105,772.947754,77.750313,29.572088,2,3.719734,1.674927,2.52389,2.870523,0.382849,2.705684,135.830978,1.634065,1.896814,0.851627,3.367627
1776195685.398463,223.256805,534.730713,764.220947,757.987488,78.51133,29.453892,2,3.631942,1.681473,1.603683,2.775606,0.3754,2.716263,114.444283,1.634065,1.896814,0.851627,3.367627
1776195686.162721,224.320801,541.146851,764.220947,765.467651,78.51133,29.305065,2,3.708439,1.689791,1.849468,2.834066,0.379055,2.729757,127.847389,1.634065,1.896814,0.851627,3.367627
1776195686.925732,220.064789,537.922729,762.974243,757.987488,78.63961,29.032772,2,3.758283,1.70523,2.218036,2.867473,0.375261,2.754959,164.096481,1.634065,1.896814,0.851627,3.367627
1776195687.676276,227.512787,531.721436,750.507385,759.234192,79.945915,29.966089,2,3.866817,1.653479,3.950981,2.902075,0.376188,2.671278,150.426514,1.634065,1.896814,0.851627,3.367627
1776195688.450519,222.192795,545.768188,774.194458,767.960999,77.499908,28.932821,2,3.862121,1.71097,2.130649,2.990033,0.380165,2.764381,144.957657,1.634065,1.896814,0.851627,3.367627
1776195689.212282,226.448807,540.265503,761.727539,766.714294,78.768318,29.534966,2,3.822501,1.676977,3.450414,2.911704,0.37975,2.708994,147.96376,1.634065,1.896814,0.851627,3.367627
1776195689.993994,223.256805,554.677734,781.674561,777.934509,76.758286,28.698662,2,3.737066,1.724574,3.23918,2.92117,0.385023,2.786823,162.766342,1.634065,1.896814,0.851627,3.367627
1776195690.771965,223.256805,554.677734,777.934509,777.934509,77.127312,28.698662,2,3.668305,1.724574,1.390098,2.853701,0.385023,2.786823,138.933411,1.634065,1.896814,0.851627,3.367627
1776195691.539975,229.640793,545.800293,767.960999,775.441101,78.128967,29.614216,2,3.688453,1.672606,2.57871,2.832588,0.384099,2.701943,157.442245,1.634065,1.896814,0.851627,3.367627
1776195692.305479,233.896805,536.557556,765.467651,770.454346,78.383453,30.358297,2,3.812066,1.632681,4.010426,2.918013,0.381879,2.63829,161.178177,1.634065,1.896814,0.851627,3.367627
1776195693.085943,233.896805,546.531067,780.427856,780.427856,76.880905,29.970329,2,3.870756,1.653251,5.20829,3.020846,0.38669,2.670916,217.610809,1.634065,1.896814,0.851627,3.367627
1776195693.862667,250.920792,545.714111,776.687805,796.634888,77.251114,31.497589,2,3.59505,1.575205,5.08235,2.792232,0.395252,2.549034,192.003311,1.634065,1.896814,0.851627,3.367627
1776195694.644391,248.792801,530.388428,781.674561,779.181213,76.758286,31.930029,2,3.257853,1.554463,2.261546,2.546581,0.386739,2.517512,196.69133,1.634065,1.896814,0.851627,3.367627
1776195695.413635,256.240814,521.693726,769.207703,777.934509,78.002342,32.93861,2,3.351128,1.508202,0.622377,2.577713,0.386463,2.448526,95.017296,1.634065,1.896814,0.851627,3.367627
1776195696.197839,251.984802,527.196411,784.16803,779.181213,76.514214,32.339691,2,3.086565,1.535324,0.383898,2.420386,0.386878,2.488752,103.917549,1.634065,1.896814,0.851627,3.367627
1776195696.993263,256.240814,544.134155,795.388184,800.374939,75.434868,32.015099,2,3.145787,1.550448,2.504981,2.502122,0.397288,2.511453,107.530594,1.634065,1.896814,0.851627,3.367627
1776195697.784961,255.176788,535.224609,791.648132,790.401428,75.791245,32.284454,2,3.077003,1.537877,2.532189,2.435903,0.39243,2.492569,71.299034,1.634065,1.896814,0.851627,3.367627
1776195698.566672,254.112808,526.315063,781.674561,780.427856,76.758286,32.560703,2,3.33091,1.5252,1.042826,2.603688,0.387573,2.473663,82.720512,1.634065,1.896814,0.851627,3.367627
1776195699.355863,250.920792,534.493896,789.154724,785.414673,76.030716,31.947556,2,3.457225,1.553634,4.085476,2.728285,0.389839,2.51626,93.417953,1.634065,1.896814,0.851627,3.367627
1776195700.140079,251.984802,533.429871,784.16803,785.414673,76.514214,32.083027,2,3.426985,1.547258,3.808077,2.687332,0.389885,2.506649,114.589149,1.634065,1.896814,0.851627,3.367627
1776195700.946724,259.4328,555.902466,806.608398,815.335266,74.385536,31.819157,2,3.408918,1.559727,5.617834,2.749662,0.404644,2.525477,94.324547,1.634065,1.896814,0.851627,3.367627
1776195701.712228,272.200806,508.227051,765.467651,780.427856,78.383453,34.878407,2,3.597611,1.42675,5.791911,2.753855,0.388362,2.331481,93.566986,1.634065,1.896814,0.851627,3.367627
1776195702.52012,231.768814,528.712097,807.855042,760.480896,74.270752,30.476612,2,3.76755,1.626512,2.977422,3.043634,0.376975,2.628576,150.821014,1.634065,1.896814,0.851627,3.367627
1776195703.274416,225.384796,521.382446,754.247437,746.767273,79.549492,30.181396,2,4.17888,1.641995,4.445892,3.15191,0.370081,2.653018,101.956261,1.634065,1.896814,0.851627,3.367627
1776195704.064854,227.512787,565.38208,790.401428,792.894836,75.910797,28.693941,2,4.107274,1.72485,4.496746,3.246395,0.392425,2.787281,119.67524,1.634065,1.896814,0.851627,3.367627
1776195704.840331,226.448807,547.745667,775.441101,774.194458,77.375313,29.249603,2,4.044566,1.692912,4.087899,3.136323,0.383358,2.734836,141.850388,1.634065,1.896814,0.851627,3.367627
1776195705.642001,224.320801,574.807434,801.621643,799.128235,74.848282,28.070688,2,3.877536,1.762178,3.408153,3.108316,0.395293,2.849674,123.430038,1.634065,1.896814,0.851627,3.367627
1776195706.422466,227.512787,556.655273,780.427856,784.16803,76.880905,29.013269,2,3.894524,1.706347,5.465421,3.039395,0.388216,2.756791,111.99614,1.634065,1.896814,0.851627,3.367627
1776195707.19919,236.024811,550.636597,776.687805,786.661377,77.251114,30.003357,2,3.881995,1.651479,4.647177,3.015098,0.38979,2.668091,116.388092,1.634065,1.896814,0.851627,3.367627
1776195707.957214,244.536804,523.424194,757.987488,767.960999,79.156982,31.842348,2,4.029675,1.558623,4.425625,3.054443,0.381141,2.523805,87.380692,1.634065,1.896814,0.851627,3.367627
1776195708.733939,231.768814,529.95874,776.687805,761.727539,77.251114,30.426735,2,4.017452,1.629107,4.899131,3.120306,0.377576,2.632658,105.240814,1.634065,1.896814,0.851627,3.367627
1776195709.511921,243.472794,548.175354,777.934509,791.648132,77.127312,30.755177,2,3.948504,1.612175,6.332903,3.071677,0.392521,2.606124,106.083725,1.634065,1.896814,0.851627,3.367627
1776195710.296126,230.704803,538.50293,784.16803,769.207703,76.514214,29.992523,2,3.826404,1.65206,3.977821,3.000544,0.381138,2.669016,108.508598,1.634065,1.896814,0.851627,3.367627
1776195711.066617,226.448807,539.01886,770.454346,765.467651,77.876129,29.583067,2,4.010102,1.674322,3.44755,3.0896,0.379148,2.704708,151.500961,1.634065,1.896814,0.851627,3.367627
1776195711.852068,227.512787,559.14856,785.414673,786.661377,76.392769,28.921312,2,3.865708,1.711633,1.91846,3.036184,0.389418,2.765472,149.360138,1.634065,1.896814,0.851627,3.367627
1776195712.623817,229.640793,544.55365,771.70105,774.194458,77.750313,29.6619,2,3.816036,1.669988,3.683018,2.944839,0.383497,2.697726,132.047409,1.634065,1.896814,0.851627,3.367627
1776195713.417995,222.192795,563.221863,794.141479,785.414673,75.553291,28.289869,2,3.721117,1.748863,1.487068,2.955093,0.388585,2.827283,129.929993,1.634065,1.896814,0.851627,3.367627
1776195714.176019,237.088791,538.352295,757.987488,775.441101,79.156982,30.574699,2,3.833789,1.621434,4.76614,2.905964,0.384424,2.620604,126.536316,1.634065,1.896814,0.851627,3.367627
1776195714.967704,224.320801,552.367004,791.648132,776.687805,75.791245,28.88172,2,3.835094,1.71392,3.173713,3.036045,0.384468,2.769234,155.081619,1.634065,1.896814,0.851627,3.367627
1776195715.718261,228.576797,526.917358,750.507385,755.494141,79.945915,30.25527,2,4.13097,1.638092,5.288737,3.100323,0.37443,2.646837,99.039864,1.634065,1.896814,0.851627,3.367627
1776195716.501217,220.064789,552.882935,782.921326,772.947754,76.636055,28.47085,2,4.113818,1.738024,2.590092,3.220796,0.382478,2.809165,126.051414,1.634065,1.896814,0.851627,3.367627
1776195717.302876,219.000793,581.374146,801.621643,800.374939,74.848282,27.362274,2,4.078357,1.80667,1.534177,3.269299,0.395662,2.92559,118.676048,1.634065,1.896814,0.851627,3.367627
1776195718.09956,224.320801,578.547485,796.634888,802.868286,75.316811,27.939924,2,4.082685,1.770221,2.150403,3.252409,0.397097,2.863273,116.465828,1.634065,1.896814,0.851627,3.367627
1776195718.865064,239.216797,543.704529,765.467651,782.921326,78.383453,30.554384,2,4.182654,1.622483,5.193823,3.201687,0.388125,2.622249,124.851891,1.634065,1.896814,0.851627,3.367627
1776195719.653009,230.704803,547.229736,787.908081,777.934509,76.151016,29.656071,2,4.114903,1.670307,4.929018,3.242166,0.385348,2.698241,114.643669,1.634065,1.896814,0.851627,3.367627
1776195720.449679,230.704803,565.930054,796.634888,796.634888,75.316811,28.959919,2,3.97758,1.70941,3.06793,3.168679,0.394369,2.761818,126.408089,1.634065,1.896814,0.851627,3.367627
1776195721.231403,232.832794,551.335205,781.674561,784.16803,76.758286,29.691696,2,4.091681,1.668356,3.253683,3.198363,0.388448,2.695102,138.204041,1.634065,1.896814,0.851627,3.367627
1776195722.040541,224.320801,574.807434,809.101746,799.128235,74.156311,28.070688,2,3.971214,1.762178,3.104978,3.213116,0.395293,2.849674,141.950729,1.634065,1.896814,0.851627,3.367627
1776195722.804799,243.472794,543.188599,764.220947,786.661377,78.51133,30.950142,2,4.068854,1.602295,3.545071,3.109504,0.390115,2.590753,141.554459,1.634065,1.896814,0.851627,3.367627
1776195723.597742,232.832794,547.595093,792.894836,780.427856,75.672081,29.833994,2,3.938661,1.660606,6.120127,3.122944,0.386644,2.682669,112.982315,1.634065,1.896814,0.851627,3.367627
1776195724.383193,230.704803,552.216553,785.414673,782.921326,76.392769,29.467175,2,3.806472,1.680735,4.040938,2.989659,0.387754,2.715068,96.78701,1.634065,1.896814,0.851627,3.367627
1776195725.178618,226.448807,563.952637,795.388184,790.401428,75.434868,28.649849,2,3.781399,1.727437,3.474794,3.00768,0.391176,2.791567,93.763168,1.634065,1.896814,0.851627,3.367627
1776195725.972796,222.192795,566.961914,794.141479,789.154724,75.553291,28.155794,2,3.948986,1.756983,3.238188,3.136054,0.390389,2.84092,110.731941,1.634065,1.896814,0.851627,3.367627
1776195726.760752,228.576797,566.811401,787.908081,795.388184,76.151016,28.737766,2,3.977019,1.722286,3.179624,3.133526,0.393675,2.783039,130.466629,1.634065,1.896814,0.851627,3.367627
1776195727.53249,238.152802,544.768555,771.70105,782.921326,77.750313,30.418486,2,3.839702,1.629537,2.057104,2.963102,0.388079,2.633335,110.776054,1.634065,1.896814,0.851627,3.367627
1776195728.307967,225.384796,535.096069,775.441101,760.480896,77.375313,29.63714,2,3.491834,1.671346,1.779889,2.707711,0.376696,2.699914,112.895226,1.634065,1.896814,0.851627,3.367627
1776195729.084692,201.976791,547.283813,776.687805,749.26062,77.251114,26.956814,2,3.824038,1.833188,0.132825,2.970084,0.370261,2.971636,174.800293,1.634065,1.896814,0.851627,3.367627
1776195729.837741,216.872803,553.581543,753.000732,770.454346,79.681198,28.148689,2,4.192976,1.757416,5.79628,3.157314,0.381136,2.841648,232.35051,1.634065,1.896814,0.851627,3.367627
1776195730.609478,219.000793,555.193665,771.70105,774.194458,77.750313,28.287569,2,4.126418,1.749002,5.372783,3.184361,0.383033,2.827515,180.767441,1.634065,1.896814,0.851627,3.367627
1776195731.388696,220.064789,560.363037,779.181213,780.427856,77.003906,28.197968,2,4.023079,1.754421,5.305077,3.134707,0.386086,2.83661,179.789688,1.634065,1.896814,0.851627,3.367627
1776195732.16542,217.936798,556.25769,776.687805,774.194458,77.251114,28.150135,2,4.006381,1.757328,2.675606,3.111707,0.382986,2.8415,183.126923,1.634065,1.896814,0.851627,3.367627
1776195732.934676,219.000793,551.453552,769.207703,770.454346,78.002342,28.424889,2,3.974979,1.740763,3.910849,3.057585,0.381229,2.813735,152.989899,1.634065,1.896814,0.851627,3.367627
1776195733.702674,220.064789,549.142944,767.960999,769.207703,78.128967,28.609282,2,3.972965,1.729825,5.220811,3.051082,0.380674,2.795528,171.906784,1.634065,1.896814,0.851627,3.367627
1776195734.481892,217.936798,558.750977,779.181213,776.687805,77.003906,28.059769,2,3.996835,1.762846,4.668656,3.114258,0.384189,2.850802,178.363663,1.634065,1.896814,0.851627,3.367627
1776195735.258616,216.872803,558.568298,776.687805,775.441101,77.251114,27.96767,2,3.97855,1.768508,3.76945,3.090091,0.383541,2.860372,151.150208,1.634065,1.896814,0.851627,3.367627
1776195736.034094,215.808792,558.385681,775.441101,774.194458,77.375313,27.875269,2,3.969754,1.774225,3.519993,3.07831,0.382893,2.870064,162.013138,1.634065,1.896814,0.851627,3.367627
1776195736.81457,213.680801,564.253723,780.427856,777.934509,76.880905,27.46771,2,3.942103,1.799903,3.032939,3.076527,0.384605,2.913935,169.879868,1.634065,1.896814,0.851627,3.367627
1776195737.580074,215.808792,552.152222,765.467651,767.960999,78.383453,28.10153,2,3.976334,1.760292,3.427099,3.043755,0.379886,2.846493,161.336197,1.634065,1.896814,0.851627,3.367627
1776195738.355552,216.872803,559.815002,775.441101,776.687805,77.375313,27.922777,2,3.96743,1.771281,2.7486,3.076508,0.384143,2.865069,146.46521,1.634065,1.896814,0.851627,3.367627
1776195739.133523,219.000793,561.427063,777.934509,780.427856,77.127312,28.061632,2,3.927846,1.762732,4.163243,3.055607,0.38604,2.85061,165.011368,1.634065,1.896814,0.851627,3.367627
1776195739.916493,221.128799,564.285889,782.921326,785.414673,76.636055,28.1544,2,3.862303,1.757068,3.241897,3.02388,0.388538,2.841063,165.370239,1.634065,1.896814,0.851627,3.367627
1776195740.690723,221.128799,553.065674,774.194458,774.194458,77.499908,28.562435,2,3.88703,1.732591,3.468258,3.009317,0.383126,2.800122,161.638321,1.634065,1.896814,0.851627,3.367627
1776195741.468695,220.064789,556.623047,777.934509,776.687805,77.127312,28.33375,2,3.884538,1.746222,3.113093,3.021916,0.384282,2.822859,133.952652,1.634065,1.896814,0.851627,3.367627
1776195742.244172,217.936798,555.010986,775.441101,772.947754,77.375313,28.195541,2,3.862814,1.754568,4.177453,2.995385,0.382385,2.836858,169.022842,1.634065,1.896814,0.851627,3.367627
1776195743.012182,221.128799,550.572266,767.960999,771.70105,78.128967,28.654724,2,3.989748,1.727151,4.050852,3.063971,0.381923,2.791092,184.767349,1.634065,1.896814,0.851627,3.367627
1776195743.77644,230.704803,544.736328,764.220947,775.441101,78.51133,29.751429,2,3.694718,1.665094,7.289462,2.823581,0.384145,2.689862,187.049118,1.634065,1.896814,0.851627,3.367627
1776195744.559397,224.320801,551.1203,782.921326,775.441101,76.636055,28.928154,2,3.734553,1.711239,3.891719,2.923861,0.383866,2.764823,188.601212,1.634065,1.896814,0.851627,3.367627
1776195745.341108,220.064789,556.623047,781.674561,776.687805,76.758286,28.33375,2,3.984602,1.746222,2.733913,3.114662,0.384282,2.822859,146.51062,1.634065,1.896814,0.851627,3.367627
1776195746.115352,223.256805,554.677734,774.194458,777.934509,77.499908,28.698662,2,3.938089,1.724574,2.890916,3.048846,0.385023,2.786823,159.576157,1.634065,1.896814,0.851627,3.367627
1776195746.887089,230.704803,549.723022,771.70105,780.427856,77.750313,29.561323,2,3.912906,1.675521,5.012624,3.019594,0.386551,2.706643,129.655777,1.634065,1.896814,0.851627,3.367627
1776195747.6688,232.832794,551.335205,781.674561,784.16803,76.758286,29.691696,2,3.819958,1.668356,3.634698,2.985964,0.388448,2.695102,162.492203,1.634065,1.896814,0.851627,3.367627
1776195748.459237,230.704803,557.203247,790.401428,787.908081,75.910797,29.280674,2,3.760066,1.691162,2.072121,2.971962,0.390159,2.731987,173.70314,1.634065,1.896814,0.851627,3.367627
1776195749.245948,222.192795,554.494995,786.661377,776.687805,76.271698,28.607735,2,3.651961,1.729916,1.04569,2.872857,0.384375,2.795679,141.319824,1.634065,1.896814,0.851627,3.367627
1776195750.016439,228.576797,549.357727,770.454346,777.934509,77.876129,29.382524,2,3.706492,1.685451,2.210068,2.855683,0.385255,2.722709,142.037613,1.634065,1.896814,0.851627,3.367627
1776195750.79815,226.448807,552.732422,781.674561,779.181213,76.758286,29.062405,2,3.712695,1.703535,1.639996,2.902119,0.385764,2.752184,157.516159,1.634065,1.896814,0.851627,3.367627
1776195751.551186,237.088791,528.378845,753.000732,765.467651,79.681198,30.973064,2,3.838774,1.601141,4.698398,2.890599,0.379613,2.588964,178.556961,1.634065,1.896814,0.851627,3.367627
1776195752.33291,232.832794,543.85498,781.674561,776.687805,76.758286,29.977655,2,3.747428,1.652858,2.937327,2.929269,0.384839,2.670288,155.603653,1.634065,1.896814,0.851627,3.367627
1776195753.108388,233.896805,542.791016,775.441101,776.687805,77.375313,30.114647,2,3.64015,1.645537,3.576428,2.822722,0.384886,2.658639,175.712357,1.634065,1.896814,0.851627,3.367627
1776195753.898826,231.768814,556.139282,790.401428,787.908081,75.910797,29.415718,2,3.726066,1.683599,4.502107,2.945088,0.390206,2.719706,170.69281,1.634065,1.896814,0.851627,3.367627
1776195754.684277,225.384796,552.549683,785.414673,777.934509,76.392769,28.972206,2,3.668176,1.708703,1.566782,2.881039,0.385116,2.760658,130.360397,1.634065,1.896814,0.851627,3.367627
1776195755.45104,234.960815,542.973694,766.714294,777.934509,78.256004,30.203161,2,3.869382,1.640843,4.704786,2.966711,0.385534,2.651192,159.061676,1.634065,1.896814,0.851627,3.367627
1776195756.212804,238.152802,527.314819,761.727539,765.467651,78.768318,31.112066,2,3.80942,1.594183,4.672879,2.90174,0.379659,2.578195,128.232666,1.634065,1.896814,0.851627,3.367627
1776195757.004488,232.832794,552.581909,791.648132,785.414673,75.791245,29.644569,2,3.722181,1.670938,2.178455,2.946657,0.389049,2.699257,157.836578,1.634065,1.896814,0.851627,3.367627
1776195757.778719,234.960815,541.72699,774.194458,776.687805,77.499908,30.251642,2,3.735808,1.638283,2.484677,2.892242,0.384932,2.64714,143.279312,1.634065,1.896814,0.851627,3.367627
1776195758.557949,227.512787,542.941528,779.181213,770.454346,77.003906,29.52969,2,3.745754,1.677269,1.631698,2.918621,0.3816,2.709465,139.513199,1.634065,1.896814,0.851627,3.367627
1776195759.327193,232.832794,542.608276,769.207703,775.441101,78.002342,30.025852,2,3.942648,1.650275,3.74966,3.032715,0.384238,2.666172,157.181015,1.634065,1.896814,0.851627,3.367627
1776195760.115138,229.640793,554.527222,787.908081,784.16803,76.151016,29.284641,2,3.878379,1.690939,2.630628,3.055806,0.388309,2.731624,172.116196,1.634065,1.896814,0.851627,3.367627
1776195760.901836,219.000793,555.193665,786.661377,774.194458,76.271698,28.287569,2,3.828592,1.749002,2.406469,3.011805,0.383033,2.827515,195.894669,1.634065,1.896814,0.851627,3.367627
1776195761.64864,223.256805,528.497314,746.767273,751.754089,80.346313,29.698116,2,3.760169,1.668005,-0.437467,2.807971,0.372393,2.694537,117.911728,1.634065,1.896814,0.851627,3.367627
1776195762.391715,233.896805,521.597351,743.027161,755.494141,80.750748,30.959446,2,3.96866,1.601826,4.209323,2.948822,0.374662,2.590026,182.287704,1.634065,1.896814,0.851627,3.367627
1776195763.168439,226.448807,541.512207,776.687805,767.960999,77.251114,29.48702,2,3.856949,1.679633,2.804998,2.995645,0.380351,2.713286,152.955948,1.634065,1.896814,0.851627,3.367627
1776195763.948904,225.384796,553.796387,780.427856,779.181213,76.880905,28.925852,2,3.789376,1.711371,3.036721,2.957335,0.385717,2.765042,180.573135,1.634065,1.896814,0.851627,3.367627
1776195764.724382,221.128799,549.325562,775.441101,770.454346,77.375313,28.701092,2,3.785472,1.724431,2.602649,2.935411,0.381321,2.786587,159.055206,1.634065,1.896814,0.851627,3.367627
1776195765.484911,226.448807,540.265503,760.480896,766.714294,78.897446,29.534966,2,3.873842,1.676977,1.574272,2.945983,0.37975,2.708994,141.093063,1.634065,1.896814,0.851627,3.367627
1776195766.249168,223.256805,537.224121,764.220947,760.480896,78.51133,29.357321,2,3.933967,1.686861,2.534502,3.00642,0.376603,2.724997,187.191452,1.634065,1.896814,0.851627,3.367627
1776195767.013426,227.512787,541.694946,764.220947,769.207703,78.51133,29.577551,2,3.883554,1.674626,4.139965,2.967893,0.380999,2.705199,130.158554,1.634065,1.896814,0.851627,3.367627
1776195767.78267,226.448807,541.512207,769.207703,767.960999,78.002342,29.48702,2,3.765921,1.679633,3.909894,2.896776,0.380351,2.713286,173.228333,1.634065,1.896814,0.851627,3.367627
1776195768.561888,221.128799,551.81897,779.181213,772.947754,77.003906,28.608503,2,3.785734,1.729871,2.294371,2.949773,0.382524,2.795604,163.604111,1.634065,1.896814,0.851627,3.367627
1776195769.33987,222.192795,556.988403,777.934509,779.181213,77.127312,28.516191,2,3.820822,1.73533,2.692092,2.972349,0.385578,2.804677,143.63002,1.634065,1.896814,0.851627,3.367627
1776195770.117841,219.000793,555.193665,777.934509,774.194458,77.127312,28.287569,2,3.818535,1.749002,2.357488,2.97057,0.383033,2.827515,141.146622,1.634065,1.896814,0.851627,3.367627
1776195770.890826,220.064789,554.129639,772.947754,774.194458,77.624908,28.425003,2,3.854286,1.740757,2.78216,2.979162,0.383079,2.813724,149.778061,1.634065,1.896814,0.851627,3.367627
1776195771.666304,221.128799,555.559021,775.441101,776.687805,77.375313,28.470745,2,3.857182,1.73803,2.681958,2.991017,0.384328,2.809175,165.312653,1.634065,1.896814,0.851627,3.367627
1776195772.445533,217.936798,557.504272,779.181213,775.441101,77.003906,28.104881,2,3.880143,1.760087,2.272781,3.023335,0.383588,2.846148,163.637894,1.634065,1.896814,0.851627,3.367627
1776195773.221011,221.128799,558.052429,775.441101,779.181213,77.375313,28.379637,2,3.820634,1.743469,2.488091,2.962676,0.385531,2.818255,166.930695,1.634065,1.896814,0.851627,3.367627
1776195773.984021,223.256805,542.210815,762.974243,765.467651,78.63961,29.166067,2,3.853956,1.697636,3.494034,2.940469,0.379009,2.742538,170.089554,1.634065,1.896814,0.851627,3.367627
1776195774.753266,229.640793,547.046997,769.207703,776.687805,78.002342,29.566679,2,3.768107,1.675225,3.543419,2.898457,0.3847,2.706166,167.751343,1.634065,1.896814,0.851627,3.367627
1776195775.523757,227.512787,540.448242,770.454346,767.960999,77.876129,29.625565,2,3.73758,1.671983,2.221634,2.879635,0.380397,2.700938,145.843689,1.634065,1.896814,0.851627,3.367627
1776195776.294259,226.448807,542.758911,770.454346,769.207703,77.876129,29.439228,2,3.658403,1.682289,1.602728,2.818633,0.380952,2.717584,151.503006,1.634065,1.896814,0.851627,3.367627
1776195777.06849,225.384796,547.562988,774.194458,772.947754,77.499908,29.159126,2,3.732437,1.69803,2.376985,2.889632,0.38271,2.743181,164.818481,1.634065,1.896814,0.851627,3.367627
1776195777.838981,222.192795,544.521484,770.454346,766.714294,77.876129,28.979868,2,3.816736,1.708263,1.862576,2.940621,0.379564,2.759935,153.840988,1.634065,1.896814,0.851627,3.367627
1776195778.609472,228.576797,549.357727,770.454346,777.934509,77.876129,29.382524,2,3.800537,1.685451,2.819208,2.92814,0.385255,2.722709,149.668808,1.634065,1.896814,0.851627,3.367627
1776195779.381221,220.064789,541.66272,771.70105,761.727539,77.750313,28.890223,2,3.828439,1.713428,2.796553,2.954411,0.377065,2.768425,164.929962,1.634065,1.896814,0.851627,3.367627
1776195780.157946,223.256805,557.171021,776.687805,780.427856,77.251114,28.606976,2,3.774817,1.729961,2.360793,2.931854,0.386226,2.795753,172.156342,1.634065,1.896814,0.851627,3.367627
1776195780.928437,224.320801,547.380249,770.454346,771.70105,77.876129,29.068354,2,3.839135,1.703196,1.60875,2.957878,0.382062,2.751628,176.496414,1.634065,1.896814,0.851627,3.367627
1776195781.700174,230.704803,548.47644,771.70105,779.181213,77.750313,29.60862,2,3.805342,1.672914,3.005437,2.936587,0.385949,2.702439,177.968979,1.634065,1.896814,0.851627,3.367627
1776195782.481898,225.384796,550.056274,781.674561,775.441101,76.758286,29.065367,2,3.611753,1.703366,2.447115,2.823215,0.383913,2.751907,144.384567,1.634065,1.896814,0.851627,3.367627
1776195783.239921,226.448807,532.7854,757.987488,759.234192,79.156982,29.825951,2,3.689708,1.661043,3.516872,2.796752,0.376141,2.683367,161.755081,1.634065,1.896814,0.851627,3.367627
1776195783.979245,234.960815,514.299805,739.287109,749.26062,81.159264,31.359022,2,3.754808,1.581972,5.16702,2.775881,0.371701,2.559397,156.011215,1.634065,1.896814,0.851627,3.367627
1776195784.736022,240.280807,522.69342,756.740784,762.974243,79.287384,31.492651,2,3.630079,1.575445,1.767992,2.747029,0.378549,2.549401,154.554184,1.634065,1.896814,0.851627,3.367627
1776195785.505267,238.152802,528.561523,769.207703,766.714294,78.002342,31.06148,2,3.815754,1.596708,4.085586,2.935107,0.38026,2.582098,158.580887,1.634065,1.896814,0.851627,3.367627
1776195786.295705,231.768814,551.152527,790.401428,782.921326,75.910797,29.603079,2,3.776481,1.673219,4.236164,2.984936,0.3878,2.70293,173.137833,1.634065,1.896814,0.851627,3.367627
1776195787.072441,229.640793,544.55365,776.687805,774.194458,77.251114,29.6619,2,3.707203,1.669988,2.355946,2.879339,0.383497,2.697726,165.974274,1.634065,1.896814,0.851627,3.367627
1776195787.841685,226.448807,539.01886,769.207703,765.467651,78.002342,29.583067,2,3.573213,1.674322,1.984991,2.748543,0.379148,2.704708,115.326576,1.634065,1.896814,0.851627,3.367627
1776195788.612176,223.256805,543.45752,770.454346,766.714294,77.876129,29.118645,2,3.684772,1.70033,1.601333,2.838949,0.37961,2.746939,151.059097,1.634065,1.896814,0.851627,3.367627
1776195789.3889,226.448807,553.979065,776.687805,780.427856,77.251114,29.015982,2,3.797142,1.706191,2.948232,2.949194,0.386365,2.756536,138.588913,1.634065,1.896814,0.851627,3.367627
1776195790.170623,224.320801,554.860413,781.674561,779.181213,76.758286,28.789297,2,3.804558,1.719282,2.216383,2.973927,0.385671,2.778075,146.154709,1.634065,1.896814,0.851627,3.367627
1776195790.932387,223.256805,537.224121,761.727539,760.480896,78.768318,29.357321,2,3.898387,1.686861,3.612888,2.969509,0.376603,2.724997,164.659256,1.634065,1.896814,0.851627,3.367627
1776195791.719085,215.808792,562.125732,786.661377,777.934509,76.271698,27.741253,2,3.878848,1.782586,2.596958,3.05134,0.384698,2.884286,190.294052,1.634065,1.896814,0.851627,3.367627
1776195792.490823,217.936798,556.25769,771.70105,774.194458,77.750313,28.150135,2,3.960597,1.757328,2.728259,3.056396,0.382986,2.8415,183.791931,1.634065,1.896814,0.851627,3.367627
1776195793.258833,224.320801,551.1203,767.960999,775.441101,78.128967,28.928154,2,3.963077,1.711239,3.155501,3.043489,0.383866,2.764823,200.278671,1.634065,1.896814,0.851627,3.367627
1776195794.031816,221.128799,548.078918,772.947754,769.207703,77.624908,28.747606,2,3.895333,1.721712,1.134032,3.010889,0.38072,2.782089,166.307236,1.634065,1.896814,0.851627,3.367627
1776195794.807294,217.936798,553.764282,775.441101,771.70105,77.375313,28.241093,2,4.003221,1.751808,1.954443,3.104262,0.381783,2.832222,198.490524,1.634065,1.896814,0.851627,3.367627
1776195795.587759,222.192795,563.221863,780.427856,785.414673,76.880905,28.289869,2,3.9926,1.748863,2.707624,3.115937,0.388585,2.827283,153.536392,1.634065,1.896814,0.851627,3.367627
1776195796.35825,223.256805,548.444214,770.454346,771.70105,77.876129,28.930479,2,4.059171,1.711105,4.796653,3.127406,0.382016,2.764603,132.229355,1.634065,1.896814,0.851627,3.367627
1776195797.136233,215.808792,553.398926,777.934509,769.207703,77.127312,28.055984,2,4.090957,1.763078,4.205064,3.182497,0.380488,2.851194,174.446396,1.634065,1.896814,0.851627,3.367627
1776195797.90797,226.448807,557.719238,771.70105,784.16803,77.750313,28.877586,2,4.04244,1.714159,5.299569,3.119555,0.388169,2.769628,154.363129,1.634065,1.896814,0.851627,3.367627
1776195798.694668,225.384796,560.029907,786.661377,785.414673,76.271698,28.696281,2,3.892596,1.724713,3.58994,3.062155,0.388724,2.787054,169.290985,1.634065,1.896814,0.851627,3.367627
1776195799.462665,232.832794,543.85498,767.960999,776.687805,78.128967,29.977655,2,3.862267,1.652858,3.823572,2.96607,0.384839,2.670288,166.713211,1.634065,1.896814,0.851627,3.367627
1776195800.241896,237.088791,547.079224,779.181213,784.16803,77.003906,30.234438,2,3.736569,1.639191,3.45695,2.911465,0.388634,2.648576,164.145599,1.634065,1.896814,0.851627,3.367627
1776195801.0074,239.216797,528.744202,765.467651,767.960999,78.383453,31.149601,2,3.742463,1.592314,4.732581,2.864734,0.380908,2.57531,171.968002,1.634065,1.896814,0.851627,3.367627
1776195801.786617,242.408798,540.512512,779.181213,782.921326,77.003906,30.96209,2,3.773238,1.601694,5.376015,2.940036,0.388265,2.58982,182.128906,1.634065,1.896814,0.851627,3.367627
1776195802.582042,238.152802,552.248657,795.388184,790.401428,75.434868,30.130613,2,3.550541,1.644688,3.03841,2.824059,0.391687,2.657291,148.183273,1.634065,1.896814,0.851627,3.367627
1776195803.361272,239.216797,541.21106,779.181213,780.427856,77.003906,30.652008,2,3.44529,1.617455,2.084679,2.684505,0.386922,2.614371,134.736618,1.634065,1.896814,0.851627,3.367627
1776195804.126776,245.600784,527.346985,765.467651,772.947754,78.383453,31.774565,2,3.507757,1.561854,3.613843,2.685075,0.383593,2.528704,134.532547,1.634065,1.896814,0.851627,3.367627
1776195804.909733,234.960815,535.49353,782.921326,770.454346,76.636055,30.496397,2,3.505394,1.625485,2.315336,2.744448,0.381925,2.626962,135.623642,1.634065,1.896814,0.851627,3.367627
1776195805.700184,232.832794,555.075317,790.401428,787.908081,75.910797,29.550755,2,3.516329,1.676105,2.56483,2.779311,0.390252,2.707585,147.42453,1.634065,1.896814,0.851627,3.367627
1776195806.488128,230.704803,554.709839,787.908081,785.414673,76.151016,29.373631,2,3.509427,1.685948,2.253945,2.765106,0.388956,2.723516,160.322098,1.634065,1.896814,0.851627,3.367627
1776195807.268593,226.448807,548.99231,780.427856,775.441101,76.880905,29.202579,2,3.569247,1.695568,2.698848,2.78554,0.383959,2.739164,130.405731,1.634065,1.896814,0.851627,3.367627
1776195808.042824,236.024811,549.389893,774.194458,785.414673,77.499908,30.050982,2,3.631543,1.648931,3.69675,2.811521,0.389189,2.664034,143.501877,1.634065,1.896814,0.851627,3.367627
1776195808.837013,228.576797,556.837891,794.141479,785.414673,75.553291,29.10269,2,3.528886,1.701238,2.0151,2.802435,0.388864,2.748424,145.381134,1.634065,1.896814,0.851627,3.367627
1776195809.611244,236.024811,546.896484,774.194458,782.921326,77.499908,30.146683,2,3.658812,1.643835,3.041017,2.832632,0.387986,2.655937,139.791306,1.634065,1.896814,0.851627,3.367627
1776195810.407916,227.512787,559.14856,796.634888,786.661377,75.316811,28.921312,2,3.573954,1.711633,1.629789,2.847136,0.389418,2.765472,138.997345,1.634065,1.896814,0.851627,3.367627
1776195811.185887,236.024811,551.883301,777.934509,787.908081,77.127312,29.955881,2,3.63477,1.654027,3.65783,2.827613,0.390391,2.672154,148.173813,1.634065,1.896814,0.851627,3.367627
1776195811.972596,223.256805,548.444214,786.661377,771.70105,76.271698,28.930479,2,3.613699,1.711105,1.609594,2.842757,0.382016,2.764603,134.248032,1.634065,1.896814,0.851627,3.367627
1776195812.746827,232.832794,552.581909,774.194458,785.414673,77.499908,29.644569,2,3.690697,1.670938,2.78719,2.857317,0.389049,2.699257,127.436531,1.634065,1.896814,0.851627,3.367627
1776195813.536019,221.128799,554.312317,789.154724,775.441101,76.030716,28.51652,2,3.632348,1.73531,1.07679,2.866484,0.383727,2.804645,138.570068,1.634065,1.896814,0.851627,3.367627
1776195814.305263,227.512787,549.175049,769.207703,776.687805,78.002342,29.292694,2,3.782636,1.690486,2.740963,2.909633,0.384607,2.730888,155.570145,1.634065,1.896814,0.851627,3.367627
1776195815.093219,221.128799,559.299072,787.908081,780.427856,76.151016,28.334305,2,3.71476,1.746189,1.850937,2.92689,0.386133,2.822803,150.013931,1.634065,1.896814,0.851627,3.367627
1776195815.873684,224.320801,559.847229,780.427856,784.16803,76.880905,28.606215,2,3.689795,1.730006,2.54313,2.879619,0.388076,2.795828,166.701981,1.634065,1.896814,0.851627,3.367627
1776195816.657888,231.768814,561.126038,784.16803,792.894836,76.514214,29.230713,2,3.698216,1.693978,2.28431,2.900023,0.392611,2.736572,160.983566,1.634065,1.896814,0.851627,3.367627
1776195817.445845,228.576797,555.591248,787.908081,784.16803,76.151016,29.148956,2,3.65885,1.698607,2.299989,2.882838,0.388262,2.744123,157.839676,1.634065,1.896814,0.851627,3.367627
1776195818.216335,230.704803,542.24292,770.454346,772.947754,77.876129,29.847399,2,3.734285,1.65988,2.612967,2.877096,0.382942,2.681507,189.559387,1.634065,1.896814,0.851627,3.367627
1776195818.970619,239.216797,525.00415,754.247437,764.220947,79.549492,31.302048,2,3.83158,1.584772,4.509414,2.889959,0.379104,2.563697,127.12915,1.634065,1.896814,0.851627,3.367627
1776195819.742357,230.704803,531.022705,771.70105,761.727539,77.750313,30.287052,2,3.757418,1.636419,0.890229,2.899604,0.37753,2.644192,169.22084,1.634065,1.896814,0.851627,3.367627
1776195820.519082,225.384796,545.06958,776.687805,770.454346,77.251114,29.253492,2,4.037844,1.692693,1.499332,3.136144,0.381507,2.734479,162.995377,1.634065,1.896814,0.851627,3.367627
1776195821.293325,228.576797,549.357727,774.194458,777.934509,77.499908,29.382524,2,3.842808,1.685451,3.003602,2.975081,0.385255,2.722709,167.44751,1.634065,1.896814,0.851627,3.367627
1776195822.040128,244.536804,520.930847,746.767273,765.467651,80.346313,31.946066,2,3.841433,1.553704,5.25246,2.868656,0.379938,2.516366,144.319305,1.634065,1.896814,0.851627,3.367627
1776195822.803139,250.920792,519.533569,762.974243,770.454346,78.63961,32.567898,2,3.79716,1.524872,5.782034,2.897135,0.382622,2.473176,128.915604,1.634065,1.896814,0.851627,3.367627
1776195823.59233,243.472794,536.955078,789.154724,780.427856,76.030716,31.197348,2,3.71229,1.589944,3.554471,2.929571,0.387108,2.571656,192.29184,1.634065,1.896814,0.851627,3.367627
1776195824.359081,251.984802,524.703003,766.714294,776.687805,78.256004,32.443512,2,3.639769,1.530551,4.734894,2.790663,0.385676,2.481627,115.444633,1.634065,1.896814,0.851627,3.367627
1776195825.143297,247.728806,531.452393,784.16803,779.181213,76.514214,31.793478,2,3.459918,1.560951,4.813873,2.713157,0.386693,2.527333,105.855492,1.634065,1.896814,0.851627,3.367627
1776195825.936229,236.024811,543.156372,792.894836,779.181213,75.672081,30.291388,2,3.50846,1.636191,0.967299,2.781839,0.386182,2.643831,135.230148,1.634065,1.896814,0.851627,3.367627
1776195826.720433,238.152802,548.508545,784.16803,786.661377,76.514214,30.273863,2,3.51171,1.637113,1.89441,2.753771,0.389883,2.645289,161.47258,1.634065,1.896814,0.851627,3.367627
1776195827.505897,233.896805,546.531067,785.414673,780.427856,76.392769,29.970329,2,3.614769,1.653251,2.69547,2.839093,0.38669,2.670916,159.231918,1.634065,1.896814,0.851627,3.367627
1776195828.290101,236.024811,550.636597,784.16803,786.661377,76.514214,30.003357,2,3.632467,1.651479,1.576034,2.848464,0.38979,2.668091,143.791977,1.634065,1.896814,0.851627,3.367627
1776195829.068072,236.024811,541.909668,777.934509,777.934509,77.127312,30.339931,2,3.72028,1.633643,2.720144,2.894135,0.38558,2.639807,127.553902,1.634065,1.896814,0.851627,3.367627
1776195829.857263,238.152802,553.495361,789.154724,791.648132,76.030716,30.083164,2,3.728416,1.647214,2.815536,2.942297,0.392289,2.661303,214.332687,1.634065,1.896814,0.851627,3.367627
1776195830.650207,232.832794,553.828613,792.894836,786.661377,75.672081,29.597589,2,3.698642,1.673522,0.483218,2.932634,0.389651,2.703418,143.941895,1.634065,1.896814,0.851627,3.367627
1776195831.423191,237.088791,540.845703,772.947754,777.934509,77.624908,30.476704,2,3.637164,1.626507,3.2271,2.811337,0.385627,2.628568,156.879044,1.634065,1.896814,0.851627,3.367627
1776195832.191189,247.728806,532.699036,767.960999,780.427856,78.128967,31.742691,2,3.505482,1.563379,3.038777,2.692073,0.387294,2.531017,135.864182,1.634065,1.896814,0.851627,3.367627
1776195832.956692,246.664825,517.556152,765.467651,764.220947,78.383453,32.276638,2,3.636059,1.538239,4.24112,2.783285,0.379429,2.493111,164.237961,1.634065,1.896814,0.851627,3.367627
1776195833.738416,238.152802,533.548218,781.674561,771.70105,76.758286,30.860758,2,3.587748,1.606809,2.994019,2.804451,0.382666,2.597766,155.863785,1.634065,1.896814,0.851627,3.367627
1776195834.502673,247.728806,527.71228,764.220947,775.441101,78.51133,31.946823,2,3.476836,1.553668,3.5754,2.657071,0.384888,2.516312,147.635056,1.634065,1.896814,0.851627,3.367627
1776195835.266931,262.624817,519.049744,764.220947,781.674561,78.51133,33.597721,2,3.269336,1.479471,1.780329,2.498495,0.388546,2.406597,144.462524,1.634065,1.896814,0.851627,3.367627
1776195836.033682,248.792801,501.7146,766.714294,750.507385,78.256004,33.149944,2,3.104937,1.498865,1.599203,2.380599,0.372907,2.434824,117.304161,1.634065,1.896814,0.851627,3.367627
1776195836.805418,255.176788,524.004395,771.70105,779.181213,77.750313,32.749352,2,3.356204,1.516665,4.48283,2.589986,0.387018,2.461011,153.938507,1.634065,1.896814,0.851627,3.367627
1776195837.608336,255.176788,547.691528,802.868286,802.868286,74.732056,31.783146,2,3.292797,1.561445,3.750064,2.643683,0.398444,2.528082,156.166489,1.634065,1.896814,0.851627,3.367627
1776195838.39254,275.392822,532.462219,784.16803,807.855042,76.514214,34.089386,2,2.968789,1.458762,1.564652,2.328029,0.401733,2.376811,125.638397,1.634065,1.896814,0.851627,3.367627
1776195839.180485,284.968781,514.159424,787.908081,799.128235,76.151016,35.659958,2,2.818537,1.396437,2.207057,2.220748,0.397941,2.289362,122.426697,1.634065,1.896814,0.851627,3.367627
1776195839.967195,478.290344,492.881104,786.661377,971.171448,76.271698,49.248806,3,2.189391,0.863248,5.766628,1.722309,0.412883,1.505229,50.923325,3.054178,4.285746,0.0,3.990343
1776195840.859861,614.567444,420.185242,892.630005,1034.752686,67.217102,59.392693,3,1.735662,0.826223,17.657932,1.549304,0.50777,1.329071,36.164108,3.054178,4.285746,0.0,3.990343
1776195841.920855,650.429871,447.903992,1060.933105,1098.333862,56.553989,59.219688,3,1.47581,0.819059,17.591705,1.565735,0.53274,1.182051,28.250853,3.054178,4.285746,0.0,3.990343
1776195843.014251,649.234497,442.865845,1093.347168,1092.100342,54.877354,59.44825,3,1.372216,0.819285,14.829099,1.500309,0.531908,1.138732,24.607742,3.054178,4.285746,0.0,3.990343
1776195844.120126,654.016174,456.784607,1105.813965,1110.800781,54.258675,58.877899,3,1.358119,0.818386,14.704757,1.501827,0.535237,1.121879,22.407671,3.054178,4.285746,0.0,3.990343
1776195845.21852,705.418884,446.522644,1098.333862,1151.941528,54.628197,61.237389,3,1.310548,0.809488,14.771836,1.43942,0.571028,1.136348,23.577656,3.054178,4.285746,0.0,3.990343
1776195846.104953,945.697021,191.28418,886.396545,1136.981201,67.689796,83.176132,3,0.1,0.780725,-3.269138,0.1,0.738329,1.085176,10.0,3.054178,4.285746,0.0,3.990343
1776195847.511292,694.660156,449.80127,1406.266235,1144.461426,42.666176,60.697563,3,0.1,0.811241,13.306914,0.140627,0.563537,1.070666,24.225153,3.054178,4.285746,0.0,3.990343
1776195848.658308,734.108765,453.986694,1146.954712,1188.095459,52.312439,61.788704,3,1.240608,0.805064,14.362177,1.422921,0.591004,1.108926,21.059849,3.054178,4.285746,0.0,3.990343
1776195849.853945,773.557495,463.158936,1195.575684,1236.716431,50.185028,62.549305,3,1.188646,0.799516,14.194425,1.421117,0.618472,1.125584,25.104683,3.054178,4.285746,0.0,3.990343
1776195851.083241,759.212524,455.063477,1229.236206,1214.276001,48.810799,62.523884,3,1.166749,0.801467,13.599973,1.43421,0.608483,1.085714,20.564026,3.054178,4.285746,0.0,3.990343
1776195852.327499,714.982239,483.086731,1244.196533,1198.06897,48.223892,59.677887,3,1.160979,0.807974,12.260432,1.444486,0.577687,1.0752,17.833216,3.054178,4.285746,0.0,3.990343
1776195853.513161,730.522583,471.286499,1185.602173,1201.809082,50.607193,60.785248,3,1.141611,0.805598,11.698835,1.353496,0.588507,1.08969,18.870125,3.054178,4.285746,0.0,3.990343
1776195854.723758,768.775818,481.654236,1210.535889,1250.430054,49.564827,61.480915,3,1.122319,0.800158,13.396514,1.358607,0.615142,1.113628,22.711937,3.054178,4.285746,0.0,3.990343
1776195855.971768,809.419861,480.904236,1247.936646,1290.324097,48.079365,62.729965,3,1.078587,0.794942,14.05134,1.346008,0.643442,1.065549,17.284828,3.054178,4.285746,0.0,3.990343
1776195857.2821,785.511658,499.825745,1310.271118,1285.337402,45.792049,61.11327,3,1.151383,0.797945,11.663944,1.508624,0.626795,1.027394,12.873518,3.054178,4.285746,0.0,3.990343
1776195858.617378,816.592407,551.026489,1335.204834,1367.618896,44.936924,59.709061,3,1.008318,0.794075,10.859108,1.346311,0.648436,1.011408,10.214479,3.054178,4.285746,0.0,3.990343
1776195859.94267,742.476807,505.459839,1325.231323,1247.936646,45.275116,59.496353,3,1.031159,0.803838,13.87029,1.366524,0.596831,1.026244,12.960434,3.054178,4.285746,0.0,3.990343
1776195861.154513,657.602417,465.665161,1211.782593,1123.267578,49.513832,58.543701,3,1.220821,0.81772,12.045527,1.479369,0.537734,1.071028,18.472023,3.054178,4.285746,0.0,3.990343
1776195862.264128,668.361084,452.413208,1109.553955,1120.774292,54.075783,59.633869,3,1.380015,0.815765,15.703422,1.531201,0.545225,1.140162,24.193092,3.054178,4.285746,0.0,3.990343
1776195863.356277,652.82074,423.072693,1092.100342,1075.893433,54.940006,60.677082,3,1.42007,0.818609,14.697609,1.550859,0.534405,1.147161,25.143744,3.054178,4.285746,0.0,3.990343
1776195864.453425,657.602417,444.471436,1097.087158,1102.073853,54.690277,59.66954,3,1.391604,0.81772,15.303319,1.526711,0.537734,1.15289,26.306921,3.054178,4.285746,0.0,3.990343
1776195865.556806,673.1427,446.384888,1103.320679,1119.527588,54.381287,60.127388,3,1.358932,0.814916,11.867774,1.499338,0.548555,1.141774,23.847076,3.054178,4.285746,0.0,3.990343
1776195866.676382,643.257385,445.102966,1119.527588,1088.360352,53.594036,59.103348,3,1.3476,0.820428,9.860628,1.508675,0.527746,1.127418,22.482533,3.054178,4.285746,0.0,3.990343
1776195867.759816,640.866577,440.01355,1083.373535,1080.880127,55.382561,59.29118,3,1.35648,0.820891,13.186203,1.469575,0.526082,1.129596,22.692169,3.054178,4.285746,0.0,3.990343
1776195868.838252,664.774841,438.545837,1078.386719,1103.320679,55.638668,60.25219,3,1.363138,0.816409,15.109638,1.46999,0.542728,1.122951,21.174629,3.054178,4.285746,0.0,3.990343
1776195869.945374,669.556458,442.490906,1107.060669,1112.047363,54.197571,60.209347,3,1.3568,0.815552,16.214607,1.502059,0.546058,1.130379,22.930563,3.054178,4.285746,0.0,3.990343
1776195871.064962,657.602417,449.458252,1119.527588,1107.060669,53.594036,59.400757,3,1.299567,0.81772,11.741616,1.454901,0.537734,1.137677,23.754486,3.054178,4.285746,0.0,3.990343
1776195872.170825,655.211548,448.109131,1105.813965,1103.320679,54.258675,59.385414,3,1.293259,0.818163,11.829586,1.430104,0.53607,1.127582,22.260519,3.054178,4.285746,0.0,3.990343
1776195873.2767,659.993164,450.807617,1105.813965,1110.800781,54.258675,59.415977,3,1.332021,0.81728,13.885216,1.472968,0.539399,1.137558,23.60494,3.054178,4.285746,0.0,3.990343
1776195874.393782,680.315247,457.912659,1117.034302,1138.227905,53.713661,59.769684,3,1.303497,0.813665,13.756688,1.456051,0.553549,1.116428,21.204967,3.054178,4.285746,0.0,3.990343
1776195875.530824,701.832642,457.588989,1136.981201,1159.421631,52.77132,60.532993,3,1.229347,0.810066,12.030267,1.397744,0.568531,1.100586,19.277895,3.054178,4.285746,0.0,3.990343
1776195876.695294,720.95929,463.396179,1164.408325,1184.355469,51.528316,60.873558,3,1.130427,0.807048,12.530673,1.316278,0.581849,1.084073,16.657734,3.054178,4.285746,0.0,3.990343
1776195882.757004,670.751892,453.762512,1175.628662,1124.514404,51.036522,59.64814,3,1.377242,0.815339,16.011925,1.619126,0.54689,1.093602,20.658112,3.054178,4.285746,0.0,3.990343
1776195883.876592,646.843628,447.750122,1119.527588,1094.59375,53.594036,59.094398,3,1.395702,0.81974,14.13779,1.562527,0.530243,1.130029,24.561325,3.054178,4.285746,0.0,3.990343
1776195884.986206,680.315247,464.146179,1109.553955,1144.461426,54.075783,59.444141,3,1.366484,0.813665,14.416698,1.516188,0.553549,1.128026,22.578907,3.054178,4.285746,0.0,3.990343
1776195886.10329,703.028015,437.693176,1117.034302,1140.721191,53.713661,61.630135,3,1.319845,0.809873,13.093566,1.474312,0.569363,1.152225,26.326714,3.054178,4.285746,0.0,3.990343
1776195887.244072,681.51062,436.770264,1140.721191,1118.280884,52.598305,60.942703,3,1.317171,0.813459,12.543601,1.502525,0.554381,1.158796,27.598579,3.054178,4.285746,0.0,3.990343
1776195888.362413,667.16571,436.154968,1118.280884,1103.320679,53.653782,60.468884,3,1.369369,0.815979,10.678651,1.531339,0.544393,1.235153,34.087204,3.054178,4.285746,0.0,3.990343
1776195889.448329,697.051025,419.983276,1085.866943,1117.034302,55.25539,62.401939,3,1.31718,0.810847,13.917625,1.430282,0.565202,1.141052,23.106098,3.054178,4.285746,0.0,3.990343
1776195890.609058,713.786804,464.335144,1160.668335,1178.121948,51.694355,60.586834,3,1.260853,0.808161,10.752285,1.463433,0.576854,1.102228,19.772884,3.054178,4.285746,0.0,3.990343
1776195896.172068,661.188599,442.13208,1113.294067,1103.320679,53.894115,59.927147,3,1.32683,0.817061,15.220313,1.477152,0.540231,1.130923,23.703831,3.054178,4.285746,0.0,3.990343
1776195897.271709,655.211548,438.13562,1099.580444,1093.347168,54.566265,59.927132,3,1.389643,0.818163,14.143753,1.528024,0.53607,1.163283,27.141123,3.054178,4.285746,0.0,3.990343
1776195898.361377,669.556458,435.010803,1089.607056,1104.567261,55.065723,60.617085,3,1.375525,0.815552,14.95596,1.498782,0.546058,1.157905,26.320068,3.054178,4.285746,0.0,3.990343
1776195899.464747,637.280273,432.379761,1103.320679,1069.660034,54.381287,59.577835,3,1.420835,0.821592,13.714204,1.567637,0.523585,1.158976,27.27969,3.054178,4.285746,0.0,3.990343
1776195900.540701,646.843628,439.023315,1075.893433,1085.866943,55.767605,59.569328,3,1.409872,0.81974,14.806654,1.516872,0.530243,1.135504,23.220167,3.054178,4.285746,0.0,3.990343
1776195901.632849,652.82074,445.513123,1092.100342,1098.333862,54.940006,59.43737,3,1.396683,0.818609,16.487406,1.525319,0.534405,1.133251,23.059532,3.054178,4.285746,0.0,3.990343
1776195902.72127,656.406982,435.693359,1088.360352,1092.100342,55.128799,60.105007,3,1.425889,0.817941,15.685273,1.551881,0.536902,1.147367,25.223957,3.054178,4.285746,0.0,3.990343
1776195903.8209,657.602417,443.224854,1099.580444,1100.827271,54.566265,59.73711,3,1.410317,0.81772,15.012371,1.550757,0.537734,1.125758,22.915766,3.054178,4.285746,0.0,3.990343
1776195904.918048,661.188599,439.638672,1097.087158,1100.827271,54.690277,60.062885,3,1.391124,0.817061,14.960479,1.526185,0.540231,1.121168,22.041304,3.054178,4.285746,0.0,3.990343
1776195906.018936,673.1427,440.151367,1100.827271,1113.294067,54.504463,60.464054,3,1.33427,0.814916,16.220755,1.468801,0.548555,1.127138,22.456615,3.054178,4.285746,0.0,3.990343
1776195907.138512,655.211548,445.615723,1119.527588,1100.827271,53.594036,59.519924,3,1.342246,0.818163,15.07208,1.502682,0.53607,1.1109,21.431202,3.054178,4.285746,0.0,3.990343
1776195908.2394,657.602417,445.718262,1100.827271,1103.320679,54.504463,59.602112,3,1.389595,0.81772,16.865765,1.529704,0.537734,1.126928,22.6444,3.054178,4.285746,0.0,3.990343
1776195909.339029,655.211548,441.87561,1099.580444,1097.087158,54.566265,59.722836,3,1.391863,0.818163,14.637493,1.530465,0.53607,1.129988,22.979122,3.054178,4.285746,0.0,3.990343
1776195910.439917,665.970276,446.077087,1100.827271,1112.047363,54.504463,59.88686,3,1.36791,0.816194,15.562004,1.505833,0.543561,1.128981,22.818449,3.054178,4.285746,0.0,3.990343
1776195911.550779,674.338135,445.189453,1110.800781,1119.527588,54.015087,60.234173,3,1.369318,0.814706,16.452957,1.52104,0.549387,1.116889,21.695316,3.054178,4.285746,0.0,3.990343
1776195912.676588,677.924377,451.576721,1125.760986,1129.501099,53.297283,60.01981,3,1.359245,0.814079,17.261942,1.530185,0.551884,1.104029,20.019016,3.054178,4.285746,0.0,3.990343
1776195913.79867,674.338135,443.942749,1122.020996,1118.280884,53.474934,60.301323,3,1.36612,0.814706,15.438922,1.532815,0.549387,1.11672,22.149866,3.054178,4.285746,0.0,3.990343
1776195914.918258,670.751892,445.035583,1119.527588,1115.787476,53.594036,60.114662,3,1.376764,0.815339,16.685568,1.541325,0.54689,1.125533,22.676292,3.054178,4.285746,0.0,3.990343
1776195916.036588,677.924377,447.836609,1118.280884,1125.760986,53.653782,60.219212,3,1.355998,0.814079,14.425736,1.516387,0.551884,1.130671,23.558071,3.054178,4.285746,0.0,3.990343
1776195917.161163,686.292297,446.948792,1124.514404,1133.241089,53.356365,60.560131,3,1.347224,0.812643,15.01778,1.514972,0.557711,1.118398,22.226086,3.054178,4.285746,0.0,3.990343
1776195918.301945,668.361084,453.659912,1140.721191,1122.020996,52.598305,59.567608,3,1.341076,0.815765,13.937998,1.529794,0.545225,1.099248,20.265854,3.054178,4.285746,0.0,3.990343
1776195919.41904,663.579407,448.467957,1117.034302,1112.047363,53.713661,59.671867,3,1.343035,0.816626,14.224796,1.500216,0.541896,1.124299,22.52009,3.054178,4.285746,0.0,3.990343
1776195920.538616,665.970276,456.05072,1119.527588,1122.020996,53.594036,59.35453,3,1.343768,0.816194,14.045525,1.504385,0.543561,1.116625,21.78108,3.054178,4.285746,0.0,3.990343
1776195921.646984,683.901489,443.106201,1108.307373,1127.00769,54.136608,60.682945,3,1.263706,0.81305,15.70483,1.400574,0.556046,1.124499,21.69824,3.054178,4.285746,0.0,3.990343
1776195922.757846,705.418884,427.822205,1110.800781,1133.241089,54.015087,62.24791,3,1.335543,0.809488,15.186643,1.483522,0.571028,1.143833,24.983803,3.054178,4.285746,0.0,3.990343
1776195923.923549,703.028015,460.133728,1165.655151,1163.161743,51.473198,60.441124,3,1.207428,0.809873,15.113009,1.407444,0.569363,1.088216,18.210369,3.054178,4.285746,0.0,3.990343
1776195925.079291,698.24646,452.448364,1155.681641,1150.694824,51.917412,60.68042,3,1.213624,0.810651,14.748945,1.402563,0.566034,1.086161,18.223392,3.054178,4.285746,0.0,3.990343
1776195926.217581,664.774841,438.545837,1138.227905,1103.320679,52.71352,60.25219,3,1.232306,0.816409,14.409366,1.402645,0.542728,1.1234,22.776777,3.054178,4.285746,0.0,3.990343
1776195927.327196,659.993164,444.574097,1109.553955,1104.567261,54.075783,59.751289,3,1.345719,0.81728,12.965557,1.493148,0.539399,1.123447,22.283997,3.054178,4.285746,0.0,3.990343
1776195928.435551,677.924377,449.083313,1108.307373,1127.00769,54.136608,60.152596,3,1.356693,0.814079,15.944809,1.503632,0.551884,1.127715,22.629848,3.054178,4.285746,0.0,3.990343
1776195929.556386,667.16571,442.388245,1120.774292,1109.553955,53.53442,60.129185,3,1.339487,0.815979,12.969706,1.501263,0.544393,1.126668,23.335583,3.054178,4.285746,0.0,3.990343
1776195930.679714,676.728943,456.512146,1123.267578,1133.241089,53.415588,59.716236,3,1.353879,0.814287,14.955701,1.520768,0.551052,1.102352,19.665207,3.054178,4.285746,0.0,3.990343
1776195931.809265,663.579407,452.208069,1129.501099,1115.787476,53.1208,59.471848,3,1.359592,0.816626,14.929736,1.535661,0.541896,1.118722,22.516113,3.054178,4.285746,0.0,3.990343
1776195932.922619,687.487732,450.740173,1113.294067,1138.227905,53.894115,60.39983,3,1.359185,0.812441,15.949291,1.513172,0.558543,1.118513,21.54488,3.054178,4.285746,0.0,3.990343
1776195934.067141,674.338135,456.409668,1144.461426,1130.747803,52.426407,59.636475,3,1.349786,0.814706,13.80084,1.544778,0.549387,1.098472,20.102505,3.054178,4.285746,0.0,3.990343
1776195935.201678,679.119812,460.354797,1134.487915,1139.474609,52.887299,59.59938,3,1.346148,0.813872,14.753983,1.527189,0.552717,1.111283,21.436064,3.054178,4.285746,0.0,3.990343
1776195936.325007,674.338135,443.942749,1123.267578,1118.280884,53.415588,60.301323,3,1.349988,0.814706,15.254093,1.516398,0.549387,1.124384,23.400703,3.054178,4.285746,0.0,3.990343
1776195937.455815,704.22345,457.691589,1130.747803,1161.915039,53.062229,60.608856,3,1.330603,0.80968,14.875659,1.504576,0.570196,1.110235,20.85696,3.054178,4.285746,0.0,3.990343
1776195938.625271,694.660156,464.761475,1169.395142,1159.421631,51.308575,59.914368,3,1.277667,0.811241,14.002595,1.494098,0.563537,1.102359,20.957306,3.054178,4.285746,0.0,3.990343
1776195939.78974,709.005127,470.363525,1164.408325,1179.368652,51.528316,60.117348,3,1.284132,0.808915,13.127606,1.495253,0.573525,1.09224,18.561073,3.054178,4.285746,0.0,3.990343
1776195940.971663,724.545532,473.523438,1181.862183,1198.06897,50.767342,60.476112,3,1.19824,0.806499,13.941738,1.416154,0.584346,1.069313,16.007376,3.054178,4.285746,0.0,3.990343
1776195942.207193,1000.0,826.400757,1235.469727,1826.400757,48.564526,54.752499,3,0.954706,0.776139,9.554162,1.17951,0.776139,1.029082,10.0,3.054178,4.285746,0.0,3.990343
1776195944.17332,852.454773,656.0401,1966.030029,1508.494873,30.518354,56.510288,3,0.779793,0.789961,6.624764,1.533096,0.673406,0.955416,10.0,3.054178,4.285746,0.0,3.990343
1776195945.555973,773.557495,526.740112,1382.579102,1300.297607,43.397156,59.490807,3,1.063515,0.799516,12.099235,1.470394,0.618472,1.013479,12.401506,3.054178,4.285746,0.0,3.990343
1776195946.795243,844.086853,468.677673,1239.209717,1312.764526,48.417953,64.298424,3,1.076117,0.79089,13.565229,1.333535,0.66758,1.066978,16.365921,3.054178,4.285746,0.0,3.990343
1776195948.076901,1000.0,1000.0,1281.59729,2400.0,46.816578,41.666664,3,0.912817,0.776139,-1.170875,1.169864,0.776139,1.141399,28.410721,3.054178,4.285746,0.0,3.990343
1776195953.612485,894.29425,584.279968,1381.33252,1478.574219,43.436317,60.483559,3,0.996555,0.785578,11.923593,1.376574,0.702538,1.002388,10.0,3.054178,4.285746,0.0,3.990343
1776195955.026303,833.328186,516.837097,1413.746338,1350.165283,42.44043,61.720455,3,0.960767,0.792111,14.48274,1.35828,0.660089,1.007056,11.295883,3.054178,4.285746,0.0,3.990343
1776195956.356594,720.95929,492.070129,1330.21814,1213.029419,45.105385,59.434612,3,1.099074,0.807048,11.529637,1.462009,0.581849,1.025581,13.323221,3.054178,4.285746,0.0,3.990343
1776195957.543504,766.384949,467.838074,1186.848877,1234.223022,50.554035,62.094528,3,1.099415,0.800482,13.543784,1.30484,0.613478,1.072204,15.991028,3.054178,4.285746,0.0,3.990343
1776195958.800228,823.764832,492.739807,1256.663452,1316.504639,47.74548,62.572117,3,0.988666,0.793224,9.310922,1.24242,0.65343,1.026322,10.880142,3.054178,4.285746,0.0,3.990343
1776195960.093106,1000.0,513.481567,1292.817505,1513.481567,46.410263,66.072823,3,0.919081,0.776139,12.147276,1.188204,0.776139,1.014075,10.0,3.054178,4.285746,0.0,3.990343
1776195973.809895,765.189514,485.24054,1241.703125,1250.430054,48.320728,61.194111,3,1.070619,0.800645,11.78236,1.329391,0.612645,1.053761,14.248053,3.054178,4.285746,0.0,3.990343
1776195975.065372,793.879517,491.457886,1255.416748,1285.337402,47.792892,61.76429,3,1.00407,0.796873,10.937891,1.260527,0.632621,1.034492,11.924109,3.054178,4.285746,0.0,3.990343