timestamp,gct_ms,swing_time,stride_time,gait_cycle_time,cadence,gct_pct,activity_type,speed_mps,vgrf_average,fsa_deg,stride_len_m,vgrf_impulse_bws,vgrf_active_peak_bw,lr_instantaneous_bwps,vgrf_curve_bn_output_0,vgrf_curve_bn_output_1,vgrf_curve_bn_output_2,vgrf_curve_bn_output_3
1773773563.307648,678.254456,449.840271,1082.718872,1128.094727,55.416046,60.12389,3,1.470268,0.814022,18.770924,1.591887,0.552114,1.170462,26.75452,5.217613,3.302011,0.468735,3.811238
1773773564.391676,674.628662,405.569336,1083.979248,1080.197998,55.351612,62.45417,3,1.335496,0.814655,21.470381,1.44765,0.549589,1.16394,27.674694,5.217613,3.302011,0.468735,3.811238
1773773565.458057,672.211487,391.600769,1066.33313,1063.812256,56.267593,63.188923,3,1.356686,0.81508,20.79916,1.446679,0.547906,1.193236,30.154625,5.217613,3.302011,0.468735,3.811238
1773773566.613942,634.744873,482.005859,1155.824341,1116.750732,51.911003,56.838547,3,1.309461,0.822093,5.858648,1.513507,0.521819,1.154349,28.007977,5.217613,3.302011,0.468735,3.811238
1773773567.648813,690.340454,402.461914,1034.822144,1092.802368,57.98098,63.17157,3,1.292184,0.811961,19.213936,1.337181,0.560529,1.230327,31.4762,5.217613,3.302011,0.468735,3.811238
1773773568.799656,635.953491,458.109375,1150.782593,1094.062866,52.138432,58.127689,3,1.187183,0.821854,5.653469,1.36619,0.522661,1.14532,26.866222,5.217613,3.302011,0.468735,3.811238
1773773569.824444,689.131836,391.066162,1024.738525,1080.197998,58.551521,63.796806,3,1.292534,0.812163,18.252977,1.32451,0.559688,1.209147,28.929611,5.217613,3.302011,0.468735,3.811238
1773773570.914786,674.628662,400.527588,1090.281494,1075.15625,55.031658,62.747032,3,1.317133,0.814655,21.29299,1.436045,0.549589,1.169667,28.701443,5.217613,3.302011,0.468735,3.811238
1773773572.000074,652.873901,409.677856,1085.239746,1062.551758,55.287323,61.443962,3,1.329741,0.818599,17.853065,1.443088,0.534442,1.184771,29.463333,5.217613,3.302011,0.468735,3.811238
1773773573.080332,638.370667,426.701965,1080.197998,1065.072632,55.545372,59.936821,3,1.351102,0.821378,15.519365,1.459458,0.524344,1.198032,31.428951,5.217613,3.302011,0.468735,3.811238
1773773574.122765,674.628662,405.569336,1042.384766,1080.197998,57.560318,62.45417,3,1.442956,0.814655,20.897125,1.504115,0.549589,1.245722,34.572472,5.217613,3.302011,0.468735,3.811238
1773773575.180336,683.088806,383.244324,1057.51001,1066.33313,56.737053,64.059608,3,1.368938,0.813189,18.082062,1.447665,0.55548,1.18059,28.235859,5.217613,3.302011,0.468735,3.811238
1773773576.314781,575.52356,446.694153,1134.396851,1022.217712,52.891544,56.301468,3,1.531832,0.835039,4.729246,1.737705,0.480585,1.149672,28.232447,5.217613,3.302011,0.468735,3.811238
1773773577.286631,663.751282,400.060974,971.800049,1063.812256,61.741096,62.393646,3,1.624098,0.816595,19.386198,1.578298,0.542016,1.231094,30.721832,5.217613,3.302011,0.468735,3.811238
1773773578.383275,521.136597,426.715088,1096.58374,947.851685,54.715385,54.980816,3,1.48786,0.84952,20.406513,1.631563,0.442716,1.222493,35.311699,5.217613,3.302011,0.468735,3.811238
1773773579.247973,655.291077,349.280396,864.662537,1004.571472,69.391235,65.230904,3,1.125204,0.818148,16.746769,0.972922,0.536125,1.277828,24.445715,5.217613,3.302011,0.468735,3.811238
1773773580.329492,643.205139,425.648865,1081.458374,1068.854004,55.480637,60.177082,3,1.317679,0.820438,3.847489,1.425015,0.52771,1.079272,16.883137,5.217613,3.302011,0.468735,3.811238
1773773581.375707,662.542664,403.790466,1046.166016,1066.33313,57.352276,62.132805,3,1.475528,0.816814,21.164917,1.543647,0.541174,1.188622,30.30901,5.217613,3.302011,0.468735,3.811238
1773773582.453445,625.076111,413.527283,1077.677124,1038.603394,55.675304,60.184296,3,1.487873,0.824039,19.211876,1.603447,0.515087,1.163795,29.17168,5.217613,3.302011,0.468735,3.811238
1773773583.47067,628.701904,392.255371,1017.175964,1020.957275,58.986843,61.579651,3,1.612145,0.823302,23.707542,1.639835,0.517612,1.225724,34.598949,5.217613,3.302011,0.468735,3.811238
1773773584.542093,620.24176,442.309998,1071.374878,1062.551758,56.002808,58.372849,3,1.555752,0.825035,14.452465,1.666793,0.511721,1.171786,28.382797,5.217613,3.302011,0.468735,3.811238
1773773585.568153,602.112732,404.979614,1025.999023,1007.092346,58.479588,59.787243,3,1.731332,0.828911,21.68631,1.776345,0.499098,1.231737,36.017479,5.217613,3.302011,0.468735,3.811238
1773773586.56521,623.867554,395.829285,997.00885,1019.696838,60.180008,61.181671,3,1.703085,0.824286,23.059948,1.697991,0.514246,1.28869,40.587608,5.217613,3.302011,0.468735,3.811238
1773773587.577392,615.407288,387.903748,1012.134155,1003.311035,59.280678,61.337639,3,1.6512,0.826046,22.828781,1.671236,0.508355,1.2939,42.043556,5.217613,3.302011,0.468735,3.811238
1773773588.582013,635.953491,390.045532,1004.571472,1025.999023,59.726959,61.983829,3,1.601486,0.821854,22.248707,1.608807,0.522661,1.369406,48.669586,5.217613,3.302011,0.468735,3.811238
1773773589.597977,652.873901,380.687744,1015.915527,1033.561646,59.060028,63.167389,3,1.586884,0.818599,23.574862,1.61214,0.534442,1.25769,37.792885,5.217613,3.302011,0.468735,3.811238
1773773590.64041,645.622314,389.199829,1042.384766,1034.822144,57.560318,62.38969,3,1.574304,0.819973,23.59355,1.641031,0.529393,1.254254,38.490383,5.217613,3.302011,0.468735,3.811238
1773773591.691678,638.370667,405.274475,1051.207886,1043.645142,57.077198,61.167408,3,1.583036,0.821378,23.62789,1.6641,0.524344,1.25317,38.440571,5.217613,3.302011,0.468735,3.811238
1773773592.717725,639.579285,387.680115,1025.999023,1027.259399,58.479588,62.260742,3,1.624907,0.821142,23.585609,1.667153,0.525185,1.262416,39.173145,5.217613,3.302011,0.468735,3.811238
1773773593.752596,638.370667,395.190979,1034.822144,1033.561646,57.98098,61.764164,3,1.607432,0.821378,23.214724,1.663406,0.524344,1.258052,38.403492,5.217613,3.302011,0.468735,3.811238
1773773594.782437,650.456665,391.928101,1029.780273,1042.384766,58.264858,62.400826,3,1.556713,0.819054,22.839191,1.603072,0.532759,1.242952,35.993317,5.217613,3.302011,0.468735,3.811238
1773773595.826131,649.248108,393.136658,1043.645142,1042.384766,57.490807,62.284882,3,1.567769,0.819282,22.713964,1.636194,0.531917,1.228366,35.074402,5.217613,3.302011,0.468735,3.811238
1773773596.881169,646.830872,405.63739,1054.989136,1052.468262,56.872623,61.458469,3,1.548365,0.819742,23.217756,1.633508,0.530234,1.210362,33.05864,5.217613,3.302011,0.468735,3.811238
1773773597.94126,649.248108,413.30365,1060.030884,1062.551758,56.602123,61.10273,3,1.526588,0.819282,22.470587,1.618231,0.531917,1.183558,30.378792,5.217613,3.302011,0.468735,3.811238
1773773598.984954,655.291077,394.656311,1043.645142,1049.947388,57.490807,62.411804,3,1.517632,0.818148,22.642923,1.583869,0.536125,1.210691,32.425873,5.217613,3.302011,0.468735,3.811238
1773773600.045033,655.291077,404.739807,1060.030884,1060.030884,56.602123,61.818111,3,1.522429,0.818148,22.706661,1.613822,0.536125,1.197201,31.851265,5.217613,3.302011,0.468735,3.811238
1773773601.107645,644.413696,406.794189,1062.551758,1051.207886,56.467838,61.302216,3,1.531669,0.820205,21.907404,1.627478,0.528551,1.199538,32.090317,5.217613,3.302011,0.468735,3.811238
1773773602.156381,644.413696,404.273315,1048.687012,1048.687012,57.214401,61.449577,3,1.541742,0.820205,22.518187,1.616805,0.528551,1.223913,34.580196,5.217613,3.302011,0.468735,3.811238
1773773603.210158,649.248108,409.5224,1053.72876,1058.770508,56.940651,61.32095,3,1.558041,0.819282,22.361576,1.641752,0.531917,1.233327,35.730473,5.217613,3.302011,0.468735,3.811238
1773773604.266469,650.456665,407.053345,1056.249634,1057.51001,56.804752,61.508324,3,1.475972,0.819054,21.78401,1.558995,0.532759,1.219138,33.566891,5.217613,3.302011,0.468735,3.811238
1773773605.310162,668.585693,393.966064,1043.645142,1062.551758,57.490807,62.922646,3,1.475736,0.815725,21.262169,1.540145,0.545382,1.194765,30.396999,5.217613,3.302011,0.468735,3.811238
1773773606.394202,668.585693,415.393555,1083.979248,1083.979248,55.351612,61.678825,3,1.435682,0.815725,21.476711,1.556249,0.545382,1.165569,28.527172,5.217613,3.302011,0.468735,3.811238
1773773607.492094,657.708252,428.79187,1097.844116,1086.500122,54.652569,60.53458,3,1.351413,0.8177,14.850502,1.48364,0.537808,1.14287,24.533312,5.217613,3.302011,0.468735,3.811238
1773773608.547133,706.052307,399.354431,1054.989136,1105.406738,56.872623,63.872623,3,1.009084,0.809386,7.391181,1.064573,0.571469,1.107969,14.886173,5.217613,3.302011,0.468735,3.811238
1773773609.598401,430.017303,369.102325,1051.207886,799.119629,57.077198,53.811382,2,0.757336,0.940124,-17.611448,0.796117,0.404269,1.749645,26.714621,1.988487,1.593557,1.435427,3.587249
1773773610.368567,399.896698,334.940399,770.129517,734.837097,77.908974,54.419773,2,0.988282,0.930102,-19.593256,0.761105,0.371945,1.739777,30.56743,1.988487,1.593557,1.435427,3.587249
1773773611.107222,375.154785,334.473511,738.618408,709.628296,81.232742,52.866383,2,1.049442,0.956148,-18.789597,0.775137,0.358704,1.765601,29.302382,1.988487,1.593557,1.435427,3.587249
1773773611.810584,367.624634,326.878357,703.326111,694.502991,85.308929,52.933483,2,1.06786,0.954991,-17.400742,0.751054,0.351078,1.764442,35.903816,1.988487,1.593557,1.435427,3.587249
1773773612.518988,317.065033,332.062103,708.367859,649.127136,84.701752,48.84483,2,1.099159,1.031276,-18.161007,0.778609,0.326982,1.843319,36.420883,1.988487,1.593557,1.435427,3.587249
1773773613.146712,263.278229,301.399323,627.699646,564.677551,95.58712,46.624527,2,1.194016,1.078308,-17.985603,0.749483,0.283895,1.894411,42.506783,1.988487,1.593557,1.435427,3.587249
1773773613.687477,435.395996,307.003784,540.729187,742.39978,110.961273,58.64711,2,1.271265,0.866206,-16.617575,0.68741,0.377143,1.678867,39.512856,1.988487,1.593557,1.435427,3.587249
1773773614.597553,770.108032,452.519775,910.038452,1222.627808,65.931282,62.987934,3,1.644401,0.799978,20.112883,1.496468,0.61607,1.277781,27.965002,5.217613,3.302011,0.468735,3.811238
1773773615.987892,585.192383,612.226562,1390.266479,1197.418945,43.157192,48.871147,3,0.829409,0.832746,-15.579514,1.1531,0.487317,0.969807,10.0,5.217613,3.302011,0.468735,3.811238
1773773616.908062,380.533447,355.564087,920.121948,736.097534,65.208748,51.69606,2,0.917477,0.976806,-18.047672,0.844191,0.371707,1.786493,26.402308,1.988487,1.593557,1.435427,3.587249
1773773617.629071,333.20108,332.311798,720.972229,665.512878,83.220955,50.066811,2,1.06616,1.007172,-18.880323,0.768672,0.335591,1.817861,36.652893,1.988487,1.593557,1.435427,3.587249
1773773618.295881,354.71579,337.266327,666.773315,691.982117,89.985603,51.26083,2,1.070392,0.984728,-19.678413,0.713709,0.349299,1.794601,32.765968,1.988487,1.593557,1.435427,3.587249
1773773619.004285,359.018738,354.390869,708.367859,713.409607,84.701752,50.324352,2,1.013278,1.002241,-18.915367,0.717774,0.359823,1.812714,29.345484,1.988487,1.593557,1.435427,3.587249
1773773619.721513,366.548889,359.465149,717.190918,726.014038,83.659729,50.487854,2,1.015123,0.999136,-19.94035,0.728037,0.366232,1.809484,30.139814,1.988487,1.593557,1.435427,3.587249
1773773620.433698,343.958435,341.721497,712.14917,685.679932,84.252014,50.16312,2,1.092557,1.005322,-18.394171,0.778063,0.345789,1.815927,31.636892,1.988487,1.593557,1.435427,3.587249
1773773621.105538,291.247375,318.806091,671.815063,610.053467,89.310295,47.741287,2,1.150828,1.054105,-18.382921,0.773144,0.307005,1.867884,39.304916,1.988487,1.593557,1.435427,3.587249
1773773621.720669,371.927551,337.700745,615.095276,709.628296,97.54586,52.411606,2,1.216506,0.964066,-18.571281,0.748267,0.358563,1.773566,39.157135,1.988487,1.593557,1.435427,3.587249
1773773622.514783,638.370667,405.274475,794.077881,1043.645142,75.559341,61.167408,3,1.819398,0.821378,17.505247,1.444743,0.524344,1.407977,35.266651,5.217613,3.302011,0.468735,3.811238
1773773623.549654,648.03949,396.86615,1034.822144,1044.90564,57.98098,62.018948,3,1.508061,0.819512,23.135893,1.560575,0.531076,1.199781,31.08424,5.217613,3.302011,0.468735,3.811238
1773773624.618568,674.628662,421.955078,1068.854004,1096.58374,56.134888,61.520947,3,1.382288,0.814655,22.967901,1.477464,0.549589,1.139375,22.606565,5.217613,3.302011,0.468735,3.811238
1773773625.691252,658.91687,397.332764,1072.635376,1056.249634,55.936996,62.382687,3,1.342024,0.817477,21.835766,1.439503,0.53865,1.200244,31.027222,5.217613,3.302011,0.468735,3.811238
1773773626.607641,161.083313,238.916687,916.340637,400.0,65.477837,40.270828,2,0.635152,1.241548,-4.970391,0.582016,0.199993,2.08633,37.265007,1.988487,1.593557,1.435427,3.587249
1773773627.148395,233.157639,392.021118,540.729187,625.178772,110.961273,37.294556,2,0.1,1.337145,-22.621355,0.1,0.311766,2.209233,33.327545,1.988487,1.593557,1.435427,3.587249
1773773627.691681,236.384842,310.646606,543.250061,547.031433,110.446373,43.212296,2,0.1,1.160008,-13.017866,0.1,0.274208,1.987635,46.753448,1.988487,1.593557,1.435427,3.587249
1773773628.11016,368.853088,176.917908,418.466431,545.770996,143.380676,67.583862,3,0.1,0.912786,45.0,0.1,0.336684,2.406242,37.341236,5.217613,3.302011,0.468735,3.811238
1773773628.764365,246.066452,292.141846,654.168884,538.208313,91.719437,45.719555,2,0.1,1.098787,-12.185844,0.1,0.270375,1.917247,37.910095,1.988487,1.593557,1.435427,3.587249
1773773629.329067,262.202515,321.381653,564.677551,583.584167,106.255333,44.929684,2,0.1,1.117337,-15.94952,0.1,0.292969,1.938238,36.218102,1.988487,1.593557,1.435427,3.587249
1773773629.941677,253.596603,348.894165,612.574402,602.490784,97.947289,42.091366,2,0.1,1.189737,-21.49737,0.1,0.301713,2.022964,45.75573,1.988487,1.593557,1.435427,3.587249
1773773632.194195,480.576904,464.753845,1051.207886,945.33075,57.077198,50.83691,2,1.014086,0.992576,-15.208561,1.066015,0.477009,1.802686,28.294561,1.988487,1.593557,1.435427,3.587249
1773773633.024874,433.244537,341.926727,830.630615,775.171265,72.234276,55.890171,2,0.994909,0.90678,-18.650314,0.826401,0.392858,1.717143,37.703255,1.988487,1.593557,1.435427,3.587249
1773773633.810165,385.91217,343.883179,785.254761,729.795349,76.408325,52.879505,2,1.038955,0.955922,-18.486643,0.815845,0.368902,1.765374,35.272789,1.988487,1.593557,1.435427,3.587249
1773773634.537476,381.609192,340.623474,727.274475,722.232666,82.499802,52.837433,2,1.025424,0.956648,-17.764465,0.745765,0.365066,1.766103,33.453522,1.988487,1.593557,1.435427,3.587249
1773773635.257224,380.533447,337.917908,719.711792,718.451355,83.366707,52.96579,2,0.996432,0.954436,-18.2439,0.717144,0.363195,1.763886,32.768929,1.988487,1.593557,1.435427,3.587249
1773773635.980754,311.68634,331.138611,723.493164,642.824951,82.930984,48.486969,2,1.08996,1.038566,-19.706963,0.788578,0.323707,1.851114,33.986877,1.988487,1.593557,1.435427,3.587249
1773773636.633699,265.429688,333.279785,652.908447,598.709473,91.8965,44.333637,2,1.147332,1.131772,-19.733912,0.749102,0.300406,1.954775,38.986343,1.988487,1.593557,1.435427,3.587249
1773773637.228651,268.656921,330.052551,594.928162,598.709473,100.852516,44.872669,2,1.262389,1.118701,-19.112299,0.751031,0.300547,1.939793,45.014725,1.988487,1.593557,1.435427,3.587249
1773773637.800915,252.520874,300.812744,572.240234,553.333618,104.851067,45.63628,2,1.302676,1.100713,-17.81744,0.745443,0.277953,1.919412,48.734291,1.988487,1.593557,1.435427,3.587249
1773773638.358067,232.081909,301.084656,557.114929,533.166565,107.697708,43.528969,2,1.330334,1.151886,-16.201952,0.741149,0.267332,1.978114,53.475784,1.988487,1.593557,1.435427,3.587249
1773773638.901341,241.763519,312.830536,543.250061,554.594055,110.446373,43.59288,2,1.308626,1.150262,-18.045183,0.710911,0.278091,1.976216,50.155975,1.988487,1.593557,1.435427,3.587249
1773773639.461001,511.467773,317.902405,559.635803,829.370178,107.212585,61.669422,3,1.775907,0.852417,-3.942275,0.993861,0.435984,1.556999,20.648943,5.217613,3.302011,0.468735,3.811238
1773773640.366046,609.364319,397.728027,904.996704,1007.092346,66.298584,60.50729,3,1.861195,0.827333,22.893003,1.684375,0.504147,1.351197,41.897659,5.217613,3.302011,0.468735,3.811238
1773773641.374447,640.787842,400.336426,1008.352783,1041.124268,59.502983,61.54768,3,1.641874,0.820906,23.151772,1.655588,0.526027,1.250688,35.778797,5.217613,3.302011,0.468735,3.811238
1773773642.415621,645.622314,400.543701,1041.124268,1046.166016,57.630009,61.713177,3,1.598998,0.819973,22.67075,1.664756,0.529393,1.24698,37.273289,5.217613,3.302011,0.468735,3.811238
1773773643.459327,633.536316,397.504456,1043.645142,1031.040771,57.490807,61.446293,3,1.578183,0.822333,21.907703,1.647063,0.520978,1.242461,36.647762,5.217613,3.302011,0.468735,3.811238
1773773644.482853,658.91687,391.030518,1023.478149,1049.947388,58.623627,62.757133,3,1.578998,0.817477,21.754389,1.61607,0.53865,1.264752,37.870701,5.217613,3.302011,0.468735,3.811238
1773773645.544193,671.002869,402.892883,1061.291382,1073.895752,56.534897,62.483055,3,1.131435,0.815294,3.108709,1.200782,0.547065,1.201155,31.635551,5.217613,3.302011,0.468735,3.811238
1773773646.642097,828.120728,433.580811,1097.844116,1261.701538,54.652569,65.635231,3,0.794636,0.792714,5.778883,0.872386,0.656463,1.121294,21.875587,5.217613,3.302011,0.468735,3.811238
1773773647.852181,629.910522,373.400513,1210.023315,1003.311035,49.585823,62.783176,3,1.082328,0.823058,13.57756,1.309642,0.518453,1.079569,20.768986,5.217613,3.302011,0.468735,3.811238
1773773648.904698,593.652527,421.002563,1052.468262,1014.65509,57.008846,58.507816,3,1.82106,0.830801,13.426682,1.916608,0.493207,1.162214,29.842007,5.217613,3.302011,0.468735,3.811238
1773773649.924444,594.861145,426.09613,1019.696838,1020.957275,58.841019,58.265038,3,1.633106,0.830528,15.051973,1.665273,0.494049,1.240057,35.822411,5.217613,3.302011,0.468735,3.811238
1773773650.916472,625.076111,398.402039,991.967102,1023.478149,60.485878,61.073715,3,1.687352,0.824039,24.545523,1.673797,0.515087,1.244778,35.324566,5.217613,3.302011,0.468735,3.811238
1773773651.934956,616.615906,392.997314,1018.436401,1009.61322,58.913841,61.074467,3,1.718998,0.825792,22.815039,1.75069,0.509196,1.252523,37.933548,5.217613,3.302011,0.468735,3.811238
1773773652.958483,606.947144,406.44751,1023.478149,1013.394653,58.623627,59.892475,3,1.72435,0.827855,22.82571,1.764834,0.502464,1.26264,40.135551,5.217613,3.302011,0.468735,3.811238
1773773653.965624,616.615906,400.560059,1007.092346,1017.175964,59.577457,60.62038,3,1.736094,0.825792,23.269657,1.748407,0.509196,1.275592,40.177032,5.217613,3.302011,0.468735,3.811238
1773773654.972765,635.953491,391.305908,1007.092346,1027.259399,59.577457,61.90778,3,1.685916,0.821854,23.154207,1.697874,0.522661,1.244871,36.077641,5.217613,3.302011,0.468735,3.811238
1773773656.008908,633.536316,400.02533,1036.08252,1033.561646,57.910446,61.296421,3,1.6802,0.822333,24.550541,1.740826,0.520978,1.238886,36.998779,5.217613,3.302011,0.468735,3.811238
1773773657.039997,623.867554,397.089722,1031.040771,1020.957275,58.193626,61.10614,3,1.719531,0.824286,23.673801,1.772906,0.514246,1.269298,40.278271,5.217613,3.302011,0.468735,3.811238
1773773658.064784,625.076111,400.922913,1024.738525,1025.999023,58.551521,60.923653,3,1.668827,0.824039,24.363037,1.710111,0.515087,1.222379,34.49176,5.217613,3.302011,0.468735,3.811238
1773773659.090832,628.701904,401.078369,1025.999023,1029.780273,58.479588,61.052044,3,1.697269,0.823302,23.886246,1.741396,0.517612,1.282009,41.09314,5.217613,3.302011,0.468735,3.811238
1773773660.14336,619.033081,423.351685,1052.468262,1042.384766,57.008846,59.386234,3,1.613601,0.825286,21.212364,1.698264,0.510879,1.242608,36.865578,5.217613,3.302011,0.468735,3.811238
1773773661.153023,641.996521,391.565125,1009.61322,1033.561646,59.428699,62.114971,3,1.523318,0.820672,22.202234,1.537962,0.526868,1.269261,38.158714,5.217613,3.302011,0.468735,3.811238
1773773662.194196,640.787842,399.07605,1041.124268,1039.863892,57.630009,61.62228,3,1.601701,0.820906,23.463755,1.667569,0.526027,1.23903,36.884403,5.217613,3.302011,0.468735,3.811238
1773773663.247973,619.033081,412.00769,1053.72876,1031.040771,56.940651,60.039635,3,1.669961,0.825286,24.840389,1.759686,0.510879,1.233891,36.81031,5.217613,3.302011,0.468735,3.811238
1773773664.280334,605.738525,412.697876,1032.301147,1018.436401,58.122574,59.477306,3,1.859582,0.828117,19.638899,1.919648,0.501623,1.25849,39.410851,5.217613,3.302011,0.468735,3.811238
1773773665.292517,620.24176,407.017639,1012.134155,1027.259399,59.280678,60.3783,3,1.703743,0.825035,23.766224,1.724417,0.511721,1.256532,37.957157,5.217613,3.302011,0.468735,3.811238
1773773666.309741,625.076111,397.141602,1017.175964,1022.217712,58.986843,61.149017,3,1.615199,0.824039,22.975653,1.642942,0.515087,1.261734,38.607491,5.217613,3.302011,0.468735,3.811238
1773773667.334529,627.493347,399.766052,1024.738525,1027.259399,58.551521,61.084217,3,1.695646,0.823547,23.323212,1.737594,0.51677,1.251038,38.034607,5.217613,3.302011,0.468735,3.811238
1773773668.359328,626.284729,397.19342,1024.738525,1023.478149,58.551521,61.191803,3,1.695216,0.823792,23.779404,1.737153,0.515929,1.277061,40.80463,5.217613,3.302011,0.468735,3.811238
1773773669.381594,633.536316,396.243958,1022.217712,1029.780273,58.695911,61.521507,3,1.64067,0.822333,24.844584,1.677122,0.520978,1.225217,34.595787,5.217613,3.302011,0.468735,3.811238
1773773670.415204,635.953491,400.129028,1033.561646,1036.08252,58.051689,61.380585,3,1.658904,0.821854,23.578121,1.714579,0.522661,1.224472,35.445023,5.217613,3.302011,0.468735,3.811238
1773773671.460158,627.493347,408.589172,1044.90564,1036.08252,57.421452,60.56403,3,1.678609,0.823547,22.361763,1.753989,0.51677,1.240012,37.947624,5.217613,3.302011,0.468735,3.811238
1773773672.497561,633.536316,410.108826,1037.343018,1043.645142,57.840076,60.704189,3,1.639976,0.822333,23.993721,1.701217,0.520978,1.240346,36.699501,5.217613,3.302011,0.468735,3.811238
1773773673.543777,649.248108,413.30365,1046.166016,1062.551758,57.352276,61.10273,3,1.596992,0.819282,22.180178,1.670719,0.531917,1.219271,34.430965,5.217613,3.302011,0.468735,3.811238
1773773674.606377,672.211487,414.288635,1062.551758,1086.500122,56.467838,61.869438,3,1.462271,0.81508,20.828144,1.553739,0.547906,1.192797,30.746922,5.217613,3.302011,0.468735,3.811238
1773773675.695458,755.604797,420.386658,1089.020996,1175.991455,55.095356,64.252571,3,1.369635,0.801969,22.659851,1.491562,0.605972,1.222327,32.861172,5.217613,3.302011,0.468735,3.811238
1773773676.850083,597.27832,392.167847,1154.563965,989.446167,51.96767,60.364914,3,0.949283,0.829985,8.044878,1.096008,0.495732,1.044964,11.370064,5.217613,3.302011,0.468735,3.811238
1773773677.840838,857.127197,404.574341,990.706665,1261.701538,60.562832,67.934227,3,0.793013,0.789451,7.494576,0.785644,0.67666,1.057157,10.0,5.217613,3.302011,0.468735,3.811238
1773773679.13159,714.512451,427.447144,1290.69165,1141.959595,46.486702,62.568981,3,1.273075,0.808047,19.985558,1.643148,0.57736,1.092047,25.356575,5.217613,3.302011,0.468735,3.811238
1773773680.30008,640.787842,450.75415,1168.428833,1091.541992,51.351009,58.70483,3,1.545074,0.820906,9.225622,1.805309,0.526027,1.162513,31.128345,5.217613,3.302011,0.468735,3.811238
1773773681.356378,695.174805,417.794678,1056.249634,1112.969482,56.804752,62.461262,3,1.46692,0.811156,21.140276,1.549434,0.563895,1.228543,34.281563,5.217613,3.302011,0.468735,3.811238
1773773682.455544,695.174805,403.92981,1099.104614,1099.104614,54.58989,63.249195,3,1.340957,0.811156,16.592371,1.473852,0.563895,1.20186,32.57917,5.217613,3.302011,0.468735,3.811238
1773773683.56352,685.506042,412.338074,1107.927612,1097.844116,54.155163,62.441109,3,1.365249,0.812776,20.550503,1.512597,0.557163,1.181257,29.845963,5.217613,3.302011,0.468735,3.811238
1773773700.006798,702.426453,357.604431,1123.052979,1060.030884,53.425797,66.264717,3,1.029028,0.80997,1.549626,1.155653,0.568945,0.993922,10.0,5.217613,3.302011,0.468735,3.811238
1773773701.171506,1000.0,850.327515,1164.647461,1850.327515,51.517735,54.044487,3,0.882429,0.776139,2.524591,1.027719,0.776139,1.013458,10.0,5.217613,3.302011,0.468735,3.811238
1773773727.242518,729.015686,458.319763,1096.58374,1187.335449,54.715385,61.399303,3,1.31041,0.805824,14.269829,1.436975,0.587458,1.157786,24.409304,5.217613,3.302011,0.468735,3.811238
1773773781.855126,749.561829,549.952942,1405.391724,1299.514771,42.692722,57.68013,3,1.065638,0.802821,4.848069,1.497639,0.601764,1.024365,14.184135,5.217613,3.302011,0.468735,3.811238
1773773783.115628,1000.0,537.738159,1260.44104,1537.738159,47.602386,65.030579,3,0.843703,0.776139,14.026715,1.063437,0.776139,1.004364,10.0,5.217613,3.302011,0.468735,3.811238
1773773784.749245,985.238647,616.78186,1633.531616,1602.020508,36.730236,61.499752,3,0.703122,0.777335,4.734975,1.148573,0.765861,0.959887,10.0,5.217613,3.302011,0.468735,3.811238
1773773791.976965,1000.0,893.182495,1827.639526,1893.182495,32.829231,52.821114,3,0.581981,0.776139,5.029656,1.063651,0.776139,0.936675,10.0,5.217613,3.302011,0.468735,3.811238
1773773906.916042,1000.0,1000.0,1284.389404,2400.0,46.714806,41.666664,3,1.020665,0.776139,3.641973,1.310932,0.776139,0.983441,10.0,5.217613,3.302011,0.468735,3.811238
1773773909.371502,745.935974,505.682068,2400.0,1251.618042,25.0,59.597733,3,0.823656,0.803339,14.040272,1.976776,0.599239,0.955887,14.769089,5.217613,3.302011,0.468735,3.811238
1773773910.629495,741.101624,511.776794,1257.920166,1252.878418,47.697781,59.151917,3,0.982756,0.804037,4.820245,1.236228,0.595873,1.029362,12.011232,5.217613,3.302011,0.468735,3.811238
1773773911.810589,739.893005,439.879822,1181.033203,1179.772827,50.802975,62.71487,3,1.061641,0.804213,13.269436,1.253833,0.595032,1.048936,13.322578,5.217613,3.302011,0.468735,3.811238
1773773913.011838,720.55542,460.477783,1201.200195,1181.033203,49.950043,61.010597,3,1.133539,0.80711,12.732054,1.361607,0.581567,1.084779,18.529346,5.217613,3.302011,0.468735,3.811238
1773773914.168984,744.727417,437.566284,1157.084839,1182.293701,51.85445,62.990051,3,1.140918,0.803513,15.669683,1.32014,0.598398,1.116294,21.348045,5.217613,3.302011,0.468735,3.811238
1773773915.351338,735.058655,437.151428,1182.293701,1172.210083,50.74881,62.707073,3,1.130623,0.804923,15.618005,1.336728,0.591666,1.082497,18.438349,5.217613,3.302011,0.468735,3.811238
1773773916.538734,760.439209,453.365601,1187.335449,1213.80481,50.533318,62.649216,3,1.103209,0.801297,14.998759,1.30988,0.609338,1.058503,14.460384,5.217613,3.302011,0.468735,3.811238
1773773917.751339,745.935974,451.482971,1212.544189,1197.418945,49.482731,62.295322,3,1.081395,0.803339,14.265935,1.311239,0.599239,1.070896,17.540197,5.217613,3.302011,0.468735,3.811238
1773773918.945037,785.819763,449.412537,1193.637573,1235.2323,50.266514,63.617165,3,1.07417,0.797905,13.8925,1.282169,0.62701,1.084263,18.036831,5.217613,3.302011,0.468735,3.811238
1773773920.211841,820.869141,482.42688,1266.743286,1303.296021,47.365555,62.984093,3,0.995079,0.793566,14.128537,1.260509,0.651414,1.02094,10.253172,5.217613,3.302011,0.468735,3.811238
1773773921.51395,829.329285,481.529358,1302.035645,1310.858643,46.081688,63.266109,3,0.951946,0.792573,13.916954,1.239468,0.657304,1.019774,11.175411,5.217613,3.302011,0.468735,3.811238
1773773922.831171,874.047485,489.749756,1317.160889,1363.797241,45.552521,64.089256,3,0.928198,0.787647,13.804796,1.222586,0.688441,1.020334,11.506477,5.217613,3.302011,0.468735,3.811238
1773773924.273188,868.004517,567.637817,1441.944458,1435.642334,41.610477,60.461056,3,0.883665,0.788283,4.833539,1.274195,0.684233,0.992374,10.0,5.217613,3.302011,0.468735,3.811238
1773773936.744622,1000.0,1000.0,1609.583252,2400.0,37.27673,41.666664,3,0.72048,0.776139,5.290857,1.159673,0.776139,0.961194,10.0,5.217613,3.302011,0.468735,3.811238
1773773942.338739,855.918579,678.038208,1574.290894,1533.956787,38.112396,55.798088,3,0.806168,0.789582,0.337238,1.269143,0.675818,0.935238,10.0,5.217613,3.302011,0.468735,3.811238
1773773943.68495,772.525208,486.655457,1346.151001,1259.180664,44.571522,61.351418,3,1.125076,0.799654,19.922195,1.514522,0.617753,1.044305,17.332117,5.217613,3.302011,0.468735,3.811238
1773773944.945452,402.693909,472.052124,1260.44104,874.746033,47.602386,46.035522,3,1.446415,0.894592,7.135522,1.823121,0.360247,1.053464,20.646305,5.217613,3.302011,0.468735,3.811238
1773773945.812684,286.944427,476.882843,867.183411,763.827271,69.189514,37.566666,2,1.75133,1.327776,-3.050762,1.518725,0.380998,2.196845,66.982941,1.988487,1.593557,1.435427,3.587249
1773773946.788313,596.069702,684.538452,975.58136,1280.608154,61.501789,46.54583,3,1.484789,0.830256,0.090304,1.448532,0.49489,1.124009,18.856077,5.217613,3.302011,0.468735,3.811238
1773773947.804278,687.923279,423.785706,1015.915527,1111.708984,59.060028,61.879795,3,1.313612,0.812367,15.717805,1.334519,0.558846,1.191889,25.446678,5.217613,3.302011,0.468735,3.811238
1773773948.976549,702.426453,484.908997,1172.210083,1187.335449,51.185364,59.159897,3,1.264204,0.80997,2.108354,1.481913,0.568945,1.029719,11.044256,5.217613,3.302011,0.468735,3.811238
1773773986.399663,713.303894,519.407532,1344.890625,1232.711426,44.613293,57.864632,3,1.012842,0.808236,4.885929,1.362162,0.576518,1.050734,17.388624,5.217613,3.302011,0.468735,3.811238
1773773987.593361,751.979065,481.992737,1193.637573,1233.971802,50.266514,60.939728,3,1.016037,0.802478,11.970243,1.21278,0.603447,1.077838,15.69311,5.217613,3.302011,0.468735,3.811238
1773773988.911843,764.065002,566.960754,1318.421387,1331.025757,45.508972,57.404224,3,0.912431,0.800799,4.854323,1.202969,0.611862,1.006885,10.0,5.217613,3.302011,0.468735,3.811238
1773773990.153438,837.789612,480.631775,1241.534424,1318.421387,48.327293,63.544907,3,0.925731,0.791601,13.018532,1.149326,0.663195,1.036994,12.112091,5.217613,3.302011,0.468735,3.811238
1773773991.468151,749.561829,473.065979,1314.640015,1222.627808,45.63987,61.307442,3,1.027263,0.802821,14.051731,1.35048,0.601764,1.047101,16.080269,5.217613,3.302011,0.468735,3.811238
1773773992.670672,737.47583,452.380493,1202.460693,1189.856323,49.897682,61.98024,3,1.088294,0.804567,15.506558,1.308631,0.593349,1.082783,18.291555,5.217613,3.302011,0.468735,3.811238
1773773993.861849,680.671631,451.204346,1191.116699,1131.875977,50.372898,60.136593,3,1.174121,0.813604,16.846495,1.398515,0.553797,1.078244,18.276886,5.217613,3.302011,0.468735,3.811238
1773773994.992513,307.383392,453.923004,1130.615601,761.306396,53.068436,40.375778,2,1.585808,1.238435,0.751708,1.792939,0.380674,2.082458,62.139736,1.988487,1.593557,1.435427,3.587249
1773773995.823192,234.233368,510.687286,830.630615,744.920654,72.234276,31.444069,2,2.258331,1.577812,-2.956286,1.875839,0.369576,2.553021,69.096268,1.988487,1.593557,1.435427,3.587249
1773773996.583275,204.112747,520.640869,760.045959,724.753601,78.942596,28.163055,2,3.105107,1.756541,-1.481642,2.360024,0.358532,2.840177,95.845184,1.988487,1.593557,1.435427,3.587249
1773773997.337055,199.809814,548.892212,753.743774,748.702026,79.602646,26.687494,2,3.588527,1.851247,-1.703595,2.70483,0.369897,3.003337,109.966934,1.988487,1.593557,1.435427,3.587249
1773773998.083272,194.431122,545.447754,746.181152,739.878845,80.409431,26.278778,2,3.822188,1.879361,-1.085473,2.852045,0.365406,3.053237,107.418999,1.988487,1.593557,1.435427,3.587249
1773773998.824448,194.431122,546.70813,741.139282,741.139282,80.956444,26.234087,2,3.974111,1.882488,-1.20471,2.94537,0.366014,3.05883,123.521896,1.988487,1.593557,1.435427,3.587249
1773773999.578228,189.052444,558.38916,753.743774,747.441589,79.602646,25.293272,2,3.992624,1.950886,-1.933494,3.009416,0.36882,3.18322,118.56871,1.988487,1.593557,1.435427,3.587249
1773774000.328227,185.825241,560.355896,749.962463,746.181152,80.004005,24.903503,2,3.975507,1.980736,-2.56357,2.981481,0.368071,3.238753,116.772217,1.988487,1.593557,1.435427,3.587249
1773774001.064361,193.355392,551.565247,736.097534,744.920654,81.510941,25.956509,2,4.224782,1.902153,-0.731512,3.109852,0.367791,3.094185,135.253098,1.988487,1.593557,1.435427,3.587249
1773774001.804277,183.673767,544.861145,739.878845,728.534912,81.09436,25.211388,2,3.973959,1.95708,-1.978412,2.940248,0.359464,3.194682,119.628876,1.988487,1.593557,1.435427,3.587249
1773774002.549233,186.900986,561.801025,744.920654,748.702026,80.545494,24.963335,2,4.0668,1.976093,-1.828252,3.029443,0.369334,3.230066,130.713623,1.988487,1.593557,1.435427,3.587249
1773774003.281586,196.582611,547.077637,732.316223,743.660217,81.931816,26.434465,2,3.970926,1.868549,-1.806164,2.907974,0.367324,3.033968,120.592575,1.988487,1.593557,1.435427,3.587249
1773774004.035379,198.73407,557.530579,753.743774,756.264648,79.602646,26.278378,2,3.763788,1.879389,-1.991144,2.836932,0.373499,3.053288,111.862457,1.988487,1.593557,1.435427,3.587249
1773774004.780335,194.431122,545.447754,744.920654,739.878845,80.545494,26.278778,2,3.887686,1.879361,-1.320754,2.896018,0.365406,3.053237,143.949982,1.988487,1.593557,1.435427,3.587249
1773774005.527813,190.128174,552.271606,747.441589,742.39978,80.273834,25.609947,2,3.88431,1.927302,-2.069547,2.903295,0.366434,3.139881,131.026001,1.988487,1.593557,1.435427,3.587249
1773774006.27151,186.900986,552.977844,743.660217,739.878845,80.682007,25.261026,2,3.878934,1.95332,-2.5139,2.884609,0.365077,3.187721,122.668213,1.988487,1.593557,1.435427,3.587249
1773774007.02655,192.279648,569.026733,755.004211,761.306396,79.469757,25.256538,2,3.912542,1.95366,-0.978041,2.953985,0.375649,3.188349,119.237152,1.988487,1.593557,1.435427,3.587249
1773774007.786633,193.355392,567.950989,760.045959,761.306396,78.942596,25.39784,2,3.945778,1.943033,-1.97778,2.998973,0.375696,3.168737,118.23938,1.988487,1.593557,1.435427,3.587249
1773774008.541673,191.203918,561.279419,755.004211,752.483337,79.469757,25.409721,2,3.905923,1.942145,-2.016833,2.948988,0.371346,3.167103,119.84375,1.988487,1.593557,1.435427,3.587249
1773774009.286631,194.431122,554.270874,744.920654,748.702026,80.545494,25.969091,2,3.985179,1.901252,-1.393662,2.968642,0.369663,3.092559,134.707367,1.988487,1.593557,1.435427,3.587249
1773774010.029066,193.355392,547.783875,742.39978,741.139282,80.818993,26.088942,2,3.930481,1.892718,-1.693164,2.917988,0.365967,3.077182,138.428162,1.988487,1.593557,1.435427,3.587249
1773774010.753856,197.65834,532.137024,724.753601,729.795349,82.786758,27.084076,2,3.928301,1.824779,-1.094531,2.84705,0.360683,2.95697,127.477234,1.988487,1.593557,1.435427,3.587249
1773774011.498814,197.65834,547.262329,744.920654,744.920654,80.545494,26.534145,2,3.935933,1.861694,-2.289348,2.931957,0.367979,3.021801,129.914871,1.988487,1.593557,1.435427,3.587249
1773774012.246303,194.431122,549.229126,747.441589,743.660217,80.273834,26.145155,2,3.800755,1.888743,-1.846479,2.840842,0.36723,3.07004,127.544373,1.988487,1.593557,1.435427,3.587249
1773774012.998823,198.73407,558.791016,752.483337,757.525085,79.735985,26.23465,2,3.824372,1.882449,-1.555292,2.877776,0.374107,3.058759,125.416504,1.988487,1.593557,1.435427,3.587249
1773774013.739999,194.431122,541.666382,741.139282,736.097534,80.956444,26.413771,2,3.921067,1.869979,-0.728802,2.906056,0.363582,3.036511,136.781998,1.988487,1.593557,1.435427,3.587249
1773774014.500081,197.65834,566.168945,760.045959,763.827271,78.942596,25.877363,2,3.931489,1.907837,-2.172189,2.988112,0.3771,3.104466,113.633392,1.988487,1.593557,1.435427,3.587249
1773774015.245038,194.431122,546.70813,744.920654,741.139282,80.545494,26.234087,2,3.811107,1.882488,-1.628052,2.838972,0.366014,3.05883,116.77916,1.988487,1.593557,1.435427,3.587249
1773774015.996297,196.582611,557.161133,751.2229,753.743774,79.869766,26.080826,2,3.817029,1.893294,-1.757571,2.86744,0.372189,3.078217,117.989258,1.988487,1.593557,1.435427,3.587249
1773774016.761422,192.279648,567.766296,765.087708,760.045959,78.422379,25.298422,2,3.796812,1.950497,-2.398858,2.904894,0.375041,3.182503,114.503937,1.988487,1.593557,1.435427,3.587249
1773774017.522764,186.900986,568.10321,761.306396,755.004211,78.811897,24.754959,2,3.927443,1.992359,-2.644719,2.989987,0.372374,3.260582,114.692078,1.988487,1.593557,1.435427,3.587249
1773774018.277804,196.582611,569.765503,755.004211,766.348145,79.469757,25.651867,2,3.991977,1.924224,-1.232737,3.013959,0.378269,3.134259,127.321915,1.988487,1.593557,1.435427,3.587249
1773774019.041681,194.431122,566.875244,763.827271,761.306396,78.551788,25.539143,2,3.851388,1.932524,-2.111903,2.941795,0.375743,3.149437,117.295547,1.988487,1.593557,1.435427,3.587249
1773774019.797982,192.279648,561.464111,756.264648,753.743774,79.337303,25.509947,2,3.906374,1.934686,-1.978597,2.954253,0.372001,3.1534,122.811279,1.988487,1.593557,1.435427,3.587249
1773774020.546721,193.355392,556.607056,748.702026,749.962463,80.138687,25.782009,2,3.865609,1.914731,-0.660683,2.894189,0.370224,3.116973,127.943222,1.988487,1.593557,1.435427,3.587249
1773774021.303021,201.961288,564.386841,756.264648,766.348145,79.337303,26.353725,2,4.143017,1.87414,1.311252,3.133218,0.378504,3.043921,184.693817,1.988487,1.593557,1.435427,3.587249
1773774022.066884,200.885559,561.681274,763.827271,762.566833,78.551788,26.343336,2,3.928165,1.874862,-1.23927,3.00044,0.376633,3.045208,131.199738,1.988487,1.593557,1.435427,3.587249
1773774022.815623,203.037018,548.185913,748.702026,751.2229,80.138687,27.027533,2,4.008128,1.828506,0.023517,3.000894,0.371254,2.963462,121.34671,1.988487,1.593557,1.435427,3.587249
1773774023.582007,201.961288,563.126404,766.348145,765.087708,78.293396,26.397142,2,4.042361,1.87113,-0.55481,3.097856,0.377896,3.038558,140.275848,1.988487,1.593557,1.435427,3.587249
1773774024.347143,199.809814,562.757019,765.087708,762.566833,78.422379,26.202271,2,4.024834,1.884721,-0.793172,3.079351,0.376586,3.062828,139.277435,1.988487,1.593557,1.435427,3.587249
1773774025.102185,195.506866,554.455566,755.004211,749.962463,79.469757,26.068888,2,3.99918,1.894141,-1.49211,3.019398,0.370318,3.079741,139.017654,1.988487,1.593557,1.435427,3.587249
1773774025.847141,199.809814,550.152649,744.920654,749.962463,80.545494,26.642641,2,3.952652,1.85429,-1.57467,2.944412,0.370505,3.008706,130.920273,1.988487,1.593557,1.435427,3.587249
1773774026.605964,193.355392,557.867493,758.785522,751.2229,79.07373,25.738752,2,3.838541,1.917876,-2.364372,2.912629,0.370832,3.122691,128.566208,1.988487,1.593557,1.435427,3.587249
1773774027.352181,195.506866,553.19519,746.181152,748.702026,80.409431,26.112774,2,3.942929,1.891031,-2.797217,2.942139,0.369709,3.074149,118.498077,1.988487,1.593557,1.435427,3.587249
1773774028.095878,194.431122,547.968628,743.660217,742.39978,80.682007,26.189545,2,3.954534,1.885615,-4.769226,2.94083,0.366622,3.064431,157.350082,1.988487,1.593557,1.435427,3.587249
1773774028.85596,208.415695,568.015991,760.045959,776.431702,78.942596,26.842762,2,3.89868,1.840792,-7.495001,2.963176,0.38365,2.984949,151.919006,1.988487,1.593557,1.435427,3.587249
1773774029.61226,204.112747,547.110168,756.264648,751.2229,79.337303,27.170731,2,3.676952,1.819099,-1.915786,2.780749,0.371301,2.947097,117.49527,1.988487,1.593557,1.435427,3.587249
1773774030.36352,204.112747,547.110168,751.2229,751.2229,79.869766,27.170731,2,3.796956,1.819099,-0.429857,2.85236,0.371301,2.947097,132.680817,1.988487,1.593557,1.435427,3.587249
1773774031.119821,205.188492,552.336609,756.264648,757.525085,79.337303,27.086693,2,3.946501,1.824607,-0.351863,2.984599,0.374388,2.956671,136.807007,1.988487,1.593557,1.435427,3.587249
1773774031.867311,212.718643,543.546021,747.441589,756.264648,80.273834,28.127539,2,4.024171,1.758704,1.43227,3.007833,0.374109,2.843818,143.503372,1.988487,1.593557,1.435427,3.587249
1773774032.6463,198.73407,563.832764,778.952576,762.566833,77.026512,26.061201,2,3.870214,1.894687,-0.043934,3.014713,0.376539,3.080723,142.122574,1.988487,1.593557,1.435427,3.587249
1773774033.391257,201.961288,546.740723,744.920654,748.702026,80.545494,26.974854,2,4.051657,1.831991,0.112463,3.018163,0.369991,2.969545,177.172714,1.988487,1.593557,1.435427,3.587249
1773774034.145037,203.037018,551.967163,753.743774,755.004211,79.602646,26.89217,2,3.932349,1.83749,-0.53881,2.963984,0.373078,2.979162,139.327515,1.988487,1.593557,1.435427,3.587249
1773774034.913942,193.355392,564.169678,768.86908,757.525085,78.03669,25.52462,2,3.854216,1.933599,-1.574187,2.963387,0.373872,3.151407,125.134857,1.988487,1.593557,1.435427,3.587249
1773774035.667723,197.65834,561.127197,753.743774,758.785522,79.602646,26.049305,2,3.969393,1.895532,-1.436389,2.991905,0.374668,3.082245,132.428268,1.988487,1.593557,1.435427,3.587249
1773774036.417721,191.203918,551.195862,749.962463,742.39978,80.004005,25.754845,2,3.988506,1.916705,-1.581575,2.99123,0.366481,3.120561,136.792755,1.988487,1.593557,1.435427,3.587249
1773774037.158897,194.431122,550.489502,741.139282,744.920654,80.956444,26.100916,2,3.995605,1.89187,-1.042894,2.9613,0.367838,3.075657,132.492645,1.988487,1.593557,1.435427,3.587249
1773774037.91269,192.279648,558.943237,753.743774,751.2229,79.602646,25.595552,2,3.945729,1.928361,-0.934942,2.974069,0.370785,3.141818,130.533508,1.988487,1.593557,1.435427,3.587249
1773774038.66773,194.431122,563.093994,755.004211,757.525085,79.469757,25.666624,2,3.9955,1.923143,-1.277321,3.016619,0.373919,3.132287,116.331451,1.988487,1.593557,1.435427,3.587249
1773774039.434114,197.65834,572.471191,766.348145,770.129517,78.293396,25.665596,2,4.056916,1.923218,-0.550615,3.10901,0.38014,3.132424,137.956482,1.988487,1.593557,1.435427,3.587249
1773774040.194197,193.355392,561.648804,760.045959,755.004211,78.942596,25.609842,2,3.963242,1.92731,-2.504471,3.012246,0.372656,3.139895,117.17807,1.988487,1.593557,1.435427,3.587249
1773774040.951758,204.112747,566.016785,757.525085,770.129517,79.205299,26.503691,2,3.933041,1.863783,-0.586215,2.979377,0.380422,3.025504,134.276138,1.988487,1.593557,1.435427,3.587249
1773774041.696716,205.188492,540.992676,744.920654,746.181152,80.545494,27.498484,2,3.832914,1.797938,1.71748,2.855217,0.368916,2.910557,153.029953,1.988487,1.593557,1.435427,3.587249
1773774042.460579,199.809814,557.715271,763.827271,757.525085,78.551788,26.376659,2,3.800018,1.872549,0.88984,2.902558,0.374154,3.041085,146.348236,1.988487,1.593557,1.435427,3.587249
1773774043.204276,210.567169,545.69751,743.660217,756.264648,80.682007,27.843052,2,3.861095,1.776228,0.401422,2.871343,0.374015,2.873465,124.417198,1.988487,1.593557,1.435427,3.587249
1773774043.961849,200.885559,545.295593,757.525085,746.181152,79.205299,26.921822,2,3.750204,1.835514,-0.848039,2.840873,0.368728,2.975703,127.40094,1.988487,1.593557,1.435427,3.587249
1773774044.716889,204.112747,554.672791,755.004211,758.785522,79.469757,26.899927,2,3.863658,1.836972,1.367566,2.917078,0.374949,2.978256,145.458954,1.988487,1.593557,1.435427,3.587249
1773774045.478233,205.188492,557.378357,761.306396,762.566833,78.811897,26.907608,2,3.90834,1.836461,1.201926,2.975444,0.376821,2.97736,159.179977,1.988487,1.593557,1.435427,3.587249
1773774046.249659,205.188492,566.201477,771.389954,771.389954,77.78167,26.59984,2,3.901769,1.857204,0.167403,3.009786,0.381077,3.013853,140.349747,1.988487,1.593557,1.435427,3.587249
1773774046.998397,201.961288,542.959351,748.702026,744.920654,80.138687,27.111786,2,3.881444,1.822959,-1.336902,2.906045,0.368167,2.953803,129.50058,1.988487,1.593557,1.435427,3.587249
1773774047.75848,207.339966,559.008179,760.045959,766.348145,78.942596,27.055586,2,3.877693,1.826655,-0.143347,2.947225,0.378739,2.960237,135.214935,1.988487,1.593557,1.435427,3.587249
1773774048.526124,204.112747,559.714539,767.608582,763.827271,78.164841,26.722368,2,3.808981,1.848888,-0.049057,2.923806,0.377382,2.99918,135.204712,1.988487,1.593557,1.435427,3.587249
1773774049.286219,207.339966,556.487305,760.045959,763.827271,78.942596,27.144876,2,3.917704,1.82079,0.793396,2.977635,0.377523,2.950033,160.980453,1.988487,1.593557,1.435427,3.587249
1773774050.041259,211.642914,548.403076,755.004211,760.045959,79.469757,27.846067,2,3.999462,1.77604,0.636926,3.019611,0.375886,2.873146,142.860703,1.988487,1.593557,1.435427,3.587249
1773774050.813946,200.885559,559.1604,772.650391,760.045959,77.654785,26.430712,2,3.91777,1.868809,-1.331667,3.027066,0.375417,3.034429,131.812408,1.988487,1.593557,1.435427,3.587249
1773774051.552601,198.73407,537.363464,738.618408,736.097534,81.232742,26.998335,2,4.013837,1.830436,0.965792,2.964694,0.36377,2.966829,144.410172,1.988487,1.593557,1.435427,3.587249
1773774052.300079,210.567169,550.739258,747.441589,761.306396,80.273834,27.658663,2,4.178632,1.787778,3.972658,3.123283,0.376447,2.893149,131.742859,1.988487,1.593557,1.435427,3.587249
1773774053.072766,194.431122,559.312622,772.650391,753.743774,77.654785,25.795387,2,3.881305,1.913761,-0.156488,2.998892,0.372095,3.115211,135.623245,1.988487,1.593557,1.435427,3.587249
1773774053.827806,199.809814,561.496582,755.004211,761.306396,79.469757,26.245651,2,4.014258,1.881678,0.059526,3.030782,0.375978,3.05738,136.696976,1.988487,1.593557,1.435427,3.587249
1773774054.589149,197.65834,561.127197,761.306396,758.785522,78.811897,26.049305,2,3.80436,1.895532,-0.863927,2.896284,0.374668,3.082245,130.896729,1.988487,1.593557,1.435427,3.587249
1773774055.342942,200.885559,556.639526,753.743774,757.525085,79.602646,26.518667,2,3.852163,1.862755,-0.108675,2.903544,0.374201,3.023681,132.629089,1.988487,1.593557,1.435427,3.587249
1773774056.100503,194.431122,555.531372,757.525085,749.962463,79.205299,25.925449,2,3.81872,1.904379,-1.265702,2.892776,0.370271,3.098209,127.538971,1.988487,1.593557,1.435427,3.587249
1773774056.842939,201.961288,549.261597,742.39978,751.2229,80.818993,26.884335,2,3.914539,1.838013,0.232813,2.906153,0.371207,2.980078,147.974075,1.988487,1.593557,1.435427,3.587249
1773774057.605542,203.037018,560.790283,762.566833,763.827271,78.681625,26.581535,2,3.902175,1.858453,-0.525892,2.97567,0.377335,3.016062,131.863312,1.988487,1.593557,1.435427,3.587249
1773774058.35302,200.885559,544.035095,747.441589,744.920654,80.273834,26.967377,2,3.817452,1.832487,-1.063682,2.853323,0.36812,2.970411,131.077469,1.988487,1.593557,1.435427,3.587249
1773774059.094196,198.73407,539.884338,741.139282,738.618408,80.956444,26.906189,2,3.929926,1.836555,-0.674121,2.912622,0.364986,2.977525,132.463272,1.988487,1.593557,1.435427,3.587249
1773774059.841673,192.279648,547.599182,747.441589,739.878845,80.273834,25.987991,2,4.109254,1.899901,-2.801449,3.071427,0.365312,3.09012,132.554138,1.988487,1.593557,1.435427,3.587249
1773774060.594194,192.279648,560.203674,752.483337,752.483337,79.735985,25.552677,2,4.162209,1.931524,-0.670223,3.131993,0.371393,3.147604,127.763504,1.988487,1.593557,1.435427,3.587249
1773774061.347973,199.809814,562.757019,753.743774,762.566833,79.602646,26.202271,2,4.304452,1.884721,0.810547,3.244454,0.376586,3.062828,127.292931,1.988487,1.593557,1.435427,3.587249
1773774062.116891,193.355392,567.950989,768.86908,761.306396,78.03669,25.39784,2,4.247236,1.943033,-0.737711,3.265568,0.375696,3.168737,141.76416,1.988487,1.593557,1.435427,3.587249
1773774062.864369,196.582611,554.640259,747.441589,751.2229,80.273834,26.168346,2,4.30143,1.887107,0.117919,3.215068,0.370973,3.067106,137.572037,1.988487,1.593557,1.435427,3.587249
1773774063.630753,190.128174,568.657349,766.348145,758.785522,78.293396,25.056904,2,4.224801,1.968877,-0.322833,3.237669,0.374339,3.2166,144.238098,1.988487,1.593557,1.435427,3.587249
1773774064.390836,191.203918,570.102478,760.045959,761.306396,78.942596,25.11524,2,4.271239,1.964405,-0.376363,3.246338,0.375602,3.208278,145.448303,1.988487,1.593557,1.435427,3.587249
1773774065.153439,191.203918,571.362915,762.566833,762.566833,78.681625,25.073725,2,4.2556,1.967585,-2.526856,3.245179,0.37621,3.214195,128.763428,1.988487,1.593557,1.435427,3.587249
1773774065.903437,193.355392,559.12793,749.962463,752.483337,80.004005,25.695637,2,4.113404,1.921021,-0.966088,3.084898,0.37144,3.128417,144.163116,1.988487,1.593557,1.435427,3.587249
1773774066.671083,191.203918,573.883789,767.608582,765.087708,78.164841,24.991112,2,4.110358,1.973945,-0.993595,3.155146,0.377426,3.226053,141.599548,1.988487,1.593557,1.435427,3.587249
1773774067.429917,193.355392,567.950989,758.785522,761.306396,79.07373,25.39784,2,4.283563,1.943033,-0.01921,3.250306,0.375696,3.168737,143.502777,1.988487,1.593557,1.435427,3.587249
1773774068.198822,187.976715,574.590088,768.86908,762.566833,78.03669,24.650522,2,4.150704,2.000616,-0.979934,3.191348,0.376069,3.276156,140.823792,1.988487,1.593557,1.435427,3.587249
1773774068.948821,195.506866,563.278687,749.962463,758.785522,80.004005,25.765762,2,4.417767,1.915911,0.072927,3.313159,0.374574,3.119117,153.905701,1.988487,1.593557,1.435427,3.587249
1773774069.710163,193.355392,565.430115,761.306396,758.785522,78.811897,25.48222,2,4.466548,1.936744,-1.039738,3.400412,0.37448,3.157175,145.508545,1.988487,1.593557,1.435427,3.587249
1773774070.467725,196.582611,564.723755,757.525085,761.306396,79.205299,25.821749,2,4.33075,1.911852,-1.084248,3.280652,0.375837,3.111745,139.287827,1.988487,1.593557,1.435427,3.587249
1773774071.213943,198.73407,549.967957,746.181152,748.702026,80.409431,26.543814,2,4.121018,1.861032,2.06836,3.075026,0.36985,3.020627,161.927261,1.988487,1.593557,1.435427,3.587249
1773774071.963942,196.582611,550.859009,749.962463,747.441589,80.004005,26.300732,2,4.184591,1.877828,-2.10808,3.138286,0.369148,3.0505,141.282104,1.988487,1.593557,1.435427,3.587249
1773774072.715201,190.128174,553.532043,751.2229,743.660217,79.869766,25.56654,2,4.125091,1.9305,-0.936241,3.098863,0.367042,3.14573,135.74054,1.988487,1.593557,1.435427,3.587249
1773774073.458897,193.355392,554.086182,743.660217,747.441589,80.682007,25.868965,2,4.189337,1.908442,-0.083209,3.115443,0.369007,3.105562,143.459457,1.988487,1.593557,1.435427,3.587249
1773774074.207648,197.65834,556.085449,748.702026,753.743774,80.138687,26.223547,2,4.148569,1.883227,-0.366192,3.106042,0.372236,3.060153,128.710861,1.988487,1.593557,1.435427,3.587249
1773774074.974032,195.506866,568.320435,766.348145,763.827271,78.293396,25.595692,2,4.039646,1.928351,-1.048685,3.095775,0.377006,3.141799,127.418427,1.988487,1.593557,1.435427,3.587249
1773774075.730333,197.65834,561.127197,756.264648,758.785522,79.337303,26.049305,2,4.19888,1.895532,-0.041892,3.175465,0.374668,3.082245,136.363083,1.988487,1.593557,1.435427,3.587249
1773774076.477811,194.431122,549.229126,747.441589,743.660217,80.273834,26.145155,2,4.284954,1.888743,0.461894,3.202753,0.36723,3.07004,179.755356,1.988487,1.593557,1.435427,3.587249
1773774077.236633,191.203918,563.800293,758.785522,755.004211,79.07373,25.324881,2,4.313823,1.948505,-0.644349,3.273267,0.372562,3.178824,149.028946,1.988487,1.593557,1.435427,3.587249
1773774077.992934,197.65834,566.168945,756.264648,763.827271,79.337303,25.877363,2,4.192223,1.907837,-0.855871,3.17043,0.3771,3.104466,136.634796,1.988487,1.593557,1.435427,3.587249
1773774078.736631,206.264236,547.479553,743.660217,753.743774,80.682007,27.365299,2,4.182183,1.806476,0.989995,3.110123,0.372611,2.925254,160.483841,1.988487,1.593557,1.435427,3.587249
1773774079.48537,205.188492,542.253113,748.702026,747.441589,80.138687,27.45211,2,4.244755,1.800901,0.32328,3.178056,0.369524,2.915651,159.8452,1.988487,1.593557,1.435427,3.587249
1773774080.251766,198.73407,560.051453,766.348145,758.785522,78.293396,26.191074,2,3.96066,1.885508,-1.352976,3.035245,0.374715,3.064238,142.457367,1.988487,1.593557,1.435427,3.587249
1773774081.025713,191.203918,573.883789,773.910828,765.087708,77.528313,24.991112,2,3.975398,1.973945,-2.939767,3.076604,0.377426,3.226053,127.383636,1.988487,1.593557,1.435427,3.587249
1773774081.783275,198.73407,567.614075,757.525085,766.348145,79.205299,25.93261,2,4.149909,1.903865,-0.565427,3.14366,0.378363,3.09728,146.011017,1.988487,1.593557,1.435427,3.587249
1773774082.532013,206.264236,551.260864,748.702026,757.525085,80.138687,27.228701,2,4.047377,1.815319,2.29926,3.03028,0.374435,2.940542,166.3246,1.988487,1.593557,1.435427,3.587249
1773774083.292095,201.961288,553.042908,760.045959,755.004211,78.942596,26.749691,2,3.993431,1.847044,0.07998,3.035191,0.373031,2.995934,151.395691,1.988487,1.593557,1.435427,3.587249
1773774084.037052,209.491425,544.252319,744.920654,753.743774,80.545494,27.793451,2,4.089416,1.77932,1.36493,3.04629,0.372752,2.878724,136.336868,1.988487,1.593557,1.435427,3.587249
1773774084.812259,201.961288,564.386841,775.171265,766.348145,77.402252,26.353725,2,4.177658,1.87414,0.328366,3.2384,0.378504,3.043921,161.24649,1.988487,1.593557,1.435427,3.587249
1773774085.555957,201.961288,541.698914,743.660217,743.660217,80.682007,27.15774,2,4.282797,1.819948,1.950645,3.184946,0.367559,2.948571,161.832184,1.988487,1.593557,1.435427,3.587249
1773774086.303446,197.65834,544.741455,747.441589,742.39978,80.273834,26.624245,2,4.161598,1.855541,0.091934,3.110551,0.366763,3.010915,153.484665,1.988487,1.593557,1.435427,3.587249
1773774087.064789,193.355392,562.909241,761.306396,756.264648,78.811897,25.56716,2,4.137304,1.930454,-1.58009,3.149756,0.373264,3.145647,130.984589,1.988487,1.593557,1.435427,3.587249
1773774087.826132,195.506866,568.320435,761.306396,763.827271,78.811897,25.595692,2,3.985425,1.928351,-1.48721,3.034129,0.377006,3.141799,123.188614,1.988487,1.593557,1.435427,3.587249
1773774088.584954,194.431122,563.093994,758.785522,757.525085,79.07373,25.666624,2,3.952387,1.923143,-0.953689,2.999014,0.373919,3.132287,144.638,1.988487,1.593557,1.435427,3.587249
1773774089.342516,199.809814,564.017456,757.525085,763.827271,79.205299,26.159031,2,4.005995,1.887764,0.489216,3.034642,0.377194,3.068284,145.449112,1.988487,1.593557,1.435427,3.587249
1773774090.1089,207.339966,567.831299,766.348145,775.171265,78.293396,26.747631,2,3.921015,1.847183,-0.296031,3.004862,0.382995,2.996179,117.124435,1.988487,1.593557,1.435427,3.587249
1773774090.879065,211.642914,563.52832,770.129517,775.171265,77.908974,27.302731,2,3.797984,1.810515,1.661277,2.92494,0.383183,2.932229,160.43663,1.988487,1.593557,1.435427,3.587249
1773774091.647983,197.65834,554.825012,768.86908,752.483337,78.03669,26.267471,2,3.902557,1.880151,0.507406,3.000555,0.371628,3.05465,153.760162,1.988487,1.593557,1.435427,3.587249
1773774092.411847,197.65834,566.168945,763.827271,763.827271,78.551788,25.877363,2,4.116355,1.907837,1.325878,3.144184,0.3771,3.104466,199.335678,1.988487,1.593557,1.435427,3.587249
1773774093.176971,203.037018,568.352905,765.087708,771.389954,78.422379,26.32093,2,4.279519,1.876421,-0.366155,3.274208,0.380983,3.047988,149.19249,1.988487,1.593557,1.435427,3.587249
1773774093.938314,197.65834,557.345886,761.306396,755.004211,78.811897,26.179768,2,4.124499,1.886303,-1.166548,3.140007,0.372844,3.065664,135.682663,1.988487,1.593557,1.435427,3.587249
1773774094.699656,203.037018,564.571533,761.306396,767.608582,78.811897,26.450592,2,4.211209,1.867437,-1.465939,3.206021,0.379159,3.031991,127.397949,1.988487,1.593557,1.435427,3.587249
1773774095.460999,205.188492,558.638794,761.306396,763.827271,78.811897,26.863205,2,4.222951,1.839424,0.370017,3.214959,0.377429,2.982551,128.458145,1.988487,1.593557,1.435427,3.587249
1773774096.23874,196.582611,571.026001,777.692139,767.608582,77.151352,25.609747,2,4.147101,1.927317,1.102847,3.225168,0.378877,3.139908,185.341873,1.988487,1.593557,1.435427,3.587249
1773774097.006384,208.415695,573.057739,767.608582,781.47345,78.164841,26.66958,2,3.951438,1.852461,1.043377,3.033158,0.386082,3.005478,129.802322,1.988487,1.593557,1.435427,3.587249
1773774097.768988,204.112747,553.412354,762.566833,757.525085,78.681625,26.944685,2,3.814516,1.833994,-0.432232,2.908823,0.374341,2.973044,116.128082,1.988487,1.593557,1.435427,3.587249
1773774098.554279,197.65834,580.033813,785.254761,777.692139,76.408325,25.416014,2,4.067138,1.941675,-1.310694,3.193739,0.383788,3.166238,145.653931,1.988487,1.593557,1.435427,3.587249
1773774099.31058,208.415695,560.453369,756.264648,768.86908,79.337303,27.106785,2,4.090578,1.823287,0.24098,3.093559,0.380002,2.954374,143.904373,1.988487,1.593557,1.435427,3.587249
1773774100.070662,200.885559,550.337341,760.045959,751.2229,78.942596,26.741138,2,4.078014,1.847621,0.438656,3.099478,0.37116,2.996949,163.362747,1.988487,1.593557,1.435427,3.587249
1773774100.844621,200.885559,573.025269,773.910828,773.910828,77.528313,25.957197,2,4.008742,1.902103,1.088741,3.102409,0.382105,3.094096,164.789658,1.988487,1.593557,1.435427,3.587249
1773774101.611007,205.188492,566.201477,766.348145,771.389954,78.293396,26.59984,2,3.573057,1.857204,1.00774,2.738206,0.381077,3.013853,158.524063,1.988487,1.593557,1.435427,3.587249
1773774102.377391,207.339966,561.529114,766.348145,768.86908,78.293396,26.966875,2,4.024404,1.83252,0.653222,3.084095,0.379955,2.970469,177.117783,1.988487,1.593557,1.435427,3.587249
1773774103.137474,203.037018,551.967163,760.045959,755.004211,78.942596,26.89217,2,4.034171,1.83749,-0.281887,3.066155,0.373078,2.979162,126.675659,1.988487,1.593557,1.435427,3.587249
1773774103.917723,204.112747,577.360718,780.213013,781.47345,76.902077,26.118961,2,4.067857,1.890593,0.85888,3.173795,0.385894,3.073362,168.38385,1.988487,1.593557,1.435427,3.587249
1773774104.69293,199.809814,570.319702,775.171265,770.129517,77.402252,25.944963,2,3.89783,1.902979,0.066728,3.021485,0.380234,3.095679,140.770187,1.988487,1.593557,1.435427,3.587249
1773774105.46815,203.037018,575.915527,775.171265,778.952576,77.402252,26.065388,2,4.001286,1.894389,0.536881,3.101682,0.384631,3.080188,156.777161,1.988487,1.593557,1.435427,3.587249
1773774106.226972,208.415695,556.671997,758.785522,765.087708,79.07373,27.240759,2,3.988852,1.814535,0.806315,3.026683,0.378178,2.939184,135.907394,1.988487,1.593557,1.435427,3.587249
1773774107.000919,205.188492,564.94104,773.910828,770.129517,77.528313,26.643375,2,3.91311,1.85424,1.030162,3.028398,0.380469,3.008617,156.894882,1.988487,1.593557,1.435427,3.587249
1773774107.772345,200.885559,565.462585,771.389954,766.348145,77.78167,26.213354,2,4.028058,1.883942,-0.130428,3.107203,0.378457,3.061434,135.015625,1.988487,1.593557,1.435427,3.587249
1773774108.537469,200.885559,564.202148,765.087708,765.087708,78.422379,26.25654,2,3.903849,1.880916,-0.058931,2.986787,0.377849,3.056017,126.633453,1.988487,1.593557,1.435427,3.587249
1773774109.288729,207.339966,551.445557,751.2229,758.785522,79.869766,27.325239,2,4.057706,1.80906,1.898266,3.048242,0.37509,2.929715,155.346237,1.988487,1.593557,1.435427,3.587249
1773774110.046302,204.112747,549.631042,757.525085,753.743774,79.205299,27.079859,2,4.076438,1.825057,0.861998,3.088004,0.372517,2.957453,132.536484,1.988487,1.593557,1.435427,3.587249
1773774110.808905,199.809814,557.715271,762.566833,757.525085,78.681625,26.376659,2,4.040462,1.872549,1.34043,3.081122,0.374154,3.041085,148.957352,1.988487,1.593557,1.435427,3.587249
1773774111.585374,192.279648,575.328918,776.431702,767.608582,77.276596,25.049179,2,3.938027,1.969471,-1.294063,3.057609,0.378689,3.217706,131.471039,1.988487,1.593557,1.435427,3.587249
1773774112.340414,199.809814,564.017456,755.004211,763.827271,79.469757,26.159031,2,3.944573,1.887764,-0.530532,2.978169,0.377194,3.068284,129.726715,1.988487,1.593557,1.435427,3.587249
1773774113.103018,205.188492,563.680603,762.566833,768.86908,78.681625,26.687054,2,3.856671,1.851277,0.271012,2.940969,0.379861,3.003389,145.037323,1.988487,1.593557,1.435427,3.587249
1773774113.860579,206.264236,552.521301,757.525085,758.785522,79.205299,27.18347,2,3.908447,1.818267,-0.280291,2.960746,0.375043,2.945653,126.239883,1.988487,1.593557,1.435427,3.587249
1773774114.633277,194.431122,564.35437,772.650391,758.785522,77.654785,25.623989,2,3.835948,1.92627,-1.447006,2.963846,0.374527,3.137995,126.077957,1.988487,1.593557,1.435427,3.587249
1773774115.390839,203.037018,564.571533,757.525085,767.608582,79.205299,26.450592,2,4.055564,1.867437,2.43962,3.072191,0.379159,3.031991,169.009872,1.988487,1.593557,1.435427,3.587249
1773774116.144619,210.567169,551.999634,753.743774,762.566833,79.602646,27.612946,2,4.11727,1.790666,2.298964,3.103367,0.377055,2.898088,138.927231,1.988487,1.593557,1.435427,3.587249
1773774116.918567,208.415695,562.974243,773.910828,771.389954,77.528313,27.018202,2,3.97781,1.829122,2.052138,3.07847,0.381218,2.964537,153.562332,1.988487,1.593557,1.435427,3.587249
1773774117.684951,206.264236,557.563049,766.348145,763.827271,78.293396,27.004042,2,4.052729,1.830058,1.796365,3.105802,0.377476,2.96617,156.227463,1.988487,1.593557,1.435427,3.587249
1773774118.456377,209.491425,565.67981,771.389954,775.171265,77.78167,27.025179,2,4.107486,1.828661,0.686261,3.168474,0.383089,2.963733,167.145645,1.988487,1.593557,1.435427,3.587249
1773774119.221514,203.037018,554.488037,765.087708,757.525085,78.422379,26.802679,2,3.926146,1.843479,0.265555,3.003846,0.374294,2.989667,155.46843,1.988487,1.593557,1.435427,3.587249
1773774119.99546,200.885559,570.504395,773.910828,771.389954,77.528313,26.042023,2,3.899085,1.89605,-0.658567,3.017544,0.380889,3.083178,121.151581,1.988487,1.593557,1.435427,3.587249
1773774120.742938,209.491425,548.033691,747.441589,757.525085,80.273834,27.654716,2,3.933233,1.788027,0.658308,2.939862,0.374576,2.893575,132.392822,1.988487,1.593557,1.435427,3.587249
1773774121.510584,198.73407,556.270142,767.608582,755.004211,78.164841,26.322247,2,3.840125,1.876329,0.108379,2.947713,0.372891,3.047824,149.919022,1.988487,1.593557,1.435427,3.587249
1773774122.271926,205.188492,563.680603,761.306396,768.86908,78.811897,26.687054,2,3.903363,1.851277,-0.321905,2.971656,0.379861,3.003389,132.077713,1.988487,1.593557,1.435427,3.587249
1773774123.030748,205.188492,553.597046,758.785522,758.785522,79.07373,27.041698,2,3.907529,1.827571,0.830741,2.964976,0.374996,2.961832,127.957222,1.988487,1.593557,1.435427,3.587249
1773774123.771924,211.642914,537.059082,741.139282,748.702026,80.956444,28.267977,2,4.054255,1.750184,3.172376,3.004767,0.370414,2.829497,118.707275,1.988487,1.593557,1.435427,3.587249
1773774124.552185,203.037018,567.092529,780.213013,770.129517,76.902077,26.36401,2,4.055792,1.873426,2.130688,3.164382,0.380375,3.042648,171.627151,1.988487,1.593557,1.435427,3.587249
1773774125.308486,210.567169,554.520508,756.264648,765.087708,79.337303,27.521965,2,3.994191,1.796441,2.74714,3.020666,0.378271,2.907987,141.668716,1.988487,1.593557,1.435427,3.587249
1773774126.077391,209.491425,558.117188,768.86908,767.608582,78.03669,27.291437,2,3.919996,1.811247,2.620925,3.013964,0.379441,2.933494,166.485321,1.988487,1.593557,1.435427,3.587249
1773774126.841256,198.73407,552.488831,763.827271,751.2229,78.551788,26.454741,2,3.852674,1.867151,0.276097,2.942777,0.371066,3.031482,144.402466,1.988487,1.593557,1.435427,3.587249
1773774127.606379,199.809814,566.53833,765.087708,766.348145,78.422379,26.072983,2,3.952975,1.89385,1.371278,3.024373,0.37841,3.079218,165.494308,1.988487,1.593557,1.435427,3.587249
1773774128.367722,201.961288,561.865967,761.306396,763.827271,78.811897,26.440701,2,3.987096,1.868119,1.846814,3.035402,0.377288,3.033203,163.151413,1.988487,1.593557,1.435427,3.587249
1773774129.131586,205.188492,562.420105,763.827271,767.608582,78.551788,26.730875,2,3.995817,1.848314,1.004065,3.052114,0.379253,2.998168,151.774033,1.988487,1.593557,1.435427,3.587249
1773774129.886638,209.491425,550.554565,755.004211,760.045959,79.469757,27.562994,2,3.960298,1.793832,1.977076,2.990042,0.375792,2.903511,140.964386,1.988487,1.593557,1.435427,3.587249
1773774130.655544,201.961288,558.084656,768.86908,760.045959,78.03669,26.572245,2,3.947644,1.859087,1.815669,3.035221,0.375464,3.017184,162.51683,1.988487,1.593557,1.435427,3.587249
1773774131.416887,201.961288,559.345093,761.306396,761.306396,78.811897,26.528254,2,3.875255,1.862098,0.913895,2.950256,0.376072,3.022516,150.868347,1.988487,1.593557,1.435427,3.587249
1773774132.169406,206.264236,551.260864,752.483337,757.525085,79.735985,27.228701,2,3.954484,1.815319,2.143792,2.975684,0.374435,2.940542,155.494781,1.988487,1.593557,1.435427,3.587249
1773774132.942093,205.188492,566.201477,772.650391,771.389954,77.654785,26.59984,2,3.922046,1.857204,0.296663,3.030371,0.381077,3.013853,174.710403,1.988487,1.593557,1.435427,3.587249
1773774133.710998,207.339966,564.049988,768.86908,771.389954,78.03669,26.878748,2,3.730127,1.838385,1.651291,2.867979,0.381171,2.980731,162.853653,1.988487,1.593557,1.435427,3.587249
1773774134.455956,208.415695,537.765442,744.920654,746.181152,80.545494,27.930979,2,3.913847,1.770774,2.017317,2.915505,0.369057,2.86421,145.834671,1.988487,1.593557,1.435427,3.587249
1773774135.21479,207.339966,550.18512,758.785522,757.525085,79.07373,27.370707,2,3.946784,1.806127,2.661685,2.994763,0.374482,2.924653,156.556595,1.988487,1.593557,1.435427,3.587249
1773774135.978653,206.264236,556.302612,763.827271,762.566833,78.551788,27.048677,2,4.006144,1.82711,1.676869,3.060002,0.376868,2.96103,163.329391,1.988487,1.593557,1.435427,3.587249
1773774136.727392,214.870117,543.915405,748.702026,758.785522,80.138687,28.317636,2,4.044569,1.747191,3.661759,3.028177,0.375419,2.824481,122.563698,1.988487,1.593557,1.435427,3.587249
1773774137.497557,209.491425,554.335815,770.129517,763.827271,77.908974,27.426544,2,4.014478,1.802539,0.849228,3.091668,0.377616,2.91847,164.781357,1.988487,1.593557,1.435427,3.587249
1773774138.267724,209.491425,560.638062,770.129517,770.129517,77.908974,27.202103,2,3.784707,1.817051,0.980381,2.914714,0.380657,2.943545,153.406784,1.988487,1.593557,1.435427,3.587249
1773774139.042931,213.794373,566.41864,775.171265,780.213013,77.402252,27.402052,2,3.762613,1.804111,1.302379,2.916669,0.385709,2.921178,169.780655,1.988487,1.593557,1.435427,3.587249
1773774139.806807,220.248795,551.141174,763.827271,771.389954,78.551788,28.552198,2,3.777273,1.733196,1.230325,2.885184,0.381734,2.801128,162.322433,1.988487,1.593557,1.435427,3.587249
1773774140.583275,222.400253,556.552307,776.431702,778.952576,77.276596,28.551193,2,3.898587,1.733256,-1.339426,3.026987,0.385476,2.801227,146.353104,1.988487,1.593557,1.435427,3.587249
1773774141.337055,219.17305,530.789429,753.743774,749.962463,79.602646,29.224535,2,3.809263,1.694327,-1.500165,2.871208,0.371351,2.737141,147.640228,1.988487,1.593557,1.435427,3.587249
1773774142.099658,211.642914,542.10083,762.566833,753.743774,78.681625,28.078894,2,3.718068,1.761675,-1.629796,2.835275,0.372846,2.848826,121.354767,1.988487,1.593557,1.435427,3.587249
1773774142.815625,227.778946,507.058167,715.930481,734.837097,83.807022,30.997202,2,3.848248,1.599928,1.81875,2.755078,0.36443,2.587084,145.212997,1.988487,1.593557,1.435427,3.587249
1773774143.617302,208.415695,570.536865,801.640503,778.952576,74.846519,26.75589,2,3.860891,1.846627,-1.466867,3.095046,0.384866,2.995199,136.494568,1.988487,1.593557,1.435427,3.587249
1773774144.388741,207.339966,562.789551,771.389954,770.129517,77.78167,26.922739,2,3.666819,1.835453,-0.371983,2.828547,0.380563,2.975597,132.402435,1.988487,1.593557,1.435427,3.587249
1773774145.160167,209.491425,564.419434,771.389954,773.910828,77.78167,27.069193,2,3.65249,1.825759,-0.942478,2.817494,0.382481,2.958675,127.457306,1.988487,1.593557,1.435427,3.587249
1773774145.937895,208.415695,568.015991,777.692139,776.431702,77.151352,26.842762,2,3.827796,1.840792,0.117585,2.976847,0.38365,2.984949,146.517975,1.988487,1.593557,1.435427,3.587249
1773774146.710582,207.339966,564.049988,772.650391,771.389954,77.654785,26.878748,2,3.818883,1.838385,1.057075,2.950662,0.381171,2.980731,156.544495,1.988487,1.593557,1.435427,3.587249
1773774147.476966,206.264236,558.823486,766.348145,765.087708,78.293396,26.959553,2,3.846758,1.833006,0.916085,2.947956,0.378084,2.971318,165.175949,1.988487,1.593557,1.435427,3.587249
1773774148.254695,207.339966,571.61261,777.692139,778.952576,77.151352,26.61779,2,3.70115,1.855981,0.128759,2.878356,0.384819,3.011692,141.680771,1.988487,1.593557,1.435427,3.587249
1773774149.01479,208.415695,552.890686,760.045959,761.306396,78.942596,27.376059,2,3.757134,1.805783,0.002506,2.855595,0.376353,2.924059,138.574387,1.988487,1.593557,1.435427,3.587249
1773774149.778653,209.491425,555.596313,763.827271,765.087708,78.551788,27.381361,2,3.818308,1.805441,1.440511,2.916528,0.378224,2.92347,146.445084,1.988487,1.593557,1.435427,3.587249
1773774150.532433,212.718643,544.806458,753.743774,757.525085,79.602646,28.08074,2,3.905612,1.761562,1.922618,2.94383,0.374717,2.848636,139.663498,1.988487,1.593557,1.435427,3.587249
1773774151.313943,207.339966,567.831299,781.47345,775.171265,76.778038,26.747631,2,3.743039,1.847183,1.507665,2.925086,0.382995,2.996179,166.051361,1.988487,1.593557,1.435427,3.587249
1773774152.084109,208.415695,562.974243,770.129517,771.389954,77.908974,27.018202,2,3.889195,1.829122,1.936947,2.995184,0.381218,2.964537,168.110306,1.988487,1.593557,1.435427,3.587249
1773774152.855548,210.567169,563.343628,771.389954,773.910828,77.78167,27.208195,2,3.894341,1.816654,1.652554,3.004056,0.382528,2.942856,184.980362,1.988487,1.593557,1.435427,3.587249
1773774153.615629,209.491425,549.294067,760.045959,758.785522,78.942596,27.60878,2,3.861819,1.790929,2.414414,2.93516,0.375184,2.898539,153.175369,1.988487,1.593557,1.435427,3.587249
1773774154.383275,229.93042,561.626587,767.608582,791.557007,78.164841,29.047865,2,3.872446,1.704366,3.281107,2.972523,0.391886,2.753545,118.733292,1.988487,1.593557,1.435427,3.587249
1773774155.130752,204.112747,513.078186,747.441589,717.190918,80.273834,28.46003,2,3.956288,1.738668,0.440586,2.957094,0.354884,2.810239,196.235611,1.988487,1.593557,1.435427,3.587249
1773774155.897137,204.112747,562.235413,766.348145,766.348145,78.293396,26.634466,2,3.758524,1.854846,-2.261394,2.880338,0.378598,3.009687,114.226974,1.988487,1.593557,1.435427,3.587249
1773774156.649657,207.339966,548.924683,752.483337,756.264648,79.735985,27.416325,2,3.754624,1.803195,0.473662,2.825292,0.373874,2.919599,140.664078,1.988487,1.593557,1.435427,3.587249
1773774157.421083,205.188492,563.680603,771.389954,768.86908,77.78167,26.687054,2,3.988405,1.851277,0.92247,3.076616,0.379861,3.003389,186.833527,1.988487,1.593557,1.435427,3.587249
1773774158.18748,204.112747,560.974976,766.348145,765.087708,78.293396,26.678349,2,3.934896,1.851867,0.216182,3.0155,0.37799,3.004429,172.646255,1.988487,1.593557,1.435427,3.587249
1773774158.943781,213.794373,553.814209,756.264648,767.608582,79.337303,27.852005,2,3.884538,1.775671,2.767038,2.937739,0.379628,2.872519,145.792313,1.988487,1.593557,1.435427,3.587249
1773774159.718988,212.718643,561.1922,775.171265,773.910828,77.402252,27.486197,2,3.82054,1.798722,1.471879,2.961573,0.382622,2.911904,142.666351,1.988487,1.593557,1.435427,3.587249
1773774160.465206,208.415695,532.723572,746.181152,741.139282,80.409431,28.120989,2,3.791911,1.759104,-0.380521,2.829453,0.366625,2.844491,134.325333,1.988487,1.593557,1.435427,3.587249
1773774161.210163,203.037018,535.581421,744.920654,738.618408,80.545494,27.488756,2,3.916332,1.798558,-0.03198,2.917356,0.365174,2.911623,139.883194,1.988487,1.593557,1.435427,3.587249
1773774161.976548,205.188492,563.680603,766.348145,768.86908,78.293396,26.687054,2,3.925773,1.851277,0.138745,3.008509,0.379861,3.003389,168.59166,1.988487,1.593557,1.435427,3.587249
1773774162.715202,209.491425,534.168823,738.618408,743.660217,81.232742,28.170315,2,4.002753,1.7561,0.354017,2.956507,0.367888,2.839434,157.849899,1.988487,1.593557,1.435427,3.587249
1773774163.474024,212.718643,549.848206,758.785522,762.566833,79.07373,27.895081,2,4.057332,1.772996,0.429747,3.078645,0.377149,2.867978,154.576279,1.988487,1.593557,1.435427,3.587249
1773774164.235379,210.567169,548.218384,761.306396,758.785522,78.811897,27.750551,2,3.868546,1.782003,-0.341246,2.945148,0.375231,2.883293,134.430481,1.988487,1.593557,1.435427,3.587249
1773774164.986638,208.415695,540.286316,751.2229,748.702026,79.869766,27.836933,2,3.905985,1.776608,1.209908,2.934266,0.370273,2.874112,163.89949,1.988487,1.593557,1.435427,3.587249
1773774165.760586,208.415695,565.495117,773.910828,773.910828,77.528313,26.930195,2,3.966605,1.834957,0.786825,3.069798,0.382434,2.974729,160.141434,1.988487,1.593557,1.435427,3.587249
1773774166.52823,207.339966,559.008179,767.608582,766.348145,78.164841,27.055586,2,4.012169,1.826655,1.621408,3.079775,0.378739,2.960237,169.659042,1.988487,1.593557,1.435427,3.587249
1773774167.314782,208.415695,579.359924,786.515198,787.775635,76.285873,26.456224,2,4.0912,1.867049,1.302602,3.217791,0.389122,3.031301,192.716385,1.988487,1.593557,1.435427,3.587249
1773774168.078646,200.885559,554.118652,763.827271,755.004211,78.551788,26.60721,2,3.957825,1.856701,0.477523,3.023095,0.372985,3.012965,186.50914,1.988487,1.593557,1.435427,3.587249
1773774168.836219,208.415695,557.932434,757.525085,766.348145,79.205299,27.195953,2,3.976878,1.817452,3.035432,3.012585,0.378786,2.94424,169.659805,1.988487,1.593557,1.435427,3.587249
1773774169.618989,205.188492,573.764099,782.733887,778.952576,76.654404,26.341591,2,3.998384,1.874984,1.760134,3.129671,0.384725,3.045424,174.975815,1.988487,1.593557,1.435427,3.587249
1773774170.389155,200.885559,564.202148,770.129517,765.087708,77.908974,26.25654,2,4.028402,1.880916,1.25954,3.102392,0.377849,3.056017,163.484756,1.988487,1.593557,1.435427,3.587249
1773774171.161842,198.73407,571.395447,772.650391,770.129517,77.654785,25.805279,2,3.955269,1.913044,0.129427,3.05604,0.380187,3.113909,164.207657,1.988487,1.593557,1.435427,3.587249
1773774171.934529,199.809814,574.101013,772.650391,773.910828,77.654785,25.818195,2,4.033991,1.912109,0.323243,3.116864,0.382058,3.112211,160.040543,1.988487,1.593557,1.435427,3.587249
1773774172.688309,208.415695,555.41156,753.743774,763.827271,79.602646,27.285709,2,3.979455,1.811617,0.812997,2.99949,0.377569,2.934135,163.443832,1.988487,1.593557,1.435427,3.587249
1773774173.454705,207.339966,557.747742,766.348145,765.087708,78.293396,27.100159,2,3.776267,1.823722,1.663542,2.893935,0.378131,2.955131,171.378433,1.988487,1.593557,1.435427,3.587249
1773774174.229913,210.567169,568.385376,775.171265,778.952576,77.402252,27.032093,2,3.960666,1.828205,2.149546,3.070194,0.38496,2.962937,165.360001,1.988487,1.593557,1.435427,3.587249
1773774175.005121,205.188492,563.680603,775.171265,768.86908,77.402252,26.687054,2,3.916023,1.851277,1.987953,3.035589,0.379861,3.003389,180.09256,1.988487,1.593557,1.435427,3.587249
1773774175.761422,208.415695,551.630249,756.264648,760.045959,79.337303,27.421459,2,3.973408,1.802865,1.483833,3.004948,0.375745,2.919032,153.680191,1.988487,1.593557,1.435427,3.587249
1773774176.53789,207.339966,567.831299,776.431702,775.171265,77.276596,26.747631,2,3.856992,1.847183,0.845738,2.994691,0.382995,2.996179,166.820526,1.988487,1.593557,1.435427,3.587249
1773774177.299245,207.339966,553.966431,761.306396,761.306396,78.811897,27.23476,2,3.950395,1.814925,2.153073,3.007461,0.376306,2.939859,160.005234,1.988487,1.593557,1.435427,3.587249
1773774178.082015,200.885559,574.285706,782.733887,775.171265,76.654404,25.914991,2,3.853125,1.90513,-0.112833,3.015972,0.382713,3.099567,131.251953,1.988487,1.593557,1.435427,3.587249
1773774178.854702,203.037018,572.134277,772.650391,775.171265,77.654785,26.192537,2,3.858349,1.885405,-0.316151,2.981154,0.382807,3.064054,127.404999,1.988487,1.593557,1.435427,3.587249
1773774179.618566,204.112747,560.974976,763.827271,765.087708,78.551788,26.678349,2,3.926133,1.851867,0.100361,2.998888,0.37799,3.004429,140.539276,1.988487,1.593557,1.435427,3.587249
1773774180.38495,207.339966,562.789551,766.348145,770.129517,78.293396,26.922739,2,4.015283,1.835453,1.966831,3.077105,0.380563,2.975597,161.874649,1.988487,1.593557,1.435427,3.587249
1773774181.161418,203.037018,568.352905,776.431702,771.389954,77.276596,26.32093,2,4.040199,1.876421,2.644238,3.136939,0.380983,3.047988,174.34169,1.988487,1.593557,1.435427,3.587249
1773774181.927815,203.037018,563.311157,766.348145,766.348145,78.293396,26.494099,2,4.07581,1.864442,1.548092,3.12349,0.378551,3.026673,157.577896,1.988487,1.593557,1.435427,3.587249
1773774182.704283,196.582611,572.286499,776.431702,768.86908,77.276596,25.56776,2,4.065612,1.93041,0.769452,3.15667,0.379485,3.145566,161.595673,1.988487,1.593557,1.435427,3.587249
1773774183.466886,207.339966,567.831299,762.566833,775.171265,78.681625,26.747631,2,4.181429,1.847183,1.791539,3.188619,0.382995,2.996179,161.508865,1.988487,1.593557,1.435427,3.587249
1773774184.245875,210.567169,572.166748,778.952576,782.733887,77.026512,26.901501,2,4.097099,1.836868,2.03276,3.191446,0.386784,2.978073,163.199692,1.988487,1.593557,1.435427,3.587249
1773774185.017301,205.188492,559.899231,771.389954,765.087708,77.78167,26.818949,2,4.091685,1.842387,2.376178,3.156285,0.378037,2.987749,163.810471,1.988487,1.593557,1.435427,3.587249
1773774185.79,200.885559,566.723022,772.650391,767.608582,77.654785,26.170311,2,4.166543,1.886969,1.929374,3.219281,0.379065,3.066858,185.348587,1.988487,1.593557,1.435427,3.587249
1773774186.561426,201.961288,570.689087,771.389954,772.650391,77.78167,26.138767,2,4.203103,1.889194,1.651069,3.242231,0.381544,3.070849,186.981369,1.988487,1.593557,1.435427,3.587249
1773774187.334113,200.885559,570.504395,772.650391,771.389954,77.654785,26.042023,2,4.071987,1.89605,0.35669,3.146222,0.380889,3.083178,170.545425,1.988487,1.593557,1.435427,3.587249
1773774188.101758,200.885559,566.723022,767.608582,767.608582,78.164841,26.170311,2,4.132529,1.886969,0.949198,3.172165,0.379065,3.066858,199.347122,1.988487,1.593557,1.435427,3.587249
1773774188.866882,205.188492,564.94104,765.087708,770.129517,78.422379,26.643375,2,4.051353,1.85424,0.331966,3.09964,0.380469,3.008617,150.891296,1.988487,1.593557,1.435427,3.587249
1773774189.647143,203.037018,574.655151,780.213013,777.692139,76.902077,26.107634,2,3.939671,1.891394,1.026524,3.073783,0.384023,3.074802,176.209122,1.988487,1.593557,1.435427,3.587249
1773774190.423612,192.279648,571.547607,776.431702,763.827271,77.276596,25.173183,2,4.093163,1.959984,0.846815,3.178061,0.376865,3.200066,194.003586,1.988487,1.593557,1.435427,3.587249
1773774191.182433,197.65834,567.429382,758.785522,765.087708,79.07373,25.83473,2,4.379306,1.910913,-0.893439,3.322954,0.377708,3.110042,156.851868,1.988487,1.593557,1.435427,3.587249
1773774191.95386,205.188492,575.024536,771.389954,780.213013,77.78167,26.299036,2,4.286854,1.877947,1.290055,3.306836,0.385333,3.050712,200.281448,1.988487,1.593557,1.435427,3.587249
1773774192.731588,206.264236,572.688354,777.692139,778.952576,77.151352,26.479691,2,3.949774,1.865433,0.714103,3.071708,0.384772,3.028431,158.316086,1.988487,1.593557,1.435427,3.587249
1773774193.499234,203.037018,560.790283,767.608582,763.827271,78.164841,26.581535,2,3.902549,1.858453,-0.521994,2.99563,0.377335,3.016062,137.547974,1.988487,1.593557,1.435427,3.587249
1773774194.251765,205.188492,549.815735,752.483337,755.004211,79.735985,27.177132,2,4.042387,1.818681,-0.393143,3.041829,0.373172,2.946371,142.362778,1.988487,1.593557,1.435427,3.587249
1773774195.02067,206.264236,563.865295,768.86908,770.129517,78.03669,26.783058,2,4.034435,1.844798,0.41861,3.101952,0.380516,2.991983,153.590164,1.988487,1.593557,1.435427,3.587249
1773774195.787056,215.945847,561.746277,766.348145,777.692139,78.293396,27.767525,2,3.962343,1.78094,4.279362,3.036535,0.384587,2.881483,125.629189,1.988487,1.593557,1.435427,3.587249
1773774196.576128,210.567169,572.166748,789.036072,782.733887,76.042152,26.901501,2,4.00964,1.836868,1.046458,3.163751,0.386784,2.978073,154.323624,1.988487,1.593557,1.435427,3.587249
1773774197.355116,205.188492,567.461914,778.952576,772.650391,77.026512,26.556448,2,3.985527,1.860167,-0.428446,3.104536,0.381685,3.019096,141.050766,1.988487,1.593557,1.435427,3.587249
1773774198.106376,213.794373,547.512024,751.2229,761.306396,79.869766,28.082567,2,4.008352,1.761451,2.638038,3.011166,0.376588,2.848447,126.804718,1.988487,1.593557,1.435427,3.587249
1773774198.889158,197.65834,566.168945,782.733887,763.827271,76.654404,25.877363,2,4.030503,1.907837,-4.366672,3.154812,0.3771,3.104466,128.707535,1.988487,1.593557,1.435427,3.587249
1773774199.64798,203.037018,562.050659,758.785522,765.087708,79.07373,26.537743,2,4.386248,1.861447,1.017206,3.328221,0.377943,3.021364,180.888947,1.988487,1.593557,1.435427,3.587249
1773774200.424448,201.961288,573.209961,776.431702,775.171265,77.276596,26.053762,2,4.177691,1.895215,0.914192,3.243692,0.38276,3.081675,146.157059,1.988487,1.593557,1.435427,3.587249
1773774201.200916,205.188492,575.024536,776.431702,780.213013,77.276596,26.299036,2,4.155138,1.877947,1.232998,3.226181,0.385333,3.050712,154.406296,1.988487,1.593557,1.435427,3.587249
1773774201.983687,196.582611,576.067749,782.733887,772.650391,76.654404,25.442633,2,4.161901,1.939689,-0.157194,3.257661,0.381309,3.162586,137.883011,1.988487,1.593557,1.435427,3.587249
1773774202.762688,196.582611,582.369995,778.952576,778.952576,77.026512,25.236788,2,4.235703,1.955154,0.066802,3.299411,0.384349,3.191115,160.22554,1.988487,1.593557,1.435427,3.587249
1773774203.522769,204.112747,564.756348,760.045959,768.86908,78.942596,26.54714,2,4.263504,1.860804,2.115765,3.240459,0.379814,3.020224,166.077957,1.988487,1.593557,1.435427,3.587249
1773774204.287894,200.885559,560.420837,765.087708,761.306396,78.422379,26.386951,2,4.237729,1.871835,1.700181,3.242234,0.376025,3.039814,161.978149,1.988487,1.593557,1.435427,3.587249
1773774205.051757,208.415695,564.23468,763.827271,772.650391,78.551788,26.974127,2,4.210736,1.832039,2.877031,3.216275,0.381826,2.969629,177.101456,1.988487,1.593557,1.435427,3.587249
1773774205.820663,208.415695,560.453369,768.86908,768.86908,78.03669,27.106785,2,4.134338,1.823287,2.153927,3.178765,0.380002,2.954374,166.039169,1.988487,1.593557,1.435427,3.587249
1773774206.589581,214.870117,561.561584,768.86908,776.431702,78.03669,27.674051,2,4.116174,1.786808,2.567951,3.164799,0.383932,2.891492,162.28215,1.988487,1.593557,1.435427,3.587249
1773774207.368569,199.809814,561.496582,778.952576,761.306396,77.026512,26.245651,2,4.010759,1.881678,-1.11621,3.124191,0.375978,3.05738,130.378113,1.988487,1.593557,1.435427,3.587249
1773774208.129913,209.491425,563.158936,761.306396,772.650391,78.811897,27.113352,2,4.051223,1.822856,1.079609,3.084222,0.381873,2.953625,156.274002,1.988487,1.593557,1.435427,3.587249
1773774208.891255,215.945847,552.923218,761.306396,768.86908,78.811897,28.086164,2,4.011044,1.761231,3.407248,3.053633,0.38033,2.848076,118.129944,1.988487,1.593557,1.435427,3.587249
1773774209.684109,206.264236,575.209229,792.817444,781.47345,75.679466,26.394272,2,4.028704,1.871328,0.612611,3.194027,0.385988,3.038911,156.709976,1.988487,1.593557,1.435427,3.587249
1773774210.44041,205.188492,549.815735,756.264648,755.004211,79.337303,27.177132,2,4.108915,1.818681,0.9306,3.107427,0.373172,2.946371,149.244263,1.988487,1.593557,1.435427,3.587249
1773774211.219411,200.885559,573.025269,778.952576,773.910828,77.026512,25.957197,2,3.805613,1.902103,-1.463934,2.964392,0.382105,3.094096,115.304688,1.988487,1.593557,1.435427,3.587249
1773774211.988317,214.870117,570.384644,768.86908,785.254761,78.03669,27.36311,2,3.95992,1.806616,1.467165,3.04466,0.388188,2.925497,133.230789,1.988487,1.593557,1.435427,3.587249
1773774212.768566,205.188492,563.680603,780.213013,768.86908,76.902077,26.687054,2,3.833599,1.851277,-1.852233,2.991024,0.379861,3.003389,110.969696,1.988487,1.593557,1.435427,3.587249
1773774213.538731,209.491425,565.67981,770.129517,775.171265,77.908974,27.025179,2,3.943795,1.828661,-0.189156,3.037233,0.383089,2.963733,121.497147,1.988487,1.593557,1.435427,3.587249
1773774214.307637,215.945847,560.48584,768.86908,776.431702,78.03669,27.812599,2,3.973234,1.778125,1.805757,3.054897,0.383979,2.87669,127.833748,1.988487,1.593557,1.435427,3.587249
1773774215.086638,213.794373,562.637329,778.952576,776.431702,77.026512,27.535503,2,3.985838,1.795579,1.80624,3.104779,0.383885,2.906508,144.622391,1.988487,1.593557,1.435427,3.587249
1773774215.856804,213.794373,556.335144,770.129517,770.129517,77.908974,27.760834,2,4.056018,1.781359,2.791761,3.123659,0.380845,2.882196,151.71225,1.988487,1.593557,1.435427,3.587249
1773774216.629491,213.794373,558.856018,772.650391,772.650391,77.654785,27.670261,2,3.956627,1.787047,1.24265,3.05709,0.382061,2.8919,143.112381,1.988487,1.593557,1.435427,3.587249
1773774217.371926,220.248795,529.713684,742.39978,749.962463,80.818993,29.367975,2,4.044526,1.686265,4.204672,3.002655,0.371398,2.724029,115.203957,1.988487,1.593557,1.435427,3.587249
1773774218.16226,208.415695,568.015991,790.29657,776.431702,75.920868,26.842762,2,4.010782,1.840792,0.391102,3.169707,0.38365,2.984949,168.680435,1.988487,1.593557,1.435427,3.587249
1773774218.927396,211.642914,557.226196,765.087708,768.86908,78.422379,27.526522,2,3.956684,1.796151,2.090448,3.02721,0.380143,2.907489,149.415009,1.988487,1.593557,1.435427,3.587249
1773774219.700082,204.112747,559.714539,772.650391,763.827271,77.654785,26.722368,2,4.002888,1.848888,-0.770268,3.092833,0.377382,2.99918,139.412216,1.988487,1.593557,1.435427,3.587249
1773774220.456384,207.339966,552.705994,756.264648,760.045959,79.337303,27.279926,2,4.118431,1.811992,0.120926,3.114624,0.375698,2.934783,149.068069,1.988487,1.593557,1.435427,3.587249
1773774221.224028,207.339966,560.268616,767.608582,767.608582,78.164841,27.01116,2,4.012861,1.829587,0.09598,3.080307,0.379347,2.965349,153.602417,1.988487,1.593557,1.435427,3.587249
1773774221.986632,207.339966,555.226868,762.566833,762.566833,78.681625,27.189743,2,4.023362,1.817858,2.546792,3.068083,0.376915,2.944943,164.797211,1.988487,1.593557,1.435427,3.587249
1773774222.750495,207.339966,556.487305,763.827271,763.827271,78.551788,27.144876,2,4.015416,1.82079,1.811808,3.067085,0.377523,2.950033,153.018875,1.988487,1.593557,1.435427,3.587249
1773774223.518141,207.339966,560.268616,767.608582,767.608582,78.164841,27.01116,2,4.006926,1.829587,1.44504,3.075751,0.379347,2.965349,158.939102,1.988487,1.593557,1.435427,3.587249
1773774224.282017,207.339966,556.487305,763.827271,763.827271,78.551788,27.144876,2,3.997997,1.82079,0.965532,3.053779,0.377523,2.950033,141.881012,1.988487,1.593557,1.435427,3.587249
1773774225.053442,209.491425,564.419434,771.389954,773.910828,77.78167,27.069193,2,3.984447,1.825759,1.043006,3.073562,0.382481,2.958675,155.09639,1.988487,1.593557,1.435427,3.587249
1773774225.824869,203.037018,560.790283,771.389954,763.827271,77.78167,26.581535,2,3.894897,1.858453,-0.402163,3.004484,0.377335,3.016062,127.018555,1.988487,1.593557,1.435427,3.587249
1773774226.584951,210.567169,558.30188,760.045959,768.86908,78.942596,27.386608,2,3.985553,1.805104,1.410962,3.029204,0.380096,2.922889,156.097458,1.988487,1.593557,1.435427,3.587249
1773774227.355117,209.491425,559.377686,770.129517,768.86908,77.908974,27.246696,2,3.96747,1.814149,1.98773,3.055466,0.380049,2.938516,151.508438,1.988487,1.593557,1.435427,3.587249
1773774228.122775,209.491425,558.117188,767.608582,767.608582,78.164841,27.291437,2,3.982762,1.811247,1.369125,3.057202,0.379441,2.933494,140.692139,1.988487,1.593557,1.435427,3.587249
1773774228.886638,213.794373,555.074707,763.827271,768.86908,78.551788,27.806341,2,3.992969,1.778515,2.286973,3.049938,0.380237,2.877355,148.685349,1.988487,1.593557,1.435427,3.587249
1773774229.656804,211.642914,555.965698,770.129517,767.608582,77.908974,27.571722,2,3.982686,1.793278,1.314592,3.067183,0.379535,2.902562,148.413818,1.988487,1.593557,1.435427,3.587249
1773774230.414365,212.718643,546.066895,757.525085,758.785522,79.205299,28.034094,2,3.988677,1.764421,2.715215,3.021523,0.375325,2.853461,148.952988,1.988487,1.593557,1.435427,3.587249
1773774231.189572,210.567169,562.083252,775.171265,772.650391,77.402252,27.252583,2,4.091619,1.813766,0.120555,3.171705,0.38192,2.937853,134.384735,1.988487,1.593557,1.435427,3.587249
1773774231.947134,204.112747,545.849731,757.525085,749.962463,79.205299,27.216396,2,3.988291,1.81612,-0.247958,3.02123,0.370693,2.94193,144.834518,1.988487,1.593557,1.435427,3.587249
1773774232.721094,201.961288,569.42865,773.910828,771.389954,77.528313,26.181477,2,4.01365,1.886183,-0.167513,3.106208,0.380936,3.065448,133.985443,1.988487,1.593557,1.435427,3.587249
1773774233.487478,208.415695,565.495117,766.348145,773.910828,78.293396,26.930195,2,4.044037,1.834957,1.035507,3.099141,0.382434,2.974729,157.045731,1.988487,1.593557,1.435427,3.587249
1773774234.253863,205.188492,557.378357,766.348145,762.566833,78.293396,26.907608,2,3.902881,1.836461,-0.080165,2.990966,0.376821,2.97736,116.017288,1.988487,1.593557,1.435427,3.587249
1773774235.013945,201.961288,554.303345,760.045959,756.264648,78.942596,26.705107,2,3.963355,1.850055,0.679208,3.012332,0.37364,3.001235,141.338303,1.988487,1.593557,1.435427,3.587249
1773774235.78159,201.961288,565.647278,767.608582,767.608582,78.164841,26.310453,2,4.113764,1.877151,0.898452,3.15776,0.379112,3.049291,143.341354,1.988487,1.593557,1.435427,3.587249
1773774236.550495,200.885559,566.723022,768.86908,767.608582,78.03669,26.170311,2,4.035415,1.886969,-0.120739,3.102705,0.379065,3.066858,124.969299,1.988487,1.593557,1.435427,3.587249
1773774237.31562,201.961288,564.386841,765.087708,766.348145,78.422379,26.353725,2,4.116163,1.87414,1.249814,3.149225,0.378504,3.043921,153.02446,1.988487,1.593557,1.435427,3.587249
1773774238.079495,201.961288,561.865967,763.827271,763.827271,78.551788,26.440701,2,4.111134,1.868119,0.383381,3.140196,0.377288,3.033203,132.634033,1.988487,1.593557,1.435427,3.587249
1773774238.855963,203.037018,574.655151,776.431702,777.692139,77.276596,26.107634,2,4.059252,1.891394,-0.107004,3.151732,0.384023,3.074802,127.596802,1.988487,1.593557,1.435427,3.587249
1773774239.621088,199.809814,561.496582,765.087708,761.306396,78.422379,26.245651,2,4.002503,1.881678,0.221194,3.062266,0.375978,3.05738,129.855179,1.988487,1.593557,1.435427,3.587249
1773774240.389993,205.188492,569.982788,768.86908,775.171265,78.03669,26.470085,2,4.200543,1.866094,1.499164,3.229667,0.382901,3.029605,156.662918,1.988487,1.593557,1.435427,3.587249
1773774241.151335,206.264236,556.302612,761.306396,762.566833,78.811897,27.048677,2,4.137927,1.82711,1.777841,3.15023,0.376868,2.96103,131.564163,1.988487,1.593557,1.435427,3.587249
1773774241.927816,204.112747,569.798096,776.431702,773.910828,77.276596,26.374193,2,4.221472,1.87272,0.514311,3.277685,0.382246,3.041389,135.858566,1.988487,1.593557,1.435427,3.587249
1773774242.6942,201.961288,561.865967,766.348145,763.827271,78.293396,26.440701,2,4.082093,1.868119,-0.353162,3.128305,0.377288,3.033203,137.144501,1.988487,1.593557,1.435427,3.587249
1773774243.450501,214.870117,556.519836,756.264648,771.389954,79.337303,27.854929,2,4.127631,1.775489,2.033948,3.121581,0.381499,2.87221,132.193497,1.988487,1.593557,1.435427,3.587249
1773774244.230751,212.718643,564.973511,780.213013,777.692139,76.902077,27.352551,2,4.158671,1.807297,1.270825,3.244649,0.384446,2.926672,136.670456,1.988487,1.593557,1.435427,3.587249
1773774245.019823,208.415695,575.578613,789.036072,783.994324,76.042152,26.583826,2,3.88122,1.858296,-0.088072,3.062423,0.387298,3.015785,135.27562,1.988487,1.593557,1.435427,3.587249
1773774245.777385,197.65834,547.262329,757.525085,744.920654,79.205299,26.534145,2,4.088709,1.861694,-1.477967,3.0973,0.367979,3.021801,136.864594,1.988487,1.593557,1.435427,3.587249
1773774246.580334,218.097321,608.751953,802.90094,826.849304,74.729019,26.376911,2,3.409872,1.872531,-1.968388,2.737789,0.408394,3.041053,97.545586,1.988487,1.593557,1.435427,3.587249
1773774247.363104,224.551743,565.744812,782.733887,790.29657,76.654404,28.413605,2,3.505295,1.741437,0.616286,2.743713,0.391043,2.81486,126.505577,1.988487,1.593557,1.435427,3.587249
1773774248.154698,226.703217,567.374634,791.557007,794.077881,75.799973,28.549242,2,3.400899,1.733371,-0.159718,2.692006,0.392961,2.801419,113.142517,1.988487,1.593557,1.435427,3.587249
1773774248.960168,229.93042,579.272705,805.421814,809.203125,74.495125,28.414425,2,3.211302,1.741388,-2.562271,2.586452,0.400398,2.814778,100.568764,1.988487,1.593557,1.435427,3.587249
1773774249.753021,234.233368,563.625854,792.817444,797.859192,75.679466,29.357731,2,3.071326,1.686838,-2.76132,2.435,0.395114,2.724959,93.817055,1.988487,1.593557,1.435427,3.587249
1773774250.544615,234.233368,557.323608,791.557007,791.557007,75.799973,29.591471,2,3.246526,1.673858,-0.628832,2.56981,0.392073,2.703961,108.841438,1.988487,1.593557,1.435427,3.587249
1773774251.34251,251.445145,566.581116,797.859192,818.026245,75.201241,30.738029,2,2.955139,1.61305,-2.259353,2.357785,0.405594,2.60749,95.525093,1.988487,1.593557,1.435427,3.587249
1773774252.145461,217.021576,545.545288,802.90094,762.566833,74.729019,28.459352,2,2.51771,1.738708,-3.564014,2.021472,0.377337,2.810306,80.409698,1.988487,1.593557,1.435427,3.587249
1773774253.000076,764.065002,652.670715,854.578979,1416.735718,70.210014,53.931374,3,1.60228,0.800799,11.969757,1.369275,0.611862,1.302929,25.125677,5.217613,3.302011,0.468735,3.811238
1773774254.285798,831.746582,524.487915,1285.649902,1356.234497,46.669003,61.327637,3,0.962303,0.792294,3.451661,1.237184,0.658987,1.018701,10.0,5.217613,3.302011,0.468735,3.811238
1773774294.200925,222.400253,526.301758,773.910828,748.702026,77.528313,29.704777,2,3.503736,1.66764,2.329552,2.711579,0.370884,2.693952,117.361443,1.988487,1.593557,1.435427,3.587249
1773774294.993779,195.506866,565.799561,792.817444,761.306396,75.679466,25.680443,2,4.00704,1.922131,-3.299444,3.176851,0.37579,3.130442,125.281738,1.988487,1.593557,1.435427,3.587249
1773774295.772768,203.037018,584.738647,778.952576,787.775635,77.026512,25.773457,2,4.014139,1.915352,-0.875695,3.126824,0.388887,3.118101,107.609222,1.988487,1.593557,1.435427,3.587249
1773774296.546715,196.582611,569.765503,773.910828,766.348145,77.528313,25.651867,2,4.203323,1.924224,-0.462524,3.252997,0.378269,3.134259,127.719086,1.988487,1.593557,1.435427,3.587249
1773774297.311839,200.885559,569.243958,765.087708,770.129517,78.422379,26.084646,2,4.389122,1.893023,0.331447,3.358064,0.380281,3.07773,159.838669,1.988487,1.593557,1.435427,3.587249
1773774298.061838,196.582611,548.338013,749.962463,744.920654,80.004005,26.389738,2,4.210595,1.871642,-0.353088,3.157788,0.367932,3.039471,141.894623,1.988487,1.593557,1.435427,3.587249
1773774298.839578,194.431122,580.740112,777.692139,775.171265,77.151352,25.082344,2,4.116809,1.966924,-1.682622,3.20161,0.382431,3.212964,125.78183,1.988487,1.593557,1.435427,3.587249
1773774299.599661,203.037018,567.092529,760.045959,770.129517,78.942596,26.36401,2,4.029449,1.873426,-0.457216,3.062567,0.380375,3.042648,133.324203,1.988487,1.593557,1.435427,3.587249
1773774300.35092,212.718643,549.848206,751.2229,762.566833,79.869766,27.895081,2,4.026026,1.772996,-0.343547,3.024443,0.377149,2.867978,131.418182,1.988487,1.593557,1.435427,3.587249
1773774301.122346,217.021576,559.410156,771.389954,776.431702,77.78167,27.951149,2,3.486674,1.769527,-0.093863,2.689585,0.384026,2.862098,112.676392,1.988487,1.593557,1.435427,3.587249
1773774301.906377,199.809814,564.017456,783.994324,763.827271,76.531166,26.159031,2,3.837131,1.887764,-1.489437,3.008289,0.377194,3.068284,122.54245,1.988487,1.593557,1.435427,3.587249
1773774302.685378,190.128174,577.480408,778.952576,767.608582,77.026512,24.768896,2,3.957916,1.991263,-2.779547,3.083029,0.378595,3.258518,122.286011,1.988487,1.593557,1.435427,3.587249
1773774303.4442,199.809814,570.319702,758.785522,770.129517,79.07373,25.944963,2,4.181849,1.902979,-2.031311,3.173126,0.380234,3.095679,129.979141,1.988487,1.593557,1.435427,3.587249
1773774304.206803,189.052444,560.910034,762.566833,749.962463,78.681625,25.208256,2,4.182245,1.957318,-2.167475,3.189241,0.370036,3.195122,136.851776,1.988487,1.593557,1.435427,3.587249
1773774304.973187,197.65834,578.773376,766.348145,776.431702,78.293396,25.457272,2,4.205945,1.938599,-0.986839,3.223218,0.38318,3.160582,145.66806,1.988487,1.593557,1.435427,3.587249
1773774305.720666,196.582611,549.598511,747.441589,746.181152,80.273834,26.345158,2,4.117473,1.874735,-0.926478,3.07757,0.36854,3.044981,119.419571,1.988487,1.593557,1.435427,3.587249
1773774306.471925,200.885559,555.379089,751.2229,756.264648,79.869766,26.562866,2,4.366549,1.859728,-0.587069,3.280251,0.373593,3.018319,132.066238,1.988487,1.593557,1.435427,3.587249
1773774307.220664,196.582611,547.077637,748.702026,743.660217,80.138687,26.434465,2,4.197285,1.868549,-0.190641,3.142516,0.367324,3.033968,136.861969,1.988487,1.593557,1.435427,3.587249
1773774307.995883,196.582611,578.588623,775.171265,775.171265,77.402252,25.359894,2,4.121172,1.945875,-0.245545,3.194614,0.382525,3.173973,130.064377,1.988487,1.593557,1.435427,3.587249
1773774308.767309,201.961288,575.730835,771.389954,777.692139,77.78167,25.969311,2,4.071181,1.901236,-0.677314,3.140468,0.383976,3.092531,125.505951,1.988487,1.593557,1.435427,3.587249
1773774309.519829,200.885559,550.337341,752.483337,751.2229,79.735985,26.741138,2,4.222276,1.847621,0.610383,3.177192,0.37116,2.996949,142.995483,1.988487,1.593557,1.435427,3.587249
1773774310.27613,198.73407,555.009705,756.264648,753.743774,79.337303,26.366264,2,4.224914,1.87327,0.101734,3.195153,0.372283,3.042369,150.829453,1.988487,1.593557,1.435427,3.587249
1773774311.033692,197.65834,558.606323,757.525085,756.264648,79.205299,26.136133,2,4.163806,1.88938,0.877181,3.154187,0.373452,3.071183,174.956924,1.988487,1.593557,1.435427,3.587249
1773774311.791253,197.65834,559.86676,757.525085,757.525085,79.205299,26.092646,2,4.207181,1.892456,1.033391,3.187045,0.37406,3.07671,166.346359,1.988487,1.593557,1.435427,3.587249
1773774312.547554,198.73407,558.791016,756.264648,757.525085,79.337303,26.23465,2,4.090641,1.882449,0.951017,3.093607,0.374107,3.058759,156.985001,1.988487,1.593557,1.435427,3.587249
1773774313.317732,191.203918,570.102478,770.129517,761.306396,77.908974,25.11524,2,4.204388,1.964405,-1.448529,3.237923,0.375602,3.208278,128.33815,1.988487,1.593557,1.435427,3.587249
1773774314.092939,200.885559,585.629639,775.171265,786.515198,77.402252,25.54122,2,4.015974,1.932371,-0.388948,3.113067,0.388185,3.149156,114.638992,1.988487,1.593557,1.435427,3.587249
1773774314.859324,191.203918,563.800293,766.348145,755.004211,78.293396,25.324881,2,4.049664,1.948505,-1.499497,3.103452,0.372562,3.178824,123.606339,1.988487,1.593557,1.435427,3.587249
1773774315.611844,201.961288,563.126404,752.483337,765.087708,79.735985,26.397142,2,4.243677,1.87113,1.654818,3.193296,0.377896,3.038558,167.924026,1.988487,1.593557,1.435427,3.587249
1773774316.38453,194.431122,569.396118,772.650391,763.827271,77.654785,25.454855,2,4.120214,1.938779,-1.928296,3.183485,0.376959,3.160913,124.401245,1.988487,1.593557,1.435427,3.587249
1773774317.132009,191.203918,552.456299,747.441589,743.660217,80.273834,25.711193,2,4.140294,1.919885,-0.9747,3.094628,0.367089,3.126348,133.637207,1.988487,1.593557,1.435427,3.587249
1773774317.875705,199.809814,553.93396,743.660217,753.743774,80.682007,26.508984,2,4.204212,1.86342,-0.229953,3.126505,0.37233,3.02486,138.091293,1.988487,1.593557,1.435427,3.587249
1773774318.630746,193.355392,554.086182,755.004211,747.441589,79.469757,25.868965,2,4.10681,1.908442,0.495935,3.100659,0.369007,3.105562,158.239334,1.988487,1.593557,1.435427,3.587249
1773774319.373194,196.582611,549.598511,742.39978,746.181152,80.818993,26.345158,2,4.223533,1.874735,0.350639,3.13555,0.36854,3.044981,138.603287,1.988487,1.593557,1.435427,3.587249
1773774320.140839,195.506866,570.841309,767.608582,766.348145,78.164841,25.511494,2,4.220798,1.934572,-1.259428,3.23992,0.378222,3.15319,142.110397,1.988487,1.593557,1.435427,3.587249
1773774320.893359,197.65834,557.345886,752.483337,755.004211,79.735985,26.179768,2,4.169693,1.886303,1.160127,3.137624,0.372844,3.065664,176.287643,1.988487,1.593557,1.435427,3.587249
1773774321.637055,198.73407,546.186584,743.660217,744.920654,80.682007,26.678556,2,4.243222,1.851853,-0.901792,3.155515,0.368026,3.004404,133.264664,1.988487,1.593557,1.435427,3.587249
1773774322.388314,193.355392,551.565247,751.2229,744.920654,79.869766,25.956509,2,4.210026,1.902153,-2.244615,3.162668,0.367791,3.094185,120.741943,1.988487,1.593557,1.435427,3.587249
1773774323.134532,197.65834,553.564575,746.181152,751.2229,80.409431,26.311544,2,4.324123,1.877075,-1.485317,3.226579,0.371019,3.049155,131.314468,1.988487,1.593557,1.435427,3.587249
1773774323.889572,198.73407,557.530579,755.004211,756.264648,79.469757,26.278378,2,4.158005,1.879389,-1.384233,3.139312,0.373499,3.053288,134.147858,1.988487,1.593557,1.435427,3.587249
1773774324.645874,195.506866,556.97644,756.264648,752.483337,79.337303,25.981554,2,4.122451,1.900361,-0.47793,3.117664,0.371534,3.09095,144.91301,1.988487,1.593557,1.435427,3.587249
1773774325.408476,197.65834,567.429382,762.566833,765.087708,78.681625,25.83473,2,4.120075,1.910913,-1.190417,3.141833,0.377708,3.110042,143.061493,1.988487,1.593557,1.435427,3.587249
1773774326.162268,195.506866,555.716064,753.743774,751.2229,79.602646,26.025146,2,3.902787,1.897251,-1.521919,2.941701,0.370926,3.085342,128.530945,1.988487,1.593557,1.435427,3.587249
1773774326.91857,196.582611,560.942505,756.264648,757.525085,79.337303,25.95064,2,3.987854,1.902573,-1.261618,3.015873,0.374013,3.094944,120.847809,1.988487,1.593557,1.435427,3.587249
1773774327.654704,204.112747,540.807922,736.097534,744.920654,81.510941,27.400604,2,3.985597,1.804204,-0.565798,2.933788,0.368261,2.921338,116.076843,1.988487,1.593557,1.435427,3.587249
1773774328.412266,196.582611,552.119385,757.525085,748.702026,79.205299,26.256454,2,3.905185,1.880922,-1.882154,2.958275,0.369756,3.056028,112.764389,1.988487,1.593557,1.435427,3.587249
1773774329.163524,192.279648,553.901489,751.2229,746.181152,79.869766,25.768494,2,4.101011,1.915713,-1.078308,3.080774,0.368353,3.118757,136.060089,1.988487,1.593557,1.435427,3.587249
1773774329.921085,192.279648,565.245422,757.525085,757.525085,79.205299,25.38261,2,4.208712,1.944173,-1.042485,3.188205,0.373825,3.170836,142.763931,1.988487,1.593557,1.435427,3.587249
1773774330.682429,195.506866,569.580811,761.306396,765.087708,78.811897,25.553524,2,4.159926,1.931461,-1.748587,3.166979,0.377614,3.14749,130.316254,1.988487,1.593557,1.435427,3.587249
1773774331.437469,196.582611,559.682007,755.004211,756.264648,79.469757,25.993893,2,4.107061,1.89948,-1.968129,3.100849,0.373405,3.08936,129.602066,1.988487,1.593557,1.435427,3.587249
1773774332.190002,193.355392,555.346619,752.483337,748.702026,79.735985,25.825415,2,4.162714,1.911586,-2.24558,3.132373,0.369616,3.111263,113.618866,1.988487,1.593557,1.435427,3.587249
1773774332.948823,191.203918,565.06073,758.785522,756.264648,79.07373,25.282673,2,4.199337,1.951685,-1.251892,3.186396,0.37317,3.184698,132.672379,1.988487,1.593557,1.435427,3.587249
1773774333.707644,205.188492,569.982788,758.785522,775.171265,79.07373,26.470085,2,4.195286,1.866094,0.580574,3.183322,0.382901,3.029605,147.742722,1.988487,1.593557,1.435427,3.587249
1773774334.467727,195.506866,553.19519,760.045959,748.702026,78.942596,26.112774,2,4.150196,1.891031,0.00633,3.15434,0.369709,3.074149,123.250694,1.988487,1.593557,1.435427,3.587249
1773774335.226549,192.279648,562.724548,758.785522,755.004211,79.07373,25.46736,2,4.112108,1.937848,-0.975925,3.120208,0.372609,3.159203,132.875305,1.988487,1.593557,1.435427,3.587249
1773774335.98033,195.506866,562.018188,753.743774,757.525085,79.602646,25.808632,2,4.056591,1.912801,-1.184589,3.05763,0.373966,3.113468,120.707535,1.988487,1.593557,1.435427,3.587249
1773774336.739151,197.65834,563.648071,758.785522,761.306396,79.07373,25.963047,2,4.131811,1.901684,-1.649731,3.135159,0.375884,3.093339,125.717926,1.988487,1.593557,1.435427,3.587249
1773774337.490411,194.431122,553.010498,751.2229,747.441589,79.869766,26.012886,2,4.183897,1.898124,-1.109565,3.143039,0.369054,3.086916,128.385376,1.988487,1.593557,1.435427,3.587249
1773774338.249245,194.431122,564.35437,758.785522,758.785522,79.07373,25.623989,2,4.186984,1.92627,-1.950422,3.177023,0.374527,3.137995,123.992996,1.988487,1.593557,1.435427,3.587249
1773774339.005545,198.73407,562.572327,756.264648,761.306396,79.337303,26.104349,2,4.248023,1.891627,-0.184553,3.21263,0.375931,3.07522,141.24469,1.988487,1.593557,1.435427,3.587249
1773774339.756805,196.582611,552.119385,751.2229,748.702026,79.869766,26.256454,2,4.231863,1.880922,-0.325432,3.179073,0.369756,3.056028,141.216873,1.988487,1.593557,1.435427,3.587249
1773774340.516887,205.188492,564.94104,760.045959,770.129517,78.942596,26.643375,2,4.339677,1.85424,0.221639,3.298354,0.380469,3.008617,141.362305,1.988487,1.593557,1.435427,3.587249
1773774341.271927,199.809814,548.892212,755.004211,748.702026,79.469757,26.687494,2,4.218652,1.851247,-0.705155,3.1851,0.369897,3.003337,135.520218,1.988487,1.593557,1.435427,3.587249
1773774342.034531,197.65834,562.387634,762.566833,760.045959,78.681625,26.006104,2,3.999012,1.898608,-0.229433,3.049514,0.375276,3.087789,133.52002,1.988487,1.593557,1.435427,3.587249
1773774342.795873,196.582611,563.463379,761.306396,760.045959,78.811897,25.864569,2,4.04452,1.908759,0.450089,3.079119,0.375229,3.106136,177.740799,1.988487,1.593557,1.435427,3.587249
1773774343.537049,199.809814,545.11084,741.139282,744.920654,80.956444,26.822966,2,4.051654,1.842118,0.236859,3.00284,0.368073,2.987277,141.344772,1.988487,1.593557,1.435427,3.587249
1773774344.293362,201.961288,556.824219,756.264648,758.785522,79.337303,26.616386,2,4.068039,1.856076,-0.502096,3.076514,0.374856,3.01186,140.28479,1.988487,1.593557,1.435427,3.587249
1773774345.048403,200.885559,552.858215,755.004211,753.743774,79.469757,26.651705,2,3.918568,1.853675,-0.344364,2.958536,0.372376,3.007619,124.414444,1.988487,1.593557,1.435427,3.587249
1773774345.817309,196.582611,567.244629,768.86908,763.827271,78.03669,25.736526,2,4.017709,1.918038,-2.330219,3.089092,0.377053,3.122986,131.050339,1.988487,1.593557,1.435427,3.587249
1773774346.57613,201.961288,563.126404,758.785522,765.087708,79.07373,26.397142,2,4.013723,1.87113,-0.67761,3.045555,0.377896,3.038558,108.653366,1.988487,1.593557,1.435427,3.587249
1773774347.326129,206.264236,548.73999,749.962463,755.004211,80.004005,27.319613,2,4.039832,1.809424,0.302863,3.029722,0.373219,2.930343,141.572617,1.988487,1.593557,1.435427,3.587249
1773774348.091253,211.642914,559.74707,765.087708,771.389954,78.422379,27.436565,2,4.039583,1.801897,0.445523,3.090635,0.381359,2.917364,143.481186,1.988487,1.593557,1.435427,3.587249
1773774348.856377,208.415695,552.890686,765.087708,761.306396,78.422379,27.376059,2,3.79069,1.805783,0.779178,2.900211,0.376353,2.924059,137.044861,1.988487,1.593557,1.435427,3.587249
1773774349.629076,201.961288,563.126404,772.650391,765.087708,77.654785,26.397142,2,3.750313,1.87113,0.01368,2.897681,0.377896,3.038558,146.228409,1.988487,1.593557,1.435427,3.587249
1773774350.381596,211.642914,552.184326,752.483337,763.827271,79.735985,27.708218,2,3.836017,1.784659,0.496121,2.886539,0.37771,2.887822,128.344955,1.988487,1.593557,1.435427,3.587249
1773774351.135375,209.491425,541.731445,753.743774,751.2229,79.602646,27.886719,2,3.820166,1.773515,0.466275,2.879426,0.371536,2.868858,145.600296,1.988487,1.593557,1.435427,3.587249
1773774351.870249,210.567169,525.530396,734.837097,736.097534,81.650749,28.605879,2,3.928818,1.730026,-0.204302,2.887041,0.364287,2.795861,140.839645,1.988487,1.593557,1.435427,3.587249
1773774352.635373,205.188492,553.597046,765.087708,758.785522,78.422379,27.041698,2,3.788232,1.827571,-2.700328,2.898329,0.374996,2.961832,115.636719,1.988487,1.593557,1.435427,3.587249
1773774353.375289,209.491425,535.429199,739.878845,744.920654,81.09436,28.122648,2,3.948892,1.759002,2.206269,2.921701,0.368496,2.84432,147.732941,1.988487,1.593557,1.435427,3.587249
1773774354.125287,201.961288,539.177979,749.962463,741.139282,80.004005,27.250111,2,4.072211,1.813927,-0.191457,3.054006,0.366343,2.938131,134.195312,1.988487,1.593557,1.435427,3.587249
1773774354.877808,201.961288,550.522034,752.483337,752.483337,79.735985,26.839304,2,4.142812,1.841023,-0.231735,3.117397,0.371815,2.985355,139.49791,1.988487,1.593557,1.435427,3.587249
1773774355.642931,198.73407,562.572327,765.087708,761.306396,78.422379,26.104349,2,4.10841,1.891627,-1.409253,3.143294,0.375931,3.07522,121.534546,1.988487,1.593557,1.435427,3.587249
1773774356.391682,206.264236,551.260864,748.702026,757.525085,80.138687,27.228701,2,4.117392,1.815319,0.789275,3.0827,0.374435,2.940542,160.786804,1.988487,1.593557,1.435427,3.587249
1773774357.159327,205.188492,561.159668,767.608582,766.348145,78.164841,26.774841,2,3.893056,1.84535,-0.025076,2.988343,0.378645,2.992955,129.208755,1.988487,1.593557,1.435427,3.587249
1773774357.925711,203.037018,560.790283,766.348145,763.827271,78.293396,26.581535,2,3.880448,1.858453,-1.597797,2.973774,0.377335,3.016062,118.710846,1.988487,1.593557,1.435427,3.587249
1773774358.687054,203.037018,558.269409,761.306396,761.306396,78.811897,26.669554,2,3.879578,1.852463,-0.931267,2.953548,0.376119,3.005481,118.176361,1.988487,1.593557,1.435427,3.587249
1773774359.442095,200.885559,551.597778,755.004211,752.483337,79.469757,26.696344,2,3.967294,1.850648,0.298631,2.995324,0.371768,3.00228,142.802383,1.988487,1.593557,1.435427,3.587249
1773774360.200916,205.188492,558.638794,758.785522,763.827271,79.07373,26.863205,2,4.086078,1.839424,0.734149,3.100456,0.377429,2.982551,162.233734,1.988487,1.593557,1.435427,3.587249
1773774360.957218,208.415695,551.630249,756.264648,760.045959,79.337303,27.421459,2,4.139598,1.802865,2.430859,3.130632,0.375745,2.919032,174.515335,1.988487,1.593557,1.435427,3.587249
1773774361.724875,205.188492,558.638794,767.608582,763.827271,78.164841,26.863205,2,3.933605,1.839424,-0.091599,3.019469,0.377429,2.982551,126.98941,1.988487,1.593557,1.435427,3.587249
1773774362.483696,205.188492,553.597046,758.785522,758.785522,79.07373,27.041698,2,4.007544,1.827571,1.091413,3.040866,0.374996,2.961832,171.01152,1.988487,1.593557,1.435427,3.587249
1773774363.2463,205.188492,557.378357,762.566833,762.566833,78.681625,26.907608,2,4.145204,1.836461,1.529233,3.160995,0.376821,2.97736,149.436966,1.988487,1.593557,1.435427,3.587249
1773774364.010163,203.037018,558.269409,763.827271,761.306396,78.551788,26.669554,2,4.192324,1.852463,1.760579,3.202211,0.376119,3.005481,170.905685,1.988487,1.593557,1.435427,3.587249
1773774364.772767,206.264236,560.083923,762.566833,766.348145,78.681625,26.915213,2,4.199243,1.835954,1.186224,3.202203,0.378692,2.976473,167.572342,1.988487,1.593557,1.435427,3.587249
1773774365.546714,198.73407,566.353638,773.910828,765.087708,77.528313,25.975332,2,3.950551,1.900806,0.249592,3.057374,0.377755,3.091753,146.583206,1.988487,1.593557,1.435427,3.587249
1773774366.310578,200.885559,565.462585,763.827271,766.348145,78.551788,26.213354,2,3.995141,1.883942,-0.449791,3.051598,0.378457,3.061434,130.14653,1.988487,1.593557,1.435427,3.587249
1773774367.070672,206.264236,560.083923,760.045959,766.348145,78.942596,26.915213,2,3.891825,1.835954,1.243058,2.957966,0.378692,2.976473,165.017593,1.988487,1.593557,1.435427,3.587249
1773774367.833275,204.112747,555.933228,762.566833,760.045959,78.681625,26.855316,2,3.947581,1.839951,0.08618,3.010294,0.375558,2.983476,139.410721,1.988487,1.593557,1.435427,3.587249
1773774368.594618,207.339966,557.747742,761.306396,765.087708,78.811897,27.100159,2,4.133446,1.823722,1.775577,3.146819,0.378131,2.955131,147.544647,1.988487,1.593557,1.435427,3.587249
1773774369.377388,203.037018,574.655151,782.733887,777.692139,76.654404,26.107634,2,4.080735,1.891394,-0.240756,3.19413,0.384023,3.074802,131.596375,1.988487,1.593557,1.435427,3.587249
1773774370.145033,210.567169,565.864502,767.608582,776.431702,78.164841,27.119858,2,4.090649,1.822429,0.586625,3.140017,0.383744,2.952882,146.407959,1.988487,1.593557,1.435427,3.587249
1773774370.912691,207.339966,556.487305,767.608582,763.827271,78.164841,27.144876,2,3.923757,1.82079,0.065243,3.011909,0.377523,2.950033,144.132095,1.988487,1.593557,1.435427,3.587249
1773774371.668991,203.037018,548.185913,756.264648,751.2229,79.337303,27.027533,2,3.894228,1.828506,0.855353,2.945067,0.371254,2.963462,150.813065,1.988487,1.593557,1.435427,3.587249
1773774372.437896,197.65834,564.908508,768.86908,762.566833,78.03669,25.920135,2,3.937465,1.90476,-0.870312,3.027395,0.376492,3.098899,128.71257,1.988487,1.593557,1.435427,3.587249
1773774373.2005,206.264236,566.386169,762.566833,772.650391,78.681625,26.695675,2,4.013121,1.850693,0.663617,3.060273,0.381732,3.00236,143.109512,1.988487,1.593557,1.435427,3.587249
1773774373.976968,195.506866,568.320435,776.431702,763.827271,77.276596,25.595692,2,3.917706,1.928351,-1.460964,3.041831,0.377006,3.141799,117.598083,1.988487,1.593557,1.435427,3.587249
1773774374.742092,208.415695,571.797302,765.087708,780.213013,78.422379,26.712666,2,4.131103,1.849544,0.89474,3.160656,0.385474,3.000335,136.233475,1.988487,1.593557,1.435427,3.587249
1773774375.505955,208.415695,555.41156,763.827271,763.827271,78.551788,27.285709,2,4.018417,1.811617,1.889505,3.069377,0.377569,2.934135,159.617599,1.988487,1.593557,1.435427,3.587249
1773774376.286217,203.037018,570.873779,780.213013,773.910828,76.902077,26.235195,2,3.919813,1.88241,0.607117,3.058289,0.382199,3.058691,143.40242,1.988487,1.593557,1.435427,3.587249
1773774377.058904,200.885559,569.243958,772.650391,770.129517,77.654785,26.084646,2,3.893601,1.893023,-0.231809,3.008392,0.380281,3.07773,130.0784,1.988487,1.593557,1.435427,3.587249
1773774377.827809,205.188492,568.722351,768.86908,773.910828,78.03669,26.513195,2,3.879511,1.863131,-0.207865,2.982836,0.382293,3.024347,132.045227,1.988487,1.593557,1.435427,3.587249
1773774378.594194,203.037018,560.790283,766.348145,763.827271,78.293396,26.581535,2,3.961445,1.858453,-0.290462,3.035846,0.377335,3.016062,133.888779,1.988487,1.593557,1.435427,3.587249
1773774379.351755,207.339966,555.226868,757.525085,762.566833,79.205299,27.189743,2,4.057739,1.817858,2.205118,3.073839,0.376915,2.944943,175.25943,1.988487,1.593557,1.435427,3.587249
1773774380.11311,209.491425,554.335815,761.306396,763.827271,78.811897,27.426544,2,3.977686,1.802539,-0.114243,3.028238,0.377616,2.91847,135.325363,1.988487,1.593557,1.435427,3.587249
1773774380.880755,208.415695,557.932434,767.608582,766.348145,78.164841,27.195953,2,3.914497,1.817452,-0.140971,3.004802,0.378786,2.94424,126.831039,1.988487,1.593557,1.435427,3.587249
1773774381.64966,198.73407,558.791016,768.86908,757.525085,78.03669,26.23465,2,3.968197,1.882449,-1.186705,3.051024,0.374107,3.058759,123.852783,1.988487,1.593557,1.435427,3.587249
1773774382.419827,200.885559,571.764832,770.129517,772.650391,77.908974,25.99954,2,4.012026,1.899076,-1.433494,3.08978,0.381497,3.088633,121.48642,1.988487,1.593557,1.435427,3.587249
1773774383.174867,210.567169,555.781006,755.004211,766.348145,79.469757,27.476698,2,4.147079,1.799329,1.803344,3.131062,0.37888,2.912947,170.284286,1.988487,1.593557,1.435427,3.587249
1773774383.943772,211.642914,558.486572,768.86908,770.129517,78.03669,27.48147,2,4.075532,1.799024,2.055887,3.133551,0.380751,2.912423,159.609085,1.988487,1.593557,1.435427,3.587249
1773774384.720253,205.188492,563.680603,776.431702,768.86908,77.276596,26.687054,2,4.066769,1.851277,0.828291,3.157568,0.379861,3.003389,190.675919,1.988487,1.593557,1.435427,3.587249
1773774385.486637,204.112747,560.974976,766.348145,765.087708,78.293396,26.678349,2,4.055471,1.851867,0.548501,3.107903,0.37799,3.004429,147.808777,1.988487,1.593557,1.435427,3.587249
1773774386.244198,197.65834,552.304138,757.525085,749.962463,79.205299,26.355764,2,4.030213,1.873999,0.41241,3.052988,0.370411,3.043668,151.909653,1.988487,1.593557,1.435427,3.587249
1773774387.009323,206.264236,568.907043,765.087708,775.171265,78.422379,26.60886,2,4.153783,1.856589,1.285674,3.178008,0.382948,3.012766,162.718811,1.988487,1.593557,1.435427,3.587249
1773774387.753019,214.870117,538.873657,743.660217,753.743774,80.682007,28.507051,2,4.1528,1.735872,1.933383,3.088272,0.372987,2.805581,122.055107,1.988487,1.593557,1.435427,3.587249
1773774388.528227,205.188492,558.638794,775.171265,763.827271,77.402252,26.863205,2,4.095681,1.839424,1.671263,3.174854,0.377429,2.982551,177.964005,1.988487,1.593557,1.435427,3.587249
1773774389.300913,198.73407,566.353638,772.650391,765.087708,77.654785,25.975332,2,4.048095,1.900806,-1.082577,3.127762,0.377755,3.091753,137.266327,1.988487,1.593557,1.435427,3.587249
1773774390.049664,206.264236,551.260864,748.702026,757.525085,80.138687,27.228701,2,4.147317,1.815319,1.659644,3.105104,0.374435,2.940542,169.760513,1.988487,1.593557,1.435427,3.587249
1773774390.816049,206.264236,560.083923,766.348145,766.348145,78.293396,26.915213,2,3.988091,1.835954,1.012751,3.056267,0.378692,2.976473,146.770828,1.988487,1.593557,1.435427,3.587249
1773774391.583693,208.415695,561.713806,767.608582,770.129517,78.164841,27.062422,2,4.041958,1.826205,1.533243,3.102642,0.38061,2.959452,162.832214,1.988487,1.593557,1.435427,3.587249
1773774392.367725,198.73407,573.916321,783.994324,772.650391,76.531166,25.721085,2,3.998945,1.919163,-1.44812,3.13515,0.381403,3.125034,120.403503,1.988487,1.593557,1.435427,3.587249
1773774393.120244,203.037018,554.488037,752.483337,757.525085,79.735985,26.802679,2,4.027719,1.843479,-1.04861,3.030791,0.374294,2.989667,123.639099,1.988487,1.593557,1.435427,3.587249
1773774393.887888,207.339966,565.310425,767.608582,772.650391,78.164841,26.834902,2,4.006032,1.841318,-0.660646,3.075065,0.381779,2.985873,133.337723,1.988487,1.593557,1.435427,3.587249
1773774394.635379,211.642914,540.840454,747.441589,752.483337,80.273834,28.125927,2,3.965516,1.758802,0.701555,2.963992,0.372238,2.843983,155.521988,1.988487,1.593557,1.435427,3.587249
1773774395.406805,209.491425,559.377686,771.389954,768.86908,77.78167,27.246696,2,3.939785,1.814149,-0.915193,3.039111,0.380049,2.938516,131.85556,1.988487,1.593557,1.435427,3.587249
1773774396.176972,210.567169,560.822754,770.129517,771.389954,77.908974,27.29711,2,3.786916,1.810879,-0.196692,2.916416,0.381312,2.932858,103.800446,1.988487,1.593557,1.435427,3.587249
1773774396.932012,206.264236,543.698242,755.004211,749.962463,79.469757,27.503277,2,3.906646,1.797632,-0.595682,2.949534,0.370787,2.910032,129.693481,1.988487,1.593557,1.435427,3.587249
1773774397.707219,206.264236,568.907043,775.171265,775.171265,77.402252,26.60886,2,4.068372,1.856589,-1.927702,3.153685,0.382948,3.012766,114.961029,1.988487,1.593557,1.435427,3.587249
1773774398.468562,201.961288,554.303345,761.306396,756.264648,78.811897,26.705107,2,3.904946,1.850055,-0.373616,2.97286,0.37364,3.001235,128.077225,1.988487,1.593557,1.435427,3.587249
1773774399.23874,204.112747,568.537659,770.129517,772.650391,77.908974,26.417219,2,3.87814,1.869741,-0.504324,2.98667,0.381638,3.036087,118.879715,1.988487,1.593557,1.435427,3.587249
1773774399.984957,206.264236,542.437805,746.181152,748.702026,80.409431,27.549576,2,4.212802,1.794684,2.619588,3.143513,0.370179,2.904973,178.592468,1.988487,1.593557,1.435427,3.587249
1773774400.756384,204.112747,564.756348,771.389954,768.86908,77.78167,26.54714,2,4.319387,1.860804,0.146095,3.331932,0.379814,3.020224,165.680267,1.988487,1.593557,1.435427,3.587249
1773774401.517726,203.037018,557.008911,761.306396,760.045959,78.811897,26.713783,2,4.097318,1.849468,-0.619886,3.119314,0.375511,3.000202,144.525787,1.988487,1.593557,1.435427,3.587249
1773774402.270247,201.961288,549.261597,752.483337,751.2229,79.735985,26.884335,2,3.985364,1.838013,-0.483684,2.99892,0.371207,2.980078,138.608368,1.988487,1.593557,1.435427,3.587249
1773774403.031589,208.415695,560.453369,761.306396,768.86908,78.811897,27.106785,2,3.884181,1.823287,0.712618,2.957052,0.380002,2.954374,145.919357,1.988487,1.593557,1.435427,3.587249
1773774403.800495,207.339966,560.268616,768.86908,767.608582,78.03669,27.01116,2,3.78313,1.829587,-0.27257,2.908732,0.379347,2.965349,124.198807,1.988487,1.593557,1.435427,3.587249
1773774404.56437,200.885559,555.379089,763.827271,756.264648,78.551788,26.562866,2,3.820483,1.859728,-0.765479,2.918189,0.373593,3.018319,137.040085,1.988487,1.593557,1.435427,3.587249
1773774405.319411,205.188492,554.857483,755.004211,760.045959,79.469757,26.996855,2,3.881619,1.830534,-0.374359,2.930639,0.375604,2.967,121.866943,1.988487,1.593557,1.435427,3.587249
1773774406.083275,210.567169,559.562378,763.827271,770.129517,78.551788,27.341785,2,3.835315,1.807991,0.17442,2.929518,0.380704,2.92787,149.274582,1.988487,1.593557,1.435427,3.587249
1773774406.820669,213.794373,527.34491,737.357971,741.139282,81.371605,28.84672,2,3.734526,1.715946,0.743764,2.753682,0.36686,2.772573,127.979027,1.988487,1.593557,1.435427,3.587249
1773774407.569407,209.491425,534.168823,748.702026,743.660217,80.138687,28.170315,2,3.877778,1.7561,-0.396707,2.9033,0.367888,2.839434,116.255096,1.988487,1.593557,1.435427,3.587249
1773774408.326969,213.794373,548.772461,757.525085,762.566833,79.205299,28.03615,2,3.872134,1.764295,1.302862,2.933239,0.377196,2.853248,155.540726,1.988487,1.593557,1.435427,3.587249
1773774409.093353,210.567169,551.999634,766.348145,762.566833,78.293396,27.612946,2,3.793018,1.790666,-0.869161,2.906772,0.377055,2.898088,113.332062,1.988487,1.593557,1.435427,3.587249
1773774409.855957,211.642914,552.184326,762.566833,763.827271,78.681625,27.708218,2,3.740952,1.784659,-0.729805,2.852726,0.37771,2.887822,122.563873,1.988487,1.593557,1.435427,3.587249
1773774410.611009,212.718643,543.546021,755.004211,756.264648,79.469757,28.127539,2,3.788506,1.758704,0.753007,2.860338,0.374109,2.843818,155.655899,1.988487,1.593557,1.435427,3.587249
1773774411.373612,207.339966,548.924683,762.566833,756.264648,78.681625,27.416325,2,3.753315,1.803195,-0.403685,2.862154,0.373874,2.919599,124.854889,1.988487,1.593557,1.435427,3.587249
1773774412.132434,209.491425,551.814941,758.785522,761.306396,79.07373,27.517361,2,3.86506,1.796734,-0.251967,2.932752,0.3764,2.90849,111.734619,1.988487,1.593557,1.435427,3.587249
1773774412.892516,208.415695,550.369812,760.045959,758.785522,78.942596,27.467009,2,3.830449,1.799948,-0.152702,2.911317,0.375137,2.914012,140.624313,1.988487,1.593557,1.435427,3.587249
1773774413.65512,214.870117,555.259399,762.566833,770.129517,78.681625,27.900517,2,3.675027,1.772659,-0.052138,2.802454,0.380891,2.867407,125.251511,1.988487,1.593557,1.435427,3.587249
1773774414.4089,217.021576,539.243042,753.743774,756.264648,79.602646,28.696514,2,3.599015,1.724699,1.013939,2.712735,0.374297,2.787031,138.747635,1.988487,1.593557,1.435427,3.587249
1773774415.176544,207.339966,548.924683,767.608582,756.264648,78.164841,27.416325,2,3.7826,1.803195,-0.063089,2.903556,0.373874,2.919599,139.117004,1.988487,1.593557,1.435427,3.587249
1773774415.93664,203.037018,551.967163,760.045959,755.004211,78.942596,26.89217,2,3.792665,1.83749,1.313739,2.8826,0.373078,2.979162,170.719101,1.988487,1.593557,1.435427,3.587249
1773774416.704284,203.037018,564.571533,767.608582,767.608582,78.164841,26.450592,2,3.881711,1.867437,-0.680655,2.979635,0.379159,3.031991,132.295929,1.988487,1.593557,1.435427,3.587249
1773774417.466888,201.961288,559.345093,762.566833,761.306396,78.681625,26.528254,2,3.822758,1.862098,-1.114651,2.915109,0.376072,3.022516,119.612152,1.988487,1.593557,1.435427,3.587249
1773774418.221928,211.642914,554.7052,755.004211,766.348145,79.469757,27.617069,2,3.842796,1.790405,-0.569547,2.901327,0.378926,2.897642,130.391525,1.988487,1.593557,1.435427,3.587249
1773774418.987052,211.642914,553.444824,765.087708,765.087708,78.422379,27.662569,2,3.697571,1.787532,0.284598,2.828966,0.378318,2.892729,146.667374,1.988487,1.593557,1.435427,3.587249
1773774419.735791,221.324524,538.721436,748.702026,760.045959,80.138687,29.119888,2,3.82312,1.700259,2.262361,2.862378,0.376309,2.746823,135.753876,1.988487,1.593557,1.435427,3.587249
1773774420.502175,211.642914,543.361328,766.348145,755.004211,78.293396,28.032017,2,3.790203,1.764548,0.084992,2.904615,0.373454,2.853677,149.13472,1.988487,1.593557,1.435427,3.587249
1773774421.234528,210.567169,520.488647,732.316223,731.055786,81.931816,28.803162,2,3.887414,1.718475,1.221119,2.846816,0.361854,2.776743,151.20314,1.988487,1.593557,1.435427,3.587249
1773774421.998404,210.567169,553.260132,763.827271,763.827271,78.551788,27.567381,2,3.856396,1.793553,-1.273608,2.945621,0.377663,2.903034,114.75856,1.988487,1.593557,1.435427,3.587249
1773774422.758485,211.642914,549.663452,760.045959,761.306396,78.942596,27.799965,2,3.710486,1.778913,-0.044082,2.82014,0.376494,2.878031,120.260818,1.988487,1.593557,1.435427,3.587249
1773774423.511006,220.248795,542.318054,752.483337,762.566833,79.735985,28.882557,2,3.698395,1.713871,1.170781,2.782981,0.377478,2.769155,148.849472,1.988487,1.593557,1.435427,3.587249
1773774424.27739,220.248795,546.099365,766.348145,766.348145,78.293396,28.740046,2,3.714376,1.722153,1.971916,2.846505,0.379302,2.782819,168.749161,1.988487,1.593557,1.435427,3.587249
1773774425.027389,212.718643,528.420654,749.962463,741.139282,80.004005,28.701574,2,3.780894,1.724403,1.00529,2.835528,0.366813,2.786541,163.053024,1.988487,1.593557,1.435427,3.587249
1773774425.801336,213.794373,561.376892,773.910828,775.171265,77.528313,27.580276,2,3.618336,1.792735,0.08076,2.800269,0.383277,2.901632,145.25415,1.988487,1.593557,1.435427,3.587249
1773774426.562678,217.021576,548.066162,761.306396,765.087708,78.811897,28.365582,2,3.775092,1.744312,0.888503,2.874002,0.378553,2.819663,137.101608,1.988487,1.593557,1.435427,3.587249
1773774427.335378,205.188492,553.597046,772.650391,758.785522,77.654785,27.041698,2,3.679221,1.827571,-0.697879,2.842752,0.374996,2.961832,105.863029,1.988487,1.593557,1.435427,3.587249
1773774428.092939,209.491425,553.075439,757.525085,762.566833,79.205299,27.471876,2,3.822847,1.799637,-0.512602,2.895903,0.377008,2.913477,129.426239,1.988487,1.593557,1.435427,3.587249
1773774428.856802,211.642914,554.7052,763.827271,766.348145,78.551788,27.617069,2,3.719924,1.790405,0.287494,2.841379,0.378926,2.897642,134.256271,1.988487,1.593557,1.435427,3.587249
1773774429.615625,208.415695,546.588501,758.785522,755.004211,79.07373,27.604574,2,3.739429,1.791196,-0.629575,2.837425,0.373313,2.898995,121.28978,1.988487,1.593557,1.435427,3.587249
1773774430.368144,214.870117,545.175842,752.483337,760.045959,79.735985,28.270674,2,3.858054,1.750021,0.350973,2.903121,0.376027,2.829224,132.425476,1.988487,1.593557,1.435427,3.587249
1773774431.13831,210.567169,554.520508,770.129517,765.087708,77.908974,27.521965,2,3.807508,1.796441,0.341989,2.932274,0.378271,2.907987,137.717712,1.988487,1.593557,1.435427,3.587249
1773774431.907228,205.188492,557.378357,768.86908,762.566833,78.03669,26.907608,2,3.884808,1.836461,0.133993,2.986908,0.376821,2.97736,151.623856,1.988487,1.593557,1.435427,3.587249
1773774432.663528,213.794373,552.553772,756.264648,766.348145,79.337303,27.897814,2,4.000277,1.772827,0.190122,3.025268,0.37902,2.867691,161.972916,1.988487,1.593557,1.435427,3.587249
1773774433.436216,212.718643,558.671326,772.650391,771.389954,77.654785,27.576021,2,3.843545,1.793005,-0.372725,2.969717,0.381406,2.902094,130.50769,1.988487,1.593557,1.435427,3.587249
1773774434.197558,211.642914,548.403076,761.306396,760.045959,78.811897,27.846067,2,3.766296,1.77604,0.648434,2.867305,0.375886,2.873146,153.05632,1.988487,1.593557,1.435427,3.587249
1773774434.960162,219.17305,552.216919,762.566833,771.389954,78.681625,28.412745,2,3.692229,1.741489,1.122633,2.815571,0.381687,2.814946,124.859886,1.988487,1.593557,1.435427,3.587249
1773774435.735369,214.870117,555.259399,775.171265,770.129517,77.402252,27.900517,2,3.669431,1.772659,0.398564,2.844438,0.380891,2.867407,170.509613,1.988487,1.593557,1.435427,3.587249
1773774436.49293,212.718643,542.285583,757.525085,755.004211,79.205299,28.1745,2,3.845844,1.755846,-0.689304,2.913323,0.373501,2.839006,125.13768,1.988487,1.593557,1.435427,3.587249
1773774437.256807,212.718643,551.108643,763.827271,763.827271,78.551788,27.849051,2,3.85904,1.775855,0.823539,2.94764,0.377757,2.872831,157.285568,1.988487,1.593557,1.435427,3.587249
1773774438.037055,213.794373,567.679077,780.213013,781.47345,76.902077,27.357855,2,3.782386,1.806955,-0.662539,2.951067,0.386317,2.926082,125.350357,1.988487,1.593557,1.435427,3.587249
1773774438.794618,217.021576,544.28479,757.525085,761.306396,79.205299,28.50647,2,3.880063,1.735906,1.925996,2.939245,0.376729,2.805638,155.007477,1.988487,1.593557,1.435427,3.587249
1773774439.561002,217.021576,549.326538,766.348145,766.348145,78.293396,28.318926,2,3.752475,1.747114,1.702966,2.875702,0.379161,2.824352,147.173004,1.988487,1.593557,1.435427,3.587249
1773774440.319823,214.870117,541.394531,758.785522,756.264648,79.07373,28.412025,2,3.847998,1.741532,1.207421,2.919806,0.374203,2.815017,138.877075,1.988487,1.593557,1.435427,3.587249
1773774441.082427,211.642914,547.142578,762.566833,758.785522,78.681625,27.892324,2,3.901258,1.773167,0.925032,2.97497,0.375278,2.868268,150.438263,1.988487,1.593557,1.435427,3.587249
1773774441.856386,212.718643,562.452637,773.910828,775.171265,77.528313,27.441502,2,3.838831,1.80158,1.123895,2.970913,0.38323,2.91682,159.393295,1.988487,1.593557,1.435427,3.587249
1773774442.618989,210.567169,549.47876,762.566833,760.045959,78.681625,27.704531,2,3.781938,1.784891,1.020844,2.88398,0.375839,2.888218,161.979568,1.988487,1.593557,1.435427,3.587249
1773774443.376551,215.945847,547.881409,757.525085,763.827271,79.205299,28.271557,2,3.824076,1.749968,1.913746,2.896833,0.377898,2.829134,153.805679,1.988487,1.593557,1.435427,3.587249
1773774444.137893,212.718643,544.806458,761.306396,757.525085,78.811897,28.08074,2,3.95079,1.761562,1.008185,3.007762,0.374717,2.848636,144.849411,1.988487,1.593557,1.435427,3.587249
1773774444.916883,201.961288,564.386841,778.952576,766.348145,77.026512,26.353725,2,3.740086,1.87414,-1.668849,2.91335,0.378504,3.043921,114.592499,1.988487,1.593557,1.435427,3.587249
1773774445.671923,210.567169,554.520508,755.004211,765.087708,79.469757,27.521965,2,3.786185,1.796441,0.405023,2.858585,0.378271,2.907987,139.014679,1.988487,1.593557,1.435427,3.587249
1773774446.447142,209.491425,564.419434,775.171265,773.910828,77.402252,27.069193,2,3.680698,1.825759,-0.447712,2.853172,0.382481,2.958675,112.728287,1.988487,1.593557,1.435427,3.587249
1773774447.207225,207.339966,550.18512,760.045959,757.525085,78.942596,27.370707,2,3.664999,1.806127,-0.878071,2.785568,0.374482,2.924653,118.877121,1.988487,1.593557,1.435427,3.587249
1773774447.972349,207.339966,557.747742,765.087708,765.087708,78.422379,27.100159,2,3.888195,1.823722,-0.14628,2.97481,0.378131,2.955131,130.492737,1.988487,1.593557,1.435427,3.587249
1773774448.738734,201.961288,558.084656,766.348145,760.045959,78.293396,26.572245,2,3.936178,1.859087,-0.853421,3.016483,0.375464,3.017184,133.847809,1.988487,1.593557,1.435427,3.587249
1773774449.495035,210.567169,555.781006,756.264648,766.348145,79.337303,27.476698,2,4.032853,1.799329,0.01316,3.049904,0.37888,2.912947,152.452316,1.988487,1.593557,1.435427,3.587249
1773774450.270242,209.491425,564.419434,775.171265,773.910828,77.402252,27.069193,2,3.777299,1.825759,-1.340948,2.928053,0.382481,2.958675,110.475937,1.988487,1.593557,1.435427,3.587249
1773774451.031597,214.870117,552.738464,761.306396,767.608582,78.811897,27.992147,2,4.043219,1.766999,2.134029,3.078129,0.379675,2.85782,152.698486,1.988487,1.593557,1.435427,3.587249
1773774451.808065,206.264236,560.083923,776.431702,766.348145,77.276596,26.915213,2,3.942552,1.835954,-1.210203,3.061123,0.378692,2.976473,121.275146,1.988487,1.593557,1.435427,3.587249
1773774452.579492,209.491425,565.67981,771.389954,775.171265,77.78167,27.025179,2,3.893536,1.828661,-2.306313,3.003435,0.383089,2.963733,119.08168,1.988487,1.593557,1.435427,3.587249
1773774453.344616,204.112747,554.672791,765.087708,758.785522,78.422379,26.899927,2,3.854352,1.836972,-2.477483,2.948917,0.374949,2.978256,114.856506,1.988487,1.593557,1.435427,3.587249
1773774454.107218,211.642914,559.74707,762.566833,771.389954,78.681625,27.436565,2,3.76938,1.801897,0.670336,2.874404,0.381359,2.917364,128.411575,1.988487,1.593557,1.435427,3.587249
1773774454.873604,206.264236,553.781738,766.348145,760.045959,78.293396,27.138391,2,3.837155,1.821215,0.121112,2.940596,0.375651,2.950771,146.246902,1.988487,1.593557,1.435427,3.587249
1773774455.63874,207.339966,559.008179,765.087708,766.348145,78.422379,27.055586,2,3.732728,1.826655,-0.274723,2.855864,0.378739,2.960237,115.503937,1.988487,1.593557,1.435427,3.587249
1773774456.403863,207.339966,557.747742,765.087708,765.087708,78.422379,27.100159,2,3.92987,1.823722,-0.087626,3.006696,0.378131,2.955131,123.183746,1.988487,1.593557,1.435427,3.587249
1773774457.163946,200.885559,551.597778,760.045959,752.483337,78.942596,26.696344,2,3.89782,1.850648,-0.115691,2.962522,0.371768,3.00228,130.93689,1.988487,1.593557,1.435427,3.587249
1773774457.920247,212.718643,557.410889,756.264648,770.129517,79.337303,27.621153,2,3.975318,1.790147,-0.116322,3.006392,0.380798,2.8972,117.259186,1.988487,1.593557,1.435427,3.587249
1773774458.685371,208.415695,551.630249,765.087708,760.045959,78.422379,27.421459,2,3.892542,1.802865,0.10359,2.978136,0.375745,2.919032,127.383766,1.988487,1.593557,1.435427,3.587249
1773774459.454276,213.794373,561.376892,768.86908,775.171265,78.03669,27.580276,2,3.915933,1.792735,2.057966,3.01084,0.383277,2.901632,180.267426,1.988487,1.593557,1.435427,3.587249
1773774460.214359,214.870117,546.436279,760.045959,761.306396,78.942596,28.223869,2,3.915704,1.752851,2.060342,2.976115,0.376635,2.833972,134.710831,1.988487,1.593557,1.435427,3.587249
1773774460.9921,204.112747,560.974976,777.692139,765.087708,77.151352,26.678349,2,3.846709,1.851867,-0.777432,2.991555,0.37799,3.004429,112.819748,1.988487,1.593557,1.435427,3.587249
1773774461.753442,205.188492,557.378357,761.306396,762.566833,78.811897,26.907608,2,3.955167,1.836461,-0.666697,3.011094,0.376821,2.97736,111.077255,1.988487,1.593557,1.435427,3.587249
1773774462.503441,205.188492,544.773987,749.962463,749.962463,80.004005,27.359835,2,3.929485,1.806828,-0.020621,2.946966,0.37074,2.925861,124.415085,1.988487,1.593557,1.435427,3.587249
1773774463.261002,210.567169,553.260132,757.525085,763.827271,79.205299,27.567381,2,3.917708,1.793553,0.676647,2.967762,0.377663,2.903034,151.379929,1.988487,1.593557,1.435427,3.587249
1773774463.994615,211.642914,523.194214,733.57666,734.837097,81.791046,28.801336,2,3.926845,1.718581,1.112684,2.880642,0.363726,2.776918,154.761108,1.988487,1.593557,1.435427,3.587249
1773774464.738312,218.097321,533.12561,743.660217,751.2229,80.682007,29.032305,2,3.983755,1.705256,2.964194,2.96256,0.371912,2.755003,153.904221,1.988487,1.593557,1.435427,3.587249
1773774465.505957,220.248795,549.880737,767.608582,770.129517,78.164841,28.598928,2,3.817711,1.730436,1.052695,2.930508,0.381126,2.796541,139.184677,1.988487,1.593557,1.435427,3.587249
1773774466.267312,209.491425,539.210571,761.306396,748.702026,78.811897,27.980614,2,3.473641,1.76771,-1.690862,2.644505,0.37032,2.859022,107.473427,1.988487,1.593557,1.435427,3.587249
1773774467.028655,212.718643,552.36908,761.306396,765.087708,78.811897,27.803171,2,3.759228,1.778713,0.248887,2.861924,0.378365,2.877691,124.408539,1.988487,1.593557,1.435427,3.587249
1773774467.792518,215.945847,551.66272,763.827271,767.608582,78.551788,28.132286,2,3.67971,1.758415,-0.007517,2.810663,0.379722,2.843331,119.360901,1.988487,1.593557,1.435427,3.587249
1773774468.552601,213.794373,543.730713,760.045959,757.525085,78.942596,28.222746,2,3.719693,1.752919,-1.310768,2.827138,0.374764,2.834087,115.632416,1.988487,1.593557,1.435427,3.587249
1773774469.306381,211.642914,539.579956,753.743774,751.2229,79.602646,28.173119,2,3.732207,1.755929,-1.542299,2.813128,0.37163,2.839148,113.79158,1.988487,1.593557,1.435427,3.587249
1773774470.063943,214.870117,546.436279,757.525085,761.306396,79.205299,28.223869,2,3.759895,1.752851,0.508334,2.848215,0.376635,2.833972,123.444328,1.988487,1.593557,1.435427,3.587249
1773774470.806378,211.642914,526.975464,742.39978,738.618408,80.818993,28.653891,2,3.991831,1.7272,0.46375,2.963534,0.36555,2.791174,143.220139,1.988487,1.593557,1.435427,3.587249
1773774471.571502,205.188492,552.336609,765.087708,757.525085,78.422379,27.086693,2,3.945758,1.824607,-1.775204,3.018851,0.374388,2.956671,116.230209,1.988487,1.593557,1.435427,3.587249
1773774472.312678,236.384842,541.307312,741.139282,777.692139,80.956444,30.395683,2,4.267453,1.630727,5.260577,3.162777,0.385479,2.635209,144.789246,1.988487,1.593557,1.435427,3.587249
1773774473.103023,213.794373,550.032898,790.29657,763.827271,75.920868,27.989885,2,3.957432,1.767139,1.040704,3.127545,0.377804,2.858056,127.873604,1.988487,1.593557,1.435427,3.587249
1773774473.858063,223.475998,542.872131,755.004211,766.348145,79.469757,29.161158,2,3.896704,1.697914,3.078048,2.942028,0.379443,2.742993,103.508644,1.988487,1.593557,1.435427,3.587249
1773774474.639574,205.188492,554.857483,781.47345,760.045959,76.778038,26.996855,2,3.872674,1.830534,-0.615839,3.026392,0.375604,2.967,117.576385,1.988487,1.593557,1.435427,3.587249
1773774475.38327,210.567169,539.395264,743.660217,749.962463,80.682007,28.077026,2,4.073789,1.76179,3.951609,3.029515,0.370975,2.84902,119.324455,1.988487,1.593557,1.435427,3.587249
1773774476.144613,210.567169,550.739258,761.306396,761.306396,78.811897,27.658663,2,3.985585,1.787778,1.366304,3.034251,0.376447,2.893149,153.541061,1.988487,1.593557,1.435427,3.587249
1773774476.899653,215.945847,545.360535,755.004211,761.306396,79.469757,28.365168,2,4.023372,1.744336,1.141788,3.037663,0.376682,2.819705,147.076691,1.988487,1.593557,1.435427,3.587249
1773774477.657227,211.642914,540.840454,757.525085,752.483337,79.205299,28.125927,2,3.912271,1.758802,1.03844,2.963644,0.372238,2.843983,141.707443,1.988487,1.593557,1.435427,3.587249
1773774478.422351,210.567169,553.260132,765.087708,763.827271,78.422379,27.567381,2,3.925442,1.793553,0.774649,3.003308,0.377663,2.903034,139.855179,1.988487,1.593557,1.435427,3.587249
1773774479.187475,210.567169,554.520508,765.087708,765.087708,78.422379,27.521965,2,4.02399,1.796441,1.307279,3.078705,0.378271,2.907987,148.249985,1.988487,1.593557,1.435427,3.587249
1773774479.958902,207.339966,560.268616,771.389954,767.608582,77.78167,27.01116,2,3.880831,1.829587,0.401274,2.993634,0.379347,2.965349,144.895309,1.988487,1.593557,1.435427,3.587249
1773774480.730328,206.264236,563.865295,771.389954,770.129517,77.78167,26.783058,2,3.84964,1.844798,-0.251521,2.969573,0.380516,2.991983,125.600311,1.988487,1.593557,1.435427,3.587249
1773774481.495453,205.188492,558.638794,765.087708,763.827271,78.422379,26.863205,2,4.004388,1.839424,-0.312327,3.063708,0.377429,2.982551,126.027039,1.988487,1.593557,1.435427,3.587249
1773774482.260589,204.112747,559.714539,765.087708,763.827271,78.422379,26.722368,2,3.931948,1.848888,-0.736821,3.008285,0.377382,2.99918,131.432617,1.988487,1.593557,1.435427,3.587249
1773774483.028233,209.491425,564.419434,767.608582,773.910828,78.164841,27.069193,2,3.928596,1.825759,1.117807,3.015624,0.382481,2.958675,164.126724,1.988487,1.593557,1.435427,3.587249
1773774483.789576,206.264236,551.260864,761.306396,757.525085,78.811897,27.228701,2,4.034711,1.815319,0.864411,3.071652,0.374435,2.940542,163.449722,1.988487,1.593557,1.435427,3.587249
1773774484.55344,209.491425,558.117188,763.827271,767.608582,78.551788,27.291437,2,4.015456,1.811247,1.723531,3.067115,0.379441,2.933494,163.372452,1.988487,1.593557,1.435427,3.587249
1773774485.313522,208.415695,550.369812,760.045959,758.785522,78.942596,27.467009,2,3.880293,1.799948,-0.324949,2.949201,0.375137,2.914012,125.193771,1.988487,1.593557,1.435427,3.587249
1773774486.077386,209.491425,555.596313,763.827271,765.087708,78.551788,27.381361,2,3.905214,1.805441,1.12074,2.982909,0.378224,2.92347,137.417679,1.988487,1.593557,1.435427,3.587249
1773774486.852605,206.264236,565.125732,775.171265,771.389954,77.402252,26.739296,2,3.880413,1.847745,0.901459,3.007985,0.381124,2.997168,141.972855,1.988487,1.593557,1.435427,3.587249
1773774487.615208,200.885559,555.379089,762.566833,756.264648,78.681625,26.562866,2,3.868125,1.859728,-2.049797,2.949704,0.373593,3.018319,109.902573,1.988487,1.593557,1.435427,3.587249
1773774488.367728,204.112747,552.151917,752.483337,756.264648,79.735985,26.989592,2,4.030474,1.831015,0.970989,3.032864,0.373733,2.96784,140.312515,1.988487,1.593557,1.435427,3.587249
1773774489.131592,211.642914,561.007446,763.827271,772.650391,78.551788,27.391809,2,3.966897,1.804769,1.624897,3.030024,0.381967,2.922312,146.391403,1.988487,1.593557,1.435427,3.587249
1773774489.895456,208.415695,551.630249,763.827271,760.045959,78.551788,27.421459,2,3.892532,1.802865,0.089001,2.973222,0.375745,2.919032,139.081039,1.988487,1.593557,1.435427,3.587249
1773774490.664361,203.037018,559.529785,768.86908,762.566833,78.03669,26.625473,2,3.888551,1.855458,-0.268115,2.989787,0.376727,3.010767,127.280945,1.988487,1.593557,1.435427,3.587249
1773774491.41436,199.809814,546.371338,749.962463,746.181152,80.004005,26.777655,2,3.991549,1.845161,0.204377,2.993512,0.368681,2.992622,142.376144,1.988487,1.593557,1.435427,3.587249
1773774492.178236,210.567169,565.864502,763.827271,776.431702,78.551788,27.119858,2,3.878108,1.822429,0.847335,2.962205,0.383744,2.952882,139.58223,1.988487,1.593557,1.435427,3.587249
1773774492.937057,210.567169,548.218384,758.785522,758.785522,79.07373,27.750551,2,3.748016,1.782003,0.228135,2.84394,0.375231,2.883293,123.040428,1.988487,1.593557,1.435427,3.587249
1773774493.705963,204.112747,557.193665,768.86908,761.306396,78.03669,26.810854,2,3.739703,1.84293,-0.305534,2.875342,0.376166,2.988703,116.735626,1.988487,1.593557,1.435427,3.587249
1773774494.459743,214.870117,551.478027,753.743774,766.348145,79.602646,28.038185,2,3.934403,1.76417,1.379445,2.965532,0.379067,2.853037,133.316757,1.988487,1.593557,1.435427,3.587249
1773774495.228648,205.188492,552.336609,768.86908,757.525085,78.03669,27.086693,2,3.832457,1.824607,-0.415899,2.946657,0.374388,2.956671,116.020905,1.988487,1.593557,1.435427,3.587249
1773774495.98495,208.415695,551.630249,756.264648,760.045959,79.337303,27.421459,2,3.873407,1.802865,0.348931,2.929321,0.375745,2.919032,156.718369,1.988487,1.593557,1.435427,3.587249
1773774496.748813,206.264236,555.042175,763.827271,761.306396,78.551788,27.093458,2,3.874339,1.824163,-0.347111,2.959326,0.37626,2.955897,117.620575,1.988487,1.593557,1.435427,3.587249
1773774497.493783,217.021576,540.50354,744.920654,757.525085,80.545494,28.648764,2,3.985282,1.727501,1.672488,2.968719,0.374905,2.791673,133.551392,1.988487,1.593557,1.435427,3.587249
1773774498.255125,209.491425,542.991943,761.306396,752.483337,78.811897,27.84001,2,3.893706,1.776417,2.691977,2.964303,0.372144,2.873787,158.398727,1.988487,1.593557,1.435427,3.587249
1773774499.021509,208.415695,556.671997,766.348145,765.087708,78.293396,27.240759,2,3.791665,1.814535,0.480196,2.905735,0.378178,2.939184,130.190613,1.988487,1.593557,1.435427,3.587249
1773774499.77529,215.945847,546.620972,753.743774,762.566833,79.602646,28.318287,2,3.854626,1.747152,2.463823,2.905401,0.37729,2.824416,147.862076,1.988487,1.593557,1.435427,3.587249
1773774500.540414,210.567169,548.218384,765.087708,758.785522,78.422379,27.750551,2,3.812828,1.782003,0.503434,2.917148,0.375231,2.883293,132.895187,1.988487,1.593557,1.435427,3.587249
1773774501.30932,209.491425,558.117188,768.86908,767.608582,78.03669,27.291437,2,3.729124,1.811247,0.100509,2.867208,0.379441,2.933494,133.862274,1.988487,1.593557,1.435427,3.587249
1773774502.068141,208.415695,549.109375,758.785522,757.525085,79.07373,27.512711,2,3.775103,1.79703,-0.28018,2.864494,0.374529,2.908999,126.684616,1.988487,1.593557,1.435427,3.587249
1773774502.839579,215.945847,564.267151,771.389954,780.213013,77.78167,27.677807,2,3.707149,1.786572,0.941254,2.859657,0.385803,2.891088,148.717957,1.988487,1.593557,1.435427,3.587249
1773774503.607225,219.17305,552.216919,767.608582,771.389954,78.164841,28.412745,2,3.820144,1.741489,1.400828,2.932375,0.381687,2.814946,135.06015,1.988487,1.593557,1.435427,3.587249
1773774504.379911,211.642914,552.184326,772.650391,763.827271,77.654785,27.708218,2,3.695103,1.784659,0.295884,2.855023,0.37771,2.887822,133.096756,1.988487,1.593557,1.435427,3.587249
1773774505.143775,209.491425,551.814941,763.827271,761.306396,78.551788,27.517361,2,3.709486,1.796734,0.380114,2.833407,0.3764,2.90849,139.843674,1.988487,1.593557,1.435427,3.587249
1773774505.898815,214.870117,546.436279,755.004211,761.306396,79.469757,28.223869,2,3.907141,1.752851,2.035507,2.949908,0.376635,2.833972,139.730728,1.988487,1.593557,1.435427,3.587249
1773774506.670241,206.264236,555.042175,771.389954,761.306396,77.78167,27.093458,2,3.831095,1.824163,0.405097,2.955268,0.37626,2.955897,136.145065,1.988487,1.593557,1.435427,3.587249
1773774507.435378,210.567169,559.562378,765.087708,770.129517,78.422379,27.341785,2,3.811001,1.807991,-0.454691,2.91575,0.380704,2.92787,121.227814,1.988487,1.593557,1.435427,3.587249
1773774508.192939,213.794373,547.512024,757.525085,761.306396,79.205299,28.082567,2,3.95152,1.761451,0.859882,2.993375,0.376588,2.848447,143.51207,1.988487,1.593557,1.435427,3.587249
1773774508.960584,211.642914,553.444824,767.608582,765.087708,78.164841,27.662569,2,3.742043,1.787532,-0.66369,2.872425,0.378318,2.892729,124.484528,1.988487,1.593557,1.435427,3.587249
1773774509.718146,212.718643,546.066895,757.525085,758.785522,79.205299,28.034094,2,3.737505,1.764421,0.496269,2.831254,0.375325,2.853461,124.484123,1.988487,1.593557,1.435427,3.587249
1773774510.480749,210.567169,549.47876,762.566833,760.045959,78.681625,27.704531,2,3.7407,1.784891,0.221268,2.852534,0.375839,2.888218,126.404572,1.988487,1.593557,1.435427,3.587249
1773774511.252176,204.112747,559.714539,771.389954,763.827271,77.78167,26.722368,2,3.773436,1.848888,-1.095199,2.910791,0.377382,2.99918,108.083176,1.988487,1.593557,1.435427,3.587249
1773774512.011009,211.642914,555.965698,758.785522,767.608582,79.07373,27.571722,2,3.817012,1.793278,0.325953,2.896293,0.379535,2.902562,113.275337,1.988487,1.593557,1.435427,3.587249
1773774512.787477,207.339966,564.049988,776.431702,771.389954,77.276596,26.878748,2,3.742936,1.838385,-1.771492,2.906134,0.381171,2.980731,104.569351,1.988487,1.593557,1.435427,3.587249
1773774513.560164,207.339966,565.310425,772.650391,772.650391,77.654785,26.834902,2,3.726609,1.841318,-1.385569,2.879366,0.381779,2.985873,109.871857,1.988487,1.593557,1.435427,3.587249
1773774514.329069,204.112747,560.974976,768.86908,765.087708,78.03669,26.678349,2,3.884814,1.851867,-1.778471,2.986914,0.37799,3.004429,109.774643,1.988487,1.593557,1.435427,3.587249
1773774515.091673,210.567169,559.562378,762.566833,770.129517,78.681625,27.341785,2,3.863994,1.807991,-1.103477,2.946554,0.380704,2.92787,130.705444,1.988487,1.593557,1.435427,3.587249
1773774515.861839,213.794373,560.116455,770.129517,773.910828,77.908974,27.625195,2,3.736975,1.789891,-0.034356,2.877955,0.382669,2.896762,137.043762,1.988487,1.593557,1.435427,3.587249
1773774516.624454,208.415695,547.848938,762.566833,756.264648,78.681625,27.558565,2,3.740556,1.794113,-0.842136,2.852424,0.373921,2.903993,105.114372,1.988487,1.593557,1.435427,3.587249
1773774517.382016,210.567169,549.47876,757.525085,760.045959,79.205299,27.704531,2,3.788049,1.784891,-0.626716,2.869542,0.375839,2.888218,109.497879,1.988487,1.593557,1.435427,3.587249
1773774518.1484,211.642914,555.965698,766.348145,767.608582,78.293396,27.571722,2,3.860091,1.793278,1.136406,2.958174,0.379535,2.902562,144.869141,1.988487,1.593557,1.435427,3.587249
1773774518.905962,215.945847,546.620972,757.525085,762.566833,79.205299,28.318287,2,3.935445,1.747152,0.922247,2.981199,0.37729,2.824416,125.737755,1.988487,1.593557,1.435427,3.587249
1773774519.661002,217.021576,539.243042,755.004211,756.264648,79.469757,28.696514,2,3.871876,1.724699,0.651181,2.923283,0.374297,2.787031,137.874542,1.988487,1.593557,1.435427,3.587249
1773774520.43747,210.567169,558.30188,776.431702,768.86908,77.276596,27.386608,2,3.644241,1.805104,-0.536769,2.829504,0.380096,2.922889,119.194794,1.988487,1.593557,1.435427,3.587249
1773774521.174865,224.551743,529.192017,737.357971,753.743774,81.371605,29.791523,2,3.910914,1.662912,1.731179,2.883744,0.37341,2.686362,129.29274,1.988487,1.593557,1.435427,3.587249
1773774521.945042,212.718643,543.546021,770.129517,756.264648,77.908974,28.127539,2,3.721798,1.758704,-0.564759,2.866267,0.374109,2.843818,119.959473,1.988487,1.593557,1.435427,3.587249
1773774522.717729,205.188492,558.638794,772.650391,763.827271,77.654785,26.863205,2,3.739676,1.839424,-1.241163,2.889462,0.377429,2.982551,112.392548,1.988487,1.593557,1.435427,3.587249
1773774523.471509,206.264236,548.73999,753.743774,755.004211,79.602646,27.319613,2,3.924888,1.809424,-1.067209,2.95836,0.373219,2.930343,123.833374,1.988487,1.593557,1.435427,3.587249
1773774524.231591,209.491425,554.335815,760.045959,763.827271,78.942596,27.426544,2,3.877309,1.802539,-0.011971,2.946933,0.377616,2.91847,127.284424,1.988487,1.593557,1.435427,3.587249
1773774524.989153,213.794373,548.772461,757.525085,762.566833,79.205299,28.03615,2,3.863919,1.764295,0.215365,2.927015,0.377196,2.853248,137.467499,1.988487,1.593557,1.435427,3.587249
1773774525.756798,210.567169,553.260132,767.608582,763.827271,78.164841,27.567381,2,3.787691,1.793553,0.226539,2.907464,0.377663,2.903034,135.726227,1.988487,1.593557,1.435427,3.587249
1773774526.523183,204.112747,554.672791,766.348145,758.785522,78.293396,26.899927,2,3.744616,1.836972,-0.181917,2.869679,0.374949,2.978256,126.608322,1.988487,1.593557,1.435427,3.587249
1773774527.271933,208.415695,545.328064,748.702026,753.743774,80.138687,27.650734,2,3.891035,1.788278,0.336792,2.913226,0.372705,2.894004,157.296371,1.988487,1.593557,1.435427,3.587249
1773774528.030755,207.339966,550.18512,758.785522,757.525085,79.07373,27.370707,2,3.773985,1.806127,-0.225721,2.863645,0.374482,2.924653,121.372513,1.988487,1.593557,1.435427,3.587249
1773774528.779494,212.718643,542.285583,748.702026,755.004211,80.138687,28.1745,2,3.654569,1.755846,-0.08306,2.736183,0.373501,2.839006,124.948425,1.988487,1.593557,1.435427,3.587249
1773774529.542096,211.642914,549.663452,762.566833,761.306396,78.681625,27.799965,2,3.757269,1.778913,-1.034504,2.865169,0.376494,2.878031,114.712112,1.988487,1.593557,1.435427,3.587249
1773774530.300918,212.718643,547.327332,758.785522,760.045959,79.07373,27.987602,2,3.775557,1.767279,-0.264922,2.864838,0.375933,2.858293,119.688766,1.988487,1.593557,1.435427,3.587249
1773774531.066043,207.339966,551.445557,765.087708,758.785522,78.422379,27.325239,2,3.76493,1.80906,-0.824763,2.880501,0.37509,2.929715,123.764832,1.988487,1.593557,1.435427,3.587249
1773774531.828645,204.112747,554.672791,762.566833,758.785522,78.681625,26.899927,2,3.818207,1.836972,-1.830665,2.911638,0.374949,2.978256,113.711807,1.988487,1.593557,1.435427,3.587249
1773774532.58622,209.491425,554.335815,757.525085,763.827271,79.205299,27.426544,2,3.883138,1.802539,-0.555107,2.941575,0.377616,2.91847,131.900818,1.988487,1.593557,1.435427,3.587249
1773774533.352604,211.642914,557.226196,766.348145,768.86908,78.293396,27.526522,2,3.729635,1.796151,-0.819009,2.858199,0.380143,2.907489,108.734634,1.988487,1.593557,1.435427,3.587249
1773774534.111425,215.945847,547.881409,758.785522,763.827271,79.07373,28.271557,2,3.741596,1.749968,1.499795,2.839069,0.377898,2.829134,142.340836,1.988487,1.593557,1.435427,3.587249
1773774534.885373,209.491425,556.856689,773.910828,766.348145,77.528313,27.336327,2,3.770948,1.808344,0.673825,2.918377,0.378833,2.928478,158.694107,1.988487,1.593557,1.435427,3.587249
1773774535.650497,207.339966,555.226868,765.087708,762.566833,78.422379,27.189743,2,3.824687,1.817858,-0.112461,2.926221,0.376915,2.944943,124.584183,1.988487,1.593557,1.435427,3.587249
1773774536.415621,211.642914,558.486572,765.087708,770.129517,78.422379,27.48147,2,3.774612,1.799024,-1.2634,2.887909,0.380751,2.912423,114.658447,1.988487,1.593557,1.435427,3.587249
1773774537.180757,214.870117,553.998962,765.087708,768.86908,78.422379,27.946255,2,3.761882,1.76983,-0.305609,2.87817,0.380283,2.86261,114.156662,1.988487,1.593557,1.435427,3.587249
1773774537.952183,207.339966,555.226868,771.389954,762.566833,77.78167,27.189743,2,3.666149,1.817858,-2.047236,2.828031,0.376915,2.944943,111.051132,1.988487,1.593557,1.435427,3.587249
1773774538.713527,204.112747,553.412354,761.306396,757.525085,78.811897,26.944685,2,3.802784,1.833994,-0.853124,2.895084,0.374341,2.973044,122.642548,1.988487,1.593557,1.435427,3.587249
1773774539.468567,206.264236,551.260864,755.004211,757.525085,79.469757,27.228701,2,3.99206,1.815319,1.004882,3.014022,0.374435,2.940542,164.244019,1.988487,1.593557,1.435427,3.587249
1773774540.233691,203.037018,558.269409,765.087708,761.306396,78.422379,26.669554,2,4.052047,1.852463,0.386759,3.100171,0.376119,3.005481,145.952606,1.988487,1.593557,1.435427,3.587249
1773774540.987471,209.491425,551.814941,753.743774,761.306396,79.602646,27.517361,2,4.061638,1.796734,0.422693,3.061434,0.3764,2.90849,176.892075,1.988487,1.593557,1.435427,3.587249
1773774541.751334,201.961288,553.042908,763.827271,755.004211,78.551788,26.749691,2,4.060278,1.847044,0.100027,3.101351,0.373031,2.995934,155.028,1.988487,1.593557,1.435427,3.587249
1773774542.508909,200.885559,555.379089,757.525085,756.264648,79.205299,26.562866,2,4.063763,1.859728,-1.381114,3.078402,0.373593,3.018319,132.429657,1.988487,1.593557,1.435427,3.587249
1773774543.257647,208.415695,549.109375,748.702026,757.525085,80.138687,27.512711,2,4.072072,1.79703,-0.612572,3.048769,0.374529,2.908999,124.290482,1.988487,1.593557,1.435427,3.587249
1773774544.011426,204.112747,544.589294,753.743774,748.702026,79.602646,27.262215,2,4.021655,1.813141,0.433347,3.031297,0.370085,2.936771,142.40477,1.988487,1.593557,1.435427,3.587249
1773774544.775291,204.112747,559.714539,763.827271,763.827271,78.551788,26.722368,2,3.923702,1.848888,0.44196,2.99703,0.377382,2.99918,128.677597,1.988487,1.593557,1.435427,3.587249
1773774545.539154,206.264236,560.083923,763.827271,766.348145,78.551788,26.915213,2,3.970265,1.835954,-1.043933,3.032597,0.378692,2.976473,132.318726,1.988487,1.593557,1.435427,3.587249
1773774546.300497,206.264236,555.042175,761.306396,761.306396,78.811897,27.093458,2,3.771465,1.824163,0.174568,2.87124,0.37626,2.955897,133.321136,1.988487,1.593557,1.435427,3.587249
1773774547.054277,207.339966,547.664246,753.743774,755.004211,79.602646,27.462095,2,3.912282,1.800262,0.234855,2.948858,0.373266,2.914552,162.666016,1.988487,1.593557,1.435427,3.587249
1773774547.810578,207.339966,548.924683,756.264648,756.264648,79.337303,27.416325,2,3.86223,1.803195,-0.587886,2.920868,0.373874,2.919599,106.054947,1.988487,1.593557,1.435427,3.587249
1773774548.570673,205.188492,552.336609,760.045959,757.525085,78.942596,27.086693,2,3.840483,1.824607,0.378852,2.918944,0.374388,2.956671,144.785706,1.988487,1.593557,1.435427,3.587249
1773774549.332015,204.112747,555.933228,761.306396,760.045959,78.811897,26.855316,2,3.868414,1.839951,0.643793,2.945048,0.375558,2.983476,144.791779,1.988487,1.593557,1.435427,3.587249
1773774550.085796,208.415695,550.369812,753.743774,758.785522,79.602646,27.467009,2,4.016034,1.799948,1.625009,3.027061,0.375137,2.914012,140.872589,1.988487,1.593557,1.435427,3.587249
1773774550.847138,209.491425,553.075439,761.306396,762.566833,78.811897,27.471876,2,3.949273,1.799637,-0.562606,3.006607,0.377008,2.913477,132.649704,1.988487,1.593557,1.435427,3.587249
1773774551.611001,209.491425,554.335815,763.827271,763.827271,78.551788,27.426544,2,3.896331,1.802539,-0.994338,2.976124,0.377616,2.91847,131.569946,1.988487,1.593557,1.435427,3.587249
1773774552.373605,210.567169,553.260132,762.566833,763.827271,78.681625,27.567381,2,3.690318,1.793553,0.344254,2.814114,0.377663,2.903034,132.717178,1.988487,1.593557,1.435427,3.587249
1773774553.134947,210.567169,550.739258,761.306396,761.306396,78.811897,27.658663,2,3.671144,1.787778,0.694614,2.794866,0.376447,2.893149,145.203094,1.988487,1.593557,1.435427,3.587249
1773774553.897564,209.491425,551.814941,762.566833,761.306396,78.681625,27.517361,2,3.766601,1.796734,-0.159161,2.872285,0.3764,2.90849,124.901352,1.988487,1.593557,1.435427,3.587249
1773774554.666469,210.567169,559.562378,768.86908,770.129517,78.03669,27.341785,2,3.665721,1.807991,-0.436056,2.81846,0.380704,2.92787,126.096832,1.988487,1.593557,1.435427,3.587249
1773774555.420248,222.400253,545.208313,753.743774,767.608582,79.602646,28.973133,2,3.813387,1.70865,1.429672,2.874317,0.380004,2.76057,153.440262,1.988487,1.593557,1.435427,3.587249
1773774556.199238,218.097321,555.813477,778.952576,773.910828,77.026512,28.181194,2,3.644957,1.755439,0.842954,2.839249,0.382857,2.838322,125.518799,1.988487,1.593557,1.435427,3.587249
1773774556.961841,212.718643,543.546021,762.566833,756.264648,78.681625,28.127539,2,3.663945,1.758704,-0.074151,2.794003,0.374109,2.843818,122.034821,1.988487,1.593557,1.435427,3.587249
1773774557.721923,213.794373,547.512024,760.045959,761.306396,78.942596,28.082567,2,3.666441,1.761451,-1.925067,2.786664,0.376588,2.848447,105.623383,1.988487,1.593557,1.435427,3.587249
1773774558.475716,212.718643,539.764709,753.743774,752.483337,79.602646,28.268887,2,3.507607,1.750129,-0.592823,2.643837,0.372285,2.829405,109.012299,1.988487,1.593557,1.435427,3.587249
1773774559.229495,218.097321,541.948608,753.743774,760.045959,79.602646,28.69528,2,3.892703,1.724772,3.174715,2.934101,0.376168,2.787151,183.145035,1.988487,1.593557,1.435427,3.587249
1773774560.003443,209.491425,554.335815,773.910828,763.827271,77.528313,27.426544,2,3.765552,1.802539,-2.322312,2.914202,0.377616,2.91847,122.011093,1.988487,1.593557,1.435427,3.587249
1773774560.755962,221.324524,545.023621,752.483337,766.348145,79.735985,28.880415,2,3.707714,1.713995,-0.205601,2.789993,0.379349,2.769359,123.428314,1.988487,1.593557,1.435427,3.587249
1773774561.52991,211.642914,550.92395,773.910828,762.566833,77.528313,27.754015,2,3.571456,1.781786,-1.391917,2.763988,0.377102,2.882923,108.436279,1.988487,1.593557,1.435427,3.587249
1773774562.289992,208.415695,547.848938,760.045959,756.264648,78.942596,27.558565,2,3.647808,1.794113,-1.906765,2.772502,0.373921,2.903993,104.986237,1.988487,1.593557,1.435427,3.587249
1773774563.050074,205.188492,551.076172,760.045959,756.264648,78.942596,27.131838,2,3.865178,1.821644,-2.533797,2.937713,0.37378,2.951517,113.175964,1.988487,1.593557,1.435427,3.587249
1773774563.805127,204.112747,549.631042,755.004211,753.743774,79.469757,27.079859,2,3.975166,1.825057,-2.409921,3.001267,0.372517,2.957453,116.148941,1.988487,1.593557,1.435427,3.587249
1773774564.553865,214.870117,546.436279,748.702026,761.306396,80.138687,28.223869,2,3.933459,1.752851,-0.878516,2.944989,0.376635,2.833972,122.243988,1.988487,1.593557,1.435427,3.587249
1773774565.315208,206.264236,544.958679,761.306396,751.2229,78.811897,27.457127,2,3.728133,1.80058,-1.223159,2.838252,0.371395,2.915099,126.048431,1.988487,1.593557,1.435427,3.587249
1773774566.085374,206.264236,563.865295,770.129517,770.129517,77.908974,26.783058,2,3.875258,1.844798,-1.4391,2.984451,0.380516,2.991983,106.093628,1.988487,1.593557,1.435427,3.587249
1773774566.834112,210.567169,543.176636,748.702026,753.743774,80.138687,27.936172,2,3.854991,1.770453,-0.462598,2.88624,0.372799,2.863666,108.580856,1.988487,1.593557,1.435427,3.587249
1773774567.585372,211.642914,540.840454,751.2229,752.483337,79.869766,28.125927,2,3.803955,1.758802,-0.933568,2.857618,0.372238,2.843983,114.864548,1.988487,1.593557,1.435427,3.587249
1773774568.340412,207.339966,542.622498,755.004211,749.962463,79.469757,27.646711,2,3.787306,1.788532,-0.766073,2.859432,0.370834,2.894438,127.115128,1.988487,1.593557,1.435427,3.587249
1773774569.106797,205.188492,558.638794,766.348145,763.827271,78.293396,26.863205,2,3.839813,1.839424,-1.838832,2.942633,0.377429,2.982551,112.546646,1.988487,1.593557,1.435427,3.587249
1773774569.855547,207.339966,543.882935,748.702026,751.2229,80.138687,27.600325,2,3.847665,1.791465,-0.364447,2.880755,0.371442,2.899456,113.935471,1.988487,1.593557,1.435427,3.587249
1773774570.61815,191.203918,552.456299,762.566833,743.660217,78.681625,25.711193,2,3.921899,1.919885,-3.103884,2.99071,0.367089,3.126348,123.663696,1.988487,1.593557,1.435427,3.587249
1773774571.363108,205.188492,556.11792,744.920654,761.306396,80.545494,26.952156,2,4.01157,1.833497,-2.42206,2.988302,0.376213,2.972177,124.909409,1.988487,1.593557,1.435427,3.587249
1773774572.115627,205.188492,547.294861,752.483337,752.483337,79.735985,27.268177,2,3.861673,1.812754,-0.920687,2.905845,0.371956,2.936101,123.955093,1.988487,1.593557,1.435427,3.587249
1773774572.865625,203.037018,544.404541,749.962463,747.441589,80.004005,27.164265,2,3.961165,1.819522,0.904614,2.970725,0.36943,2.94783,126.96946,1.988487,1.593557,1.435427,3.587249
1773774573.615625,197.65834,546.001892,749.962463,743.660217,80.004005,26.579121,2,4.093316,1.858618,-1.700366,3.069834,0.367371,3.016354,127.589081,1.988487,1.593557,1.435427,3.587249
1773774574.350498,206.264236,538.656433,734.837097,744.920654,81.650749,27.689425,2,4.055055,1.78584,-0.053771,2.979805,0.368355,2.889839,120.379471,1.988487,1.593557,1.435427,3.587249
1773774575.10932,207.339966,552.705994,758.785522,760.045959,79.07373,27.279926,2,3.891897,1.811992,0.097911,2.953115,0.375698,2.934783,121.118065,1.988487,1.593557,1.435427,3.587249
1773774575.856798,198.73407,538.623901,747.441589,737.357971,80.273834,26.952183,2,3.946222,1.833496,-0.492742,2.94957,0.364378,2.972174,112.932266,1.988487,1.593557,1.435427,3.587249
1773774576.609318,198.73407,553.749268,752.483337,752.483337,79.735985,26.410427,2,4.120208,1.87021,-1.786304,3.100388,0.371675,3.036922,119.369537,1.988487,1.593557,1.435427,3.587249
1773774577.346712,204.112747,539.547485,737.357971,743.660217,81.371605,27.447044,2,4.159118,1.801225,0.462228,3.066759,0.367653,2.916209,144.945068,1.988487,1.593557,1.435427,3.587249
1773774578.092941,199.809814,541.329468,746.181152,741.139282,80.409431,26.959818,2,4.034754,1.832989,0.471286,3.010658,0.366249,2.971288,182.354324,1.988487,1.593557,1.435427,3.587249
1773774578.845462,200.885559,552.858215,752.483337,753.743774,79.735985,26.651705,2,4.071251,1.853675,0.103999,3.063549,0.372376,3.007619,150.992355,1.988487,1.593557,1.435427,3.587249
1773774579.59672,198.73407,549.967957,751.2229,748.702026,79.869766,26.543814,2,4.033567,1.861032,-0.408437,3.030108,0.36985,3.020627,125.48111,1.988487,1.593557,1.435427,3.587249
1773774580.337896,206.264236,543.698242,741.139282,749.962463,80.956444,27.503277,2,4.050491,1.797632,0.683848,3.001978,0.370787,2.910032,162.580994,1.988487,1.593557,1.435427,3.587249
1773774581.071509,203.037018,526.758301,733.57666,729.795349,81.791046,27.821091,2,3.938883,1.777595,-0.465605,2.889472,0.360918,2.87579,124.932617,1.988487,1.593557,1.435427,3.587249
1773774581.820247,200.885559,545.295593,748.702026,746.181152,80.138687,26.921822,2,4.004967,1.835514,-1.216106,2.998527,0.368728,2.975703,111.918808,1.988487,1.593557,1.435427,3.587249
1773774582.566465,196.582611,544.556641,746.181152,741.139282,80.409431,26.524384,2,4.050632,1.862363,-1.276207,3.022506,0.366108,3.022986,114.966568,1.988487,1.593557,1.435427,3.587249
1773774583.303859,195.506866,540.590698,737.357971,736.097534,81.371605,26.559914,2,4.050298,1.85993,-3.314998,2.98652,0.363629,3.018677,116.918701,1.988487,1.593557,1.435427,3.587249
1773774584.02865,207.339966,531.278442,724.753601,738.618408,82.786758,28.071323,2,4.180321,1.762139,1.650846,3.029702,0.365362,2.849608,149.887405,1.988487,1.593557,1.435427,3.587249
1773774584.800076,200.885559,562.941711,771.389954,763.827271,77.78167,26.299868,2,4.081601,1.877889,-0.963304,3.148506,0.377241,3.050608,125.826782,1.988487,1.593557,1.435427,3.587249
1773774585.553855,203.037018,553.227661,753.743774,756.264648,79.602646,26.847351,2,4.08848,1.840484,-2.683029,3.081666,0.373686,2.984411,119.947357,1.988487,1.593557,1.435427,3.587249
1773774586.301334,206.264236,544.958679,747.441589,751.2229,80.273834,27.457127,2,4.022656,1.80058,0.215662,3.006701,0.371395,2.915099,149.43721,1.988487,1.593557,1.435427,3.587249
1773774587.058907,206.264236,551.260864,757.525085,757.525085,79.205299,27.228701,2,3.894222,1.815319,-0.633621,2.94997,0.374435,2.940542,125.815262,1.988487,1.593557,1.435427,3.587249
1773774587.813947,213.794373,550.032898,755.004211,763.827271,79.469757,27.989885,2,3.915801,1.767139,0.370722,2.956446,0.377804,2.858056,135.431961,1.988487,1.593557,1.435427,3.587249
1773774588.57277,206.264236,543.698242,758.785522,749.962463,79.07373,27.503277,2,3.858139,1.797632,-0.887017,2.9275,0.370787,2.910032,124.591782,1.988487,1.593557,1.435427,3.587249
1773774589.337894,212.718643,559.931763,765.087708,772.650391,78.422379,27.531034,2,3.821991,1.795864,-0.308949,2.924158,0.382014,2.906996,126.808701,1.988487,1.593557,1.435427,3.587249
1773774590.085372,212.718643,534.722961,747.441589,747.441589,80.273834,28.459566,2,3.935496,1.738696,1.255976,2.941553,0.369853,2.810285,148.227234,1.988487,1.593557,1.435427,3.587249
1773774590.837891,199.809814,537.548157,752.483337,737.357971,79.735985,27.098074,2,4.017669,1.823859,-0.659235,3.023229,0.364425,2.955369,139.79303,1.988487,1.593557,1.435427,3.587249
1773774591.600495,205.188492,563.680603,762.566833,768.86908,78.681625,26.687054,2,3.927938,1.851277,-0.123932,2.995315,0.379861,3.003389,127.32724,1.988487,1.593557,1.435427,3.587249
1773774592.34167,209.491425,536.689697,741.139282,746.181152,80.956444,28.075144,2,3.946754,1.761905,0.174902,2.925094,0.369104,2.849214,128.511124,1.988487,1.593557,1.435427,3.587249
1773774593.092942,206.264236,541.177368,751.2229,747.441589,79.869766,27.596035,2,4.047698,1.791736,0.785266,3.040723,0.369571,2.899921,182.362198,1.988487,1.593557,1.435427,3.587249
1773774593.837899,205.188492,538.471741,744.920654,743.660217,80.545494,27.5917,2,4.241898,1.792011,0.40532,3.159878,0.3677,2.900391,122.692429,1.988487,1.593557,1.435427,3.587249
1773774594.604283,204.112747,560.974976,766.348145,765.087708,78.293396,26.678349,2,4.228765,1.851867,-1.153258,3.240706,0.37799,3.004429,143.403595,1.988487,1.593557,1.435427,3.587249
1773774595.366886,205.188492,558.638794,762.566833,763.827271,78.681625,26.863205,2,4.055088,1.839424,-1.942626,3.092275,0.377429,2.982551,132.696091,1.988487,1.593557,1.435427,3.587249
1773774596.126969,206.264236,555.042175,760.045959,761.306396,78.942596,27.093458,2,4.000579,1.824163,-1.960704,3.040624,0.37626,2.955897,119.055969,1.988487,1.593557,1.435427,3.587249
1773774596.892093,211.642914,559.74707,765.087708,771.389954,78.422379,27.436565,2,4.005079,1.801897,-2.030049,3.064237,0.381359,2.917364,125.374908,1.988487,1.593557,1.435427,3.587249
1773774597.643353,221.324524,541.24231,751.2229,762.566833,79.869766,29.023624,2,4.250989,1.705753,-1.16265,3.193441,0.377525,2.755818,150.506363,1.988487,1.593557,1.435427,3.587249
1773774598.421093,210.567169,554.520508,777.692139,765.087708,77.151352,27.521965,2,4.012732,1.796441,-1.949234,3.12067,0.378271,2.907987,129.48732,1.988487,1.593557,1.435427,3.587249
1773774599.182435,209.491425,550.554565,761.306396,760.045959,78.811897,27.562994,2,3.966736,1.793832,-1.911517,3.019902,0.375792,2.903511,125.543304,1.988487,1.593557,1.435427,3.587249
1773774599.939997,214.870117,548.957153,757.525085,763.827271,79.205299,28.130722,2,3.880121,1.75851,-0.799669,2.939289,0.377851,2.843491,128.599609,1.988487,1.593557,1.435427,3.587249
1773774600.7026,215.945847,547.881409,762.566833,763.827271,78.681625,28.271557,2,3.723628,1.749968,-1.19387,2.839515,0.377898,2.829134,116.583542,1.988487,1.593557,1.435427,3.587249
1773774601.468985,220.248795,551.141174,766.348145,771.389954,78.293396,28.552198,2,3.724228,1.733196,-0.06153,2.854055,0.381734,2.801128,127.064316,1.988487,1.593557,1.435427,3.587249
1773774602.235369,219.17305,545.914673,766.348145,765.087708,78.293396,28.646788,2,3.745677,1.727618,0.085549,2.870492,0.378647,2.791866,120.076546,1.988487,1.593557,1.435427,3.587249
1773774603.006808,211.642914,550.92395,771.389954,762.566833,77.78167,27.754015,2,3.929652,1.781786,-2.501538,3.031294,0.377102,2.882923,111.617188,1.988487,1.593557,1.435427,3.587249
1773774603.776974,212.718643,558.671326,770.129517,771.389954,77.908974,27.576021,2,3.979795,1.793005,-2.458699,3.064958,0.381406,2.902094,118.725708,1.988487,1.593557,1.435427,3.587249
1773774604.523191,225.627487,535.678894,746.181152,761.306396,80.409431,29.636883,2,3.798343,1.67136,-1.810508,2.834252,0.377105,2.699936,103.798126,1.988487,1.593557,1.435427,3.587249
1773774605.283274,224.551743,534.233765,760.045959,758.785522,78.942596,29.593573,2,3.569406,1.673743,-1.66161,2.712913,0.375842,2.703774,99.659775,1.988487,1.593557,1.435427,3.587249
1773774606.049658,222.400253,541.427002,766.348145,763.827271,78.293396,29.116566,2,3.600397,1.700448,-0.755085,2.759158,0.37818,2.747132,105.771912,1.988487,1.593557,1.435427,3.587249
1773774606.823605,210.567169,549.47876,773.910828,760.045959,77.528313,27.704531,2,3.457275,1.784891,-2.539292,2.675623,0.375839,2.888218,107.915382,1.988487,1.593557,1.435427,3.587249
1773774607.579906,203.037018,544.404541,756.264648,747.441589,79.337303,27.164265,2,3.811601,1.819522,-2.507404,2.882579,0.36943,2.94783,112.096527,1.988487,1.593557,1.435427,3.587249
1773774608.334959,209.491425,553.075439,755.004211,762.566833,79.469757,27.471876,2,3.876589,1.799637,-1.624228,2.926841,0.377008,2.913477,117.046814,1.988487,1.593557,1.435427,3.587249
1773774609.098822,212.718643,554.889954,763.827271,767.608582,78.551788,27.711863,2,3.777176,1.78443,-0.825171,2.88511,0.379581,2.887431,122.643768,1.988487,1.593557,1.435427,3.587249
1773774609.867728,215.945847,556.704529,768.86908,772.650391,78.03669,27.948713,2,3.724908,1.769678,-1.00243,2.863966,0.382155,2.862353,117.739304,1.988487,1.593557,1.435427,3.587249
1773774610.639154,215.945847,555.444092,771.389954,771.389954,77.78167,27.994383,2,3.690418,1.766862,-0.284672,2.846751,0.381546,2.857587,129.201874,1.988487,1.593557,1.435427,3.587249
1773774611.381591,215.945847,526.453918,742.39978,742.39978,80.818993,29.08754,2,3.813258,1.702101,0.975221,2.830962,0.367562,2.749836,150.574188,1.988487,1.593557,1.435427,3.587249
1773774612.137891,207.339966,538.841187,756.264648,746.181152,79.337303,27.786812,2,3.836983,1.779734,-0.687596,2.901774,0.36901,2.87943,118.857452,1.988487,1.593557,1.435427,3.587249
1773774612.899235,215.945847,555.444092,761.306396,771.389954,78.811897,27.994383,2,3.841838,1.766862,0.676201,2.924816,0.381546,2.857587,139.894623,1.988487,1.593557,1.435427,3.587249
1773774613.660589,208.415695,544.067627,761.306396,752.483337,78.811897,27.69705,2,3.78536,1.785361,-0.255011,2.881819,0.372097,2.88902,140.645081,1.988487,1.593557,1.435427,3.587249
1773774614.420671,210.567169,551.999634,760.045959,762.566833,78.942596,27.612946,2,3.759223,1.790666,-0.131245,2.857182,0.377055,2.898088,133.955383,1.988487,1.593557,1.435427,3.587249
1773774615.173191,210.567169,541.916138,752.483337,752.483337,79.735985,27.982967,2,3.848877,1.767565,-0.375547,2.896216,0.372191,2.858776,131.786499,1.988487,1.593557,1.435427,3.587249
1773774615.933273,209.491425,549.294067,760.045959,758.785522,78.942596,27.60878,2,3.838949,1.790929,-0.532277,2.917778,0.375184,2.898539,125.931442,1.988487,1.593557,1.435427,3.587249
1773774616.700918,205.188492,557.378357,767.608582,762.566833,78.164841,26.907608,2,3.813641,1.836461,-1.268708,2.927384,0.376821,2.97736,106.78595,1.988487,1.593557,1.435427,3.587249
1773774617.464782,212.718643,559.931763,763.827271,772.650391,78.551788,27.531034,2,3.95252,1.795864,-1.207605,3.019042,0.382014,2.906996,112.149033,1.988487,1.593557,1.435427,3.587249
1773774618.209739,210.567169,531.832642,744.920654,742.39978,80.545494,28.363043,2,3.987756,1.744464,-0.591747,2.970562,0.367327,2.819918,135.876007,1.988487,1.593557,1.435427,3.587249
1773774618.955957,208.415695,535.244507,746.181152,743.660217,80.409431,28.025663,2,3.79814,1.764939,-2.660681,2.8341,0.367841,2.854336,103.103256,1.988487,1.593557,1.435427,3.587249
1773774619.71353,210.567169,549.47876,757.525085,760.045959,79.205299,27.704531,2,3.90817,1.784891,-0.109306,2.960537,0.375839,2.888218,118.278229,1.988487,1.593557,1.435427,3.587249
1773774620.463529,206.264236,538.656433,749.962463,744.920654,80.004005,27.689425,2,3.918507,1.78584,-0.669295,2.938733,0.368355,2.889839,125.523666,1.988487,1.593557,1.435427,3.587249
1773774621.226132,208.415695,556.671997,762.566833,765.087708,78.681625,27.240759,2,3.949198,1.814535,-0.335083,3.011527,0.378178,2.939184,120.990936,1.988487,1.593557,1.435427,3.587249
1773774621.972349,215.945847,539.05835,746.181152,755.004211,80.409431,28.601938,2,3.872653,1.730258,-0.991331,2.889701,0.373642,2.796247,130.727386,1.988487,1.593557,1.435427,3.587249
1773774622.745037,203.037018,554.488037,772.650391,757.525085,77.654785,26.802679,2,3.765472,1.843479,-2.051097,2.909394,0.374294,2.989667,113.244492,1.988487,1.593557,1.435427,3.587249
1773774623.488733,206.264236,541.177368,743.660217,747.441589,80.682007,27.596035,2,3.920723,1.791736,-0.545047,2.915686,0.369571,2.899921,115.793335,1.988487,1.593557,1.435427,3.587249
1773774624.248815,206.264236,553.781738,760.045959,760.045959,78.942596,27.138391,2,3.90764,1.821215,-0.145908,2.969985,0.375651,2.950771,124.410004,1.988487,1.593557,1.435427,3.587249
1773774625.013939,204.112747,558.454102,765.087708,762.566833,78.422379,26.766539,2,3.922934,1.845909,-0.707791,3.001388,0.376774,2.993937,124.493286,1.988487,1.593557,1.435427,3.587249
1773774625.767731,187.976715,546.860352,753.743774,734.837097,79.602646,25.580734,2,4.064271,1.929453,-1.800002,3.063419,0.362692,3.143815,114.295273,1.988487,1.593557,1.435427,3.587249
1773774626.518991,204.112747,566.016785,751.2229,770.129517,79.869766,26.503691,2,4.096219,1.863783,-0.62022,3.077173,0.380422,3.025504,125.818024,1.988487,1.593557,1.435427,3.587249
1773774627.279073,205.188492,556.11792,760.045959,761.306396,78.942596,26.952156,2,3.949713,1.833497,-1.096684,3.001963,0.376213,2.972177,125.031967,1.988487,1.593557,1.435427,3.587249
1773774628.035374,206.264236,551.260864,756.264648,757.525085,79.337303,27.228701,2,3.944315,1.815319,-0.346666,2.982946,0.374435,2.940542,134.757675,1.988487,1.593557,1.435427,3.587249
1773774628.791675,201.961288,549.261597,756.264648,751.2229,79.337303,26.884335,2,3.90528,1.838013,-1.627681,2.953425,0.371207,2.980078,120.104782,1.988487,1.593557,1.435427,3.587249
1773774629.556799,205.188492,563.680603,765.087708,768.86908,78.422379,26.687054,2,4.026085,1.851277,-0.159792,3.080308,0.379861,3.003389,133.68515,1.988487,1.593557,1.435427,3.587249
1773774630.318142,203.037018,555.748535,761.306396,758.785522,78.811897,26.758156,2,3.909561,1.846474,-0.826211,2.976374,0.374903,2.994931,130.316269,1.988487,1.593557,1.435427,3.587249
1773774631.078224,205.188492,557.378357,760.045959,762.566833,78.942596,26.907608,2,3.929008,1.836461,0.277508,2.986227,0.376821,2.97736,158.849564,1.988487,1.593557,1.435427,3.587249
1773774631.834537,210.567169,551.999634,756.264648,762.566833,79.337303,27.612946,2,3.712726,1.790666,-0.206863,2.807803,0.377055,2.898088,123.556747,1.988487,1.593557,1.435427,3.587249
1773774632.600922,208.415695,555.41156,766.348145,763.827271,78.293396,27.285709,2,3.868392,1.811617,-0.350378,2.964535,0.377569,2.934135,131.04361,1.988487,1.593557,1.435427,3.587249
1773774633.357223,210.567169,548.218384,756.264648,758.785522,79.337303,27.750551,2,3.905315,1.782003,-0.503879,2.953452,0.375231,2.883293,124.670975,1.988487,1.593557,1.435427,3.587249
1773774634.123608,208.415695,555.41156,766.348145,763.827271,78.293396,27.285709,2,3.899387,1.811617,0.372504,2.988288,0.377569,2.934135,148.879929,1.988487,1.593557,1.435427,3.587249
1773774634.895034,210.567169,563.343628,771.389954,773.910828,77.78167,27.208195,2,3.829021,1.816654,-0.186149,2.953669,0.382528,2.942856,132.567719,1.988487,1.593557,1.435427,3.587249
1773774635.651334,212.718643,546.066895,756.264648,758.785522,79.337303,28.034094,2,3.818843,1.764421,1.589854,2.888056,0.375325,2.853461,159.770554,1.988487,1.593557,1.435427,3.587249
1773774636.420253,214.870117,556.519836,768.86908,771.389954,78.03669,27.854929,2,3.809211,1.775489,1.27606,2.928785,0.381499,2.87221,146.698959,1.988487,1.593557,1.435427,3.587249
1773774637.197981,214.870117,562.822021,777.692139,777.692139,77.151352,27.6292,2,3.712261,1.789638,-0.129166,2.886996,0.38454,2.896329,125.393692,1.988487,1.593557,1.435427,3.587249
1773774637.960584,212.718643,547.327332,762.566833,760.045959,78.681625,27.987602,2,3.604696,1.767279,-0.173342,2.748821,0.375933,2.858293,121.493027,1.988487,1.593557,1.435427,3.587249
1773774638.72949,213.794373,556.335144,768.86908,770.129517,78.03669,27.760834,2,3.664478,1.781359,-0.230213,2.817504,0.380845,2.882196,105.644829,1.988487,1.593557,1.435427,3.587249
1773774639.488311,208.415695,544.067627,758.785522,752.483337,79.07373,27.69705,2,3.71793,1.785361,-1.049724,2.821111,0.372097,2.88902,111.893768,1.988487,1.593557,1.435427,3.587249
1773774640.248394,214.870117,552.738464,760.045959,767.608582,78.942596,27.992147,2,3.569675,1.766999,4.853643,2.713117,0.379675,2.85782,134.344101,1.988487,1.593557,1.435427,3.587249
1773774641.024874,211.642914,561.007446,776.431702,772.650391,77.276596,27.391809,2,3.355958,1.804769,-0.589111,2.605672,0.381967,2.922312,112.27742,1.988487,1.593557,1.435427,3.587249
1773774641.792519,211.642914,555.965698,767.608582,767.608582,78.164841,27.571722,2,3.690058,1.793278,-2.070215,2.83252,0.379535,2.902562,108.670883,1.988487,1.593557,1.435427,3.587249
1773774642.553862,212.718643,549.848206,761.306396,762.566833,78.811897,27.895081,2,3.751975,1.772996,-1.069956,2.856402,0.377149,2.867978,106.721619,1.988487,1.593557,1.435427,3.587249
1773774643.316465,207.339966,548.924683,762.566833,756.264648,78.681625,27.416325,2,3.729202,1.803195,-0.519321,2.843766,0.373874,2.919599,103.442917,1.988487,1.593557,1.435427,3.587249
1773774644.080329,210.567169,557.041382,763.827271,767.608582,78.551788,27.43158,2,3.89718,1.802216,-0.144498,2.976773,0.379488,2.917914,125.136475,1.988487,1.593557,1.435427,3.587249
1773774644.844192,210.567169,553.260132,763.827271,763.827271,78.551788,27.567381,2,3.846284,1.793553,-0.674344,2.937897,0.377663,2.903034,112.397278,1.988487,1.593557,1.435427,3.587249
1773774645.605547,207.339966,550.18512,761.306396,757.525085,78.811897,27.370707,2,3.90038,1.806127,-0.490997,2.969384,0.374482,2.924653,111.861359,1.988487,1.593557,1.435427,3.587249
1773774646.371932,205.188492,558.638794,766.348145,763.827271,78.293396,26.863205,2,3.943997,1.839424,-0.878999,3.022475,0.377429,2.982551,111.018341,1.988487,1.593557,1.435427,3.587249
1773774647.126972,209.491425,550.554565,755.004211,760.045959,79.469757,27.562994,2,3.969864,1.793832,-0.853199,2.997264,0.375792,2.903511,112.48735,1.988487,1.593557,1.435427,3.587249
1773774647.876971,208.415695,540.286316,749.962463,748.702026,80.004005,27.836933,2,3.927918,1.776608,0.007147,2.945791,0.370273,2.874112,129.845169,1.988487,1.593557,1.435427,3.587249
1773774648.634532,209.491425,549.294067,757.525085,758.785522,79.205299,27.60878,2,3.90745,1.790929,0.238492,2.959991,0.375184,2.898539,136.321472,1.988487,1.593557,1.435427,3.587249
1773774649.398396,210.567169,554.520508,763.827271,765.087708,78.551788,27.521965,2,3.92727,1.796441,-0.146131,2.999756,0.378271,2.907987,132.345001,1.988487,1.593557,1.435427,3.587249
1773774650.166041,207.339966,556.487305,767.608582,763.827271,78.164841,27.144876,2,3.916567,1.82079,-0.370646,3.00639,0.377523,2.950033,124.6073,1.988487,1.593557,1.435427,3.587249
1773774650.927396,204.112747,553.412354,761.306396,757.525085,78.811897,26.944685,2,3.940794,1.833994,-0.118995,3.000152,0.374341,2.973044,122.2621,1.988487,1.593557,1.435427,3.587249
1773774651.678655,204.112747,547.110168,751.2229,751.2229,79.869766,27.170731,2,4.104443,1.819099,0.608193,3.083352,0.371301,2.947097,155.386856,1.988487,1.593557,1.435427,3.587249
1773774652.418571,210.567169,536.87439,739.878845,747.441589,81.09436,28.171721,2,4.204163,1.756014,2.34726,3.110571,0.369759,2.839291,148.757751,1.988487,1.593557,1.435427,3.587249
1773774653.192517,193.355392,560.388367,773.910828,753.743774,77.528313,25.652668,2,4.153662,1.924165,-1.012527,3.214564,0.372048,3.134152,137.794312,1.988487,1.593557,1.435427,3.587249
1773774653.9526,212.718643,570.015259,760.045959,782.733887,78.942596,27.176369,2,4.021996,1.818731,-0.623375,3.056901,0.386878,2.946458,132.368057,1.988487,1.593557,1.435427,3.587249
1773774654.715203,211.642914,549.663452,762.566833,761.306396,78.681625,27.799965,2,3.789531,1.778913,-0.448009,2.889771,0.376494,2.878031,121.188812,1.988487,1.593557,1.435427,3.587249
1773774655.468984,215.945847,542.839661,753.743774,758.785522,79.602646,28.459406,2,3.774242,1.738705,-0.147059,2.844811,0.375466,2.810301,115.126266,1.988487,1.593557,1.435427,3.587249
1773774656.221503,215.945847,536.537476,752.483337,752.483337,79.735985,28.69776,2,3.817268,1.724627,0.314705,2.872431,0.372426,2.786911,133.790115,1.988487,1.593557,1.435427,3.587249
1773774656.979076,208.415695,540.286316,757.525085,748.702026,79.205299,27.836933,2,3.800437,1.776608,-0.850972,2.878927,0.370273,2.874112,134.339279,1.988487,1.593557,1.435427,3.587249
1773774657.736638,204.112747,548.370605,757.525085,752.483337,79.205299,27.125219,2,3.940783,1.822078,-1.028156,2.985242,0.371909,2.952271,116.175644,1.988487,1.593557,1.435427,3.587249
1773774658.492939,196.582611,550.859009,756.264648,747.441589,79.337303,26.300732,2,4.07738,1.877828,-1.81938,3.083578,0.369148,3.0505,119.686279,1.988487,1.593557,1.435427,3.587249
1773774659.241677,208.415695,554.151123,748.702026,762.566833,80.138687,27.330811,2,4.072074,1.8087,0.046533,3.04877,0.376961,2.929093,142.469238,1.988487,1.593557,1.435427,3.587249
1773774659.997979,205.188492,547.294861,756.264648,752.483337,79.337303,27.268177,2,4.000466,1.812754,-0.522217,3.025411,0.371956,2.936101,125.223755,1.988487,1.593557,1.435427,3.587249
1773774660.746716,198.73407,542.405212,748.702026,741.139282,80.138687,26.814672,2,4.113689,1.842674,-3.60329,3.079927,0.366202,2.988253,123.601334,1.988487,1.593557,1.435427,3.587249
1773774661.505539,203.037018,560.790283,758.785522,763.827271,79.07373,26.581535,2,4.093009,1.858453,-2.619365,3.105716,0.377335,3.016062,117.146484,1.988487,1.593557,1.435427,3.587249
1773774662.259319,215.945847,552.923218,753.743774,768.86908,79.602646,28.086164,2,3.83085,1.761231,0.168925,2.887479,0.38033,2.848076,129.523972,1.988487,1.593557,1.435427,3.587249
1773774663.032017,203.037018,554.488037,772.650391,757.525085,77.654785,26.802679,2,3.658844,1.843479,-0.389393,2.827007,0.374294,2.989667,136.609085,1.988487,1.593557,1.435427,3.587249
1773774663.785798,200.885559,550.337341,753.743774,751.2229,79.602646,26.741138,2,4.063323,1.847621,-0.056778,3.062704,0.37116,2.996949,139.375061,1.988487,1.593557,1.435427,3.587249
1773774664.537057,203.037018,550.706787,751.2229,753.743774,79.869766,26.93714,2,3.99228,1.834495,0.625344,2.999092,0.37247,2.973921,123.99781,1.988487,1.593557,1.435427,3.587249
1773774665.302181,199.809814,561.496582,765.087708,761.306396,78.422379,26.245651,2,4.160917,1.881678,-1.805125,3.183466,0.375978,3.05738,125.333527,1.988487,1.593557,1.435427,3.587249
1773774666.055961,196.582611,553.379883,753.743774,749.962463,79.602646,26.212326,2,4.332462,1.884015,-1.096016,3.265566,0.370364,3.061563,136.588226,1.988487,1.593557,1.435427,3.587249
1773774666.80596,204.112747,554.672791,749.962463,758.785522,80.004005,26.899927,2,4.472615,1.836972,1.254343,3.354293,0.374949,2.978256,147.719513,1.988487,1.593557,1.435427,3.587249
1773774667.561001,207.339966,551.445557,755.004211,758.785522,79.469757,27.325239,2,4.49818,1.80906,1.269823,3.396145,0.37509,2.929715,172.079819,1.988487,1.593557,1.435427,3.587249
1773774668.326124,204.112747,557.193665,765.087708,761.306396,78.422379,26.810854,2,4.325434,1.84293,-1.21889,3.309336,0.376166,2.988703,131.953873,1.988487,1.593557,1.435427,3.587249
1773774669.083699,203.037018,553.227661,757.525085,756.264648,79.205299,26.847351,2,4.297749,1.840484,-1.55945,3.255653,0.373686,2.984411,124.205276,1.988487,1.593557,1.435427,3.587249
1773774669.84126,203.037018,554.488037,757.525085,757.525085,79.205299,26.802679,2,4.209242,1.843479,-0.807835,3.188607,0.374294,2.989667,139.502106,1.988487,1.593557,1.435427,3.587249
1773774670.595039,200.885559,550.337341,753.743774,751.2229,79.602646,26.741138,2,4.165719,1.847621,0.198178,3.139885,0.37116,2.996949,155.075638,1.988487,1.593557,1.435427,3.587249
1773774671.352601,207.339966,557.747742,757.525085,765.087708,79.205299,27.100159,2,4.128697,1.823722,-0.136257,3.127592,0.378131,2.955131,130.68074,1.988487,1.593557,1.435427,3.587249
1773774672.106381,206.264236,546.219116,753.743774,752.483337,79.602646,27.411137,2,4.055979,1.803528,0.505476,3.057169,0.372003,2.920173,132.099991,1.988487,1.593557,1.435427,3.587249
1773774672.870245,199.809814,556.454834,763.827271,756.264648,78.551788,26.42062,2,4.09844,1.869506,-1.445818,3.1305,0.373546,3.035668,132.106506,1.988487,1.593557,1.435427,3.587249
1773774673.631588,196.582611,560.942505,761.306396,757.525085,78.811897,25.95064,2,4.151999,1.902573,-0.639004,3.160943,0.374013,3.094944,120.353699,1.988487,1.593557,1.435427,3.587249
1773774674.395451,201.961288,568.168213,763.827271,770.129517,78.551788,26.224327,2,4.156763,1.883172,-1.056146,3.175049,0.380328,3.060055,138.050659,1.988487,1.593557,1.435427,3.587249
1773774675.145463,203.037018,548.185913,749.962463,751.2229,80.004005,27.027533,2,4.085525,1.828506,-0.619477,3.063991,0.371254,2.963462,129.26239,1.988487,1.593557,1.435427,3.587249
1773774675.908065,206.264236,560.083923,762.566833,766.348145,78.681625,26.915213,2,4.229758,1.835954,-0.125751,3.225473,0.378692,2.976473,132.588486,1.988487,1.593557,1.435427,3.587249
1773774676.679492,205.188492,564.94104,771.389954,770.129517,77.78167,26.643375,2,4.15556,1.85424,-0.483907,3.205557,0.380469,3.008617,113.768341,1.988487,1.593557,1.435427,3.587249
1773774677.435793,201.961288,550.522034,756.264648,752.483337,79.337303,26.839304,2,4.094704,1.841023,-1.138706,3.09668,0.371815,2.985355,106.982178,1.988487,1.593557,1.435427,3.587249
1773774678.175708,210.567169,539.395264,739.878845,749.962463,81.09436,28.077026,2,4.184241,1.76179,0.682994,3.095832,0.370975,2.84902,128.440582,1.988487,1.593557,1.435427,3.587249
1773774678.926968,213.794373,541.209839,751.2229,755.004211,79.869766,28.316978,2,4.080374,1.747231,2.38427,3.06527,0.373548,2.824548,116.536179,1.988487,1.593557,1.435427,3.587249
1773774679.704696,208.415695,562.974243,777.692139,771.389954,77.151352,27.018202,2,3.876523,1.829122,-0.921096,3.014742,0.381218,2.964537,125.346603,1.988487,1.593557,1.435427,3.587249
1773774680.462269,213.794373,550.032898,757.525085,763.827271,79.205299,27.989885,2,3.816797,1.767139,-0.738973,2.89132,0.377804,2.858056,117.382919,1.988487,1.593557,1.435427,3.587249
1773774681.232435,218.097321,557.073975,770.129517,775.171265,77.908974,28.135372,2,3.785991,1.758227,-0.077195,2.915703,0.383465,2.843014,126.326172,1.988487,1.593557,1.435427,3.587249
1773774682.002601,215.945847,551.66272,770.129517,767.608582,77.908974,28.132286,2,3.634123,1.758415,-0.210984,2.798745,0.379722,2.843331,128.066132,1.988487,1.593557,1.435427,3.587249
1773774682.767726,218.097321,549.51123,765.087708,767.608582,78.422379,28.412569,2,3.610609,1.741499,-0.440214,2.762433,0.379816,2.814963,109.573868,1.988487,1.593557,1.435427,3.587249
1773774683.53411,204.112747,545.849731,766.348145,749.962463,78.293396,27.216396,2,3.851819,1.81612,-3.006141,2.951834,0.370693,2.94193,112.654968,1.988487,1.593557,1.435427,3.587249
1773774684.28789,209.491425,550.554565,753.743774,760.045959,79.602646,27.562994,2,4.022049,1.793832,0.395594,3.031594,0.375792,2.903511,154.645493,1.988487,1.593557,1.435427,3.587249
1773774685.051766,213.794373,555.074707,763.827271,768.86908,78.551788,27.806341,2,3.905686,1.778515,-0.515795,2.98327,0.380237,2.877355,137.749008,1.988487,1.593557,1.435427,3.587249
1773774685.809327,213.794373,543.730713,757.525085,757.525085,79.205299,28.222746,2,3.930441,1.752919,2.685109,2.977407,0.374764,2.834087,142.130875,1.988487,1.593557,1.435427,3.587249
1773774686.575712,206.264236,551.260864,766.348145,757.525085,78.293396,27.228701,2,4.044881,1.815319,-0.012417,3.099787,0.374435,2.940542,136.213013,1.988487,1.593557,1.435427,3.587249
1773774687.338315,207.339966,556.487305,762.566833,763.827271,78.681625,27.144876,2,4.015559,1.82079,-1.749813,3.062132,0.377523,2.950033,109.204849,1.988487,1.593557,1.435427,3.587249
1773774688.104699,211.642914,559.74707,766.348145,771.389954,78.293396,27.436565,2,4.075626,1.801897,1.076565,3.123349,0.381359,2.917364,141.658066,1.988487,1.593557,1.435427,3.587249
1773774688.867303,212.718643,551.108643,762.566833,763.827271,78.681625,27.849051,2,3.880705,1.775855,-0.578717,2.959297,0.377757,2.872831,126.192047,1.988487,1.593557,1.435427,3.587249
1773774689.616041,217.021576,536.722168,748.702026,753.743774,80.138687,28.792486,2,3.85153,1.719096,0.512046,2.883648,0.373081,2.777768,144.93367,1.988487,1.593557,1.435427,3.587249
1773774690.374876,219.17305,542.133362,758.785522,761.306396,79.07373,28.789074,2,3.743355,1.719295,0.993968,2.840403,0.376823,2.778096,131.671692,1.988487,1.593557,1.435427,3.587249
1773774691.14378,208.415695,547.848938,768.86908,756.264648,78.03669,27.558565,2,3.733146,1.794113,0.052993,2.870301,0.373921,2.903993,137.098709,1.988487,1.593557,1.435427,3.587249
1773774691.892518,214.870117,541.394531,748.702026,756.264648,80.138687,28.412025,2,3.911392,1.741532,0.735894,2.928467,0.374203,2.815017,135.740005,1.988487,1.593557,1.435427,3.587249
1773774692.662685,211.642914,554.7052,770.129517,766.348145,77.908974,27.617069,2,3.782157,1.790405,-0.806239,2.91275,0.378926,2.897642,111.697983,1.988487,1.593557,1.435427,3.587249
1773774693.416465,209.491425,541.731445,753.743774,751.2229,79.602646,27.886719,2,3.941344,1.773515,-0.532277,2.970763,0.371536,2.868858,123.318237,1.988487,1.593557,1.435427,3.587249
1773774694.171506,208.415695,545.328064,755.004211,753.743774,79.469757,27.650734,2,4.066247,1.788278,-0.032797,3.070034,0.372705,2.894004,134.871979,1.988487,1.593557,1.435427,3.587249
1773774694.934109,206.264236,553.781738,762.566833,760.045959,78.681625,27.138391,2,4.196754,1.821215,0.996492,3.200305,0.375651,2.950771,172.016617,1.988487,1.593557,1.435427,3.587249
1773774695.690409,207.339966,550.18512,756.264648,757.525085,79.337303,27.370707,2,3.903589,1.806127,-0.239976,2.952146,0.374482,2.924653,140.633759,1.988487,1.593557,1.435427,3.587249
1773774696.456807,203.037018,558.269409,766.348145,761.306396,78.293396,26.669554,2,3.893509,1.852463,-0.129797,2.983784,0.376119,3.005481,120.169495,1.988487,1.593557,1.435427,3.587249
1773774697.215628,211.642914,557.226196,758.785522,768.86908,79.07373,27.526522,2,3.954593,1.796151,-1.318601,3.000688,0.380143,2.907489,122.440323,1.988487,1.593557,1.435427,3.587249
1773774697.97193,210.567169,544.437012,756.264648,755.004211,79.337303,27.889534,2,3.759293,1.77334,0.089743,2.84302,0.373407,2.868562,134.005646,1.988487,1.593557,1.435427,3.587249
1773774698.733272,211.642914,550.92395,761.306396,762.566833,78.811897,27.754015,2,3.805034,1.781786,0.435278,2.896797,0.377102,2.882923,147.405411,1.988487,1.593557,1.435427,3.587249
1773774699.507219,210.567169,562.083252,773.910828,772.650391,77.528313,27.252583,2,3.732471,1.813766,-0.720004,2.8886,0.38192,2.937853,130.031326,1.988487,1.593557,1.435427,3.587249
1773774700.258479,217.021576,541.763916,751.2229,758.785522,79.869766,28.601175,2,3.883787,1.730303,0.455212,2.91759,0.375513,2.796321,146.15715,1.988487,1.593557,1.435427,3.587249
1773774701.029917,210.567169,553.260132,771.389954,763.827271,77.78167,27.567381,2,3.766718,1.793553,-0.687819,2.905608,0.377663,2.903034,135.930344,1.988487,1.593557,1.435427,3.587249
1773774701.783696,213.794373,543.730713,753.743774,757.525085,79.602646,28.222746,2,3.936486,1.752919,2.04824,2.967102,0.374764,2.834087,160.825027,1.988487,1.593557,1.435427,3.587249
1773774702.550082,214.870117,552.738464,766.348145,767.608582,78.293396,27.992147,2,3.867436,1.766999,0.026005,2.963803,0.379675,2.85782,128.658722,1.988487,1.593557,1.435427,3.587249
1773774703.322768,211.642914,557.226196,772.650391,768.86908,77.654785,27.526522,2,3.73637,1.796151,-1.777135,2.886908,0.380143,2.907489,115.668213,1.988487,1.593557,1.435427,3.587249
1773774704.096716,217.021576,563.191406,773.910828,780.213013,77.528313,27.815681,2,3.640137,1.777933,-0.625417,2.817141,0.38585,2.876364,108.893799,1.988487,1.593557,1.435427,3.587249
1773774704.859318,212.718643,544.806458,762.566833,757.525085,78.681625,28.08074,2,3.725789,1.761562,-2.298777,2.841163,0.374717,2.848636,108.788483,1.988487,1.593557,1.435427,3.587249
1773774705.629496,214.870117,557.780273,770.129517,772.650391,77.908974,27.809488,2,3.775039,1.778319,-2.291872,2.907269,0.382108,2.87702,110.957214,1.988487,1.593557,1.435427,3.587249
1773774706.388319,212.718643,543.546021,758.785522,756.264648,79.07373,28.127539,2,3.857275,1.758704,-0.258649,2.926845,0.374109,2.843818,136.833832,1.988487,1.593557,1.435427,3.587249
1773774707.155963,212.718643,554.889954,767.608582,767.608582,78.164841,27.711863,2,3.768028,1.78443,-0.96631,2.892371,0.379581,2.887431,123.542374,1.988487,1.593557,1.435427,3.587249
1773774707.922348,217.021576,554.368408,766.348145,771.389954,78.293396,28.133833,2,3.710078,1.75832,0.157083,2.843211,0.381593,2.843172,135.17131,1.988487,1.593557,1.435427,3.587249
1773774708.695035,211.642914,554.7052,772.650391,766.348145,77.654785,27.617069,2,3.695507,1.790405,-2.738898,2.855335,0.378926,2.897642,111.593933,1.988487,1.593557,1.435427,3.587249
1773774709.457637,219.17305,552.216919,762.566833,771.389954,78.681625,28.412745,2,3.760392,1.741489,-0.601176,2.86755,0.381687,2.814946,114.761673,1.988487,1.593557,1.435427,3.587249
1773774710.220254,214.870117,542.654968,762.566833,757.525085,78.681625,28.364754,2,3.630253,1.744361,0.427556,2.76831,0.374811,2.819746,155.231216,1.988487,1.593557,1.435427,3.587249
1773774710.96521,220.248795,530.974121,744.920654,751.2229,80.545494,29.318703,2,3.71274,1.689025,1.546681,2.765697,0.372006,2.728512,161.86795,1.988487,1.593557,1.435427,3.587249
1773774711.713949,212.718643,527.160217,748.702026,739.878845,80.138687,28.750471,2,3.78837,1.721545,1.627904,2.83636,0.366205,2.781812,164.312546,1.988487,1.593557,1.435427,3.587249
1773774712.463947,213.794373,537.428528,749.962463,751.2229,80.004005,28.459513,2,4.008349,1.738698,1.837311,3.006112,0.371724,2.81029,139.435577,1.988487,1.593557,1.435427,3.587249
1773774713.241676,208.415695,562.974243,777.692139,771.389954,77.151352,27.018202,2,3.872269,1.829122,-1.582614,3.011433,0.381218,2.964537,116.330292,1.988487,1.593557,1.435427,3.587249
1773774714.0068,213.794373,557.595581,765.087708,771.389954,78.422379,27.715471,2,3.737531,1.784203,-1.069324,2.859539,0.381453,2.887045,111.005798,1.988487,1.593557,1.435427,3.587249
1773774714.759319,221.324524,539.981873,752.483337,761.306396,79.735985,29.071676,2,3.758065,1.703006,0.940437,2.827881,0.376917,2.751317,133.308273,1.988487,1.593557,1.435427,3.587249
1773774715.533267,218.097321,552.032227,773.910828,770.129517,77.528313,28.319565,2,3.618751,1.747075,-0.457772,2.80059,0.381032,2.824287,125.830612,1.988487,1.593557,1.435427,3.587249
1773774716.299664,212.718643,547.327332,766.348145,760.045959,78.293396,27.987602,2,3.643849,1.767279,-0.762398,2.792457,0.375933,2.858293,112.551849,1.988487,1.593557,1.435427,3.587249
1773774717.054704,221.324524,543.763184,755.004211,765.087708,79.469757,28.927994,2,3.776755,1.711248,1.197583,2.851466,0.378741,2.764839,143.274673,1.988487,1.593557,1.435427,3.587249
1773774717.821089,210.567169,543.176636,766.348145,753.743774,78.293396,27.936172,2,3.773053,1.770453,-0.323761,2.891472,0.372799,2.863666,112.717087,1.988487,1.593557,1.435427,3.587249
1773774718.581171,214.870117,550.21759,760.045959,765.087708,78.942596,28.084377,2,3.823079,1.76134,-0.933754,2.905716,0.378459,2.84826,132.190231,1.988487,1.593557,1.435427,3.587249
1773774719.343775,213.794373,547.512024,762.566833,761.306396,78.681625,28.082567,2,3.722152,1.761451,-0.49341,2.838389,0.376588,2.848447,119.708984,1.988487,1.593557,1.435427,3.587249
1773774720.111419,211.642914,553.444824,767.608582,765.087708,78.164841,27.662569,2,3.746878,1.787532,-1.163652,2.876136,0.378318,2.892729,108.897118,1.988487,1.593557,1.435427,3.587249
1773774720.862678,218.097321,540.688232,751.2229,758.785522,79.869766,28.742949,2,3.921475,1.721984,2.126493,2.945902,0.37556,2.782538,144.96875,1.988487,1.593557,1.435427,3.587249
1773774721.629075,218.097321,548.250854,766.348145,766.348145,78.293396,28.459301,2,3.818686,1.738711,-0.334155,2.926443,0.379208,2.810311,123.029388,1.988487,1.593557,1.435427,3.587249
1773774722.400501,207.339966,551.445557,771.389954,758.785522,77.78167,27.325239,2,3.655602,1.80906,-1.010968,2.819895,0.37509,2.929715,104.325676,1.988487,1.593557,1.435427,3.587249
1773774723.159323,212.718643,552.36908,758.785522,765.087708,79.07373,27.803171,2,3.787167,1.778713,-1.373022,2.873647,0.378365,2.877691,108.431114,1.988487,1.593557,1.435427,3.587249
1773774723.928229,210.567169,555.781006,768.86908,766.348145,78.03669,27.476698,2,3.717678,1.799329,-2.043635,2.858408,0.37888,2.912947,104.171211,1.988487,1.593557,1.435427,3.587249
1773774724.682008,218.097321,544.469482,753.743774,762.566833,79.602646,28.600422,2,3.712414,1.730348,-0.40053,2.798209,0.377384,2.796395,112.756042,1.988487,1.593557,1.435427,3.587249
1773774725.447133,214.870117,546.436279,765.087708,761.306396,78.422379,28.223869,2,3.693125,1.752851,-1.205601,2.825565,0.376635,2.833972,115.19928,1.988487,1.593557,1.435427,3.587249
1773774726.209748,215.945847,547.881409,762.566833,763.827271,78.681625,28.271557,2,3.668776,1.749968,0.598875,2.797687,0.377898,2.829134,140.084427,1.988487,1.593557,1.435427,3.587249
1773774726.96983,217.021576,544.28479,760.045959,761.306396,78.942596,28.50647,2,3.615336,1.735906,-0.319603,2.747821,0.376729,2.805638,127.377426,1.988487,1.593557,1.435427,3.587249
1773774727.732434,213.794373,544.99115,762.566833,758.785522,78.681625,28.175863,2,3.647306,1.755763,-1.802303,2.781315,0.375372,2.838867,98.881454,1.988487,1.593557,1.435427,3.587249
1773774728.492516,217.021576,546.805664,760.045959,763.827271,78.942596,28.41239,2,3.709323,1.74151,-0.809803,2.819256,0.377945,2.814981,111.387085,1.988487,1.593557,1.435427,3.587249
1773774729.262682,215.945847,552.923218,770.129517,768.86908,77.908974,28.086164,2,3.701602,1.761231,-2.407322,2.850713,0.38033,2.848076,109.93988,1.988487,1.593557,1.435427,3.587249
1773774730.029066,213.794373,550.032898,766.348145,763.827271,78.293396,27.989885,2,3.683826,1.767139,-0.859027,2.823093,0.377804,2.858056,124.653671,1.988487,1.593557,1.435427,3.587249
1773774730.782846,218.097321,540.688232,753.743774,758.785522,79.602646,28.742949,2,3.752688,1.721984,-1.196765,2.828565,0.37556,2.782538,123.668839,1.988487,1.593557,1.435427,3.587249
1773774731.550504,210.567169,548.218384,767.608582,758.785522,78.164841,27.750551,2,3.707072,1.782003,-2.861253,2.84558,0.375231,2.883293,108.86338,1.988487,1.593557,1.435427,3.587249
1773774732.311846,221.324524,552.586304,761.306396,773.910828,78.811897,28.598196,2,3.6496,1.730479,-0.347891,2.778464,0.382997,2.796613,99.496216,1.988487,1.593557,1.435427,3.587249
1773774733.070668,215.945847,536.537476,758.785522,752.483337,79.07373,28.69776,2,3.594694,1.724627,-1.357505,2.727602,0.372426,2.786911,104.447433,1.988487,1.593557,1.435427,3.587249
1773774733.837053,213.794373,550.032898,766.348145,763.827271,78.293396,27.989885,2,3.658227,1.767139,-1.80635,2.803476,0.377804,2.858056,108.806549,1.988487,1.593557,1.435427,3.587249
1773774734.585791,219.17305,535.831177,748.702026,755.004211,80.138687,29.029381,2,3.694448,1.705424,-0.276282,2.766041,0.373783,2.755278,110.055435,1.988487,1.593557,1.435427,3.587249
1773774735.350916,219.17305,545.914673,765.087708,765.087708,78.422379,28.646788,2,3.514121,1.727618,-0.378702,2.688611,0.378647,2.791866,111.295746,1.988487,1.593557,1.435427,3.587249
1773774736.119833,218.097321,549.51123,768.86908,767.608582,78.03669,28.412569,2,3.57786,1.741499,-0.929262,2.750906,0.379816,2.814963,104.906357,1.988487,1.593557,1.435427,3.587249
1773774736.879915,221.324524,542.502747,760.045959,763.827271,78.942596,28.975729,2,3.62878,1.708501,-1.116433,2.75804,0.378133,2.760325,104.451218,1.988487,1.593557,1.435427,3.587249
1773774737.629914,218.097321,528.083862,749.962463,746.181152,80.004005,29.228466,2,3.577759,1.694105,0.038589,2.683185,0.36948,2.736779,108.32943,1.988487,1.593557,1.435427,3.587249
1773774738.396298,220.248795,548.6203,766.348145,768.86908,78.293396,28.645813,2,3.484239,1.727675,-1.2425,2.67014,0.380518,2.79196,104.781036,1.988487,1.593557,1.435427,3.587249
1773774739.155121,219.17305,538.352051,758.785522,757.525085,79.07373,28.932777,2,3.827957,1.710972,0.046236,2.904598,0.374999,2.764385,144.624039,1.988487,1.593557,1.435427,3.587249
1773774739.926547,218.097321,552.032227,771.389954,770.129517,77.78167,28.319565,2,3.748597,1.747075,-1.522216,2.89163,0.381032,2.824287,101.726753,1.988487,1.593557,1.435427,3.587249
1773774740.686629,212.718643,541.025146,760.045959,753.743774,78.942596,28.221613,2,3.784681,1.752987,-1.073408,2.876532,0.372893,2.834202,119.690308,1.988487,1.593557,1.435427,3.587249
1773774741.450505,211.642914,550.92395,763.827271,762.566833,78.551788,27.754015,2,3.740168,1.781786,-0.499572,2.856842,0.377102,2.882923,115.310364,1.988487,1.593557,1.435427,3.587249
1773774742.209326,218.097321,548.250854,758.785522,766.348145,79.07373,28.459301,2,3.752595,1.738711,0.433793,2.847415,0.379208,2.810311,127.242683,1.988487,1.593557,1.435427,3.587249
1773774742.966889,212.718643,538.504272,757.525085,751.2229,79.205299,28.316317,2,3.968291,1.74727,0.198141,3.00608,0.371677,2.824614,152.801529,1.988487,1.593557,1.435427,3.587249
1773774743.734533,217.021576,555.628784,767.608582,772.650391,78.164841,28.08794,2,4.000069,1.761122,0.56424,3.070487,0.382201,2.847893,135.709763,1.988487,1.593557,1.435427,3.587249
1773774744.503438,219.17305,552.216919,768.86908,771.389954,78.03669,28.412745,2,3.758126,1.741489,-0.527043,2.889507,0.381687,2.814946,109.413589,1.988487,1.593557,1.435427,3.587249
1773774745.277386,226.703217,556.03064,773.910828,782.733887,77.528313,28.962999,2,3.749653,1.709232,-0.966162,2.901897,0.387488,2.761527,104.148544,1.988487,1.593557,1.435427,3.587249
1773774746.032426,222.400253,527.562195,755.004211,749.962463,79.469757,29.654852,2,3.724455,1.670374,-0.887611,2.811979,0.371492,2.698349,108.885063,1.988487,1.593557,1.435427,3.587249
1773774746.797562,223.475998,542.872131,765.087708,766.348145,78.422379,29.161158,2,3.655352,1.697914,-0.477484,2.796665,0.379443,2.742993,104.623917,1.988487,1.593557,1.435427,3.587249
1773774747.551343,219.17305,529.528992,753.743774,748.702026,79.602646,29.273737,2,3.735996,1.691553,-0.204413,2.815984,0.370743,2.732623,117.846619,1.988487,1.593557,1.435427,3.587249
1773774748.316466,214.870117,545.175842,765.087708,760.045959,78.422379,28.270674,2,3.693692,1.750021,-1.977743,2.825999,0.376027,2.829224,108.003845,1.988487,1.593557,1.435427,3.587249
1773774749.068987,211.642914,537.059082,752.483337,748.702026,79.735985,28.267977,2,3.815564,1.750184,-1.800596,2.871148,0.370414,2.829497,112.94519,1.988487,1.593557,1.435427,3.587249
1773774749.815204,213.794373,534.907654,746.181152,748.702026,80.409431,28.555334,2,3.838088,1.733011,0.213806,2.863909,0.370508,2.80082,106.599152,1.988487,1.593557,1.435427,3.587249
1773774750.582849,200.885559,551.597778,767.608582,752.483337,78.164841,26.696344,2,3.889832,1.850648,-2.291946,2.985868,0.371768,3.00228,111.743286,1.988487,1.593557,1.435427,3.587249
1773774751.347973,197.65834,563.648071,765.087708,761.306396,78.422379,25.963047,2,4.107077,1.901684,-3.1625,3.142274,0.375884,3.093339,121.880768,1.988487,1.593557,1.435427,3.587249
1773774752.101765,199.809814,556.454834,753.743774,756.264648,79.602646,26.42062,2,4.221197,1.869506,-3.35936,3.181701,0.373546,3.035668,131.694519,1.988487,1.593557,1.435427,3.587249
1773774752.856806,214.870117,557.780273,755.004211,772.650391,79.469757,27.809488,2,4.192306,1.778319,0.216665,3.165208,0.382108,2.87702,129.048721,1.988487,1.593557,1.435427,3.587249
1773774753.637055,200.885559,562.941711,780.213013,763.827271,76.902077,26.299868,2,4.086927,1.877889,-2.599801,3.188673,0.377241,3.050608,118.850998,1.988487,1.593557,1.435427,3.587249
1773774754.383272,209.491425,546.773193,746.181152,756.264648,80.409431,27.700809,2,4.014746,1.785124,-0.969725,2.995728,0.373968,2.888617,115.949814,1.988487,1.593557,1.435427,3.587249
1773774755.148397,208.415695,555.41156,765.087708,763.827271,78.422379,27.285709,2,3.95625,1.811617,-1.153407,3.026878,0.377569,2.934135,116.43364,1.988487,1.593557,1.435427,3.587249
1773774755.91352,204.112747,555.933228,765.087708,760.045959,78.422379,26.855316,2,4.022205,1.839951,-0.129834,3.07734,0.375558,2.983476,129.380371,1.988487,1.593557,1.435427,3.587249
1773774756.673603,207.339966,556.487305,760.045959,763.827271,78.942596,27.144876,2,4.081702,1.82079,0.282742,3.102281,0.377523,2.950033,154.39859,1.988487,1.593557,1.435427,3.587249
1773774757.44,203.037018,558.269409,766.348145,761.306396,78.293396,26.669554,2,4.065683,1.852463,-1.525334,3.115729,0.376119,3.005481,122.577393,1.988487,1.593557,1.435427,3.587249
1773774758.193779,210.567169,551.999634,753.743774,762.566833,79.602646,27.612946,2,4.047512,1.790666,0.558301,3.050787,0.377055,2.898088,133.542084,1.988487,1.593557,1.435427,3.587249
1773774758.956383,211.642914,552.184326,762.566833,763.827271,78.681625,27.708218,2,3.933436,1.784659,-1.25527,2.999508,0.37771,2.887822,111.045761,1.988487,1.593557,1.435427,3.587249
1773774759.717726,215.945847,550.402283,761.306396,766.348145,78.811897,28.178558,2,3.929689,1.755599,-0.560118,2.991697,0.379114,2.838592,119.809341,1.988487,1.593557,1.435427,3.587249
1773774760.48159,220.248795,548.6203,763.827271,768.86908,78.551788,28.645813,2,3.803801,1.727675,-0.003396,2.905447,0.380518,2.79196,123.927582,1.988487,1.593557,1.435427,3.587249
1773774761.255537,211.642914,552.184326,773.910828,763.827271,77.528313,27.708218,2,3.725033,1.784659,-2.079533,2.882843,0.37771,2.887822,107.867065,1.988487,1.593557,1.435427,3.587249
1773774762.010577,209.491425,542.991943,755.004211,752.483337,79.469757,27.84001,2,3.999938,1.776417,-1.432269,3.01997,0.372144,2.873787,119.315033,1.988487,1.593557,1.435427,3.587249
1773774762.769412,209.491425,549.294067,758.785522,758.785522,79.07373,27.60878,2,4.098901,1.790929,-0.772792,3.110187,0.375184,2.898539,123.764236,1.988487,1.593557,1.435427,3.587249
1773774763.529493,213.794373,551.293335,760.045959,765.087708,78.942596,27.943771,2,3.809145,1.769983,-1.920575,2.895125,0.378412,2.86287,106.89267,1.988487,1.593557,1.435427,3.587249
1773774764.302181,210.567169,558.30188,772.650391,768.86908,77.654785,27.386608,2,3.875948,1.805104,-0.679058,2.994753,0.380096,2.922889,135.783356,1.988487,1.593557,1.435427,3.587249
1773774765.063523,210.567169,550.739258,761.306396,761.306396,78.811897,27.658663,2,4.034294,1.787778,0.34288,3.071333,0.376447,2.893149,150.886154,1.988487,1.593557,1.435427,3.587249
1773774765.839991,209.491425,565.67981,776.431702,775.171265,77.276596,27.025179,2,4.070395,1.828661,-1.934125,3.160384,0.383089,2.963733,131.110672,1.988487,1.593557,1.435427,3.587249
1773774766.615211,199.809814,564.017456,775.171265,763.827271,77.402252,26.159031,2,3.996491,1.887764,-4.095011,3.097965,0.377194,3.068284,125.837906,1.988487,1.593557,1.435427,3.587249
1773774767.360168,206.264236,546.219116,744.920654,752.483337,80.545494,27.411137,2,4.083015,1.803528,0.262325,3.041523,0.372003,2.920173,147.701843,1.988487,1.593557,1.435427,3.587249
1773774768.116468,207.339966,550.18512,756.264648,757.525085,79.337303,27.370707,2,3.949317,1.806127,-0.249182,2.986729,0.374482,2.924653,124.600281,1.988487,1.593557,1.435427,3.587249
1773774768.875291,204.112747,550.891479,758.785522,755.004211,79.07373,27.034649,2,3.923912,1.828036,-0.840392,2.977407,0.373125,2.962643,126.480713,1.988487,1.593557,1.435427,3.587249
1773774769.622768,211.642914,544.621704,747.441589,756.264648,80.273834,27.985298,2,3.898609,1.767421,-0.672748,2.913982,0.374062,2.858533,126.342758,1.988487,1.593557,1.435427,3.587249
1773774770.391674,211.642914,557.226196,768.86908,768.86908,78.03669,27.526522,2,3.827607,1.796151,0.254344,2.942929,0.380143,2.907489,121.063316,1.988487,1.593557,1.435427,3.587249
1773774771.160579,206.264236,556.302612,768.86908,762.566833,78.03669,27.048677,2,4.106255,1.82711,-0.005623,3.157173,0.376868,2.96103,143.959045,1.988487,1.593557,1.435427,3.587249
1773774771.944622,207.339966,577.914795,783.994324,785.254761,76.531166,26.404167,2,4.05773,1.870643,-0.89021,3.181237,0.387859,3.037693,138.9095,1.988487,1.593557,1.435427,3.587249
1773774772.707226,200.885559,554.118652,762.566833,755.004211,78.681625,26.60721,2,4.083033,1.856701,0.041336,3.113586,0.372985,3.012965,165.853226,1.988487,1.593557,1.435427,3.587249
1773774773.477391,201.961288,569.42865,770.129517,771.389954,77.908974,26.181477,2,4.093713,1.886183,0.277879,3.152689,0.380936,3.065448,162.865402,1.988487,1.593557,1.435427,3.587249
1773774774.258902,197.65834,578.773376,781.47345,776.431702,76.778038,25.457272,2,4.033814,1.938599,-0.552323,3.152319,0.38318,3.160582,146.423767,1.988487,1.593557,1.435427,3.587249
1773774775.024025,210.567169,569.645874,765.087708,780.213013,78.422379,26.98842,2,3.846517,1.831092,6.691751,2.942923,0.385568,2.967975,181.971359,1.988487,1.593557,1.435427,3.587249
1773774775.801753,210.567169,567.125,777.692139,777.692139,77.151352,27.075901,2,3.53611,1.825317,0.79206,2.750005,0.384352,2.957907,147.116196,1.988487,1.593557,1.435427,3.587249
1773774776.583276,210.567169,570.90625,781.47345,781.47345,76.778038,26.944891,2,3.83078,1.83398,1.16963,2.993653,0.386176,2.97302,155.5448,1.988487,1.593557,1.435427,3.587249
1773774777.34966,206.264236,555.042175,766.348145,761.306396,78.293396,27.093458,2,3.982856,1.824163,-1.110419,3.052254,0.37626,2.955897,145.722351,1.988487,1.593557,1.435427,3.587249
1773774778.117306,212.718643,562.452637,767.608582,775.171265,78.164841,27.441502,2,3.994433,1.80158,0.888652,3.066161,0.38323,2.91682,153.103439,1.988487,1.593557,1.435427,3.587249
1773774778.891253,218.097321,562.115723,773.910828,780.213013,77.528313,27.953562,2,3.924108,1.769378,1.843139,3.03691,0.385897,2.861846,171.000198,1.988487,1.593557,1.435427,3.587249
1773774779.675283,203.037018,563.311157,783.994324,766.348145,76.531166,26.494099,2,3.847181,1.864442,-0.865709,3.016168,0.378551,3.026673,131.925201,1.988487,1.593557,1.435427,3.587249
1773774780.442941,206.264236,565.125732,767.608582,771.389954,78.164841,26.739296,2,4.032645,1.847745,-0.98773,3.095493,0.381124,2.997168,132.687256,1.988487,1.593557,1.435427,3.587249
1773774781.216887,209.491425,568.200684,773.910828,777.692139,77.528313,26.937576,2,3.917824,1.834466,-0.26095,3.032046,0.384305,2.97387,138.914673,1.988487,1.593557,1.435427,3.587249
1773774781.998397,209.491425,571.982056,781.47345,781.47345,76.778038,26.807234,2,4.011155,1.843173,-1.331148,3.134611,0.386129,2.98913,144.514008,1.988487,1.593557,1.435427,3.587249
1773774782.769824,200.885559,560.420837,771.389954,761.306396,77.78167,26.386951,2,4.003157,1.871835,-1.559376,3.087995,0.376025,3.039814,131.873932,1.988487,1.593557,1.435427,3.587249
1773774783.534947,201.961288,564.386841,765.087708,766.348145,78.422379,26.353725,2,4.085184,1.87414,0.012047,3.125524,0.378504,3.043921,182.889938,1.988487,1.593557,1.435427,3.587249
1773774784.302605,206.264236,566.386169,767.608582,772.650391,78.164841,26.695675,2,3.928767,1.850693,-0.156637,3.015755,0.381732,3.00236,122.789246,1.988487,1.593557,1.435427,3.587249
1773774785.079073,205.188492,569.982788,776.431702,775.171265,77.276596,26.470085,2,3.961061,1.866094,-0.134104,3.075493,0.382901,3.029605,140.823212,1.988487,1.593557,1.435427,3.587249
1773774785.85428,207.339966,570.352173,775.171265,777.692139,77.402252,26.660931,2,3.954142,1.853048,-0.487879,3.065137,0.384211,3.006513,133.6147,1.988487,1.593557,1.435427,3.587249
1773774786.621926,213.794373,561.376892,767.608582,775.171265,78.164841,27.580276,2,3.853173,1.792735,-0.339909,2.957729,0.383277,2.901632,139.685379,1.988487,1.593557,1.435427,3.587249
1773774787.378226,221.324524,543.763184,756.264648,765.087708,79.337303,28.927994,2,3.951814,1.711248,0.365673,2.988617,0.378741,2.764839,151.336685,1.988487,1.593557,1.435427,3.587249
1773774788.161008,212.718643,559.931763,782.733887,772.650391,76.654404,27.531034,2,3.660737,1.795864,-1.294471,2.865383,0.382014,2.906996,123.603699,1.988487,1.593557,1.435427,3.587249
1773774788.926133,207.339966,551.445557,765.087708,758.785522,78.422379,27.325239,2,3.773256,1.80906,0.216145,2.886872,0.37509,2.929715,176.206833,1.988487,1.593557,1.435427,3.587249
1773774789.70008,211.642914,567.309692,773.910828,778.952576,77.528313,27.170193,2,3.857996,1.819134,-1.304977,2.985744,0.385007,2.947158,123.193161,1.988487,1.593557,1.435427,3.587249
1773774790.475288,212.718643,563.713074,775.171265,776.431702,77.402252,27.396955,2,3.841396,1.804439,-0.865524,2.97774,0.383838,2.921742,130.686798,1.988487,1.593557,1.435427,3.587249
1773774791.239151,210.567169,550.739258,763.827271,761.306396,78.551788,27.658663,2,3.804156,1.787778,0.189974,2.905718,0.376447,2.893149,179.996735,1.988487,1.593557,1.435427,3.587249
1773774792.018141,209.491425,568.200684,778.952576,777.692139,77.026512,26.937576,2,3.858109,1.834466,-1.104405,3.005284,0.384305,2.97387,134.277374,1.988487,1.593557,1.435427,3.587249
1773774792.787058,219.17305,561.039978,768.86908,780.213013,78.03669,28.091436,2,3.584872,1.760908,-0.142122,2.756297,0.385944,2.847533,113.035736,1.988487,1.593557,1.435427,3.587249
1773774793.558484,221.324524,552.586304,771.389954,773.910828,77.78167,28.598196,2,3.731236,1.730479,1.614355,2.878238,0.382997,2.796613,148.806763,1.988487,1.593557,1.435427,3.587249
1773774794.348818,208.415695,566.755554,790.29657,775.171265,75.920868,26.886406,2,3.720455,1.837874,-3.072108,2.940263,0.383042,2.979836,126.377945,1.988487,1.593557,1.435427,3.587249
1773774795.106379,212.718643,549.848206,757.525085,762.566833,79.205299,27.895081,2,3.687945,1.772996,-2.806906,2.793711,0.377149,2.867978,107.148689,1.988487,1.593557,1.435427,3.587249
1773774795.874023,215.945847,555.444092,767.608582,771.389954,78.164841,27.994383,2,3.770409,1.766862,-2.333746,2.894198,0.381546,2.857587,116.459808,1.988487,1.593557,1.435427,3.587249
1773774796.646723,214.870117,556.519836,772.650391,771.389954,77.654785,27.854929,2,3.67699,1.775489,-1.49289,2.841027,0.381499,2.87221,136.707977,1.988487,1.593557,1.435427,3.587249
1773774797.418149,209.491425,555.596313,771.389954,765.087708,77.78167,27.381361,2,3.658403,1.805441,-1.05288,2.822055,0.378224,2.92347,129.367203,1.988487,1.593557,1.435427,3.587249
1773774798.192096,212.718643,564.973511,773.910828,777.692139,77.528313,27.352551,2,3.654356,1.807297,-1.410738,2.828146,0.384446,2.926672,114.021515,1.988487,1.593557,1.435427,3.587249
1773774798.950918,211.642914,545.882202,758.785522,757.525085,79.07373,27.938732,2,3.608177,1.770294,-1.586883,2.737832,0.37467,2.863397,120.36676,1.988487,1.593557,1.435427,3.587249
1773774799.698395,211.642914,535.798706,747.441589,747.441589,80.273834,28.315645,2,3.602503,1.747311,-1.109454,2.69266,0.369806,2.824682,130.932983,1.988487,1.593557,1.435427,3.587249
1773774800.450916,197.65834,538.439209,752.483337,736.097534,79.735985,26.852194,2,3.72361,1.84016,-3.595531,2.801955,0.363723,2.983842,120.384796,1.988487,1.593557,1.435427,3.587249
1773774801.18831,213.794373,542.470276,737.357971,756.264648,81.371605,28.269783,2,4.054218,1.750075,-0.933086,2.98941,0.374156,2.829314,133.884598,1.988487,1.593557,1.435427,3.587249
1773774801.961008,208.415695,557.932434,772.650391,766.348145,77.654785,27.195953,2,3.712696,1.817452,-2.380223,2.868616,0.378786,2.94424,112.042725,1.988487,1.593557,1.435427,3.587249
1773774802.708487,208.415695,539.025879,747.441589,747.441589,80.273834,27.883879,2,3.864874,1.773691,-1.594939,2.888767,0.369665,2.869157,110.205368,1.988487,1.593557,1.435427,3.587249
1773774803.47109,210.567169,554.520508,762.566833,765.087708,78.681625,27.521965,2,3.859771,1.796441,-1.040629,2.943333,0.378271,2.907987,131.19519,1.988487,1.593557,1.435427,3.587249
1773774804.243777,207.339966,561.529114,772.650391,768.86908,77.654785,26.966875,2,3.89843,1.83252,-0.8764,3.012123,0.379955,2.970469,141.207077,1.988487,1.593557,1.435427,3.587249
1773774805.002598,201.961288,550.522034,758.785522,752.483337,79.07373,26.839304,2,4.054696,1.841023,-2.389095,3.076645,0.371815,2.985355,130.224762,1.988487,1.593557,1.435427,3.587249
1773774805.763942,201.961288,559.345093,761.306396,761.306396,78.811897,26.528254,2,4.144573,1.862098,-2.352715,3.15529,0.376072,3.022516,130.625687,1.988487,1.593557,1.435427,3.587249
1773774806.526544,205.188492,561.159668,762.566833,766.348145,78.681625,26.774841,2,4.051472,1.84535,0.201073,3.089518,0.378645,2.992955,173.736267,1.988487,1.593557,1.435427,3.587249
1773774807.301764,203.037018,569.613403,775.171265,772.650391,77.402252,26.277992,2,3.936257,1.879416,-0.953986,3.051273,0.381591,3.053336,120.379456,1.988487,1.593557,1.435427,3.587249
1773774808.061847,209.491425,558.117188,760.045959,767.608582,78.942596,27.291437,2,4.203819,1.811247,0.84481,3.195096,0.379441,2.933494,136.436188,1.988487,1.593557,1.435427,3.587249
1773774808.832012,203.037018,559.529785,770.129517,762.566833,77.908974,26.625473,2,4.121326,1.855458,-0.002691,3.173955,0.376727,3.010767,140.469208,1.988487,1.593557,1.435427,3.587249
1773774809.604699,200.885559,569.243958,772.650391,770.129517,77.654785,26.084646,2,4.103988,1.893023,-2.118065,3.170948,0.380281,3.07773,123.558426,1.988487,1.593557,1.435427,3.587249
1773774810.35974,201.961288,554.303345,755.004211,756.264648,79.469757,26.705107,2,4.183603,1.850055,-0.499201,3.158638,0.37364,3.001235,140.686966,1.988487,1.593557,1.435427,3.587249
1773774811.134947,194.431122,571.916992,775.171265,766.348145,77.402252,25.371122,2,4.067164,1.945033,-1.722565,3.152749,0.378175,3.172421,117.625244,1.988487,1.593557,1.435427,3.587249
1773774811.893781,197.65834,564.908508,758.785522,762.566833,79.07373,25.920135,2,4.32222,1.90476,-0.014199,3.279638,0.376492,3.098899,128.685287,1.988487,1.593557,1.435427,3.587249
1773774812.639999,199.809814,548.892212,746.181152,748.702026,80.409431,26.687494,2,4.329249,1.851247,1.431045,3.230404,0.369897,3.003337,162.691788,1.988487,1.593557,1.435427,3.587249
1773774813.401341,201.961288,561.865967,761.306396,763.827271,78.811897,26.440701,2,4.356563,1.868119,-0.017688,3.316679,0.377288,3.033203,148.256943,1.988487,1.593557,1.435427,3.587249
1773774814.17781,199.809814,574.101013,776.431702,773.910828,77.276596,25.818195,2,4.243209,1.912109,-0.072555,3.294562,0.382058,3.112211,136.777176,1.988487,1.593557,1.435427,3.587249
1773774814.940413,198.73407,562.572327,762.566833,761.306396,78.681625,26.104349,2,4.253373,1.891627,-0.363705,3.243481,0.375931,3.07522,145.251221,1.988487,1.593557,1.435427,3.587249
1773774815.715621,200.885559,576.80658,775.171265,777.692139,77.402252,25.830988,2,4.212129,1.911183,-0.944037,3.265121,0.383929,3.110532,127.331924,1.988487,1.593557,1.435427,3.587249
1773774816.482017,200.885559,565.462585,766.348145,766.348145,78.293396,26.213354,2,4.23895,1.883942,-1.881708,3.248512,0.378457,3.061434,136.683777,1.988487,1.593557,1.435427,3.587249
1773774817.247141,204.112747,564.756348,765.087708,768.86908,78.422379,26.54714,2,4.149164,1.860804,-0.888539,3.174474,0.379814,3.020224,135.035934,1.988487,1.593557,1.435427,3.587249
1773774818.02613,206.264236,575.209229,778.952576,781.47345,77.026512,26.394272,2,4.012902,1.871328,-2.603513,3.12586,0.385988,3.038911,120.369049,1.988487,1.593557,1.435427,3.587249
1773774818.802598,208.415695,570.536865,776.431702,778.952576,77.276596,26.75589,2,3.982311,1.846627,-2.282517,3.091992,0.384866,2.995199,122.972031,1.988487,1.593557,1.435427,3.587249
1773774819.576545,217.021576,566.972778,773.910828,783.994324,77.528313,27.681524,2,3.78135,1.786338,-2.461558,2.926428,0.387674,2.890688,103.589828,1.988487,1.593557,1.435427,3.587249
1773774820.340421,231.006149,549.206848,763.827271,780.213013,78.551788,29.608086,2,3.268545,1.672944,-2.721896,2.496604,0.38646,2.702487,106.311287,1.988487,1.593557,1.435427,3.587249
1773774821.124452,407.426849,583.279785,783.994324,990.706665,76.531166,41.12487,2,2.993048,1.216672,-2.024629,2.346533,0.495705,2.055621,113.993469,1.988487,1.593557,1.435427,3.587249
1773774821.937473,577.940796,379.994385,812.984497,957.935181,73.802147,60.331928,3,0.965994,0.834459,0.175462,0.785338,0.482268,1.149098,10.0,5.217613,3.302011,0.468735,3.811238
1773774822.910582,261.12677,395.563049,973.060486,656.689819,61.661121,39.764099,2,1.585858,1.256814,-4.685106,1.543135,0.328188,2.105435,57.354179,1.988487,1.593557,1.435427,3.587249
1773774823.729917,217.021576,550.587036,819.286682,767.608582,73.234436,28.272427,2,3.285007,1.749915,-2.747956,2.691363,0.379769,2.829046,97.91288,1.988487,1.593557,1.435427,3.587249
1773774824.502603,215.945847,555.444092,772.650391,771.389954,77.654785,27.994383,2,3.634267,1.766862,-1.097538,2.808018,0.381546,2.857587,103.801544,1.988487,1.593557,1.435427,3.587249
1773774825.284114,213.794373,565.158203,781.47345,778.952576,76.778038,27.446392,2,3.781295,1.801267,-0.798443,2.954982,0.385101,2.916281,129.491089,1.988487,1.593557,1.435427,3.587249
1773774826.049237,215.945847,551.66272,765.087708,767.608582,78.422379,28.132286,2,3.770858,1.758415,0.066394,2.885037,0.379722,2.843331,119.953468,1.988487,1.593557,1.435427,3.587249
1773774826.828227,222.400253,564.114929,778.952576,786.515198,77.026512,28.276665,2,3.799617,1.749659,2.250445,2.959721,0.389125,2.828618,111.954079,1.988487,1.593557,1.435427,3.587249
1773774827.622353,220.248795,571.308228,794.077881,791.557007,75.559341,27.824753,2,3.471073,1.777367,0.570403,2.756302,0.391463,2.875402,141.102585,1.988487,1.593557,1.435427,3.587249
1773774828.401341,222.400253,559.073181,778.952576,781.47345,77.026512,28.459093,2,3.532442,1.738724,0.040854,2.751605,0.386693,2.810332,127.844017,1.988487,1.593557,1.435427,3.587249
1773774829.17907,220.248795,554.922485,777.692139,775.171265,77.151352,28.41292,2,3.520092,1.741478,-1.117769,2.737548,0.383558,2.814929,110.369537,1.988487,1.593557,1.435427,3.587249
1773774829.96058,225.627487,562.148132,781.47345,787.775635,76.778038,28.641085,2,3.481613,1.727953,-0.149658,2.720788,0.389874,2.792422,129.869141,1.988487,1.593557,1.435427,3.587249
1773774830.737049,234.233368,552.28186,776.431702,786.515198,77.276596,29.781162,2,3.121073,1.663475,4.280809,2.4233,0.389641,2.687265,126.800728,1.988487,1.593557,1.435427,3.587249
1773774831.528654,227.778946,556.215393,791.557007,783.994324,75.799973,29.053646,2,2.99738,1.704036,0.192869,2.372597,0.388143,2.753004,129.13237,1.988487,1.593557,1.435427,3.587249
1773774832.315205,223.475998,557.997437,786.515198,781.47345,76.285873,28.59675,2,3.345754,1.730564,-0.442144,2.631486,0.386739,2.796755,92.511589,1.988487,1.593557,1.435427,3.587249
1773774833.104278,222.400253,565.375366,789.036072,787.775635,76.042152,28.231421,2,3.440758,1.752393,0.651849,2.714882,0.389733,2.833205,149.593582,1.988487,1.593557,1.435427,3.587249
1773774833.892102,232.081909,567.03772,787.775635,799.119629,76.163818,29.0422,2,3.359889,1.70469,-0.760727,2.646839,0.395628,2.754076,115.571091,1.988487,1.593557,1.435427,3.587249
1773774834.66857,226.703217,543.42627,776.431702,770.129517,77.276596,29.437023,2,3.181939,1.682412,-1.057074,2.470558,0.381408,2.717783,90.205704,1.988487,1.593557,1.435427,3.587249
1773774835.45134,227.778946,556.215393,782.733887,783.994324,76.654404,29.053646,2,3.312898,1.704036,-0.764477,2.593118,0.388143,2.753004,98.819,1.988487,1.593557,1.435427,3.587249
1773774836.227808,227.778946,548.652771,776.431702,776.431702,77.276596,29.336637,2,3.428622,1.688019,-0.109232,2.662091,0.384495,2.726878,123.458221,1.988487,1.593557,1.435427,3.587249
1773774837.01436,224.551743,558.182129,786.515198,782.733887,76.285873,28.688133,2,3.453568,1.725191,-0.022291,2.716284,0.387395,2.787844,117.133606,1.988487,1.593557,1.435427,3.587249
1773774837.788319,226.703217,549.728516,773.910828,776.431702,77.528313,29.19809,2,3.393957,1.695822,-0.727466,2.62662,0.384448,2.739578,110.396301,1.988487,1.593557,1.435427,3.587249
1773774838.559745,225.627487,544.502014,771.389954,770.129517,77.78167,29.297342,2,3.404035,1.690225,-1.346665,2.625838,0.381361,2.730463,103.029373,1.988487,1.593557,1.435427,3.587249
1773774839.342516,218.097321,555.813477,782.733887,773.910828,76.654404,28.181194,2,3.39561,1.755439,-2.319602,2.657859,0.382857,2.838322,101.72773,1.988487,1.593557,1.435427,3.587249
1773774840.124025,225.627487,564.669067,781.47345,790.29657,76.778038,28.549725,2,3.536346,1.733343,-1.543747,2.763561,0.39109,2.801372,100.103485,1.988487,1.593557,1.435427,3.587249
1773774840.885368,227.778946,536.04834,761.306396,763.827271,78.811897,29.82074,2,3.435057,1.661325,-1.007108,2.615131,0.378415,2.68382,108.65921,1.988487,1.593557,1.435427,3.587249
1773774841.661849,235.309097,549.945679,776.431702,785.254761,77.276596,29.965956,2,3.266139,1.653486,-0.507925,2.535934,0.38908,2.67129,113.567307,1.988487,1.593557,1.435427,3.587249
1773774842.438316,232.081909,540.568481,776.431702,772.650391,77.276596,30.037117,2,3.329218,1.649672,-0.64962,2.58491,0.382859,2.665213,99.313232,1.988487,1.593557,1.435427,3.587249
1773774843.221087,226.703217,549.728516,782.733887,776.431702,76.654404,29.19809,2,3.422646,1.695822,-0.828624,2.679021,0.384448,2.739578,112.88533,1.988487,1.593557,1.435427,3.587249
1773774844.006378,234.233368,559.844482,785.254761,794.077881,76.408325,29.497532,2,3.266277,1.67905,0.263327,2.564859,0.39329,2.712343,124.151375,1.988487,1.593557,1.435427,3.587249
1773774844.791681,231.006149,550.467285,785.254761,781.47345,76.408325,29.560333,2,3.304608,1.675576,-1.36879,2.594959,0.387068,2.706731,109.651825,1.988487,1.593557,1.435427,3.587249
1773774845.582015,241.763519,561.137451,790.29657,802.90094,75.920868,30.11125,2,3.290074,1.645718,-1.660385,2.600134,0.397875,2.658926,104.335068,1.988487,1.593557,1.435427,3.587249
1773774846.378649,236.384842,553.911743,796.598755,790.29657,75.320229,29.910904,2,3.118264,1.656449,-1.104257,2.484005,0.391559,2.67602,96.853477,1.988487,1.593557,1.435427,3.587249
1773774847.160159,247.142181,546.935669,781.47345,794.077881,76.778038,31.123167,2,3.240606,1.59363,0.02619,2.532448,0.393853,2.577341,90.998528,1.988487,1.593557,1.435427,3.587249
1773774847.950504,240.687759,542.046143,790.29657,782.733887,75.920868,30.749628,2,3.102538,1.612458,-0.97986,2.451925,0.388099,2.606566,94.773476,1.988487,1.593557,1.435427,3.587249
1773774848.732014,241.763519,540.970337,781.47345,782.733887,76.778038,30.887064,2,3.180953,1.605478,-0.781627,2.48583,0.388146,2.595696,105.525841,1.988487,1.593557,1.435427,3.587249
1773774849.533691,231.006149,558.029907,801.640503,789.036072,74.846519,29.277008,2,3.27324,1.691368,-1.566318,2.623962,0.390717,2.732323,103.043343,1.988487,1.593557,1.435427,3.587249
1773774850.308899,238.536301,545.458008,775.171265,783.994324,77.402252,30.42577,2,3.388236,1.629157,0.078199,2.626463,0.388613,2.632737,98.90667,1.988487,1.593557,1.435427,3.587249
1773774851.103025,240.687759,555.911011,794.077881,796.598755,75.559341,30.214428,2,3.2633,1.640247,-1.388019,2.591315,0.394787,2.650249,94.10257,1.988487,1.593557,1.435427,3.587249
1773774851.894619,255.748077,553.455078,791.557007,809.203125,75.799973,31.604931,2,2.9035,1.570003,-1.485131,2.298286,0.401525,2.541095,85.309128,1.988487,1.593557,1.435427,3.587249
1773774852.692514,252.520874,541.557007,797.859192,794.077881,75.201241,31.800518,2,2.596349,1.560615,-2.987394,2.071521,0.394088,2.526824,73.022354,1.988487,1.593557,1.435427,3.587249
1773774853.46646,260.051025,522.682861,773.910828,782.733887,77.528313,33.223427,2,2.99183,1.495646,-0.673305,2.31541,0.388944,2.430117,76.505707,1.988487,1.593557,1.435427,3.587249
1773774854.261848,241.763519,532.147339,795.338318,773.910828,75.43959,31.239197,2,3.113283,1.587873,-1.201591,2.476113,0.38389,2.568465,79.634247,1.988487,1.593557,1.435427,3.587249
1773774855.039576,238.536301,535.374512,777.692139,773.910828,77.151352,30.822193,2,3.41618,1.608765,0.699811,2.656736,0.383749,2.600809,68.506676,1.988487,1.593557,1.435427,3.587249
1773774855.837472,223.475998,556.737,797.859192,780.213013,75.201241,28.642946,2,3.432484,1.727843,-2.292652,2.738639,0.386131,2.79224,97.626717,1.988487,1.593557,1.435427,3.587249
1773774856.607638,226.703217,547.207642,770.129517,773.910828,77.908974,29.293198,2,3.450991,1.690458,-0.684701,2.65771,0.383232,2.730841,102.441643,1.988487,1.593557,1.435427,3.587249
1773774857.386639,213.794373,550.032898,778.952576,763.827271,77.026512,27.989885,2,3.582598,1.767139,-3.114612,2.790674,0.377804,2.858056,111.109558,1.988487,1.593557,1.435427,3.587249
1773774858.135377,229.93042,537.678162,748.702026,767.608582,80.138687,29.954124,2,3.597627,1.654122,-0.012788,2.693551,0.380333,2.672304,114.687134,1.988487,1.593557,1.435427,3.587249
1773774858.903022,239.61203,539.340576,767.608582,778.952576,78.164841,30.760798,2,3.388759,1.611889,0.574412,2.60124,0.386228,2.605677,109.676102,1.988487,1.593557,1.435427,3.587249
1773774859.674448,236.384842,531.223755,771.389954,767.608582,77.78167,30.794971,2,3.231507,1.610149,0.457922,2.492752,0.380615,2.602964,96.33709,1.988487,1.593557,1.435427,3.587249
1773774860.449656,233.157639,538.2323,775.171265,771.389954,77.402252,30.225653,2,3.478505,1.639654,0.534097,2.696438,0.382298,2.64931,124.580177,1.988487,1.593557,1.435427,3.587249
1773774861.228645,236.384842,546.34906,778.952576,782.733887,77.026512,30.1999,2,3.379745,1.641015,-1.021734,2.632661,0.387911,2.651465,91.128296,1.988487,1.593557,1.435427,3.587249
1773774862.017729,232.081909,551.912415,789.036072,783.994324,76.042152,29.602497,2,3.064795,1.673251,-0.607895,2.418234,0.388331,2.702982,102.718918,1.988487,1.593557,1.435427,3.587249
1773774862.809323,232.081909,559.475098,791.557007,791.557007,75.799973,29.319672,2,3.220538,1.688971,-1.063348,2.549239,0.39198,2.728424,94.917191,1.988487,1.593557,1.435427,3.587249
1773774863.593353,233.157639,552.097107,783.994324,785.254761,76.531166,29.691973,2,3.2709,1.668341,-1.67323,2.564368,0.388986,2.695077,93.237305,1.988487,1.593557,1.435427,3.587249
1773774864.378645,233.157639,552.097107,785.254761,785.254761,76.408325,29.691973,2,3.235852,1.668341,-2.139114,2.540968,0.388986,2.695077,92.493195,1.988487,1.593557,1.435427,3.587249
1773774865.174032,228.854675,561.441895,795.338318,790.29657,75.43959,28.958076,2,3.312023,1.709516,-2.493632,2.634178,0.391231,2.761992,101.287888,1.988487,1.593557,1.435427,3.587249
1773774865.941676,223.475998,537.830383,767.608582,761.306396,78.164841,29.354277,2,3.388892,1.687031,0.58269,2.601342,0.377011,2.725274,111.06356,1.988487,1.593557,1.435427,3.587249
1773774866.721926,227.778946,557.47583,780.213013,785.254761,76.902077,29.007011,2,3.414689,1.706705,-1.503952,2.664185,0.388752,2.757379,103.234848,1.988487,1.593557,1.435427,3.587249
1773774867.48705,232.081909,538.047607,765.087708,770.129517,78.422379,30.135437,2,3.377677,1.644432,0.342323,2.584219,0.381643,2.656884,109.857834,1.988487,1.593557,1.435427,3.587249
1773774868.271092,228.854675,551.358337,783.994324,780.213013,76.531166,29.332335,2,3.346252,1.68826,-1.007331,2.623443,0.386366,2.72727,108.247574,1.988487,1.593557,1.435427,3.587249
1773774869.060165,231.006149,560.550842,789.036072,791.557007,76.042152,29.183765,2,3.261209,1.696633,-0.743243,2.573211,0.391933,2.740901,96.218185,1.988487,1.593557,1.435427,3.587249
1773774869.849237,231.006149,558.029907,789.036072,789.036072,76.042152,29.277008,2,3.322153,1.691368,-1.021585,2.621298,0.390717,2.732323,97.054092,1.988487,1.593557,1.435427,3.587249
1773774870.643352,224.551743,561.96344,794.077881,786.515198,75.559341,28.550211,2,3.389338,1.733314,-2.265627,2.691398,0.389219,2.801324,109.013123,1.988487,1.593557,1.435427,3.587249
1773774871.417311,228.854675,550.0979,773.910828,778.952576,77.528313,29.379797,2,3.528907,1.685604,0.120778,2.731059,0.385758,2.722957,132.877075,1.988487,1.593557,1.435427,3.587249
1773774872.1963,228.854675,550.0979,778.952576,778.952576,77.026512,29.379797,2,3.563249,1.685604,1.143051,2.775602,0.385758,2.722957,122.390572,1.988487,1.593557,1.435427,3.587249
1773774872.991675,222.400253,565.375366,795.338318,787.775635,75.43959,28.231421,2,3.418982,1.752393,-0.943963,2.719247,0.389733,2.833205,116.966034,1.988487,1.593557,1.435427,3.587249
1773774873.773185,222.400253,559.073181,781.47345,781.47345,76.778038,28.459093,2,3.392603,1.738724,0.074449,2.651229,0.386693,2.810332,110.664879,1.988487,1.593557,1.435427,3.587249
1773774874.549665,231.006149,555.509033,776.431702,786.515198,77.276596,29.370844,2,3.373697,1.686104,-0.5005,2.619445,0.3895,2.723769,98.483688,1.988487,1.593557,1.435427,3.587249
1773774875.333696,232.081909,553.172852,783.994324,785.254761,76.531166,29.554983,2,3.34171,1.675871,0.010154,2.619882,0.388939,2.707208,109.245338,1.988487,1.593557,1.435427,3.587249
1773774876.131591,231.006149,565.59259,797.859192,796.598755,75.201241,28.99906,2,3.194497,1.707161,0.561382,2.548759,0.394365,2.758127,128.387405,1.988487,1.593557,1.435427,3.587249
1773774876.913101,237.460571,551.5755,781.47345,789.036072,76.778038,30.09502,2,3.270343,1.646582,0.043044,2.555686,0.390998,2.660299,86.676277,1.988487,1.593557,1.435427,3.587249
1773774877.709748,226.703217,557.291138,796.598755,783.994324,75.320229,28.916437,2,3.295391,1.711914,-0.696691,2.625104,0.388096,2.765934,102.052658,1.988487,1.593557,1.435427,3.587249
1773774878.489997,226.703217,553.509766,780.213013,780.213013,76.902077,29.05658,2,3.411882,1.703868,-0.224014,2.661995,0.386272,2.752729,115.947861,1.988487,1.593557,1.435427,3.587249
1773774879.262685,219.17305,544.654236,772.650391,763.827271,77.654785,28.694061,2,3.435987,1.724843,-0.713508,2.654816,0.378039,2.787269,115.839706,1.988487,1.593557,1.435427,3.587249
1773774880.051757,223.475998,570.601868,789.036072,794.077881,76.042152,28.14283,2,3.388282,1.757772,-0.595088,2.673477,0.39282,2.842249,117.434662,1.988487,1.593557,1.435427,3.587249
1773774880.839569,234.233368,566.146729,787.775635,800.380066,76.163818,29.265266,2,3.312777,1.692029,-0.859213,2.609725,0.39633,2.733399,109.306122,1.988487,1.593557,1.435427,3.587249
1773774881.621091,226.703217,545.947144,781.47345,772.650391,76.778038,29.340982,2,3.25302,1.687776,-0.652071,2.542149,0.382624,2.726482,119.286774,1.988487,1.593557,1.435427,3.587249
1773774882.413944,221.324524,565.190674,792.817444,786.515198,75.679466,28.139893,2,3.267971,1.757951,-2.132024,2.590904,0.389078,2.84255,93.291367,1.988487,1.593557,1.435427,3.587249
1773774883.194194,222.400253,559.073181,780.213013,781.47345,76.902077,28.459093,2,3.438685,1.738724,0.608267,2.682906,0.386693,2.810332,120.761398,1.988487,1.593557,1.435427,3.587249
1773774883.966881,232.081909,551.912415,772.650391,783.994324,77.654785,29.602497,2,3.413942,1.673251,0.052102,2.637784,0.388331,2.702982,109.266289,1.988487,1.593557,1.435427,3.587249
1773774884.764788,229.93042,565.407898,797.859192,795.338318,75.201241,28.909763,2,3.14658,1.712299,-1.020472,2.510528,0.39371,2.766568,99.388214,1.988487,1.593557,1.435427,3.587249
1773774885.543778,224.551743,548.098633,778.952576,772.650391,77.026512,29.062527,2,3.274555,1.703528,0.308542,2.550723,0.38253,2.752172,123.89785,1.988487,1.593557,1.435427,3.587249
1773774886.33285,219.17305,563.560852,789.036072,782.733887,76.042152,28.000965,2,3.490533,1.766457,-1.029047,2.754156,0.38716,2.856902,103.241821,1.988487,1.593557,1.435427,3.587249
1773774887.095454,234.233368,545.979614,762.566833,780.213013,78.681625,30.021721,2,3.550701,1.650496,1.946079,2.707647,0.386601,2.666524,138.797043,1.988487,1.593557,1.435427,3.587249
1773774887.892101,235.309097,562.55011,796.598755,797.859192,75.320229,29.492559,2,3.417684,1.679326,0.553178,2.722523,0.395161,2.712789,128.00145,1.988487,1.593557,1.435427,3.587249
1773774888.683693,229.93042,555.324341,791.557007,785.254761,75.799973,29.280996,2,3.12973,1.691144,-1.703781,2.47736,0.388845,2.731958,85.210136,1.988487,1.593557,1.435427,3.587249
1773774889.456381,233.157639,543.274048,772.650391,776.431702,77.654785,30.029381,2,3.353519,1.650086,-2.502727,2.591098,0.38473,2.665872,88.510811,1.988487,1.593557,1.435427,3.587249
1773774890.231588,232.081909,541.828918,775.171265,773.910828,77.402252,29.988197,2,3.619207,1.652292,1.125195,2.805505,0.383467,2.669386,106.760719,1.988487,1.593557,1.435427,3.587249
1773774891.029495,220.248795,563.745544,797.859192,783.994324,75.201241,28.093163,2,3.120684,1.760803,-1.562085,2.489867,0.387815,2.847355,91.427444,1.988487,1.593557,1.435427,3.587249
1773774891.807225,220.248795,557.443359,777.692139,777.692139,77.151352,28.32082,2,3.460989,1.747,-1.034689,2.691584,0.384775,2.824161,116.475739,1.988487,1.593557,1.435427,3.587249
1773774892.584953,220.248795,557.443359,777.692139,777.692139,77.151352,28.32082,2,3.359062,1.747,-0.966533,2.612316,0.384775,2.824161,106.32283,1.988487,1.593557,1.435427,3.587249
1773774893.360161,219.17305,554.737793,775.171265,773.910828,77.402252,28.320194,2,3.545039,1.747037,-0.620256,2.748012,0.382903,2.824224,107.962807,1.988487,1.593557,1.435427,3.587249
1773774894.134108,221.324524,555.107178,773.910828,776.431702,77.528313,28.505342,2,3.535689,1.735973,-1.308207,2.736308,0.384214,2.805749,101.992104,1.988487,1.593557,1.435427,3.587249
1773774894.906806,223.475998,551.695251,772.650391,775.171265,77.654785,28.829241,2,3.517019,1.71696,-1.116024,2.717426,0.383699,2.774244,117.131439,1.988487,1.593557,1.435427,3.587249
1773774895.699661,226.703217,569.895508,792.817444,796.598755,75.679466,28.458897,2,3.278045,1.738735,-0.283744,2.598891,0.394177,2.810351,119.352509,1.988487,1.593557,1.435427,3.587249
1773774896.471086,220.248795,543.578491,771.389954,763.827271,77.78167,28.834894,2,3.408813,1.716632,0.755123,2.629524,0.378086,2.773703,143.922119,1.988487,1.593557,1.435427,3.587249
1773774897.253856,217.021576,561.93103,782.733887,778.952576,76.654404,27.860693,2,3.573692,1.775131,-1.093677,2.79725,0.385242,2.871602,106.09761,1.988487,1.593557,1.435427,3.587249
1773774898.027816,222.400253,557.812744,773.910828,780.213013,77.528313,28.50507,2,3.52044,1.73599,-1.126307,2.724507,0.386085,2.805776,102.221184,1.988487,1.593557,1.435427,3.587249
1773774898.809326,222.400253,559.073181,781.47345,781.47345,76.778038,28.459093,2,3.429237,1.738724,-0.72483,2.679858,0.386693,2.810332,99.004387,1.988487,1.593557,1.435427,3.587249
1773774899.594618,211.642914,561.007446,785.254761,772.650391,76.408325,27.391809,2,3.647344,1.804769,-2.232847,2.864094,0.381967,2.922312,109.425903,1.988487,1.593557,1.435427,3.587249
1773774900.376127,217.021576,570.754028,781.47345,787.775635,76.778038,27.548653,2,3.601099,1.794743,-2.933605,2.814164,0.389498,2.905073,101.466927,1.988487,1.593557,1.435427,3.587249
1773774901.143771,217.021576,550.587036,767.608582,767.608582,78.164841,28.272427,2,3.688699,1.749915,-0.991665,2.831477,0.379769,2.829046,114.830353,1.988487,1.593557,1.435427,3.587249
1773774901.905127,231.006149,546.685974,761.306396,777.692139,78.811897,29.704062,2,3.401271,1.667679,4.210574,2.589409,0.385244,2.694015,112.700554,1.988487,1.593557,1.435427,3.587249
1773774902.701762,226.703217,564.85376,796.598755,791.557007,75.320229,28.640163,2,3.11319,1.728007,-0.082244,2.479963,0.391745,2.792511,106.958878,1.988487,1.593557,1.435427,3.587249
1773774903.493355,221.324524,563.930237,791.557007,785.254761,75.799973,28.185061,2,3.257594,1.755204,-1.113277,2.578572,0.38847,2.837927,98.320953,1.988487,1.593557,1.435427,3.587249
1773774904.261,221.324524,546.284058,767.608582,767.608582,78.164841,28.832993,2,3.564372,1.716742,-1.027154,2.736042,0.379957,2.773885,117.151657,1.988487,1.593557,1.435427,3.587249
1773774905.037468,213.794373,553.814209,776.431702,767.608582,77.276596,27.852005,2,3.48188,1.775671,-2.367379,2.703442,0.379628,2.872519,112.060532,1.988487,1.593557,1.435427,3.587249
1773774905.842938,219.17305,592.550964,805.421814,811.723999,74.495125,27.000935,2,3.600408,1.830264,-2.347481,2.899847,0.401145,2.966529,108.215736,1.988487,1.593557,1.435427,3.587249
1773774906.616886,227.778946,556.215393,773.910828,783.994324,77.528313,29.053646,2,3.524076,1.704036,-1.361514,2.727321,0.388143,2.753004,100.696068,1.988487,1.593557,1.435427,3.587249
1773774907.395874,221.324524,550.06543,778.952576,771.389954,77.026512,28.691652,2,3.480207,1.724984,-0.87692,2.710916,0.381781,2.787503,103.76255,1.988487,1.593557,1.435427,3.587249
1773774908.184947,222.400253,567.896301,789.036072,790.29657,76.042152,28.141367,2,3.54555,1.757861,-0.374581,2.797567,0.390949,2.842399,110.974411,1.988487,1.593557,1.435427,3.587249
1773774908.957646,219.17305,549.696045,772.650391,768.86908,77.654785,28.505901,2,3.407694,1.73594,-1.109008,2.632956,0.380471,2.805694,124.248138,1.988487,1.593557,1.435427,3.587249
1773774909.744197,214.870117,566.603333,786.515198,781.47345,76.285873,27.49551,2,3.518948,1.798127,-1.557965,2.767706,0.386364,2.910883,103.057312,1.988487,1.593557,1.435427,3.587249
1773774910.524447,221.324524,566.451111,780.213013,787.775635,76.902077,28.094868,2,3.534117,1.760699,-1.508629,2.757364,0.389686,2.847179,114.058624,1.988487,1.593557,1.435427,3.587249
1773774911.295873,223.475998,550.434814,771.389954,773.910828,77.78167,28.876194,2,3.456455,1.714239,0.152814,2.666275,0.383091,2.769761,157.841232,1.988487,1.593557,1.435427,3.587249
1773774912.079916,226.703217,561.072388,783.994324,787.775635,76.531166,28.777637,2,3.397461,1.719961,-1.121073,2.66359,0.389921,2.779195,112.563095,1.988487,1.593557,1.435427,3.587249
1773774912.87151,219.17305,563.560852,791.557007,782.733887,75.799973,28.000965,2,3.378278,1.766457,0.035619,2.6741,0.38716,2.856902,137.714096,1.988487,1.593557,1.435427,3.587249
1773774913.660582,211.642914,568.570068,789.036072,780.213013,76.042152,27.126301,2,3.533041,1.822007,-1.688041,2.787697,0.385615,2.952148,111.412903,1.988487,1.593557,1.435427,3.587249
1773774914.43705,220.248795,566.266418,776.431702,786.515198,77.276596,28.00312,2,3.55281,1.766324,-0.042857,2.758514,0.389031,2.856678,129.65152,1.988487,1.593557,1.435427,3.587249
1773774915.224874,215.945847,566.788025,787.775635,782.733887,76.163818,27.588669,2,3.456091,1.792203,-0.135589,2.722625,0.387019,2.90072,125.354889,1.988487,1.593557,1.435427,3.587249
1773774916.001342,214.870117,560.301147,776.431702,775.171265,77.276596,27.719051,2,3.508902,1.783978,-0.592823,2.724422,0.383324,2.886661,102.337723,1.988487,1.593557,1.435427,3.587249
1773774916.780331,222.400253,565.375366,778.952576,787.775635,77.026512,28.231421,2,3.768781,1.752393,0.967128,2.935701,0.389733,2.833205,156.307632,1.988487,1.593557,1.435427,3.587249
1773774917.575706,220.248795,572.568665,795.338318,792.817444,75.43959,27.780518,2,3.592891,1.780128,-0.926812,2.857564,0.392071,2.880099,126.674225,1.988487,1.593557,1.435427,3.587249
1773774918.369832,231.006149,575.676086,794.077881,806.682251,75.559341,28.636572,2,3.66642,1.728218,-0.733702,2.911423,0.399229,2.792862,127.080307,1.988487,1.593557,1.435427,3.587249
1773774919.166467,223.475998,564.299622,796.598755,787.775635,75.320229,28.367975,2,3.589813,1.744168,-3.19513,2.859641,0.38978,2.819423,102.254105,1.988487,1.593557,1.435427,3.587249
1773774919.949237,225.627487,559.627258,782.733887,785.254761,76.654404,28.73303,2,3.637446,1.722563,-0.579868,2.847152,0.388658,2.783496,122.783188,1.988487,1.593557,1.435427,3.587249
1773774920.73705,222.400253,561.594055,787.775635,783.994324,76.163818,28.367584,2,3.565577,1.744192,-0.865301,2.808875,0.387909,2.819462,110.562775,1.988487,1.593557,1.435427,3.587249
1773774921.509749,221.324524,550.06543,772.650391,771.389954,77.654785,28.691652,2,3.496537,1.724984,0.257462,2.701601,0.381781,2.787503,118.795792,1.988487,1.593557,1.435427,3.587249
1773774922.29756,220.248795,566.266418,787.775635,786.515198,76.163818,28.00312,2,3.447662,1.766324,-1.522327,2.715984,0.389031,2.856678,112.151398,1.988487,1.593557,1.435427,3.587249
1773774923.079071,221.324524,561.409363,781.47345,782.733887,76.778038,28.275833,2,3.49847,1.74971,-0.342805,2.733961,0.387254,2.828702,119.175903,1.988487,1.593557,1.435427,3.587249
1773774923.868143,218.097321,567.157471,789.036072,785.254761,76.042152,27.774084,2,3.520401,1.78053,-0.990291,2.777723,0.388329,2.880784,107.694412,1.988487,1.593557,1.435427,3.587249
1773774924.655967,220.248795,570.047791,787.775635,790.29657,76.163818,27.869133,2,3.540765,1.774606,-0.721526,2.789329,0.390855,2.870711,120.510208,1.988487,1.593557,1.435427,3.587249
1773774925.452602,226.703217,577.45813,796.598755,804.161377,75.320229,28.191259,2,3.430478,1.754828,-1.040184,2.732715,0.397825,2.837295,112.055649,1.988487,1.593557,1.435427,3.587249
1773774926.222768,225.627487,543.241577,770.129517,768.86908,77.908974,29.345373,2,3.415495,1.68753,-0.707865,2.630373,0.380753,2.726083,107.778137,1.988487,1.593557,1.435427,3.587249
1773774927.008059,221.324524,558.888489,785.254761,780.213013,76.408325,28.367191,2,3.353894,1.744215,0.059006,2.633661,0.386038,2.819502,122.516548,1.988487,1.593557,1.435427,3.587249
1773774927.775704,221.324524,546.284058,767.608582,767.608582,78.164841,28.832993,2,3.679074,1.716742,0.813479,2.824088,0.379957,2.773885,128.07988,1.988487,1.593557,1.435427,3.587249
1773774928.56983,221.324524,572.753357,794.077881,794.077881,75.559341,27.871891,2,3.539519,1.774435,0.33501,2.810653,0.392726,2.87042,142.358475,1.988487,1.593557,1.435427,3.587249
1773774929.343778,222.400253,552.770996,773.910828,775.171265,77.528313,28.690466,2,3.477677,1.725054,-1.443294,2.691412,0.383652,2.787618,113.3629,1.988487,1.593557,1.435427,3.587249
1773774930.121506,224.551743,555.661255,777.692139,780.213013,77.151352,28.780825,2,3.579591,1.719775,0.68292,2.78382,0.386178,2.778889,126.795906,1.988487,1.593557,1.435427,3.587249
1773774930.896714,228.854675,551.358337,775.171265,780.213013,77.402252,29.332335,2,3.487661,1.68826,-0.625788,2.703534,0.386366,2.72727,114.395477,1.988487,1.593557,1.435427,3.587249
1773774931.663098,224.551743,536.754639,766.348145,761.306396,78.293396,29.495583,2,3.297992,1.679158,-1.135291,2.52741,0.377058,2.712518,106.734825,1.988487,1.593557,1.435427,3.587249
1773774932.438318,223.475998,550.434814,775.171265,773.910828,77.402252,28.876194,2,3.555511,1.714239,-1.351379,2.75613,0.383091,2.769761,116.443726,1.988487,1.593557,1.435427,3.587249
1773774933.234954,221.324524,572.753357,796.598755,794.077881,75.320229,27.871891,2,3.433223,1.774435,-1.101955,2.734902,0.392726,2.87042,104.522621,1.988487,1.593557,1.435427,3.587249
1773774934.013942,217.021576,556.889282,778.952576,773.910828,77.026512,28.042194,2,3.4692,1.763924,-0.798815,2.702342,0.38281,2.852622,114.964874,1.988487,1.593557,1.435427,3.587249
1773774934.800493,210.567169,568.385376,786.515198,778.952576,76.285873,27.032093,2,3.625126,1.828205,-2.56279,2.851217,0.38496,2.962937,108.445648,1.988487,1.593557,1.435427,3.587249
1773774935.578235,217.021576,568.233154,777.692139,785.254761,77.151352,27.637091,2,3.699528,1.78914,-1.199772,2.877094,0.388282,2.895477,119.374847,1.988487,1.593557,1.435427,3.587249
1773774936.371088,220.248795,576.349976,792.817444,796.598755,75.679466,27.648649,2,3.659082,1.78841,-0.846925,2.900984,0.393895,2.894229,125.867279,1.988487,1.593557,1.435427,3.587249
1773774937.145036,227.778946,554.954956,773.910828,782.733887,77.528313,29.100433,2,3.604326,1.701366,-0.898079,2.789427,0.387535,2.748634,126.175964,1.988487,1.593557,1.435427,3.587249
1773774937.93915,221.324524,565.190674,794.077881,786.515198,75.559341,28.139893,2,3.408905,1.757951,-1.581203,2.706936,0.389078,2.84255,98.922203,1.988487,1.593557,1.435427,3.587249
1773774938.729494,218.097321,568.417847,790.29657,786.515198,75.920868,27.729574,2,3.535164,1.783318,-1.038328,2.793828,0.388937,2.885535,116.179367,1.988487,1.593557,1.435427,3.587249
1773774939.511005,212.718643,562.452637,781.47345,775.171265,76.778038,27.441502,2,3.681054,1.80158,-1.325468,2.876646,0.38323,2.91682,114.436981,1.988487,1.593557,1.435427,3.587249
1773774940.293775,213.794373,570.199951,782.733887,783.994324,76.654404,27.269888,2,3.641745,1.812643,-1.132135,2.850517,0.387533,2.935909,103.001709,1.988487,1.593557,1.435427,3.587249
1773774941.072763,219.17305,566.081726,778.952576,785.254761,77.026512,27.911076,2,3.645913,1.772005,-3.314813,2.839993,0.388376,2.866297,111.533432,1.988487,1.593557,1.435427,3.587249
1773774941.859328,226.703217,568.635132,786.515198,795.338318,76.285873,28.504,2,3.511712,1.736053,-1.218779,2.762015,0.393569,2.805882,112.345551,1.988487,1.593557,1.435427,3.587249
1773774942.644618,236.384842,560.213928,785.254761,796.598755,76.408325,29.674267,2,3.47828,1.66931,-1.552397,2.731336,0.3946,2.696636,111.075455,1.988487,1.593557,1.435427,3.587249
1773774943.434952,243.914993,555.204651,790.29657,799.119629,75.920868,30.522963,2,3.440205,1.624108,-0.80932,2.718782,0.396144,2.624799,99.95356,1.988487,1.593557,1.435427,3.587249
1773774944.232847,233.157639,552.097107,797.859192,785.254761,75.201241,29.691973,2,3.303216,1.668341,0.522218,2.635501,0.388986,2.695077,118.812645,1.988487,1.593557,1.435427,3.587249
1773774945.01941,232.081909,553.172852,786.515198,785.254761,76.285873,29.554983,2,3.38383,1.675871,-0.770156,2.661434,0.388939,2.707208,110.476334,1.988487,1.593557,1.435427,3.587249
1773774945.812265,212.718643,557.410889,792.817444,770.129517,75.679466,27.621153,2,3.576273,1.790147,-2.037956,2.835332,0.380798,2.8972,113.126282,1.988487,1.593557,1.435427,3.587249
1773774946.588733,212.718643,563.713074,776.431702,776.431702,77.276596,27.396955,2,3.656875,1.804439,-1.904612,2.839314,0.383838,2.921742,101.989029,1.988487,1.593557,1.435427,3.587249
1773774947.361419,215.945847,560.48584,772.650391,776.431702,77.654785,27.812599,2,3.696161,1.778125,-1.09093,2.85584,0.383979,2.87669,118.392807,1.988487,1.593557,1.435427,3.587249
1773774948.151765,213.794373,573.981262,790.29657,787.775635,75.920868,27.138992,2,3.577147,1.821175,-1.150288,2.827007,0.389357,2.950703,112.933533,1.988487,1.593557,1.435427,3.587249
1773774948.930753,214.870117,565.342896,778.952576,780.213013,77.026512,27.53993,2,3.63184,1.795297,-0.659866,2.829031,0.385756,2.906025,121.260635,1.988487,1.593557,1.435427,3.587249
1773774949.719826,225.627487,576.013,789.036072,801.640503,76.042152,28.145718,2,3.502072,1.757596,-1.332039,2.763261,0.396562,2.841953,104.856873,1.988487,1.593557,1.435427,3.587249
1773774950.496294,220.248795,549.880737,776.431702,770.129517,77.276596,28.598928,2,3.384567,1.730436,-0.694056,2.627885,0.381126,2.796541,109.326752,1.988487,1.593557,1.435427,3.587249
1773774951.26772,222.400253,551.510559,771.389954,773.910828,77.78167,28.737194,2,3.47125,1.72232,-0.918645,2.677687,0.383044,2.783094,114.642029,1.988487,1.593557,1.435427,3.587249
1773774952.032857,215.945847,541.579224,765.087708,757.525085,78.422379,28.50676,2,3.37587,1.735889,-1.99211,2.582837,0.374858,2.805609,97.996033,1.988487,1.593557,1.435427,3.587249
1773774952.808064,217.021576,559.410156,775.171265,776.431702,77.402252,27.951149,2,3.306409,1.769527,-0.445596,2.563033,0.384026,2.862098,103.810806,1.988487,1.593557,1.435427,3.587249
1773774953.575708,223.475998,551.695251,767.608582,775.171265,78.164841,28.829241,2,3.378252,1.71696,1.061493,2.593175,0.383699,2.774244,119.039627,1.988487,1.593557,1.435427,3.587249
1773774954.363521,218.097321,563.376099,787.775635,781.47345,76.163818,27.908474,2,3.491661,1.772166,-2.078493,2.750645,0.386505,2.866571,99.192841,1.988487,1.593557,1.435427,3.587249
1773774955.137468,220.248795,556.182922,773.910828,776.431702,77.528313,28.366795,2,3.516865,1.744239,-0.821831,2.72174,0.384167,2.819541,103.113129,1.988487,1.593557,1.435427,3.587249
1773774955.930334,219.17305,572.383972,792.817444,791.557007,75.679466,27.688852,2,3.451528,1.785876,-0.311622,2.736432,0.391416,2.889901,97.23423,1.988487,1.593557,1.435427,3.587249
1773774956.72949,222.400253,580.500671,799.119629,802.90094,75.082626,27.699587,2,3.495604,1.785201,-0.499461,2.793406,0.397029,2.888748,115.617752,1.988487,1.593557,1.435427,3.587249
1773774957.522344,221.324524,570.232483,792.817444,791.557007,75.679466,27.960655,2,3.506222,1.768941,-0.114392,2.779794,0.39151,2.861104,114.603027,1.988487,1.593557,1.435427,3.587249
1773774958.308908,220.248795,565.005981,786.515198,785.254761,76.285873,28.048069,2,3.497088,1.763564,-1.421021,2.750513,0.388423,2.852013,101.899361,1.988487,1.593557,1.435427,3.587249
1773774959.108064,222.400253,579.240234,799.119629,801.640503,75.082626,27.743139,2,3.45906,1.782467,1.256088,2.764203,0.396421,2.884085,126.433266,1.988487,1.593557,1.435427,3.587249
1773774959.894615,217.021576,563.191406,786.515198,780.213013,76.285873,27.815681,2,3.521022,1.777933,-1.070438,2.769338,0.38585,2.876364,104.969864,1.988487,1.593557,1.435427,3.587249
1773774960.692511,222.400253,581.761108,797.859192,804.161377,75.201241,27.65617,2,3.447354,1.787935,-0.372874,2.750503,0.397637,2.893418,107.178307,1.988487,1.593557,1.435427,3.587249
1773774961.489158,223.475998,574.383179,796.598755,797.859192,75.320229,28.009453,2,3.471488,1.765935,-0.42826,2.765383,0.394644,2.856019,96.314117,1.988487,1.593557,1.435427,3.587249
1773774962.288313,224.551743,575.828308,799.119629,800.380066,75.082626,28.055637,2,3.447556,1.7631,-2.083653,2.75501,0.395907,2.85123,103.227905,1.988487,1.593557,1.435427,3.587249
1773774963.078647,225.627487,565.929504,790.29657,791.557007,75.920868,28.504261,2,3.490734,1.736038,0.146652,2.758715,0.391698,2.805856,146.40062,1.988487,1.593557,1.435427,3.587249
1773774963.848812,237.460571,546.533752,770.129517,783.994324,77.908974,30.288557,2,3.406324,1.63634,0.426034,2.623311,0.388566,2.644067,115.858391,1.988487,1.593557,1.435427,3.587249
1773774964.658065,229.93042,570.449646,809.203125,800.380066,74.147018,28.727654,2,3.364709,1.722877,-1.757942,2.722733,0.396142,2.784016,93.783623,1.988487,1.593557,1.435427,3.587249
1773774965.442095,223.475998,552.955688,783.994324,776.431702,76.531166,28.782442,2,3.596412,1.719681,-0.392549,2.819567,0.384307,2.778733,109.229752,1.988487,1.593557,1.435427,3.587249
1773774966.23999,219.17305,573.644409,797.859192,792.817444,75.201241,27.644831,2,3.543188,1.788651,-2.777171,2.826965,0.392024,2.894641,109.418045,1.988487,1.593557,1.435427,3.587249
1773774967.017732,223.475998,559.257874,777.692139,782.733887,77.151352,28.550699,2,3.504571,1.733285,0.115209,2.725477,0.387348,2.801276,118.240959,1.988487,1.593557,1.435427,3.587249
1773774967.803022,229.93042,562.887024,785.254761,792.817444,76.408325,29.001686,2,3.583732,1.707011,-0.312402,2.814142,0.392494,2.75788,129.786697,1.988487,1.593557,1.435427,3.587249
1773774968.598397,225.627487,564.669067,795.338318,790.29657,75.43959,28.549725,2,3.375441,1.733343,-0.960705,2.684618,0.39109,2.801372,120.88089,1.988487,1.593557,1.435427,3.587249
1773774969.396293,226.703217,572.416382,797.859192,799.119629,75.201241,28.369123,2,3.312035,1.744099,-0.529159,2.642537,0.395393,2.819308,131.979691,1.988487,1.593557,1.435427,3.587249
1773774970.184117,240.687759,563.473633,787.775635,804.161377,76.163818,29.930283,2,3.325247,1.655405,1.658939,2.619548,0.398436,2.674352,109.343773,1.988487,1.593557,1.435427,3.587249
1773774970.983273,227.778946,556.215393,799.119629,783.994324,75.082626,29.053646,2,3.38935,1.704036,-1.487024,2.708496,0.388143,2.753004,99.934113,1.988487,1.593557,1.435427,3.587249
1773774971.783689,225.627487,572.231689,800.380066,797.859192,74.964386,28.27911,2,3.585009,1.749512,-1.126196,2.86937,0.394738,2.82837,100.062126,1.988487,1.593557,1.435427,3.587249
1773774972.571513,219.17305,561.039978,787.775635,780.213013,76.163818,28.091436,2,3.411842,1.760908,-2.386979,2.687766,0.385944,2.847533,93.747253,1.988487,1.593557,1.435427,3.587249
1773774973.345461,222.400253,555.29187,773.910828,777.692139,77.528313,28.597467,2,3.527556,1.730522,-1.318935,2.730014,0.384868,2.796684,95.541496,1.988487,1.593557,1.435427,3.587249
1773774974.129491,212.718643,559.931763,783.994324,772.650391,76.531166,27.531034,2,3.604867,1.795864,-1.750221,2.826195,0.382014,2.906996,97.855118,1.988487,1.593557,1.435427,3.587249
1773774974.902178,214.870117,560.301147,772.650391,775.171265,77.654785,27.719051,2,3.64332,1.783978,-2.162501,2.815012,0.383324,2.886661,99.123993,1.988487,1.593557,1.435427,3.587249
1773774975.668563,208.415695,550.369812,766.348145,758.785522,78.293396,27.467009,2,3.747207,1.799948,0.207755,2.871665,0.375137,2.914012,129.184494,1.988487,1.593557,1.435427,3.587249
1773774976.440001,214.870117,564.082458,771.389954,778.952576,77.78167,27.584494,2,3.606302,1.792468,-0.284597,2.781866,0.385148,2.901174,118.925186,1.988487,1.593557,1.435427,3.587249
1773774977.211427,214.870117,556.519836,771.389954,771.389954,77.78167,27.854929,2,3.457938,1.775489,-0.743243,2.667419,0.381499,2.87221,111.465652,1.988487,1.593557,1.435427,3.587249
1773774977.985375,220.248795,559.964233,773.910828,780.213013,77.528313,28.229317,2,3.540227,1.752521,-0.793469,2.73982,0.385991,2.833419,97.801758,1.988487,1.593557,1.435427,3.587249
1773774978.745456,227.778946,541.090149,760.045959,768.86908,78.942596,29.625193,2,3.846859,1.672003,-0.633658,2.92379,0.380847,2.700971,119.634613,1.988487,1.593557,1.435427,3.587249
1773774979.529488,221.324524,555.107178,783.994324,776.431702,76.531166,28.505342,2,3.773979,1.735973,0.94415,2.958779,0.384214,2.805749,130.438797,1.988487,1.593557,1.435427,3.587249
1773774980.316051,223.475998,565.560059,786.515198,789.036072,76.285873,28.322659,2,3.538356,1.746889,-1.573779,2.782971,0.390388,2.823976,111.415543,1.988487,1.593557,1.435427,3.587249
1773774981.089998,234.233368,552.28186,773.910828,786.515198,77.528313,29.781162,2,3.290245,1.663475,-0.133881,2.546356,0.389641,2.687265,96.983932,1.988487,1.593557,1.435427,3.587249
1773774981.874029,228.854675,548.837463,783.994324,777.692139,76.531166,29.427412,2,3.220982,1.682947,-0.269154,2.525232,0.38515,2.71865,88.956367,1.988487,1.593557,1.435427,3.587249
1773774982.639153,229.93042,536.417725,765.087708,766.348145,78.422379,30.003389,2,3.369008,1.651477,0.272014,2.577587,0.379725,2.668088,91.552925,1.988487,1.593557,1.435427,3.587249
1773774983.41184,234.233368,543.45874,772.650391,777.692139,77.654785,30.119034,2,3.301844,1.645304,-0.440585,2.551171,0.385385,2.658268,100.077118,1.988487,1.593557,1.435427,3.587249
1773774984.197143,231.006149,550.467285,785.254761,781.47345,76.408325,29.560333,2,3.159493,1.675576,1.839464,2.481007,0.387068,2.706731,103.264473,1.988487,1.593557,1.435427,3.587249
1773774984.957225,225.627487,528.116272,760.045959,753.743774,78.942596,29.934242,2,3.438927,1.655191,-1.085807,2.613742,0.373457,2.674012,99.733391,1.988487,1.593557,1.435427,3.587249
1773774985.737475,227.778946,554.954956,780.213013,782.733887,76.902077,29.100433,2,3.487363,1.701366,-1.067469,2.720886,0.387535,2.748634,108.845581,1.988487,1.593557,1.435427,3.587249
1773774986.510162,222.400253,543.947876,772.650391,766.348145,77.654785,29.020786,2,3.501603,1.705916,-0.131802,2.705515,0.379396,2.756084,103.741135,1.988487,1.593557,1.435427,3.587249
1773774987.284109,219.17305,550.956482,773.910828,770.129517,77.528313,28.459246,2,3.484649,1.738715,4.832446,2.696808,0.381079,2.810317,128.052536,1.988487,1.593557,1.435427,3.587249
1773774988.070673,215.945847,566.788025,786.515198,782.733887,76.285873,27.588669,2,3.356678,1.792203,-0.069214,2.640079,0.387019,2.90072,121.951797,1.988487,1.593557,1.435427,3.587249
1773774988.839578,213.794373,552.553772,768.86908,766.348145,78.03669,27.897814,2,3.688919,1.772827,-0.342916,2.836295,0.37902,2.867691,103.759148,1.988487,1.593557,1.435427,3.587249
1773774989.623609,215.945847,570.569336,783.994324,786.515198,76.531166,27.45603,2,3.718446,1.80065,-1.329514,2.915241,0.388843,2.91522,96.260605,1.988487,1.593557,1.435427,3.587249
1773774990.397556,218.097321,558.334351,773.910828,776.431702,77.528313,28.089699,2,3.686502,1.761014,0.241945,2.853024,0.384073,2.847712,113.262085,1.988487,1.593557,1.435427,3.587249
1773774991.179065,215.945847,563.006714,781.47345,778.952576,76.778038,27.722591,2,3.618035,1.783756,-0.683364,2.827398,0.385195,2.886282,116.735413,1.988487,1.593557,1.435427,3.587249
1773774991.975713,214.870117,580.468201,796.598755,795.338318,75.320229,27.01619,2,3.58926,1.829255,-2.717479,2.8592,0.393052,2.964769,105.521088,1.988487,1.593557,1.435427,3.587249
1773774992.771088,217.021576,580.837646,795.338318,797.859192,75.43959,27.200487,2,3.720725,1.817157,-0.957698,2.959235,0.394362,2.943727,111.67131,1.988487,1.593557,1.435427,3.587249
1773774993.563942,219.17305,576.165283,792.817444,795.338318,75.679466,27.557209,2,3.540375,1.794199,-0.736635,2.806871,0.39324,2.904141,120.042389,1.988487,1.593557,1.435427,3.587249
1773774994.353026,218.097321,569.678345,789.036072,787.775635,76.042152,27.685207,2,3.537222,1.786106,-0.603143,2.790996,0.389545,2.890293,110.038757,1.988487,1.593557,1.435427,3.587249
1773774995.14714,217.021576,575.795898,794.077881,792.817444,75.559341,27.373461,2,3.601685,1.80595,-2.702518,2.860018,0.39193,2.924347,101.329544,1.988487,1.593557,1.435427,3.587249
1773774995.912265,227.778946,549.913208,765.087708,777.692139,78.422379,29.289091,2,3.589764,1.690689,-1.034541,2.746484,0.385103,2.731217,121.269547,1.988487,1.593557,1.435427,3.587249
1773774996.693774,225.627487,553.325073,781.47345,778.952576,76.778038,28.965496,2,3.43056,1.709089,-1.629722,2.680891,0.385617,2.761291,100.275894,1.988487,1.593557,1.435427,3.587249
1773774997.475284,229.93042,556.584778,781.47345,786.515198,76.778038,29.234072,2,3.640374,1.693788,-0.053845,2.844856,0.389454,2.736263,108.008156,1.988487,1.593557,1.435427,3.587249
1773774998.274452,220.248795,567.526855,799.119629,787.775635,75.082626,27.958315,2,3.437441,1.769085,-0.644238,2.746926,0.389639,2.861349,111.589996,1.988487,1.593557,1.435427,3.587249
1773774999.048399,228.854675,555.139648,773.910828,783.994324,77.528313,29.190859,2,3.415154,1.696231,-0.441773,2.643025,0.38819,2.740246,94.199852,1.988487,1.593557,1.435427,3.587249
1773774999.841254,221.324524,562.6698,792.817444,783.994324,75.679466,28.230371,2,3.505257,1.752457,-1.43728,2.779029,0.387862,2.833312,112.719818,1.988487,1.593557,1.435427,3.587249
1773775000.641682,219.17305,578.686157,800.380066,797.859192,74.964386,27.470142,2,3.556224,1.799747,-0.86222,2.846331,0.394456,2.913667,100.515747,1.988487,1.593557,1.435427,3.587249
1773775001.430754,222.400253,570.417175,789.036072,792.817444,76.042152,28.051886,2,3.608345,1.76333,-1.477038,2.847115,0.392165,2.851618,97.588829,1.988487,1.593557,1.435427,3.587249
1773775002.219827,220.248795,566.266418,789.036072,786.515198,76.042152,28.00312,2,3.60192,1.766324,-2.103996,2.842045,0.389031,2.856678,94.286606,1.988487,1.593557,1.435427,3.587249
1773775003.020243,237.460571,583.086548,800.380066,820.547119,74.964386,28.939299,2,3.610932,1.710597,-1.530606,2.890118,0.406199,2.763768,98.5168,1.988487,1.593557,1.435427,3.587249
1773775003.834536,227.778946,575.122009,814.244934,802.90094,73.687904,28.369495,2,3.249732,1.744077,-1.049835,2.646078,0.397264,2.819271,94.059723,1.988487,1.593557,1.435427,3.587249
1773775004.62613,226.703217,563.593384,791.557007,790.29657,75.799973,28.685841,2,3.306504,1.725325,-1.291056,2.617286,0.391137,2.788067,99.559402,1.988487,1.593557,1.435427,3.587249
1773775005.415202,223.475998,561.778748,789.036072,785.254761,76.042152,28.459045,2,3.458509,1.738726,-0.517614,2.728889,0.388564,2.810337,113.163589,1.988487,1.593557,1.435427,3.587249
1773775006.197972,217.021576,558.149658,782.733887,775.171265,76.654404,27.996597,2,3.559862,1.766726,-0.755196,2.786425,0.383418,2.857357,94.721191,1.988487,1.593557,1.435427,3.587249
1773775006.973193,217.021576,558.149658,775.171265,775.171265,77.402252,27.996597,2,3.78761,1.766726,1.523739,2.936046,0.383418,2.857357,148.929764,1.988487,1.593557,1.435427,3.587249
1773775007.757223,223.475998,568.080994,783.994324,791.557007,76.531166,28.232458,2,3.539816,1.752331,-0.193648,2.775196,0.391604,2.8331,124.501984,1.988487,1.593557,1.435427,3.587249
1773775008.550077,223.475998,569.341431,792.817444,792.817444,75.679466,28.187572,2,3.383456,1.755052,-0.939916,2.682463,0.392212,2.837671,103.046677,1.988487,1.593557,1.435427,3.587249
1773775009.345452,226.703217,572.416382,795.338318,799.119629,75.43959,28.369123,2,3.462619,1.744099,-0.576118,2.753953,0.395393,2.819308,107.217529,1.988487,1.593557,1.435427,3.587249
1773775010.138317,224.551743,565.744812,792.817444,790.29657,75.679466,28.413605,2,3.436886,1.741437,-0.778657,2.724823,0.391043,2.81486,91.94928,1.988487,1.593557,1.435427,3.587249
1773775010.936213,225.627487,573.492126,797.859192,799.119629,75.201241,28.234505,2,3.474755,1.752207,-1.381374,2.772365,0.395346,2.832892,97.375771,1.988487,1.593557,1.435427,3.587249
1773775011.720244,222.400253,557.812744,783.994324,780.213013,76.531166,28.50507,2,3.444552,1.73599,-1.569139,2.700509,0.386085,2.805776,90.928528,1.988487,1.593557,1.435427,3.587249
1773775012.487888,223.475998,545.393066,767.608582,768.86908,78.164841,29.065546,2,3.622888,1.703356,1.817005,2.78096,0.380659,2.75189,133.881195,1.988487,1.593557,1.435427,3.587249
1773775013.285797,226.703217,574.937256,797.859192,801.640503,75.201241,28.279909,2,3.491865,1.749464,-0.422952,2.786017,0.396609,2.828289,111.286804,1.988487,1.593557,1.435427,3.587249
1773775014.073608,226.703217,561.072388,787.775635,787.775635,76.163818,28.777637,2,3.419008,1.719961,-1.08061,2.693411,0.389921,2.779195,101.243416,1.988487,1.593557,1.435427,3.587249
1773775014.874025,232.081909,574.600342,800.380066,806.682251,74.964386,28.769928,2,3.296904,1.72041,-0.155003,2.638776,0.399276,2.779938,112.493362,1.988487,1.593557,1.435427,3.587249
1773775015.669412,231.006149,563.071716,795.338318,794.077881,75.43959,29.09112,2,3.269037,1.701897,0.365339,2.59999,0.393149,2.749502,124.94268,1.988487,1.593557,1.435427,3.587249
1773775016.455963,232.081909,555.693726,786.515198,787.775635,76.285873,29.460407,2,3.314603,1.681111,0.401645,2.606986,0.390155,2.715677,105.714996,1.988487,1.593557,1.435427,3.587249
1773775017.25638,226.703217,567.374634,800.380066,794.077881,74.964386,28.549242,2,3.368042,1.733371,-1.2216,2.695714,0.392961,2.801419,98.727676,1.988487,1.593557,1.435427,3.587249
1773775018.047973,223.475998,564.299622,791.557007,787.775635,75.799973,28.367975,2,3.472433,1.744168,-0.555367,2.748629,0.38978,2.819423,89.364098,1.988487,1.593557,1.435427,3.587249
1773775018.825713,220.248795,553.662048,777.692139,773.910828,77.151352,28.459194,2,3.502965,1.738718,0.620963,2.724229,0.38295,2.810322,112.906731,1.988487,1.593557,1.435427,3.587249
1773775019.622349,221.324524,576.534668,796.598755,797.859192,75.320229,27.739796,2,3.510532,1.782677,0.821609,2.796485,0.39455,2.884442,138.877029,1.988487,1.593557,1.435427,3.587249
1773775020.410161,218.097321,565.896973,787.775635,783.994324,76.163818,27.818737,2,3.497662,1.777742,-0.919016,2.755373,0.387721,2.87604,97.727524,1.988487,1.593557,1.435427,3.587249
1773775021.199233,220.248795,571.308228,789.036072,791.557007,76.042152,27.824753,2,3.491826,1.777367,-0.387649,2.755177,0.391463,2.875402,101.396507,1.988487,1.593557,1.435427,3.587249
1773775021.99336,224.551743,574.567871,794.077881,799.119629,75.559341,28.099892,2,3.584353,1.760392,0.882712,2.846255,0.395299,2.846662,138.903091,1.988487,1.593557,1.435427,3.587249
1773775022.781172,220.248795,562.485107,787.775635,782.733887,76.163818,28.138399,2,3.41998,1.758042,0.715514,2.694176,0.387207,2.842703,128.01236,1.988487,1.593557,1.435427,3.587249
1773775023.571505,219.17305,569.863037,790.29657,789.036072,75.920868,27.777317,2,3.518557,1.780328,0.274241,2.780703,0.3902,2.88044,134.035629,1.988487,1.593557,1.435427,3.587249
1773775024.36185,211.642914,569.830566,790.29657,781.47345,75.920868,27.082548,2,3.469152,1.82488,-0.236895,2.741659,0.386223,2.957145,104.440262,1.988487,1.593557,1.435427,3.587249
1773775025.149661,224.551743,578.349182,787.775635,802.90094,76.163818,27.967552,2,3.632567,1.768515,-0.380595,2.861648,0.397123,2.860384,110.668991,1.988487,1.593557,1.435427,3.587249
1773775025.942516,220.248795,567.526855,792.817444,787.775635,75.679466,27.958315,2,3.48039,1.769085,-0.224645,2.759314,0.389639,2.861349,116.726166,1.988487,1.593557,1.435427,3.587249
1773775026.729067,225.627487,567.189941,786.515198,792.817444,76.285873,28.458946,2,3.661722,1.738732,1.698362,2.88,0.392306,2.810347,131.573822,1.988487,1.593557,1.435427,3.587249
1773775027.54336,220.248795,587.693909,814.244934,807.942688,73.687904,27.260447,2,3.474106,1.813256,-1.966087,2.828773,0.399367,2.936969,105.559738,1.988487,1.593557,1.435427,3.587249
1773775028.327391,220.248795,563.745544,783.994324,783.994324,76.531166,28.093163,2,3.572056,1.760803,-0.440436,2.800471,0.387815,2.847355,107.30423,1.988487,1.593557,1.435427,3.587249
1773775029.117724,223.475998,570.601868,790.29657,794.077881,75.920868,28.14283,2,3.522652,1.757772,-0.730621,2.78394,0.39282,2.842249,111.752289,1.988487,1.593557,1.435427,3.587249
1773775029.911839,218.097321,569.678345,794.077881,787.775635,75.559341,27.685207,2,3.527905,1.786106,-0.79436,2.801431,0.389545,2.890293,115.450974,1.988487,1.593557,1.435427,3.587249
1773775030.699663,218.097321,569.678345,787.775635,787.775635,76.163818,27.685207,2,3.613038,1.786106,-0.133955,2.846263,0.389545,2.890293,123.984909,1.988487,1.593557,1.435427,3.587249
1773775031.484953,220.248795,567.526855,785.254761,787.775635,76.408325,27.958315,2,3.619097,1.769085,0.19235,2.841913,0.389639,2.861349,115.171249,1.988487,1.593557,1.435427,3.587249
1773775032.28285,226.703217,578.718628,797.859192,805.421814,75.201241,28.147141,2,3.485907,1.75751,-0.343473,2.781263,0.398433,2.841807,108.469803,1.988487,1.593557,1.435427,3.587249
1773775033.075715,233.157639,567.222412,792.817444,800.380066,75.679466,29.130863,2,3.479782,1.699635,1.046793,2.758832,0.396283,2.745803,118.744438,1.988487,1.593557,1.435427,3.587249
1773775033.869829,229.93042,560.36615,794.077881,790.29657,75.559341,29.094196,2,3.39103,1.701722,0.779661,2.692742,0.391278,2.749215,128.903625,1.988487,1.593557,1.435427,3.587249
1773775034.643777,226.703217,543.42627,773.910828,770.129517,77.528313,29.437023,2,3.597312,1.682412,1.936019,2.783999,0.381408,2.717783,111.75428,1.988487,1.593557,1.435427,3.587249
1773775035.447974,220.248795,576.349976,804.161377,796.598755,74.611893,27.648649,2,3.527922,1.78841,-1.739864,2.837019,0.393895,2.894229,102.628532,1.988487,1.593557,1.435427,3.587249
1773775036.232017,222.400253,564.114929,783.994324,786.515198,76.531166,28.276665,2,3.501464,1.749659,-1.511859,2.745128,0.389125,2.828618,98.627029,1.988487,1.593557,1.435427,3.587249
1773775037.02235,224.551743,568.265686,790.29657,792.817444,75.920868,28.323259,2,3.467862,1.746853,-1.180766,2.74064,0.392259,2.823915,106.804108,1.988487,1.593557,1.435427,3.587249
1773775037.806381,227.778946,559.996704,783.994324,787.775635,76.531166,28.914188,2,3.474133,1.712044,-1.858358,2.723701,0.389968,2.766148,111.285507,1.988487,1.593557,1.435427,3.587249
1773775038.577807,227.778946,543.611023,771.389954,771.389954,77.78167,29.528379,2,3.435552,1.677342,-1.034727,2.65015,0.382063,2.709582,120.67337,1.988487,1.593557,1.435427,3.587249
1773775039.342931,232.081909,538.047607,765.087708,770.129517,78.422379,30.135437,2,3.415665,1.644432,0.409775,2.613283,0.381643,2.656884,107.190193,1.988487,1.593557,1.435427,3.587249
1773775040.130755,223.475998,554.216125,787.775635,777.692139,76.163818,28.735792,2,3.456126,1.722402,-1.157045,2.722652,0.384915,2.783229,100.826439,1.988487,1.593557,1.435427,3.587249
1773775040.908484,220.248795,553.662048,777.692139,773.910828,77.151352,28.459194,2,3.535088,1.738718,-0.958292,2.74921,0.38295,2.810322,128.302338,1.988487,1.593557,1.435427,3.587249
1773775041.684952,218.097321,555.813477,776.431702,773.910828,77.276596,28.181194,2,3.597733,1.755439,-1.115208,2.793394,0.382857,2.838322,123.899689,1.988487,1.593557,1.435427,3.587249
1773775042.471503,217.021576,568.233154,786.515198,785.254761,76.285873,27.637091,2,3.510152,1.78914,-1.369978,2.760787,0.388282,2.895477,119.06958,1.988487,1.593557,1.435427,3.587249
1773775043.245463,227.778946,558.736267,773.910828,786.515198,77.528313,28.960526,2,3.445942,1.709375,-0.322722,2.666852,0.38936,2.76176,109.506439,1.988487,1.593557,1.435427,3.587249
1773775044.029493,227.778946,556.215393,783.994324,783.994324,76.531166,29.053646,2,3.57472,1.704036,-0.458478,2.80256,0.388143,2.753004,129.810532,1.988487,1.593557,1.435427,3.587249
1773775044.803441,215.945847,544.100098,773.910828,760.045959,77.528313,28.412209,2,3.48741,1.741521,-0.646502,2.698944,0.376074,2.814999,125.9496,1.988487,1.593557,1.435427,3.587249
1773775045.58369,222.400253,565.375366,780.213013,787.775635,76.902077,28.231421,2,3.562715,1.752393,-1.120331,2.779676,0.389733,2.833205,122.187149,1.988487,1.593557,1.435427,3.587249
1773775046.352595,224.551743,546.838196,768.86908,771.389954,78.03669,29.110018,2,3.49668,1.700821,0.126977,2.688489,0.381922,2.747741,157.42392,1.988487,1.593557,1.435427,3.587249
1773775047.131597,220.248795,553.662048,778.952576,773.910828,77.026512,28.459194,2,3.565791,1.738718,0.342361,2.777582,0.38295,2.810322,165.673782,1.988487,1.593557,1.435427,3.587249
1773775047.908065,225.627487,557.106384,776.431702,782.733887,77.276596,28.825569,2,3.588152,1.717173,-0.453838,2.785955,0.387441,2.774596,121.407349,1.988487,1.593557,1.435427,3.587249
1773775048.704699,218.097321,569.678345,796.598755,787.775635,75.320229,27.685207,2,3.514155,1.786106,-1.8751,2.799371,0.389545,2.890293,118.663345,1.988487,1.593557,1.435427,3.587249
1773775049.496293,212.718643,572.536133,791.557007,785.254761,75.799973,27.089125,2,3.696256,1.824448,-3.354459,2.925798,0.388094,2.956393,115.373718,1.988487,1.593557,1.435427,3.587249
1773775050.26395,222.400253,556.552307,767.608582,778.952576,78.164841,28.551193,2,3.611869,1.733256,-0.370981,2.772502,0.385476,2.801227,106.882614,1.988487,1.593557,1.435427,3.587249
1773775051.051763,227.778946,566.29895,787.775635,794.077881,76.163818,28.684711,2,3.593958,1.725391,-0.164173,2.831233,0.393008,2.788177,123.405029,1.988487,1.593557,1.435427,3.587249
1773775051.842095,223.475998,561.778748,790.29657,785.254761,75.920868,28.459045,2,3.37782,1.738726,-1.389764,2.669479,0.388564,2.810337,113.052979,1.988487,1.593557,1.435427,3.587249
1773775052.622344,217.021576,555.628784,780.213013,772.650391,76.902077,28.08794,2,3.549648,1.761122,-1.637703,2.769481,0.382201,2.847893,121.258652,1.988487,1.593557,1.435427,3.587249
1773775053.401346,227.778946,563.778076,778.952576,791.557007,77.026512,28.776064,2,3.517035,1.720052,1.185036,2.739604,0.391792,2.779347,114.421738,1.988487,1.593557,1.435427,3.587249
1773775054.180334,224.551743,550.619507,778.952576,775.171265,77.026512,28.968018,2,3.427918,1.708944,0.329071,2.670186,0.383746,2.761053,122.388954,1.988487,1.593557,1.435427,3.587249
1773775054.955542,217.021576,549.326538,775.171265,766.348145,77.402252,28.318926,2,3.706489,1.747114,1.035879,2.873164,0.379161,2.824352,161.658371,1.988487,1.593557,1.435427,3.587249
1773775055.729489,205.188492,554.857483,773.910828,760.045959,77.528313,26.996855,2,3.745361,1.830534,-0.728468,2.898575,0.375604,2.967,118.625626,1.988487,1.593557,1.435427,3.587249
1773775056.495874,215.945847,563.006714,766.348145,778.952576,78.293396,27.722591,2,3.72828,1.783756,-0.201258,2.85716,0.385195,2.886282,125.357559,1.988487,1.593557,1.435427,3.587249
1773775057.260998,222.400253,550.250122,765.087708,772.650391,78.422379,28.784073,2,3.578183,1.719586,-1.440361,2.737624,0.382436,2.778577,112.328552,1.988487,1.593557,1.435427,3.587249
1773775058.037478,229.93042,555.324341,776.431702,785.254761,77.276596,29.280996,2,3.451524,1.691144,0.471101,2.679873,0.388845,2.731958,136.746811,1.988487,1.593557,1.435427,3.587249
1773775058.82655,234.233368,559.844482,789.036072,794.077881,76.042152,29.497532,2,3.347452,1.67905,-0.598577,2.64126,0.39329,2.712343,106.886139,1.988487,1.593557,1.435427,3.587249
1773775059.616884,227.778946,554.954956,790.29657,782.733887,75.920868,29.100433,2,3.315364,1.701366,-0.733591,2.620121,0.387535,2.748634,111.22818,1.988487,1.593557,1.435427,3.587249
1773775060.405956,225.627487,560.887695,789.036072,786.515198,76.042152,28.686983,2,3.358403,1.725258,-0.124675,2.649901,0.389266,2.787956,119.318207,1.988487,1.593557,1.435427,3.587249
1773775061.196301,221.324524,563.930237,790.29657,785.254761,75.920868,28.185061,2,3.474994,1.755204,-0.852679,2.746276,0.38847,2.837927,114.681381,1.988487,1.593557,1.435427,3.587249
1773775061.979071,225.627487,562.148132,782.733887,787.775635,76.654404,28.641085,2,3.621818,1.727953,0.770529,2.83492,0.389874,2.792422,140.98082,1.988487,1.593557,1.435427,3.587249
1773775062.75806,225.627487,553.325073,778.952576,778.952576,77.026512,28.965496,2,3.635599,1.709089,1.917792,2.831959,0.385617,2.761291,136.55368,1.988487,1.593557,1.435427,3.587249
1773775063.53831,217.021576,553.10791,780.213013,770.129517,76.902077,28.17988,2,3.450677,1.755519,-0.397449,2.692263,0.380985,2.838457,109.117081,1.988487,1.593557,1.435427,3.587249
1773775064.317311,224.551743,563.223877,778.952576,787.775635,77.026512,28.50453,2,3.573131,1.736022,0.120221,2.783299,0.389827,2.80583,142.573471,1.988487,1.593557,1.435427,3.587249
1773775065.088737,223.475998,546.653503,771.389954,770.129517,77.78167,29.017977,2,3.558679,1.706077,-1.226946,2.745129,0.381267,2.756349,110.696564,1.988487,1.593557,1.435427,3.587249
1773775065.880331,227.778946,568.819824,791.557007,796.598755,75.799973,28.593937,2,3.637573,1.73073,0.684702,2.879346,0.394224,2.79703,150.056473,1.988487,1.593557,1.435427,3.587249
1773775066.683267,218.097321,573.459717,802.90094,791.557007,74.729019,27.55295,2,3.4173,1.79447,-0.538625,2.743753,0.391369,2.904605,109.472397,1.988487,1.593557,1.435427,3.587249
1773775067.454706,220.248795,553.662048,771.389954,773.910828,77.78167,28.459194,2,3.631273,1.738718,-0.691086,2.801127,0.38295,2.810322,117.302185,1.988487,1.593557,1.435427,3.587249
1773775068.250081,223.475998,575.643616,795.338318,799.119629,75.43959,27.965275,2,3.741305,1.768656,-0.145018,2.975603,0.395252,2.860622,126.591705,1.988487,1.593557,1.435427,3.587249
1773775069.012684,226.703217,539.644897,762.566833,766.348145,78.681625,29.582273,2,3.680721,1.674365,0.134699,2.806796,0.379584,2.704779,122.010063,1.988487,1.593557,1.435427,3.587249
1773775069.779069,218.097321,538.167358,766.348145,756.264648,78.293396,28.838757,2,3.544724,1.716408,-0.306351,2.716492,0.374344,2.773334,116.078003,1.988487,1.593557,1.435427,3.587249
1773775070.558057,220.248795,561.22467,778.952576,781.47345,77.026512,28.183784,2,3.588302,1.755282,-0.659569,2.795117,0.386599,2.838058,119.369217,1.988487,1.593557,1.435427,3.587249
1773775071.334537,217.021576,555.628784,776.431702,772.650391,77.276596,28.08794,2,3.640162,1.761122,-0.077232,2.826337,0.382201,2.847893,113.514679,1.988487,1.593557,1.435427,3.587249
1773775072.109746,213.794373,557.595581,775.171265,771.389954,77.402252,27.715471,2,3.826052,1.784203,-0.876734,2.965845,0.381453,2.887045,117.587219,1.988487,1.593557,1.435427,3.587249
1773775072.886213,212.718643,562.452637,776.431702,775.171265,77.276596,27.441502,2,3.960351,1.80158,-1.833115,3.074942,0.38323,2.91682,123.140488,1.988487,1.593557,1.435427,3.587249
1773775073.672765,217.021576,574.5354,786.515198,791.557007,76.285873,27.417049,2,3.791612,1.803148,-1.339649,2.982161,0.391322,2.919519,118.778412,1.988487,1.593557,1.435427,3.587249
1773775074.454275,211.642914,563.52832,781.47345,775.171265,76.778038,27.302731,2,3.655766,1.810515,-1.062271,2.856884,0.383183,2.932229,106.78952,1.988487,1.593557,1.435427,3.587249
1773775075.240838,209.491425,574.50293,786.515198,783.994324,76.285873,26.721039,2,3.737531,1.848978,-2.522586,2.939625,0.387345,2.999338,105.729767,1.988487,1.593557,1.435427,3.587249
1773775076.014786,211.642914,564.788818,773.910828,776.431702,77.528313,27.258408,2,3.951334,1.813388,0.134996,3.05798,0.383791,2.937199,123.286751,1.988487,1.593557,1.435427,3.587249
1773775076.796295,213.794373,570.199951,781.47345,783.994324,76.778038,27.269888,2,3.825628,1.812643,-0.998533,2.989626,0.387533,2.935909,128.338943,1.988487,1.593557,1.435427,3.587249
1773775077.585367,212.718643,575.057007,789.036072,787.775635,76.042152,27.002439,2,3.838725,1.830164,-1.055961,3.028892,0.38931,2.966355,125.703842,1.988487,1.593557,1.435427,3.587249
1773775078.384536,211.642914,586.216309,799.119629,797.859192,75.082626,26.52635,2,3.734943,1.862228,-1.006105,2.984666,0.394127,3.022748,126.993561,1.988487,1.593557,1.435427,3.587249
1773775079.14966,218.097321,554.553101,765.087708,772.650391,78.422379,28.227169,2,3.516924,1.752651,4.818525,2.690755,0.382248,2.833637,128.793777,1.988487,1.593557,1.435427,3.587249
1773775079.938733,212.718643,570.015259,789.036072,782.733887,76.042152,27.176369,2,3.287238,1.818731,-1.551877,2.59375,0.386878,2.946458,111.23056,1.988487,1.593557,1.435427,3.587249
1773775080.74041,221.324524,590.399475,801.640503,811.723999,74.846519,27.265984,2,3.589826,1.812897,-0.179021,2.87775,0.401238,2.936347,121.891541,1.988487,1.593557,1.435427,3.587249
1773775081.538317,223.475998,576.904053,797.859192,800.380066,75.201241,27.921236,2,3.493135,1.771376,-0.904725,2.78703,0.39586,2.865231,101.559517,1.988487,1.593557,1.435427,3.587249
1773775082.318567,227.778946,557.47583,780.213013,785.254761,76.902077,29.007011,2,3.636825,1.706705,0.471806,2.837498,0.388752,2.757379,124.416115,1.988487,1.593557,1.435427,3.587249
1773775083.11016,226.703217,563.593384,791.557007,790.29657,75.799973,28.685841,2,3.593524,1.725325,1.475555,2.844479,0.391137,2.788067,109.14077,1.988487,1.593557,1.435427,3.587249
1773775083.904286,221.324524,566.451111,794.077881,787.775635,75.559341,28.094868,2,3.797269,1.760699,0.190493,3.015328,0.389686,2.847179,140.693771,1.988487,1.593557,1.435427,3.587249
1773775084.685796,227.778946,561.257141,781.47345,789.036072,76.778038,28.868002,2,3.493108,1.714713,-0.70393,2.729771,0.390576,2.770541,116.120026,1.988487,1.593557,1.435427,3.587249
1773775085.463525,240.687759,552.1297,777.692139,792.817444,77.151352,30.358536,2,3.474812,1.632668,3.649286,2.702334,0.392963,2.63827,161.562119,1.988487,1.593557,1.435427,3.587249
1773775086.270244,226.703217,563.593384,806.682251,790.29657,74.378731,28.685841,2,3.489487,1.725325,-1.530717,2.814907,0.391137,2.788067,102.259895,1.988487,1.593557,1.435427,3.587249
1773775087.054286,228.854675,557.660522,783.994324,786.515198,76.531166,29.097298,2,3.408658,1.701545,-0.336271,2.672369,0.389407,2.748926,102.103363,1.988487,1.593557,1.435427,3.587249
1773775087.81941,226.703217,535.863647,765.087708,762.566833,78.422379,29.728964,2,3.577349,1.666319,1.535618,2.736986,0.37776,2.691829,109.667953,1.988487,1.593557,1.435427,3.587249
1773775088.595879,232.081909,550.651978,776.431702,782.733887,77.276596,29.650167,2,3.564105,1.670631,0.113799,2.767284,0.387723,2.698762,98.354424,1.988487,1.593557,1.435427,3.587249
1773775089.359742,234.233368,532.114746,763.827271,766.348145,78.551788,30.564877,2,3.464117,1.621941,2.076861,2.645987,0.379913,2.621398,116.336098,1.988487,1.593557,1.435427,3.587249
1773775090.13747,232.081909,543.089355,777.692139,775.171265,77.151352,29.939438,2,3.581423,1.654912,0.12694,2.785245,0.384075,2.673565,115.596321,1.988487,1.593557,1.435427,3.587249
1773775090.941681,208.415695,568.015991,804.161377,776.431702,74.611893,26.842762,2,3.520213,1.840792,-3.221153,2.830819,0.38365,2.984949,108.424522,1.988487,1.593557,1.435427,3.587249
1773775091.703023,218.097321,554.553101,761.306396,772.650391,78.811897,28.227169,2,3.628833,1.752651,-0.530755,2.762654,0.382248,2.833637,124.26297,1.988487,1.593557,1.435427,3.587249
1773775092.466886,225.627487,547.022888,763.827271,772.650391,78.551788,29.201757,2,3.58743,1.695614,0.002581,2.740177,0.382577,2.73924,128.940506,1.988487,1.593557,1.435427,3.587249
1773775093.237053,219.17305,543.393799,770.129517,762.566833,77.908974,28.741488,2,3.382444,1.722069,0.196841,2.60492,0.377431,2.78268,132.988235,1.988487,1.593557,1.435427,3.587249
1773775094.016041,224.551743,560.703003,778.952576,785.254761,77.026512,28.596037,2,3.501329,1.730606,-0.181397,2.727369,0.388611,2.796824,112.089264,1.988487,1.593557,1.435427,3.587249
1773775094.793783,226.703217,553.509766,777.692139,780.213013,77.151352,29.05658,2,3.373847,1.703868,-0.237823,2.623814,0.386272,2.752729,100.878281,1.988487,1.593557,1.435427,3.587249
1773775095.575292,227.778946,554.954956,781.47345,782.733887,76.778038,29.100433,2,3.514878,1.701366,-0.523442,2.746784,0.387535,2.748634,107.968132,1.988487,1.593557,1.435427,3.587249
1773775096.364364,221.324524,560.148926,789.036072,781.47345,76.042152,28.32144,2,3.423225,1.746962,-1.211057,2.701048,0.386646,2.824098,99.907677,1.988487,1.593557,1.435427,3.587249
1773775097.138312,221.324524,552.586304,773.910828,773.910828,77.528313,28.598196,2,3.665403,1.730479,2.445411,2.836695,0.382997,2.796613,131.193481,1.988487,1.593557,1.435427,3.587249
1773775097.931178,223.475998,571.862305,792.817444,795.338318,75.679466,28.098232,2,3.644418,1.760493,0.015499,2.889358,0.393428,2.846832,121.530769,1.988487,1.593557,1.435427,3.587249
1773775098.710166,232.081909,556.954163,778.952576,789.036072,77.026512,29.413345,2,3.601385,1.683731,2.331111,2.805308,0.390763,2.71992,124.763664,1.988487,1.593557,1.435427,3.587249
1773775099.50176,222.400253,557.812744,791.557007,780.213013,75.799973,28.50507,2,3.409477,1.73599,-1.981419,2.698796,0.386085,2.805776,104.240654,1.988487,1.593557,1.435427,3.587249
1773775100.2568,238.536301,535.374512,755.004211,773.910828,79.469757,30.822193,2,3.604242,1.608765,3.034318,2.721218,0.383749,2.600809,123.533447,1.988487,1.593557,1.435427,3.587249
1773775101.044613,218.097321,545.72998,787.775635,763.827271,76.163818,28.553226,2,3.451291,1.733135,-0.630354,2.718843,0.377992,2.801027,98.27449,1.988487,1.593557,1.435427,3.587249
1773775101.81353,217.021576,550.587036,768.86908,767.608582,78.03669,28.272427,2,3.68208,1.749915,-0.634586,2.831037,0.379769,2.829046,112.396057,1.988487,1.593557,1.435427,3.587249
1773775102.584956,220.248795,554.922485,771.389954,775.171265,77.78167,28.41292,2,3.637679,1.741478,-0.360438,2.806069,0.383558,2.814929,96.564484,1.988487,1.593557,1.435427,3.587249
1773775103.352601,222.400253,547.729248,767.608582,770.129517,78.164841,28.878292,2,3.529197,1.714118,-1.49894,2.709042,0.38122,2.769561,101.704704,1.988487,1.593557,1.435427,3.587249
1773775104.125288,222.400253,550.250122,772.650391,772.650391,77.654785,28.784073,2,3.581044,1.719586,-0.33319,2.766895,0.382436,2.778577,111.964371,1.988487,1.593557,1.435427,3.587249
1773775104.904277,222.400253,556.552307,778.952576,778.952576,77.026512,28.551193,2,3.548973,1.733256,0.123265,2.764482,0.385476,2.801227,118.949989,1.988487,1.593557,1.435427,3.587249
1773775105.683278,226.703217,557.291138,778.952576,783.994324,77.026512,28.916437,2,3.572057,1.711914,-0.42169,2.782463,0.388096,2.765934,120.796555,1.988487,1.593557,1.435427,3.587249
1773775106.463527,226.703217,553.509766,780.213013,780.213013,76.902077,29.05658,2,3.505652,1.703868,0.245769,2.735155,0.386272,2.752729,119.280159,1.988487,1.593557,1.435427,3.587249
1773775107.231173,223.475998,540.351257,767.608582,763.827271,78.164841,29.257399,2,3.56024,1.692473,0.758315,2.732871,0.378227,2.73412,118.997566,1.988487,1.593557,1.435427,3.587249
1773775108.025286,219.17305,569.863037,794.077881,789.036072,75.559341,27.777317,2,3.50866,1.780328,-0.687114,2.78615,0.3902,2.88044,104.935089,1.988487,1.593557,1.435427,3.587249
1773775108.809318,223.475998,565.560059,783.994324,789.036072,76.531166,28.322659,2,3.625232,1.746889,-0.770045,2.842161,0.390388,2.823976,125.929779,1.988487,1.593557,1.435427,3.587249
1773775109.595881,227.778946,563.778076,786.515198,791.557007,76.285873,28.776064,2,3.456878,1.720052,-1.123597,2.718887,0.391792,2.779347,99.793213,1.988487,1.593557,1.435427,3.587249
1773775110.386214,225.627487,562.148132,790.29657,787.775635,75.920868,28.641085,2,3.442132,1.727953,0.276914,2.720305,0.389874,2.792422,107.896645,1.988487,1.593557,1.435427,3.587249
1773775111.168985,222.400253,556.552307,782.733887,778.952576,76.654404,28.551193,2,3.470279,1.733256,-0.415045,2.716305,0.385476,2.801227,113.19664,1.988487,1.593557,1.435427,3.587249
1773775111.941671,214.870117,548.957153,772.650391,763.827271,77.654785,28.130722,2,3.579446,1.75851,-1.407434,2.76566,0.377851,2.843491,110.026123,1.988487,1.593557,1.435427,3.587249
1773775112.71689,220.248795,561.22467,775.171265,781.47345,77.402252,28.183784,2,3.620307,1.755282,1.200516,2.806358,0.386599,2.838058,146.083298,1.988487,1.593557,1.435427,3.587249
1773775113.482015,218.097321,544.469482,765.087708,762.566833,78.422379,28.600422,2,3.545676,1.730348,1.224274,2.712753,0.377384,2.796395,149.352493,1.988487,1.593557,1.435427,3.587249
1773775114.259743,217.021576,559.410156,777.692139,776.431702,77.151352,27.951149,2,3.628629,1.769527,-0.049391,2.821957,0.384026,2.862098,128.35498,1.988487,1.593557,1.435427,3.587249
1773775115.046295,220.248795,570.047791,786.515198,790.29657,76.285873,27.869133,2,3.532458,1.774606,0.745991,2.778332,0.390855,2.870711,132.547531,1.988487,1.593557,1.435427,3.587249
1773775115.827805,225.627487,562.148132,781.47345,787.775635,76.778038,28.641085,2,3.485906,1.727953,0.697324,2.724143,0.389874,2.792422,127.545723,1.988487,1.593557,1.435427,3.587249
1773775116.616889,225.627487,563.408569,789.036072,789.036072,76.042152,28.595331,2,3.477816,1.730648,-1.180394,2.744122,0.390482,2.796894,104.539215,1.988487,1.593557,1.435427,3.587249
1773775117.389576,229.93042,547.761719,772.650391,777.692139,77.654785,29.565737,2,3.646152,1.675277,3.368679,2.817201,0.385197,2.70625,135.298172,1.988487,1.593557,1.435427,3.587249
1773775118.187472,223.475998,566.820557,797.859192,790.29657,75.201241,28.277487,2,3.551071,1.74961,-0.316671,2.833255,0.390996,2.828535,127.371353,1.988487,1.593557,1.435427,3.587249
1773775118.971502,222.400253,560.333618,783.994324,782.733887,76.531166,28.413265,2,3.387858,1.741458,0.461894,2.656061,0.387301,2.814894,130.150681,1.988487,1.593557,1.435427,3.587249
1773775119.736639,231.006149,544.1651,765.087708,775.171265,78.422379,29.800659,2,3.54258,1.662415,2.576341,2.710385,0.384028,2.685566,103.991585,1.988487,1.593557,1.435427,3.587249
1773775120.52193,225.627487,553.325073,785.254761,778.952576,76.408325,28.965496,2,3.492205,1.709089,-0.08462,2.74227,0.385617,2.761291,101.216782,1.988487,1.593557,1.435427,3.587249
1773775121.300918,225.627487,553.325073,778.952576,778.952576,77.026512,28.965496,2,3.631207,1.709089,1.479638,2.828538,0.385617,2.761291,132.909103,1.988487,1.593557,1.435427,3.587249
1773775122.079908,227.778946,553.694519,778.952576,781.47345,77.026512,29.147369,2,3.517326,1.698697,0.560528,2.73983,0.386927,2.744271,138.651047,1.988487,1.593557,1.435427,3.587249
1773775122.89042,225.627487,582.315186,810.463562,807.942688,74.031708,27.926174,2,3.456953,1.771071,-1.173044,2.801734,0.399602,2.864713,96.599396,1.988487,1.593557,1.435427,3.587249
1773775123.661846,233.157639,547.055359,771.389954,780.213013,77.78167,29.883844,2,3.527756,1.657909,0.998311,2.721276,0.386554,2.678354,115.854576,1.988487,1.593557,1.435427,3.587249
1773775124.449658,224.551743,553.140381,787.775635,777.692139,76.163818,28.874117,2,3.397212,1.714359,0.782556,2.676241,0.384962,2.769958,132.467133,1.988487,1.593557,1.435427,3.587249
1773775125.23747,219.17305,562.300415,787.775635,781.47345,76.163818,28.046127,2,3.542759,1.763683,0.093419,2.7909,0.386552,2.852214,139.065445,1.988487,1.593557,1.435427,3.587249
1773775126.021513,220.248795,565.005981,783.994324,785.254761,76.531166,28.048069,2,3.548004,1.763564,0.632026,2.781615,0.388423,2.852013,131.900833,1.988487,1.593557,1.435427,3.587249
1773775126.805544,222.400253,564.114929,783.994324,786.515198,76.531166,28.276665,2,3.45755,1.749659,0.13945,2.7107,0.389125,2.828618,139.748215,1.988487,1.593557,1.435427,3.587249
1773775127.583272,223.475998,555.476562,777.692139,778.952576,77.151352,28.689295,2,3.548888,1.725122,1.646985,2.759942,0.385523,2.787732,127.377266,1.988487,1.593557,1.435427,3.587249
1773775128.374866,227.778946,568.819824,791.557007,796.598755,75.799973,28.593937,2,3.638648,1.73073,1.40621,2.880197,0.394224,2.79703,138.864487,1.988487,1.593557,1.435427,3.587249
1773775129.158908,227.778946,556.215393,783.994324,783.994324,76.531166,29.053646,2,3.497931,1.704036,1.811622,2.742358,0.388143,2.753004,136.523331,1.988487,1.593557,1.435427,3.587249
1773775129.949242,217.021576,560.670532,790.29657,777.692139,75.920868,27.905846,2,3.467118,1.772329,-0.792652,2.740052,0.384634,2.866847,122.567352,1.988487,1.593557,1.435427,3.587249
1773775130.721928,224.551743,556.921692,772.650391,781.47345,77.654785,28.734404,2,3.675806,1.722483,2.157119,2.840113,0.386787,2.783364,140.734116,1.988487,1.593557,1.435427,3.587249
1773775131.519823,221.324524,572.753357,797.859192,794.077881,75.201241,27.871891,2,3.491096,1.774435,0.066876,2.785403,0.392726,2.87042,123.470345,1.988487,1.593557,1.435427,3.587249
1773775132.305127,228.854675,565.223206,785.254761,794.077881,76.408325,28.820181,2,3.477035,1.717486,1.361255,2.730358,0.393055,2.775112,129.946228,1.988487,1.593557,1.435427,3.587249
1773775133.103022,227.778946,568.819824,797.859192,796.598755,75.201241,28.593937,2,3.461735,1.73073,-0.039405,2.761977,0.394224,2.79703,115.503632,1.988487,1.593557,1.435427,3.587249
1773775133.895876,224.551743,564.484314,792.817444,789.036072,75.679466,28.458994,2,3.404982,1.738729,0.275355,2.699529,0.390435,2.810342,129.823944,1.988487,1.593557,1.435427,3.587249
1773775134.682428,227.778946,562.517639,786.515198,790.29657,76.285873,28.821957,2,3.54005,1.717383,-0.683439,2.784303,0.391184,2.774941,113.013519,1.988487,1.593557,1.435427,3.587249
1773775135.472773,219.17305,561.039978,790.29657,780.213013,75.920868,28.091436,2,3.478733,1.760908,-0.773535,2.749231,0.385944,2.847533,102.001671,1.988487,1.593557,1.435427,3.587249
1773775136.266886,215.945847,574.350708,794.077881,790.29657,75.559341,27.324659,2,3.54917,1.809097,-2.312103,2.818317,0.390667,2.92978,100.213058,1.988487,1.593557,1.435427,3.587249
1773775137.038313,222.400253,556.552307,771.389954,778.952576,77.78167,28.551193,2,3.683968,1.733256,0.591525,2.841776,0.385476,2.801227,129.501663,1.988487,1.593557,1.435427,3.587249
1773775137.833688,219.17305,572.383972,795.338318,791.557007,75.43959,27.688852,2,3.565936,1.785876,-0.623264,2.836125,0.391416,2.889901,106.506569,1.988487,1.593557,1.435427,3.587249
1773775138.621513,221.324524,568.972046,787.775635,790.29657,76.163818,28.005249,2,3.65351,1.766193,-1.321793,2.878146,0.390902,2.856457,113.084747,1.988487,1.593557,1.435427,3.587249
1773775139.409324,219.17305,566.081726,787.775635,785.254761,76.163818,27.911076,2,3.532204,1.772005,0.714957,2.782584,0.388376,2.866297,138.477402,1.988487,1.593557,1.435427,3.587249
1773775140.195875,219.17305,567.342163,786.515198,786.515198,76.285873,27.866346,2,3.514903,1.774779,-0.384233,2.764524,0.388984,2.871005,107.753494,1.988487,1.593557,1.435427,3.587249
1773775140.987469,228.854675,574.046265,791.557007,802.90094,75.799973,28.503475,2,3.320052,1.736084,-1.014198,2.628011,0.397311,2.805934,101.736397,1.988487,1.593557,1.435427,3.587249
1773775141.779074,224.551743,561.96344,791.557007,786.515198,75.799973,28.550211,2,3.449993,1.733314,-1.349152,2.730866,0.389219,2.801324,104.138931,1.988487,1.593557,1.435427,3.587249
1773775142.563105,231.006149,560.550842,783.994324,791.557007,76.531166,29.183765,2,3.475381,1.696633,-0.071255,2.724679,0.391933,2.740901,90.273506,1.988487,1.593557,1.435427,3.587249
1773775143.368564,224.551743,573.307434,805.421814,797.859192,74.495125,28.144281,2,3.482028,1.757684,-0.113315,2.804501,0.394691,2.8421,118.235107,1.988487,1.593557,1.435427,3.587249
1773775144.152594,221.324524,558.888489,783.994324,780.213013,76.531166,28.367191,2,3.509441,1.744215,-1.731883,2.751382,0.386038,2.819502,100.702225,1.988487,1.593557,1.435427,3.587249
1773775144.918991,223.475998,545.393066,766.348145,768.86908,78.293396,29.065546,2,3.558909,1.703356,0.441366,2.727363,0.380659,2.75189,91.641197,1.988487,1.593557,1.435427,3.587249
1773775145.709324,224.551743,567.005249,790.29657,791.557007,75.920868,28.368361,2,3.611629,1.744145,-0.348114,2.854258,0.391651,2.819385,120.385681,1.988487,1.593557,1.435427,3.587249
1773775146.489573,224.551743,555.661255,780.213013,780.213013,76.902077,28.780825,2,3.484472,1.719775,0.937319,2.71863,0.386178,2.778889,127.918999,1.988487,1.593557,1.435427,3.587249
1773775147.287469,225.627487,573.492126,797.859192,799.119629,75.201241,28.234505,2,3.485717,1.752207,-0.500092,2.781111,0.395346,2.832892,107.458755,1.988487,1.593557,1.435427,3.587249
1773775148.085376,223.475998,571.862305,797.859192,795.338318,75.201241,28.098232,2,3.418478,1.760493,-2.053436,2.727464,0.393428,2.846832,102.019073,1.988487,1.593557,1.435427,3.587249
1773775148.875709,219.17305,566.081726,790.29657,785.254761,75.920868,27.911076,2,3.66258,1.772005,-0.245879,2.894525,0.388376,2.866297,128.08371,1.988487,1.593557,1.435427,3.587249
1773775149.653438,223.475998,559.257874,777.692139,782.733887,77.151352,28.550699,2,3.560648,1.733285,0.16332,2.769088,0.387348,2.801276,110.589363,1.988487,1.593557,1.435427,3.587249
1773775150.437468,214.870117,559.04071,783.994324,773.910828,76.531166,27.764194,2,3.514857,1.781149,-1.635402,2.755628,0.382716,2.881837,95.790001,1.988487,1.593557,1.435427,3.587249
1773775151.226554,226.703217,576.197754,789.036072,802.90094,76.042152,28.235516,2,3.503938,1.752146,1.220599,2.764734,0.397217,2.832789,104.795624,1.988487,1.593557,1.435427,3.587249
1773775152.018147,225.627487,564.669067,791.557007,790.29657,75.799973,28.549725,2,3.455983,1.733343,0.710391,2.735608,0.39109,2.801372,144.627731,1.988487,1.593557,1.435427,3.587249
1773775152.809739,219.17305,564.821289,791.557007,783.994324,75.799973,27.95595,2,3.437891,1.769231,0.789313,2.721287,0.387768,2.861596,130.352798,1.988487,1.593557,1.435427,3.587249
1773775153.603867,220.248795,575.089539,794.077881,795.338318,75.559341,27.692467,2,3.534541,1.785649,-0.593232,2.806701,0.393287,2.889513,113.406677,1.988487,1.593557,1.435427,3.587249
1773775154.389157,219.17305,564.821289,785.254761,783.994324,76.408325,27.95595,2,3.536197,1.769231,-0.069622,2.776815,0.387768,2.861596,110.838852,1.988487,1.593557,1.435427,3.587249
1773775155.160583,221.324524,552.586304,771.389954,773.910828,77.78167,28.598196,2,3.612335,1.730479,1.735707,2.786519,0.382997,2.796613,138.387924,1.988487,1.593557,1.435427,3.587249
1773775155.945875,219.17305,563.560852,785.254761,782.733887,76.408325,28.000965,2,3.523507,1.766457,0.120147,2.76685,0.38716,2.856902,112.068901,1.988487,1.593557,1.435427,3.587249
1773775156.723603,220.248795,558.703796,777.692139,778.952576,77.151352,28.274996,2,3.630579,1.74976,-0.664915,2.823473,0.385383,2.828786,102.801476,1.988487,1.593557,1.435427,3.587249
1773775157.507646,217.021576,563.191406,783.994324,780.213013,76.531166,27.815681,2,3.58345,1.777933,0.156415,2.809405,0.38585,2.876364,138.445755,1.988487,1.593557,1.435427,3.587249
1773775158.285375,222.400253,561.594055,777.692139,783.994324,77.151352,28.367584,2,3.74299,1.744192,1.159941,2.910894,0.387909,2.819462,151.158768,1.988487,1.593557,1.435427,3.587249
1773775159.074447,222.400253,566.635803,789.036072,789.036072,76.042152,28.186321,2,3.614333,1.755127,-0.589334,2.851839,0.390341,2.837799,124.086212,1.988487,1.593557,1.435427,3.587249
1773775159.857218,223.475998,560.518311,782.733887,783.994324,76.654404,28.504797,2,3.615462,1.736006,1.011118,2.829945,0.387956,2.805803,125.211678,1.988487,1.593557,1.435427,3.587249
1773775160.64,225.627487,559.627258,782.733887,785.254761,76.654404,28.73303,2,3.618113,1.722563,-0.737489,2.83202,0.388658,2.783496,109.796768,1.988487,1.593557,1.435427,3.587249
1773775161.434114,221.324524,567.711548,794.077881,789.036072,75.559341,28.049988,2,3.676883,1.763446,-2.392028,2.919731,0.390294,2.851815,111.758698,1.988487,1.593557,1.435427,3.587249
1773775162.213103,219.17305,557.258667,778.952576,776.431702,77.026512,28.228247,2,3.509356,1.752586,-2.598799,2.733622,0.38412,2.833528,97.688522,1.988487,1.593557,1.435427,3.587249
1773775162.950497,220.248795,518.369629,737.357971,738.618408,81.371605,29.819023,2,3.583478,1.661418,5.344919,2.642306,0.365925,2.683969,110.968575,1.988487,1.593557,1.435427,3.587249
1773775163.744612,212.718643,572.536133,794.077881,785.254761,75.559341,27.089125,2,3.331058,1.824448,-1.607746,2.64512,0.388094,2.956393,114.048172,1.988487,1.593557,1.435427,3.587249
1773775164.51605,215.945847,559.225403,771.389954,775.171265,77.78167,27.857824,2,3.821617,1.775309,-0.475888,2.947957,0.383371,2.871904,133.215851,1.988487,1.593557,1.435427,3.587249
1773775165.286216,225.627487,555.845947,770.129517,781.47345,77.908974,28.872061,2,3.579773,1.714478,1.149844,2.756889,0.386833,2.770154,127.850441,1.988487,1.593557,1.435427,3.587249
1773775166.068986,221.324524,556.367615,782.733887,777.692139,76.654404,28.459145,2,3.461923,1.73872,-0.811325,2.709765,0.384821,2.810327,105.674667,1.988487,1.593557,1.435427,3.587249
1773775166.856798,218.097321,565.896973,787.775635,783.994324,76.163818,27.818737,2,3.579387,1.777742,-1.359584,2.819754,0.387721,2.87604,108.01786,1.988487,1.593557,1.435427,3.587249
1773775167.645882,215.945847,570.569336,789.036072,786.515198,76.042152,27.45603,2,3.597923,1.80065,-0.519878,2.838891,0.388843,2.91522,122.59198,1.988487,1.593557,1.435427,3.587249
1773775168.431174,222.400253,570.417175,785.254761,792.817444,76.408325,28.051886,2,3.550018,1.76333,-0.742612,2.787668,0.392165,2.851618,119.108337,1.988487,1.593557,1.435427,3.587249
1773775169.221507,220.248795,567.526855,790.29657,787.775635,75.920868,27.958315,2,3.503362,1.769085,-1.302452,2.768695,0.389639,2.861349,100.802704,1.988487,1.593557,1.435427,3.587249
1773775169.997975,221.324524,556.367615,776.431702,777.692139,77.276596,28.459145,2,3.602407,1.73872,0.549874,2.797024,0.384821,2.810327,123.950562,1.988487,1.593557,1.435427,3.587249
1773775170.774443,220.248795,554.922485,776.431702,775.171265,77.276596,28.41292,2,3.555091,1.741478,-0.608081,2.760285,0.383558,2.814929,106.588425,1.988487,1.593557,1.435427,3.587249
1773775171.550923,217.021576,555.628784,776.431702,772.650391,77.276596,28.08794,2,3.517029,1.761122,-0.381486,2.730732,0.382201,2.847893,104.944031,1.988487,1.593557,1.435427,3.587249
1773775172.321089,224.551743,554.400818,770.129517,778.952576,77.908974,28.827396,2,3.517005,1.717067,0.394183,2.708549,0.38557,2.774421,111.904533,1.988487,1.593557,1.435427,3.587249
1773775173.116464,221.324524,570.232483,795.338318,791.557007,75.43959,27.960655,2,3.612912,1.768941,-1.383453,2.873487,0.39151,2.861104,108.042091,1.988487,1.593557,1.435427,3.587249
1773775173.899234,224.551743,561.96344,782.733887,786.515198,76.654404,28.550211,2,3.478281,1.733314,0.291837,2.722568,0.389219,2.801324,121.84697,1.988487,1.593557,1.435427,3.587249
1773775174.679496,225.627487,555.845947,780.213013,781.47345,76.902077,28.872061,2,3.508657,1.714478,-0.000686,2.7375,0.386833,2.770154,115.156433,1.988487,1.593557,1.435427,3.587249
1773775175.469828,223.475998,564.299622,790.29657,787.775635,75.920868,28.367975,2,3.533994,1.744168,-0.348856,2.792904,0.38978,2.819423,99.439293,1.988487,1.593557,1.435427,3.587249
1773775176.241255,227.778946,548.652771,771.389954,776.431702,77.78167,29.336637,2,3.464166,1.688019,-1.106113,2.672223,0.384495,2.726878,103.25528,1.988487,1.593557,1.435427,3.587249
1773775177.030327,223.475998,560.518311,789.036072,783.994324,76.042152,28.504797,2,3.255242,1.736006,-2.385197,2.568503,0.387956,2.805803,96.415878,1.988487,1.593557,1.435427,3.587249
1773775177.803026,222.400253,548.989685,772.650391,771.389954,77.654785,28.831106,2,3.63306,1.716852,-1.02656,2.807086,0.381828,2.774065,119.321518,1.988487,1.593557,1.435427,3.587249
1773775178.585797,229.93042,561.626587,782.733887,791.557007,76.654404,29.047865,2,3.49354,1.704366,-0.90465,2.734512,0.391886,2.753545,112.399017,1.988487,1.593557,1.435427,3.587249
1773775179.383692,217.021576,565.71228,797.859192,782.733887,75.201241,27.726099,2,3.486318,1.783536,-2.339759,2.781591,0.387066,2.885907,99.365723,1.988487,1.593557,1.435427,3.587249
1773775180.165202,223.475998,565.560059,781.47345,789.036072,76.778038,28.322659,2,3.481026,1.746889,-0.658344,2.720329,0.390388,2.823976,103.31218,1.988487,1.593557,1.435427,3.587249
1773775180.954286,223.475998,565.560059,789.036072,789.036072,76.042152,28.322659,2,3.48162,1.746889,-1.677907,2.747123,0.390388,2.823976,102.544846,1.988487,1.593557,1.435427,3.587249
1773775181.732015,227.778946,554.954956,777.692139,782.733887,77.151352,29.100433,2,3.471103,1.701366,-0.143941,2.69945,0.387535,2.748634,112.837799,1.988487,1.593557,1.435427,3.587249
1773775182.511004,226.703217,550.988892,778.952576,777.692139,77.026512,29.150766,2,3.513758,1.698504,0.412373,2.737051,0.385056,2.743956,127.458061,1.988487,1.593557,1.435427,3.587249
1773775183.258482,236.384842,522.400696,747.441589,758.785522,80.273834,31.153049,2,3.889406,1.592143,4.762582,2.907104,0.376358,2.575046,165.6194,1.988487,1.593557,1.435427,3.587249
1773775184.071502,226.703217,574.937256,812.984497,801.640503,73.802147,28.279909,2,3.826121,1.749464,1.836234,3.110577,0.396609,2.828289,163.014008,1.988487,1.593557,1.435427,3.587249
1773775184.849243,226.703217,550.988892,777.692139,777.692139,77.151352,29.150766,2,3.577504,1.698504,0.169779,2.782197,0.385056,2.743956,118.082573,1.988487,1.593557,1.435427,3.587249
1773775185.635795,228.854675,560.181396,786.515198,789.036072,76.285873,29.004335,2,3.381681,1.706859,-0.248923,2.659743,0.390623,2.757631,115.696503,1.988487,1.593557,1.435427,3.587249
1773775186.431169,222.400253,565.375366,795.338318,787.775635,75.43959,28.231421,2,3.401031,1.752393,-0.19142,2.70497,0.389733,2.833205,111.244324,1.988487,1.593557,1.435427,3.587249
1773775187.206377,221.324524,552.586304,775.171265,773.910828,77.402252,28.598196,2,3.675346,1.730479,0.759058,2.849022,0.382997,2.796613,135.608109,1.988487,1.593557,1.435427,3.587249
1773775188.004284,222.400253,576.71936,797.859192,799.119629,75.201241,27.830658,2,3.661744,1.776999,-0.110754,2.921556,0.395205,2.874777,115.05864,1.988487,1.593557,1.435427,3.587249
1773775188.797139,224.551743,570.78656,792.817444,795.338318,75.679466,28.233486,2,3.614035,1.752268,0.196025,2.86527,0.393475,2.832995,113.250839,1.988487,1.593557,1.435427,3.587249
1773775189.591253,229.93042,570.449646,794.077881,800.380066,75.559341,28.727654,2,3.65367,1.722877,0.526784,2.901298,0.396142,2.784016,117.377518,1.988487,1.593557,1.435427,3.587249
1773775190.397983,214.870117,574.165955,806.682251,789.036072,74.378731,27.231976,2,3.729297,1.815106,-2.658862,3.008358,0.390012,2.940173,103.064575,1.988487,1.593557,1.435427,3.587249
1773775191.195879,212.718643,582.61969,797.859192,795.338318,75.201241,26.74568,2,3.743145,1.847315,-2.378887,2.986503,0.392958,2.99641,107.677406,1.988487,1.593557,1.435427,3.587249
1773775191.976128,222.400253,569.156738,780.213013,791.557007,76.902077,28.096558,2,3.842951,1.760595,1.633473,2.99832,0.391557,2.847005,120.341072,1.988487,1.593557,1.435427,3.587249
1773775192.758898,229.93042,561.626587,782.733887,791.557007,76.654404,29.047865,2,3.687742,1.704366,-1.585361,2.886521,0.391886,2.753545,107.332336,1.988487,1.593557,1.435427,3.587249
1773775193.583276,224.551743,593.474487,824.32843,818.026245,72.786522,27.450434,2,3.460358,1.801008,-0.419722,2.852471,0.40442,2.915836,108.435089,1.988487,1.593557,1.435427,3.587249
1773775194.37739,219.17305,568.6026,794.077881,787.775635,75.559341,27.821762,2,3.564853,1.777554,-1.412149,2.830771,0.389592,2.875719,100.600746,1.988487,1.593557,1.435427,3.587249
1773775195.1589,227.778946,563.778076,781.47345,791.557007,76.778038,28.776064,2,3.850174,1.720052,-0.341357,3.008809,0.391792,2.779347,111.889053,1.988487,1.593557,1.435427,3.587249
1773775195.960589,221.324524,572.753357,801.640503,794.077881,74.846519,27.871891,2,3.651824,1.774435,-1.543933,2.92745,0.392726,2.87042,102.2407,1.988487,1.593557,1.435427,3.587249
1773775196.735796,225.627487,554.58551,775.171265,780.213013,77.402252,28.918705,2,3.522001,1.711784,-1.755047,2.730154,0.386225,2.765719,97.749359,1.988487,1.593557,1.435427,3.587249
1773775197.517307,232.081909,556.954163,781.47345,789.036072,76.778038,29.413345,2,3.585823,1.683731,0.286566,2.802226,0.390763,2.71992,127.590492,1.988487,1.593557,1.435427,3.587249
1773775198.330327,233.157639,581.08728,812.984497,814.244934,73.802147,28.634829,2,3.29472,1.728321,2.844958,2.678556,0.402971,2.793032,116.026932,1.988487,1.593557,1.435427,3.587249
1773775199.111849,224.551743,546.838196,781.47345,771.389954,76.778038,29.110018,2,3.626131,1.700821,-2.390357,2.833725,0.381922,2.747741,106.756256,1.988487,1.593557,1.435427,3.587249
1773775199.879494,220.248795,542.318054,767.608582,762.566833,78.164841,28.882557,2,3.607723,1.713871,-1.354721,2.769319,0.377478,2.769155,94.664513,1.988487,1.593557,1.435427,3.587249
1773775200.654701,225.627487,555.845947,775.171265,781.47345,77.402252,28.872061,2,3.65624,1.714478,-1.177462,2.834212,0.386833,2.770154,113.173965,1.988487,1.593557,1.435427,3.587249
1773775201.433691,218.097321,552.032227,778.952576,770.129517,77.026512,28.319565,2,3.588289,1.747075,-0.447267,2.795107,0.381032,2.824287,105.744919,1.988487,1.593557,1.435427,3.587249
1773775202.212679,219.17305,561.039978,778.952576,780.213013,77.026512,28.091436,2,3.635054,1.760908,-0.512157,2.831535,0.385944,2.847533,110.40213,1.988487,1.593557,1.435427,3.587249
1773775203.003024,220.248795,571.308228,790.29657,791.557007,75.920868,27.824753,2,3.620898,1.777367,-0.988027,2.861583,0.391463,2.875402,107.679764,1.988487,1.593557,1.435427,3.587249
1773775203.784535,222.400253,561.594055,781.47345,783.994324,76.778038,28.367584,2,3.57348,1.744192,-1.930747,2.79258,0.387909,2.819462,104.229187,1.988487,1.593557,1.435427,3.587249
1773775204.573607,217.021576,565.71228,789.036072,782.733887,76.042152,27.726099,2,3.7045,1.783536,-1.361959,2.922984,0.387066,2.885907,114.482819,1.988487,1.593557,1.435427,3.587249
1773775205.358897,218.097321,568.417847,785.254761,786.515198,76.408325,27.729574,2,3.622716,1.783318,0.605706,2.844755,0.388937,2.885535,143.614075,1.988487,1.593557,1.435427,3.587249
1773775206.147983,219.17305,571.123535,789.036072,790.29657,76.042152,27.733013,2,3.620452,1.783102,-0.846925,2.856668,0.390808,2.885167,116.534042,1.988487,1.593557,1.435427,3.587249
1773775206.914367,222.400253,547.729248,766.348145,770.129517,78.293396,28.878292,2,3.769831,1.714118,1.234557,2.889004,0.38122,2.769561,139.512955,1.988487,1.593557,1.435427,3.587249
1773775207.702179,220.248795,565.005981,787.775635,785.254761,76.163818,28.048069,2,3.759909,1.763564,0.305127,2.961965,0.388423,2.852013,124.820786,1.988487,1.593557,1.435427,3.587249
1773775208.496293,222.400253,574.198486,794.077881,796.598755,75.559341,27.91873,2,3.532325,1.771531,-0.512268,2.804941,0.393989,2.865494,116.627899,1.988487,1.593557,1.435427,3.587249
1773775209.284117,220.248795,565.005981,787.775635,785.254761,76.163818,28.048069,2,3.529951,1.763564,-0.854016,2.78081,0.388423,2.852013,100.042831,1.988487,1.593557,1.435427,3.587249
1773775210.076972,219.17305,572.383972,792.817444,791.557007,75.679466,27.688852,2,3.597189,1.785876,-2.925326,2.851915,0.391416,2.889901,104.135025,1.988487,1.593557,1.435427,3.587249
1773775210.845877,227.778946,551.173645,768.86908,778.952576,78.03669,29.241695,2,3.639299,1.693358,0.021662,2.798144,0.385711,2.735562,119.028648,1.988487,1.593557,1.435427,3.587249
1773775211.629907,218.097321,554.553101,783.994324,772.650391,76.531166,28.227169,2,3.560786,1.752651,-0.476965,2.791636,0.382248,2.833637,119.890427,1.988487,1.593557,1.435427,3.587249
1773775212.405128,224.551743,558.182129,775.171265,782.733887,77.402252,28.688133,2,3.462701,1.725191,-0.319492,2.684186,0.387395,2.787844,102.211044,1.988487,1.593557,1.435427,3.587249
1773775213.1942,221.324524,563.930237,789.036072,785.254761,76.042152,28.185061,2,3.450183,1.755204,-1.422691,2.722319,0.38847,2.837927,114.547913,1.988487,1.593557,1.435427,3.587249
1773775213.975709,221.324524,560.148926,781.47345,781.47345,76.778038,28.32144,2,3.396534,1.746962,0.817451,2.654301,0.386646,2.824098,135.860184,1.988487,1.593557,1.435427,3.587249
1773775214.75974,217.021576,561.93103,783.994324,778.952576,76.531166,27.860693,2,3.560795,1.775131,-0.584731,2.791643,0.385242,2.871602,111.588654,1.988487,1.593557,1.435427,3.587249
1773775215.538729,211.642914,561.007446,778.952576,772.650391,77.026512,27.391809,2,3.620579,1.804769,-0.786082,2.820259,0.381967,2.922312,107.210754,1.988487,1.593557,1.435427,3.587249
1773775216.31521,219.17305,566.081726,776.431702,785.254761,77.276596,27.911076,2,3.753246,1.772005,-0.19194,2.914139,0.388376,2.866297,128.227478,1.988487,1.593557,1.435427,3.587249
1773775217.129491,210.567169,593.594238,814.244934,804.161377,73.687904,26.18469,2,3.479414,1.885957,-1.988806,2.833096,0.397121,3.065042,100.202316,1.988487,1.593557,1.435427,3.587249
1773775217.914781,212.718643,575.057007,785.254761,787.775635,76.408325,27.002439,2,3.759048,1.830164,-1.704858,2.95181,0.38931,2.966355,113.65506,1.988487,1.593557,1.435427,3.587249
1773775218.686208,219.17305,559.779541,771.389954,778.952576,77.78167,28.136894,2,3.630649,1.758134,0.124007,2.800647,0.385336,2.842858,127.068321,1.988487,1.593557,1.435427,3.587249
1773775219.476553,226.703217,572.416382,790.29657,799.119629,75.920868,28.369123,2,3.483463,1.744099,0.053846,2.752969,0.395393,2.819308,126.365196,1.988487,1.593557,1.435427,3.587249
1773775220.258062,220.248795,553.662048,781.47345,773.910828,76.778038,28.459194,2,3.42843,1.738718,-2.447637,2.679227,0.38295,2.810322,98.692833,1.988487,1.593557,1.435427,3.587249
1773775221.033271,226.703217,556.03064,775.171265,782.733887,77.402252,28.962999,2,3.488145,1.709232,-1.451721,2.70391,0.387488,2.761527,90.221817,1.988487,1.593557,1.435427,3.587249
1773775221.804697,228.854675,545.056152,771.389954,773.910828,77.78167,29.571194,2,3.428427,1.674976,-0.337125,2.644654,0.383326,2.705764,106.424469,1.988487,1.593557,1.435427,3.587249
1773775222.59126,226.703217,557.291138,786.515198,783.994324,76.285873,28.916437,2,3.457088,1.711914,-1.039701,2.719052,0.388096,2.765934,110.985275,1.988487,1.593557,1.435427,3.587249
1773775223.362687,225.627487,544.502014,771.389954,770.129517,77.78167,29.297342,2,3.406383,1.690225,-0.313218,2.62765,0.381361,2.730463,111.171692,1.988487,1.593557,1.435427,3.587249
1773775224.142936,231.006149,555.509033,780.213013,786.515198,76.902077,29.370844,2,3.551,1.686104,1.025707,2.770536,0.3895,2.723769,135.362991,1.988487,1.593557,1.435427,3.587249
1773775224.930748,224.551743,555.661255,787.775635,780.213013,76.163818,28.780825,2,3.510398,1.719775,0.429672,2.765406,0.386178,2.778889,116.306847,1.988487,1.593557,1.435427,3.587249
1773775225.713518,221.324524,557.628052,782.733887,778.952576,76.654404,28.413094,2,3.65537,1.741468,-1.102475,2.861182,0.38543,2.814911,119.754745,1.988487,1.593557,1.435427,3.587249
1773775226.483696,224.551743,549.35907,770.129517,773.910828,77.908974,29.015196,2,3.56822,1.706236,0.213175,2.747992,0.383138,2.756609,122.471687,1.988487,1.593557,1.435427,3.587249
1773775227.266467,225.627487,558.366821,782.733887,783.994324,76.654404,28.779224,2,3.50967,1.719868,-0.89162,2.747138,0.38805,2.779043,104.711533,1.988487,1.593557,1.435427,3.587249
1773775228.046716,225.627487,554.58551,780.213013,780.213013,76.902077,28.918705,2,3.536349,1.711784,0.900791,2.759105,0.386225,2.765719,133.140823,1.988487,1.593557,1.435427,3.587249
1773775228.824445,212.718643,549.848206,777.692139,762.566833,77.151352,27.895081,2,3.707668,1.772996,-1.404056,2.883424,0.377149,2.867978,125.137115,1.988487,1.593557,1.435427,3.587249
1773775229.611008,217.021576,574.5354,786.515198,791.557007,76.285873,27.417049,2,3.630752,1.803148,-2.124005,2.855642,0.391322,2.919519,99.280838,1.988487,1.593557,1.435427,3.587249
1773775230.384955,221.324524,557.628052,773.910828,778.952576,77.528313,28.413094,2,3.662738,1.741468,-0.517094,2.834633,0.38543,2.814911,126.882889,1.988487,1.593557,1.435427,3.587249
1773775231.174028,220.248795,567.526855,789.036072,787.775635,76.042152,27.958315,2,3.620284,1.769085,0.154893,2.856534,0.389639,2.861349,119.392998,1.988487,1.593557,1.435427,3.587249
1773775231.960579,215.945847,565.527588,786.515198,781.47345,76.285873,27.633167,2,3.572122,1.789387,-1.786192,2.809528,0.386411,2.895901,102.549347,1.988487,1.593557,1.435427,3.587249
1773775232.743362,214.870117,566.603333,782.733887,781.47345,76.654404,27.49551,2,3.553456,1.798127,-0.826322,2.78141,0.386364,2.910883,107.987167,1.988487,1.593557,1.435427,3.587249
1773775233.51857,215.945847,560.48584,775.171265,776.431702,77.402252,27.812599,2,3.645489,1.778125,-1.156859,2.825879,0.383979,2.87669,113.989014,1.988487,1.593557,1.435427,3.587249
1773775234.300079,217.021576,565.71228,781.47345,782.733887,76.778038,27.726099,2,3.626443,1.783536,0.258316,2.833969,0.387066,2.885907,140.757553,1.988487,1.593557,1.435427,3.587249
1773775235.077808,225.627487,562.148132,777.692139,787.775635,77.151352,28.641085,2,3.472907,1.727953,-0.135811,2.700852,0.389874,2.792422,112.004303,1.988487,1.593557,1.435427,3.587249
1773775235.854276,221.324524,550.06543,776.431702,771.389954,77.276596,28.691652,2,3.466187,1.724984,-0.266667,2.691257,0.381781,2.787503,123.061172,1.988487,1.593557,1.435427,3.587249
1773775236.637058,236.384842,563.995239,782.733887,800.380066,76.654404,29.534075,2,3.590573,1.677027,0.548723,2.810463,0.396424,2.709073,107.973854,1.988487,1.593557,1.435427,3.587249
1773775237.436215,217.021576,559.410156,799.119629,776.431702,75.082626,27.951149,2,3.4401,1.769527,-1.678835,2.749052,0.384026,2.862098,98.893387,1.988487,1.593557,1.435427,3.587249
1773775238.213943,222.400253,561.594055,777.692139,783.994324,77.151352,28.367584,2,3.706553,1.744192,-0.584211,2.882557,0.387909,2.819462,127.921478,1.988487,1.593557,1.435427,3.587249
1773775238.992932,220.248795,556.182922,778.952576,776.431702,77.026512,28.366795,2,3.489872,1.744239,-0.42065,2.718444,0.384167,2.819541,111.161331,1.988487,1.593557,1.435427,3.587249
1773775239.770673,217.021576,556.889282,777.692139,773.910828,77.151352,28.042194,2,3.497021,1.763924,-0.518579,2.719606,0.38281,2.852622,105.987396,1.988487,1.593557,1.435427,3.587249
1773775240.549661,218.097321,562.115723,778.952576,780.213013,77.026512,27.953562,2,3.575102,1.769378,-0.475628,2.784835,0.385897,2.861846,133.531036,1.988487,1.593557,1.435427,3.587249
1773775241.338734,221.324524,571.49292,789.036072,792.817444,76.042152,27.916203,2,3.518186,1.771688,-0.963749,2.775976,0.392118,2.865759,113.43132,1.988487,1.593557,1.435427,3.587249
1773775242.125285,222.400253,565.375366,786.515198,787.775635,76.285873,28.231421,2,3.427264,1.752393,0.234743,2.695595,0.389733,2.833205,107.471397,1.988487,1.593557,1.435427,3.587249
1773775242.906807,215.945847,557.964966,781.47345,773.910828,76.778038,27.903196,2,3.625821,1.772493,-0.538476,2.833483,0.382763,2.867125,126.450363,1.988487,1.593557,1.435427,3.587249
1773775243.690838,217.021576,568.233154,783.994324,785.254761,76.531166,27.637091,2,3.702402,1.78914,0.972028,2.902662,0.388282,2.895477,142.563797,1.988487,1.593557,1.435427,3.587249
1773775244.483692,219.17305,576.165283,792.817444,795.338318,75.679466,27.557209,2,3.730068,1.794199,-0.175977,2.957263,0.39324,2.904141,122.72699,1.988487,1.593557,1.435427,3.587249
1773775245.262681,213.794373,558.856018,778.952576,772.650391,77.026512,27.670261,2,3.643627,1.787047,-0.698882,2.838213,0.382061,2.8919,133.196472,1.988487,1.593557,1.435427,3.587249
1773775246.035368,224.551743,560.703003,772.650391,785.254761,77.654785,28.596037,2,3.574737,1.730606,-0.994078,2.762022,0.388611,2.796824,111.47197,1.988487,1.593557,1.435427,3.587249
1773775246.810587,223.475998,550.434814,775.171265,773.910828,77.402252,28.876194,2,3.382927,1.714239,-0.994152,2.622348,0.383091,2.769761,115.898331,1.988487,1.593557,1.435427,3.587249
1773775247.585795,222.400253,551.510559,775.171265,773.910828,77.402252,28.737194,2,3.573209,1.72232,0.128017,2.769849,0.383044,2.783094,111.88073,1.988487,1.593557,1.435427,3.587249
1773775248.377388,218.097321,568.417847,791.557007,786.515198,75.799973,27.729574,2,3.635983,1.783318,-1.499757,2.878088,0.388937,2.885535,111.86203,1.988487,1.593557,1.435427,3.587249
1773775249.1652,220.248795,570.047791,787.775635,790.29657,76.163818,27.869133,2,3.621266,1.774606,-1.14743,2.852745,0.390855,2.870711,124.684052,1.988487,1.593557,1.435427,3.587249
1773775249.941681,224.551743,556.921692,776.431702,781.47345,77.276596,28.734404,2,3.625281,1.722483,0.165139,2.814783,0.386787,2.783364,116.321144,1.988487,1.593557,1.435427,3.587249
1773775250.729492,221.324524,562.6698,787.775635,783.994324,76.163818,28.230371,2,3.621505,1.752457,1.988807,2.852934,0.387862,2.833312,166.409103,1.988487,1.593557,1.435427,3.587249
1773775251.519825,215.945847,568.048462,790.29657,783.994324,75.920868,27.544313,2,3.660416,1.795019,-0.929374,2.892814,0.387627,2.905547,125.727066,1.988487,1.593557,1.435427,3.587249
1773775252.303856,218.097321,568.417847,783.994324,786.515198,76.531166,27.729574,2,3.42816,1.783318,-2.277877,2.687658,0.388937,2.885535,101.49926,1.988487,1.593557,1.435427,3.587249
1773775253.080336,218.097321,558.334351,776.431702,776.431702,77.276596,28.089699,2,3.541414,1.761014,-1.225646,2.749666,0.384073,2.847712,98.853287,1.988487,1.593557,1.435427,3.587249
1773775253.868149,225.627487,570.971252,787.775635,796.598755,76.163818,28.323856,2,3.745941,1.746817,-1.3702,2.950961,0.39413,2.823855,110.930832,1.988487,1.593557,1.435427,3.587249
1773775254.666044,222.400253,571.677612,797.859192,794.077881,75.201241,28.00736,2,3.520602,1.766063,-1.138075,2.808944,0.392773,2.856237,98.359268,1.988487,1.593557,1.435427,3.587249
1773775255.452595,224.551743,564.484314,786.515198,789.036072,76.285873,28.458994,2,3.648918,1.738729,-0.511192,2.86993,0.390435,2.810342,111.17218,1.988487,1.593557,1.435427,3.587249
1773775256.251764,222.400253,574.198486,799.119629,796.598755,75.082626,27.91873,2,3.493395,1.771531,-0.954097,2.791641,0.393989,2.865494,98.342934,1.988487,1.593557,1.435427,3.587249
1773775257.039576,219.17305,564.821289,787.775635,783.994324,76.163818,27.95595,2,3.492152,1.769231,-0.887054,2.751032,0.387768,2.861596,107.803497,1.988487,1.593557,1.435427,3.587249
1773775257.829908,213.794373,570.199951,790.29657,783.994324,75.920868,27.269888,2,3.569721,1.812643,-2.748105,2.821138,0.387533,2.935909,97.130959,1.988487,1.593557,1.435427,3.587249
1773775258.610158,218.097321,567.157471,780.213013,785.254761,76.902077,27.774084,2,3.640405,1.78053,-1.895777,2.840291,0.388329,2.880784,118.252213,1.988487,1.593557,1.435427,3.587249
1773775259.411847,218.097321,583.543213,801.640503,801.640503,74.846519,27.206377,2,3.641424,1.816773,-0.733665,2.919113,0.396233,2.943062,132.513092,1.988487,1.593557,1.435427,3.587249
1773775260.195878,211.642914,564.788818,783.994324,776.431702,76.531166,27.258408,2,3.769347,1.813388,-0.864744,2.955147,0.383791,2.937199,125.482971,1.988487,1.593557,1.435427,3.587249
1773775260.997555,215.945847,590.736389,801.640503,806.682251,74.846519,26.769629,2,3.718185,1.845701,-2.65812,2.980648,0.398571,2.993572,112.132202,1.988487,1.593557,1.435427,3.587249
1773775261.781597,219.17305,568.6026,783.994324,787.775635,76.531166,27.821762,2,3.65832,1.777554,0.100398,2.868103,0.389592,2.875719,141.777695,1.988487,1.593557,1.435427,3.587249
1773775262.56941,222.400253,569.156738,787.775635,791.557007,76.163818,28.096558,2,3.520071,1.760595,-1.04475,2.773026,0.391557,2.847005,108.827805,1.988487,1.593557,1.435427,3.587249
1773775263.357221,219.17305,564.821289,787.775635,783.994324,76.163818,27.95595,2,3.547623,1.769231,-0.650066,2.794731,0.387768,2.861596,102.260941,1.988487,1.593557,1.435427,3.587249
1773775264.129908,224.551743,554.400818,772.650391,778.952576,77.654785,28.827396,2,3.783663,1.717067,1.809321,2.923449,0.38557,2.774421,129.049667,1.988487,1.593557,1.435427,3.587249
1773775264.929077,219.17305,573.644409,799.119629,792.817444,75.082626,27.644831,2,3.636038,1.788651,-0.408511,2.905629,0.392024,2.894641,124.500061,1.988487,1.593557,1.435427,3.587249
1773775265.730753,220.248795,582.652161,801.640503,802.90094,74.846519,27.431627,2,3.587426,1.802213,-1.3101,2.875826,0.396935,2.917909,108.840141,1.988487,1.593557,1.435427,3.587249
1773775266.524868,218.097321,573.459717,794.077881,791.557007,75.559341,27.55295,2,3.547998,1.79447,-1.328327,2.817386,0.391369,2.904605,95.543587,1.988487,1.593557,1.435427,3.587249
1773775267.310159,220.248795,567.526855,785.254761,787.775635,76.408325,27.958315,2,3.780739,1.769085,-0.584879,2.968843,0.389639,2.861349,124.03125,1.988487,1.593557,1.435427,3.587249
1773775268.100504,222.400253,570.417175,790.29657,792.817444,75.920868,28.051886,2,3.799357,1.76333,-0.443295,3.002619,0.392165,2.851618,122.203186,1.988487,1.593557,1.435427,3.587249
1773775268.8984,220.248795,575.089539,797.859192,795.338318,75.201241,27.692467,2,3.706021,1.785649,-1.634771,2.956883,0.393287,2.889513,103.826767,1.988487,1.593557,1.435427,3.587249
1773775269.696295,215.945847,576.871582,797.859192,792.817444,75.201241,27.237776,2,3.628816,1.814729,-4.009036,2.895284,0.391883,2.939519,111.203918,1.988487,1.593557,1.435427,3.587249
1773775270.496723,215.945847,584.434204,800.380066,800.380066,74.964386,26.980412,2,3.503593,1.831623,-2.232402,2.804206,0.395531,2.968902,107.283859,1.988487,1.593557,1.435427,3.587249
1773775271.287057,221.324524,575.274231,790.29657,796.598755,75.920868,27.783689,2,3.516317,1.77993,-1.058522,2.778933,0.393942,2.879761,121.400742,1.988487,1.593557,1.435427,3.587249
1773775272.077389,215.945847,568.048462,790.29657,783.994324,75.920868,27.544313,2,3.431273,1.795019,-3.534874,2.711723,0.387627,2.905547,104.276909,1.988487,1.593557,1.435427,3.587249
1773775272.837471,225.627487,545.762451,760.045959,771.389954,78.942596,29.249472,2,3.636431,1.692919,-1.164914,2.763855,0.381969,2.734848,124.628372,1.988487,1.593557,1.435427,3.587249
1773775273.605117,208.415695,539.025879,767.608582,747.441589,78.164841,27.883879,2,3.828925,1.773691,-1.546383,2.939116,0.369665,2.869157,115.482605,1.988487,1.593557,1.435427,3.587249
1773775274.381597,215.945847,569.308899,776.431702,785.254761,77.276596,27.500099,2,3.722469,1.797835,-1.181322,2.890243,0.388235,2.91038,110.595993,1.988487,1.593557,1.435427,3.587249
1773775275.168149,212.718643,570.015259,786.515198,782.733887,76.285873,27.176369,2,3.633788,1.818731,-1.890654,2.858029,0.386878,2.946458,110.63353,1.988487,1.593557,1.435427,3.587249
1773775275.9547,232.081909,577.121216,786.515198,809.203125,76.285873,28.680304,2,3.578597,1.72565,-1.258388,2.81462,0.400492,2.788604,108.476036,1.988487,1.593557,1.435427,3.587249
1773775276.739991,238.536301,554.281128,785.254761,792.817444,76.408325,30.087168,2,3.464576,1.647,-2.510633,2.720575,0.392869,2.660964,95.889122,1.988487,1.593557,1.435427,3.587249
1773775277.54042,224.551743,559.442566,800.380066,783.994324,74.964386,28.64201,2,3.263574,1.727898,-3.112236,2.6121,0.388003,2.792332,98.075897,1.988487,1.593557,1.435427,3.587249
1773775278.308065,221.324524,542.502747,767.608582,763.827271,78.164841,28.975729,2,3.54695,1.708501,-0.168293,2.722669,0.378133,2.760325,111.903137,1.988487,1.593557,1.435427,3.587249
1773775279.094616,224.551743,565.744812,786.515198,790.29657,76.285873,28.413605,2,3.830176,1.741437,-2.360956,3.012491,0.391043,2.81486,107.039955,1.988487,1.593557,1.435427,3.587249
1773775279.892512,219.17305,572.383972,797.859192,791.557007,75.201241,27.688852,2,3.617855,1.785876,-1.656524,2.886539,0.391416,2.889901,103.271118,1.988487,1.593557,1.435427,3.587249
1773775280.668992,215.945847,556.704529,776.431702,772.650391,77.276596,27.948713,2,3.90152,1.769678,-0.799669,3.029264,0.382155,2.862353,136.617096,1.988487,1.593557,1.435427,3.587249
1773775281.461846,203.037018,574.655151,792.817444,777.692139,75.679466,26.107634,2,3.900486,1.891394,-3.105963,3.092374,0.384023,3.074802,113.068756,1.988487,1.593557,1.435427,3.587249
1773775282.240835,215.945847,578.132019,778.952576,794.077881,77.026512,27.194542,2,4.018553,1.817544,-0.881671,3.130262,0.392491,2.9444,127.041336,1.988487,1.593557,1.435427,3.587249
1773775283.024865,219.17305,568.6026,783.994324,787.775635,76.531166,27.821762,2,3.784127,1.777554,0.26084,2.966734,0.389592,2.875719,146.298935,1.988487,1.593557,1.435427,3.587249
1773775283.803867,221.324524,560.148926,778.952576,781.47345,77.026512,28.32144,2,3.746342,1.746962,-0.127644,2.918223,0.386646,2.824098,133.146637,1.988487,1.593557,1.435427,3.587249
1773775284.594199,218.097321,568.417847,790.29657,786.515198,75.920868,27.729574,2,3.542953,1.783318,-1.291353,2.799983,0.388937,2.885535,116.369415,1.988487,1.593557,1.435427,3.587249
1773775285.370667,219.17305,558.519104,776.431702,777.692139,77.276596,28.182495,2,3.532408,1.75536,-1.747734,2.742674,0.384728,2.838189,104.124741,1.988487,1.593557,1.435427,3.587249
1773775286.164782,213.794373,573.981262,794.077881,787.775635,75.559341,27.138992,2,3.572144,1.821175,-1.317821,2.83656,0.389357,2.950703,103.180405,1.988487,1.593557,1.435427,3.587249
1773775286.953866,213.794373,575.241699,789.036072,789.036072,76.042152,27.09564,2,3.613531,1.824019,-1.48101,2.851206,0.389965,2.955647,108.576019,1.988487,1.593557,1.435427,3.587249
1773775287.746721,211.642914,578.653687,792.817444,790.29657,75.679466,26.780188,2,3.799991,1.844991,-1.824169,3.012699,0.390479,2.992323,122.93338,1.988487,1.593557,1.435427,3.587249
1773775288.525709,212.718643,567.494385,778.952576,780.213013,77.026512,27.264175,2,3.715155,1.813014,-1.156636,2.89393,0.385662,2.936551,108.440575,1.988487,1.593557,1.435427,3.587249
1773775289.311,209.491425,571.982056,785.254761,781.47345,76.408325,26.807234,2,3.733853,1.843173,-0.62679,2.932026,0.386129,2.98913,123.891144,1.988487,1.593557,1.435427,3.587249
1773775290.098825,211.642914,578.653687,787.775635,790.29657,76.163818,26.780188,2,3.707791,1.844991,-3.147614,2.920907,0.390479,2.992323,118.744904,1.988487,1.593557,1.435427,3.587249
1773775290.870251,225.627487,562.148132,771.389954,787.775635,77.78167,28.641085,2,3.576488,1.727953,-2.423322,2.758867,0.389874,2.792422,98.868385,1.988487,1.593557,1.435427,3.587249
1773775291.65302,239.61203,559.507568,782.733887,799.119629,76.654404,29.984501,2,3.289758,1.65249,0.249778,2.575005,0.395957,2.669703,100.029457,1.988487,1.593557,1.435427,3.587249
1773775292.438312,225.627487,543.241577,785.254761,768.86908,76.408325,29.345373,2,3.388521,1.68753,-0.92039,2.660852,0.380753,2.726083,97.497078,1.988487,1.593557,1.435427,3.587249
1773775293.229905,222.400253,565.375366,791.557007,787.775635,75.799973,28.231421,2,3.611027,1.752393,-0.858136,2.858334,0.389733,2.833205,106.236816,1.988487,1.593557,1.435427,3.587249
1773775294.017729,212.718643,563.713074,787.775635,776.431702,76.163818,27.396955,2,3.750738,1.804439,-1.532722,2.95474,0.383838,2.921742,116.191254,1.988487,1.593557,1.435427,3.587249
1773775294.785375,212.718643,554.889954,767.608582,767.608582,78.164841,27.711863,2,3.645657,1.78443,-2.086734,2.798438,0.379581,2.887431,96.621109,1.988487,1.593557,1.435427,3.587249
1773775295.565624,210.567169,567.125,780.213013,777.692139,76.902077,27.075901,2,3.801717,1.825317,-1.688412,2.966149,0.384352,2.957907,111.635254,1.988487,1.593557,1.435427,3.587249
1773775296.339571,222.400253,565.375366,773.910828,787.775635,77.528313,28.231421,2,3.926764,1.752393,0.489959,3.038965,0.389733,2.833205,145.035263,1.988487,1.593557,1.435427,3.587249
1773775297.138739,213.794373,575.241699,799.119629,789.036072,75.082626,27.09564,2,3.858176,1.824019,-0.855463,3.083144,0.389965,2.955647,136.395142,1.988487,1.593557,1.435427,3.587249
1773775297.934113,213.794373,581.543945,795.338318,795.338318,75.43959,26.880936,2,3.676866,1.838239,-0.66781,2.924352,0.393005,2.980475,117.656448,1.988487,1.593557,1.435427,3.587249
1773775298.726968,214.870117,579.207764,792.817444,794.077881,75.679466,27.059072,2,3.64792,1.826425,-1.054067,2.892134,0.392444,2.959836,117.829651,1.988487,1.593557,1.435427,3.587249
1773775299.51604,214.870117,574.165955,789.036072,789.036072,76.042152,27.231976,2,3.739082,1.815106,0.550876,2.95027,0.390012,2.940173,142.740768,1.988487,1.593557,1.435427,3.587249
1773775300.315208,209.491425,583.32605,799.119629,792.817444,75.082626,26.423666,2,3.640186,1.869295,-0.968463,2.908944,0.391601,3.035294,110.687424,1.988487,1.593557,1.435427,3.587249
1773775301.105541,214.870117,581.728638,790.29657,796.598755,75.920868,26.973444,2,3.690813,1.832085,-2.068099,2.916837,0.39366,2.969708,106.847321,1.988487,1.593557,1.435427,3.587249
1773775301.889572,214.870117,569.124207,783.994324,783.994324,76.531166,27.407101,2,3.812012,1.803787,-0.081464,2.988596,0.38758,2.920619,126.30957,1.988487,1.593557,1.435427,3.587249
1773775302.68622,217.021576,582.098022,796.598755,799.119629,75.320229,27.157583,2,3.695412,1.819959,-0.618697,2.94376,0.39497,2.948589,122.016449,1.988487,1.593557,1.435427,3.587249
1773775303.484115,221.324524,581.576416,797.859192,802.90094,75.201241,27.565607,2,3.605842,1.793666,-0.508741,2.876954,0.396982,2.903227,118.518478,1.988487,1.593557,1.435427,3.587249
1773775304.28201,221.324524,576.534668,797.859192,797.859192,75.201241,27.739796,2,3.476938,1.782677,-0.855463,2.774107,0.39455,2.884442,103.452545,1.988487,1.593557,1.435427,3.587249
1773775305.073604,218.097321,569.678345,791.557007,787.775635,75.799973,27.685207,2,3.56358,1.786106,-1.901383,2.820776,0.389545,2.890293,104.552361,1.988487,1.593557,1.435427,3.587249
1773775305.874032,215.945847,581.91333,800.380066,797.859192,74.964386,27.065659,2,3.622341,1.825992,-1.183735,2.89925,0.394315,2.959081,114.45134,1.988487,1.593557,1.435427,3.587249
1773775306.68075,209.491425,589.628174,806.682251,799.119629,74.378731,26.215277,2,3.694753,1.883808,-2.876511,2.980491,0.394642,3.061192,108.460785,1.988487,1.593557,1.435427,3.587249
1773775307.471084,222.400253,583.021545,790.29657,805.421814,75.920868,27.612892,2,3.827251,1.790669,0.120407,3.024664,0.398245,2.898094,126.422173,1.988487,1.593557,1.435427,3.587249
1773775308.280335,213.794373,585.325256,809.203125,799.119629,74.147018,26.753738,2,3.615523,1.846771,-2.138037,2.925693,0.394829,2.995454,103.962601,1.988487,1.593557,1.435427,3.587249
1773775309.083272,217.021576,589.660645,802.90094,806.682251,74.729019,26.902983,2,3.586555,1.836769,-2.389169,2.879649,0.398618,2.9779,102.786209,1.988487,1.593557,1.435427,3.587249
1773775309.866043,213.794373,565.158203,782.733887,778.952576,76.654404,27.446392,2,3.626652,1.801267,-0.374619,2.838703,0.385101,2.916281,121.846497,1.988487,1.593557,1.435427,3.587249
1773775310.656376,213.794373,576.502197,790.29657,790.29657,75.920868,27.052423,2,3.695086,1.826863,-1.821125,2.920214,0.390573,2.9606,116.084656,1.988487,1.593557,1.435427,3.587249
1773775311.450503,217.021576,580.837646,794.077881,797.859192,75.559341,27.200487,2,3.570545,1.817157,-1.816224,2.835291,0.394362,2.943727,100.618019,1.988487,1.593557,1.435427,3.587249
1773775312.242096,215.945847,574.350708,791.557007,790.29657,75.799973,27.324659,2,3.72205,1.809097,-0.848633,2.946215,0.390667,2.92978,130.451294,1.988487,1.593557,1.435427,3.587249
1773775313.026126,219.17305,568.6026,783.994324,787.775635,76.531166,27.821762,2,3.856439,1.777554,-0.845886,3.023426,0.389592,2.875719,136.848831,1.988487,1.593557,1.435427,3.587249
1773775313.829076,220.248795,583.912598,802.90094,804.161377,74.729019,27.388632,2,3.700636,1.804974,-0.558225,2.971244,0.397543,2.922664,122.181824,1.988487,1.593557,1.435427,3.587249
1773775314.606804,227.778946,558.736267,777.692139,786.515198,77.151352,28.960526,2,3.590004,1.709375,0.114281,2.791918,0.38936,2.76176,127.653709,1.988487,1.593557,1.435427,3.587249
1773775315.40722,220.248795,571.308228,800.380066,791.557007,74.964386,27.824753,2,3.525265,1.777367,-0.21336,2.821552,0.391463,2.875402,115.058533,1.988487,1.593557,1.435427,3.587249
1773775316.182428,225.627487,555.845947,775.171265,781.47345,77.402252,28.872061,2,3.680582,1.714478,-0.365115,2.853081,0.386833,2.770154,121.730026,1.988487,1.593557,1.435427,3.587249
1773775316.972773,227.778946,565.038513,790.29657,792.817444,75.920868,28.730314,2,3.573337,1.722722,-0.026783,2.823996,0.3924,2.783759,108.092667,1.988487,1.593557,1.435427,3.587249
1773775317.761846,224.551743,560.703003,789.036072,785.254761,76.042152,28.596037,2,3.553567,1.730606,0.529976,2.803893,0.388611,2.796824,144.342514,1.988487,1.593557,1.435427,3.587249
1773775318.550918,214.870117,562.822021,789.036072,777.692139,76.042152,27.6292,2,3.690509,1.789638,-0.999757,2.911944,0.38454,2.896329,139.789978,1.988487,1.593557,1.435427,3.587249
1773775319.343772,214.870117,577.947327,792.817444,792.817444,75.679466,27.102093,2,3.576568,1.823596,-0.37989,2.835566,0.391836,2.95491,132.805145,1.988487,1.593557,1.435427,3.587249
1773775320.130336,222.400253,572.938049,786.515198,795.338318,76.285873,27.962975,2,3.575362,1.768798,-0.030495,2.812076,0.393381,2.860862,115.208878,1.988487,1.593557,1.435427,3.587249
1773775320.919408,211.642914,564.788818,789.036072,776.431702,76.042152,27.258408,2,3.634814,1.813388,-2.218667,2.867999,0.383791,2.937199,126.170639,1.988487,1.593557,1.435427,3.587249
1773775321.703439,218.097321,573.459717,783.994324,791.557007,76.531166,27.55295,2,3.816539,1.79447,-0.304977,2.992145,0.391369,2.904605,140.870102,1.988487,1.593557,1.435427,3.587249
1773775322.491251,214.870117,569.124207,787.775635,783.994324,76.163818,27.407101,2,3.730578,1.803787,-1.840614,2.938859,0.38758,2.920619,126.580933,1.988487,1.593557,1.435427,3.587249
1773775323.285377,220.248795,580.131287,794.077881,800.380066,75.559341,27.518024,2,3.585695,1.796692,-1.470245,2.847321,0.395719,2.908418,104.131775,1.988487,1.593557,1.435427,3.587249
1773775324.075711,220.248795,570.047791,790.29657,790.29657,75.920868,27.869133,2,3.635049,1.774606,0.067842,2.872767,0.390855,2.870711,132.670731,1.988487,1.593557,1.435427,3.587249
1773775324.85596,218.097321,559.594849,780.213013,777.692139,76.902077,28.044172,2,3.834914,1.763803,0.569438,2.992049,0.384681,2.852417,122.486092,1.988487,1.593557,1.435427,3.587249
1773775325.652594,214.870117,577.947327,796.598755,792.817444,75.320229,27.102093,2,3.760206,1.823596,-3.056331,2.995375,0.391836,2.95491,110.817596,1.988487,1.593557,1.435427,3.587249
1773775326.434117,213.794373,566.41864,781.47345,780.213013,76.778038,27.402052,2,3.741458,1.804111,-1.549241,2.92385,0.385709,2.921178,112.487183,1.988487,1.593557,1.435427,3.587249
1773775327.206803,220.248795,559.964233,772.650391,780.213013,77.654785,28.229317,2,3.910456,1.752521,1.934608,3.021415,0.385991,2.833419,147.11763,1.988487,1.593557,1.435427,3.587249
1773775327.994615,228.854675,569.004517,787.775635,797.859192,76.163818,28.68359,2,3.892432,1.725457,-0.397375,3.066363,0.394879,2.788285,126.949875,1.988487,1.593557,1.435427,3.587249
1773775328.763521,242.839249,542.415527,768.86908,785.254761,78.03669,30.924902,2,3.499484,1.603567,3.454876,2.690645,0.389409,2.592727,98.430573,1.988487,1.593557,1.435427,3.587249
1773775329.56647,234.233368,558.584106,802.90094,792.817444,74.729019,29.544428,2,3.21958,1.676454,0.256645,2.585004,0.392682,2.708149,100.139656,1.988487,1.593557,1.435427,3.587249
1773775330.322771,237.460571,522.585388,756.264648,760.045959,79.337303,31.242922,2,3.77142,1.587689,-1.68819,2.852192,0.377013,2.568182,115.344696,1.988487,1.593557,1.435427,3.587249
1773775331.12823,220.248795,565.005981,805.421814,785.254761,74.495125,28.048069,2,3.530696,1.763564,-1.832707,2.843699,0.388423,2.852013,113.373474,1.988487,1.593557,1.435427,3.587249
1773775331.91352,218.097321,564.636597,785.254761,782.733887,76.408325,27.863533,2,3.920432,1.774954,-4.566612,3.078538,0.387113,2.871302,108.933121,1.988487,1.593557,1.435427,3.587249
1773775332.691262,208.415695,557.932434,777.692139,766.348145,77.151352,27.195953,2,3.677093,1.817452,-3.155893,2.859646,0.378786,2.94424,104.685593,1.988487,1.593557,1.435427,3.587249
1773775333.457646,212.718643,558.671326,766.348145,771.389954,78.293396,27.576021,2,3.823399,1.793005,-2.046457,2.930054,0.381406,2.902094,118.317963,1.988487,1.593557,1.435427,3.587249
1773775334.232853,213.794373,562.637329,775.171265,776.431702,77.402252,27.535503,2,3.684218,1.795579,-3.647466,2.8559,0.383885,2.906508,116.248642,1.988487,1.593557,1.435427,3.587249
1773775334.994196,215.945847,547.881409,761.306396,763.827271,78.811897,28.271557,2,3.897106,1.749968,-3.026373,2.966892,0.377898,2.829134,121.000488,1.988487,1.593557,1.435427,3.587249
1773775335.780748,208.415695,569.276428,786.515198,777.692139,76.285873,26.799255,2,3.589701,1.843709,-2.365188,2.823354,0.384258,2.990071,117.031937,1.988487,1.593557,1.435427,3.587249
1773775336.571092,215.945847,583.173767,790.29657,799.119629,75.920868,27.02297,2,3.576738,1.828807,-1.62356,2.826684,0.394923,2.963988,117.385788,1.988487,1.593557,1.435427,3.587249
1773775337.348822,209.491425,560.638062,777.692139,770.129517,77.151352,27.202103,2,3.644286,1.817051,-2.431823,2.834133,0.380657,2.943545,116.433395,1.988487,1.593557,1.435427,3.587249
1773775338.118987,217.021576,561.93103,770.129517,778.952576,77.908974,27.860693,2,3.733022,1.775131,-2.186556,2.87491,0.385242,2.871602,116.093475,1.988487,1.593557,1.435427,3.587249
1773775338.881591,235.309097,548.685242,762.566833,783.994324,78.681625,30.014133,2,3.705862,1.650902,0.902127,2.825968,0.388472,2.667171,130.087051,1.988487,1.593557,1.435427,3.587249
1773775339.666882,221.324524,547.544556,785.254761,768.86908,76.408325,28.785723,2,3.45308,1.71949,-5.079196,2.711548,0.380565,2.778418,104.831253,1.988487,1.593557,1.435427,3.587249
1773775340.428225,226.703217,540.905396,761.306396,767.608582,78.811897,29.533699,2,3.656544,1.677047,0.89615,2.78375,0.380192,2.709107,136.061905,1.988487,1.593557,1.435427,3.587249
1773775341.216049,232.081909,561.995972,787.775635,794.077881,76.163818,29.226593,2,3.924113,1.694211,8.455986,3.091321,0.393196,2.736951,203.238388,1.988487,1.593557,1.435427,3.587249
1773775342.00134,221.324524,551.325867,785.254761,772.650391,76.408325,28.644848,2,3.8193,1.727731,-0.039145,2.999123,0.382389,2.792055,127.345871,1.988487,1.593557,1.435427,3.587249
1773775342.804277,218.097321,581.022339,802.90094,799.119629,74.729019,27.292198,2,3.532994,1.811197,-2.059264,2.836644,0.395017,2.933408,126.848328,1.988487,1.593557,1.435427,3.587249
1773775343.58832,221.324524,566.451111,783.994324,787.775635,76.531166,28.094868,2,3.594306,1.760699,-0.73051,2.817915,0.389686,2.847179,108.368195,1.988487,1.593557,1.435427,3.587249
1773775344.377392,232.081909,569.558594,789.036072,801.640503,76.042152,28.950871,2,3.755279,1.70993,-2.572293,2.96305,0.396844,2.762673,109.725281,1.988487,1.593557,1.435427,3.587249
1773775345.161423,249.293655,554.867737,783.994324,804.161377,76.531166,31.00045,2,2.879656,1.599766,-1.899898,2.257634,0.398811,2.586831,93.342575,1.988487,1.593557,1.435427,3.587249
1773775345.961839,223.475998,546.653503,800.380066,770.129517,74.964386,29.017977,2,3.651918,1.706077,-3.716179,2.922922,0.381267,2.756349,106.107376,1.988487,1.593557,1.435427,3.587249
1773775346.749663,206.264236,561.34436,787.775635,767.608582,76.163818,26.871017,2,3.788316,1.838902,-3.143791,2.984343,0.3793,2.981636,104.520142,1.988487,1.593557,1.435427,3.587249
1773775347.534955,204.112747,578.621155,785.254761,782.733887,76.408325,26.0769,2,3.888128,1.893572,-1.860511,3.053171,0.386502,3.078718,116.216522,1.988487,1.593557,1.435427,3.587249
1773775348.321506,204.112747,582.402466,786.515198,786.515198,76.285873,25.951532,2,3.883254,1.902509,-1.51223,3.054238,0.388326,3.094829,119.107605,1.988487,1.593557,1.435427,3.587249
1773775349.108058,210.567169,583.510742,786.515198,794.077881,76.285873,26.517195,2,3.856762,1.862856,-0.228988,3.033402,0.392256,3.02386,114.530304,1.988487,1.593557,1.435427,3.587249
1773775349.890841,203.037018,570.873779,782.733887,773.910828,76.654404,26.235195,2,3.919949,1.88241,-1.440918,3.068277,0.382199,3.058691,122.258179,1.988487,1.593557,1.435427,3.587249
1773775350.67361,206.264236,580.250977,782.733887,786.515198,76.654404,26.225079,2,3.955247,1.88312,-1.344512,3.095906,0.38842,3.05996,115.560303,1.988487,1.593557,1.435427,3.587249
1773775351.451339,200.885559,570.504395,777.692139,771.389954,77.151352,26.042023,2,3.987544,1.89605,-1.727985,3.101082,0.380889,3.083178,117.329391,1.988487,1.593557,1.435427,3.587249
1773775352.23663,199.809814,584.184509,785.254761,783.994324,76.408325,25.48613,2,4.050961,1.936453,-2.279213,3.181037,0.386922,3.156642,115.764145,1.988487,1.593557,1.435427,3.587249
1773775353.000494,207.339966,565.310425,763.827271,772.650391,78.551788,26.834902,2,4.087994,1.841318,-1.806387,3.122521,0.381779,2.985873,126.315918,1.988487,1.593557,1.435427,3.587249
1773775353.776974,205.188492,568.722351,776.431702,773.910828,77.276596,26.513195,2,3.840863,1.863131,-2.08885,2.982167,0.382293,3.024347,123.007751,1.988487,1.593557,1.435427,3.587249
1773775354.54714,219.17305,567.342163,770.129517,786.515198,77.908974,27.866346,2,3.896548,1.774779,0.224275,3.000846,0.388984,2.871005,135.523178,1.988487,1.593557,1.435427,3.587249
1773775355.309744,222.400253,543.947876,762.566833,766.348145,78.681625,29.020786,2,3.789006,1.705916,0.70872,2.88937,0.379396,2.756084,124.201912,1.988487,1.593557,1.435427,3.587249
1773775356.100076,218.097321,567.157471,790.29657,785.254761,75.920868,27.774084,2,3.470133,1.78053,-1.287715,2.742434,0.388329,2.880784,101.703682,1.988487,1.593557,1.435427,3.587249
1773775356.858898,213.794373,539.949402,758.785522,753.743774,79.07373,28.36433,2,3.638135,1.744387,-0.308244,2.760564,0.37294,2.819788,105.568863,1.988487,1.593557,1.435427,3.587249
1773775357.616472,219.17305,544.654236,757.525085,763.827271,79.205299,28.694061,2,3.813598,1.724843,1.840541,2.888896,0.378039,2.787269,126.511986,1.988487,1.593557,1.435427,3.587249
1773775358.390419,212.718643,553.629517,773.910828,766.348145,77.528313,27.757442,2,3.749415,1.781571,-0.959963,2.901713,0.378973,2.882558,119.017029,1.988487,1.593557,1.435427,3.587249
1773775359.168147,215.945847,565.527588,777.692139,781.47345,77.151352,27.633167,2,3.69277,1.789387,-0.909884,2.871838,0.386411,2.895901,119.337982,1.988487,1.593557,1.435427,3.587249
1773775359.948397,215.945847,564.267151,780.213013,780.213013,76.902077,27.677807,2,3.589752,1.786572,-0.661314,2.800771,0.385803,2.891088,105.609161,1.988487,1.593557,1.435427,3.587249
1773775360.721083,220.248795,557.443359,772.650391,777.692139,77.654785,28.32082,2,3.550819,1.747,-0.34622,2.743541,0.384775,2.824161,105.565277,1.988487,1.593557,1.435427,3.587249
1773775361.500085,220.248795,558.703796,778.952576,778.952576,77.026512,28.274996,2,3.614996,1.74976,-0.793692,2.81591,0.385383,2.828786,107.921555,1.988487,1.593557,1.435427,3.587249
1773775362.280334,227.778946,561.257141,780.213013,789.036072,76.902077,28.868002,2,3.599881,1.714713,-1.207197,2.808674,0.390576,2.770541,116.900986,1.988487,1.593557,1.435427,3.587249
1773775363.066885,234.233368,559.844482,786.515198,794.077881,76.285873,29.497532,2,3.371284,1.67905,-0.7167,2.651566,0.39329,2.712343,124.238464,1.988487,1.593557,1.435427,3.587249
1773775363.844614,229.93042,542.719971,777.692139,772.650391,77.151352,29.758661,2,3.302142,1.6647,-1.573928,2.56805,0.382765,2.689229,92.455475,1.988487,1.593557,1.435427,3.587249
1773775364.597133,226.703217,521.998779,752.483337,748.702026,79.735985,30.279499,2,3.200254,1.636816,-1.28545,2.408138,0.371071,2.644819,92.875397,1.988487,1.593557,1.435427,3.587249
1773775365.359749,201.961288,531.615356,762.566833,733.57666,78.681625,27.53104,2,3.401702,1.795863,-3.9463,2.594025,0.362695,2.906995,111.713837,1.988487,1.593557,1.435427,3.587249
1773775366.138738,210.567169,578.468872,778.952576,789.036072,77.026512,26.686632,2,3.832498,1.851306,-1.975961,2.985334,0.389824,3.00344,105.859505,1.988487,1.593557,1.435427,3.587249
1773775366.905122,215.945847,556.704529,766.348145,772.650391,78.293396,27.948713,2,3.785015,1.769678,-1.157676,2.900639,0.382155,2.862353,113.901749,1.988487,1.593557,1.435427,3.587249
1773775367.674028,214.870117,552.738464,768.86908,767.608582,78.03669,27.992147,2,3.682189,1.766999,-1.087366,2.831121,0.379675,2.85782,121.075836,1.988487,1.593557,1.435427,3.587249
1773775368.445454,213.794373,556.335144,771.389954,770.129517,77.78167,27.760834,2,3.587901,1.781359,-0.523108,2.767671,0.380845,2.882196,121.099838,1.988487,1.593557,1.435427,3.587249
1773775369.224444,219.17305,566.081726,778.952576,785.254761,77.026512,27.911076,2,3.552761,1.772005,-0.429671,2.767432,0.388376,2.866297,126.775208,1.988487,1.593557,1.435427,3.587249
1773775370.007226,220.248795,563.745544,782.733887,783.994324,76.654404,28.093163,2,3.474555,1.760803,-0.526597,2.719652,0.387815,2.847355,115.432388,1.988487,1.593557,1.435427,3.587249
1773775370.800079,220.248795,572.568665,792.817444,792.817444,75.679466,27.780518,2,3.664512,1.780128,-0.691866,2.905289,0.392071,2.880099,138.311707,1.988487,1.593557,1.435427,3.587249
1773775371.587892,223.475998,568.080994,787.775635,791.557007,76.163818,28.232458,2,3.461157,1.752331,-0.953726,2.726615,0.391604,2.8331,108.354279,1.988487,1.593557,1.435427,3.587249
1773775372.374443,222.400253,562.854492,786.515198,785.254761,76.285873,28.32205,2,3.437504,1.746926,-1.442589,2.703649,0.388517,2.824037,103.592819,1.988487,1.593557,1.435427,3.587249
1773775373.147141,229.93042,551.54303,772.650391,781.47345,77.654785,29.42268,2,3.642792,1.683211,-0.504807,2.814604,0.387021,2.719077,118.722504,1.988487,1.593557,1.435427,3.587249
1773775373.916047,225.627487,538.199768,768.86908,763.827271,78.03669,29.539072,2,3.425589,1.67675,-0.346628,2.63383,0.378321,2.708627,98.133476,1.988487,1.593557,1.435427,3.587249
1773775374.682432,224.551743,540.53595,766.348145,765.087708,78.293396,29.349804,2,3.655737,1.687282,0.855502,2.801568,0.378882,2.72568,147.282303,1.988487,1.593557,1.435427,3.587249
1773775375.465202,222.400253,557.812744,782.733887,780.213013,76.654404,28.50507,2,3.699453,1.73599,-0.439211,2.895688,0.386085,2.805776,120.880264,1.988487,1.593557,1.435427,3.587249
1773775376.258068,219.17305,569.863037,792.817444,789.036072,75.679466,27.777317,2,3.576445,1.780328,-1.803454,2.835468,0.3902,2.88044,107.167618,1.988487,1.593557,1.435427,3.587249
1773775377.029494,221.324524,552.586304,771.389954,773.910828,77.78167,28.598196,2,3.697346,1.730479,-0.315409,2.852096,0.382997,2.796613,101.890785,1.988487,1.593557,1.435427,3.587249
1773775377.836213,213.794373,584.064819,806.682251,797.859192,74.378731,26.796003,2,3.591132,1.843928,-3.237413,2.896902,0.394221,2.990454,111.535248,1.988487,1.593557,1.435427,3.587249
1773775378.621504,213.794373,571.460388,785.254761,785.254761,76.408325,27.226118,2,3.701981,1.815487,-2.176273,2.906998,0.388141,2.940833,106.623032,1.988487,1.593557,1.435427,3.587249
1773775379.400505,214.870117,565.342896,778.952576,780.213013,77.026512,27.53993,2,3.719182,1.795297,-1.586029,2.897066,0.385756,2.906025,116.408051,1.988487,1.593557,1.435427,3.587249
1773775380.176973,221.324524,562.6698,776.431702,783.994324,77.276596,28.230371,2,3.618363,1.752457,-0.784411,2.809412,0.387862,2.833312,114.192505,1.988487,1.593557,1.435427,3.587249
1773775380.945878,227.778946,548.652771,768.86908,776.431702,78.03669,29.336637,2,3.590468,1.688019,0.319233,2.7606,0.384495,2.726878,96.958839,1.988487,1.593557,1.435427,3.587249
1773775381.727389,223.475998,552.955688,781.47345,776.431702,76.778038,28.782442,2,3.578952,1.719681,-1.974105,2.796856,0.384307,2.778733,112.279495,1.988487,1.593557,1.435427,3.587249
1773775382.506377,231.006149,556.76947,778.952576,787.775635,77.026512,29.323849,2,3.534253,1.688736,0.857692,2.753016,0.390108,2.728043,96.780594,1.988487,1.593557,1.435427,3.587249
1773775383.314368,224.551743,575.828308,807.942688,800.380066,74.262695,28.055637,2,3.568573,1.7631,-2.9463,2.883202,0.395907,2.85123,96.819778,1.988487,1.593557,1.435427,3.587249
1773775384.09966,218.097321,559.594849,785.254761,777.692139,76.408325,28.044172,2,3.518053,1.763803,-1.355537,2.762568,0.384681,2.852417,108.914062,1.988487,1.593557,1.435427,3.587249
1773775384.868565,228.854675,552.618774,768.86908,781.47345,78.03669,29.285023,2,3.670779,1.690917,0.743764,2.822348,0.386974,2.731589,120.990517,1.988487,1.593557,1.435427,3.587249
1773775385.670242,222.400253,571.677612,801.640503,794.077881,74.846519,28.00736,2,3.422589,1.766063,-0.206009,2.743686,0.392773,2.856237,101.646774,1.988487,1.593557,1.435427,3.587249
1773775386.426555,228.854675,534.972595,756.264648,763.827271,79.337303,29.961575,2,3.761591,1.653721,0.913821,2.844759,0.378462,2.671665,132.803284,1.988487,1.593557,1.435427,3.587249
1773775387.216888,215.945847,559.225403,790.29657,775.171265,75.920868,27.857824,2,3.547591,1.775309,-1.968945,2.803649,0.383371,2.871904,96.637741,1.988487,1.593557,1.435427,3.587249
1773775387.989574,219.17305,557.258667,772.650391,776.431702,77.654785,28.228247,2,3.746457,1.752586,-0.453058,2.894701,0.38412,2.833528,114.220398,1.988487,1.593557,1.435427,3.587249
1773775388.771085,226.703217,563.593384,781.47345,790.29657,76.778038,28.685841,2,3.594394,1.725325,1.04037,2.808923,0.391137,2.788067,142.252991,1.988487,1.593557,1.435427,3.587249
1773775389.551334,228.854675,553.879211,780.213013,782.733887,76.902077,29.237864,2,3.61896,1.693574,0.041522,2.82356,0.387582,2.735915,146.83403,1.988487,1.593557,1.435427,3.587249
1773775390.320252,234.233368,540.937866,768.86908,775.171265,78.03669,30.216984,2,3.59007,1.640112,0.393366,2.760293,0.384169,2.650035,145.283493,1.988487,1.593557,1.435427,3.587249
1773775391.09672,228.854675,541.274841,776.431702,770.129517,77.276596,29.716387,2,3.371014,1.667006,-1.558262,2.617362,0.381502,2.692932,97.236282,1.988487,1.593557,1.435427,3.587249
1773775391.870666,219.17305,543.393799,773.910828,762.566833,77.528313,28.741488,2,3.617218,1.722069,-2.38464,2.799404,0.377431,2.78268,109.404297,1.988487,1.593557,1.435427,3.587249
1773775392.652177,206.264236,560.083923,781.47345,766.348145,76.778038,26.915213,2,3.865008,1.835954,-3.866227,3.020401,0.378692,2.976473,115.479965,1.988487,1.593557,1.435427,3.587249
1773775393.421082,215.945847,564.267151,768.86908,780.213013,78.03669,27.677807,2,3.746825,1.786572,-1.792986,2.880818,0.385803,2.891088,110.919846,1.988487,1.593557,1.435427,3.587249
1773775394.195041,213.794373,557.595581,773.910828,771.389954,77.528313,27.715471,2,3.542996,1.784203,-1.502207,2.741963,0.381453,2.887045,103.933136,1.988487,1.593557,1.435427,3.587249
1773775394.971509,215.945847,563.006714,776.431702,778.952576,77.276596,27.722591,2,3.112961,1.783756,3.26184,2.417001,0.385195,2.886282,133.740448,1.988487,1.593557,1.435427,3.587249
1773775395.763102,225.627487,577.273438,791.557007,802.90094,75.799973,28.101534,2,3.079916,1.760291,-1.17245,2.437929,0.39717,2.846492,125.978149,1.988487,1.593557,1.435427,3.587249
1773775396.571082,217.021576,580.837646,807.942688,797.859192,74.262695,27.200487,2,3.491785,1.817157,-2.794433,2.821162,0.394362,2.943727,113.908401,1.988487,1.593557,1.435427,3.587249
1773775397.333697,227.778946,547.392334,762.566833,775.171265,78.681625,29.384338,2,3.717082,1.68535,0.481272,2.834523,0.383887,2.722545,128.154922,1.988487,1.593557,1.435427,3.587249
1773775398.106384,228.854675,545.056152,772.650391,773.910828,77.654785,29.571194,2,3.853828,1.674976,-0.779214,2.977662,0.383326,2.705764,117.577576,1.988487,1.593557,1.435427,3.587249
1773775398.903019,228.854675,567.74408,796.598755,796.598755,75.320229,28.728977,2,3.537015,1.7228,-1.838646,2.817582,0.394271,2.783888,99.141525,1.988487,1.593557,1.435427,3.587249
1773775399.68957,227.778946,557.47583,786.515198,785.254761,76.285873,29.007011,2,3.388832,1.706705,-3.117434,2.665368,0.388752,2.757379,111.189636,1.988487,1.593557,1.435427,3.587249
1773775400.473613,227.778946,556.215393,783.994324,783.994324,76.531166,29.053646,2,3.40872,1.704036,0.067062,2.672417,0.388143,2.753004,123.146294,1.988487,1.593557,1.435427,3.587249
1773775401.263946,227.778946,562.517639,790.29657,790.29657,75.920868,28.821957,2,3.567043,1.717383,-0.857616,2.819022,0.391184,2.774941,110.217697,1.988487,1.593557,1.435427,3.587249
1773775402.064363,225.627487,572.231689,800.380066,797.859192,74.964386,28.27911,2,3.340601,1.749512,-1.818674,2.67375,0.394738,2.82837,98.57148,1.988487,1.593557,1.435427,3.587249
1773775402.849654,226.703217,559.812012,785.254761,786.515198,76.408325,28.823753,2,3.324584,1.717279,-0.472918,2.610646,0.389313,2.774769,104.62706,1.988487,1.593557,1.435427,3.587249
1773775403.639999,221.324524,562.6698,790.29657,783.994324,75.920868,28.230371,2,3.379446,1.752457,-1.290351,2.670765,0.387862,2.833312,110.468857,1.988487,1.593557,1.435427,3.587249
1773775404.439155,226.703217,578.718628,799.119629,805.421814,75.082626,28.147141,2,3.682702,1.75751,-1.477187,2.942919,0.398433,2.841807,124.565292,1.988487,1.593557,1.435427,3.587249
1773775405.224446,220.248795,557.443359,785.254761,777.692139,76.408325,28.32082,2,3.55806,1.747,-1.963191,2.793984,0.384775,2.824161,102.894485,1.988487,1.593557,1.435427,3.587249
1773775406.009737,228.854675,566.483643,785.254761,795.338318,76.408325,28.774506,2,3.577655,1.720143,1.150289,2.80937,0.393663,2.779497,130.623764,1.988487,1.593557,1.435427,3.587249
1773775406.813947,217.021576,573.275024,804.161377,790.29657,74.611893,27.460777,2,3.517016,1.800346,-1.528564,2.828248,0.390714,2.914697,125.550812,1.988487,1.593557,1.435427,3.587249
1773775407.592936,221.324524,562.6698,778.952576,783.994324,77.026512,28.230371,2,3.659421,1.752457,0.0338,2.850515,0.387862,2.833312,133.127167,1.988487,1.593557,1.435427,3.587249
1773775408.374446,225.627487,560.887695,781.47345,786.515198,76.778038,28.686983,2,3.561308,1.725258,0.791317,2.783067,0.389266,2.787956,124.342308,1.988487,1.593557,1.435427,3.587249
1773775409.152175,217.021576,550.587036,777.692139,767.608582,77.151352,28.272427,2,3.603927,1.749915,-0.949828,2.802746,0.379769,2.829046,110.640869,1.988487,1.593557,1.435427,3.587249
1773775409.947561,211.642914,577.393188,795.338318,789.036072,75.43959,26.822969,2,3.686898,1.842118,-3.001687,2.932331,0.389871,2.987276,116.332642,1.988487,1.593557,1.435427,3.587249
1773775410.730331,215.945847,571.829773,782.733887,787.775635,76.654404,27.412102,2,3.621881,1.803466,-1.737154,2.834969,0.389451,2.920066,104.384216,1.988487,1.593557,1.435427,3.587249
1773775411.519404,218.097321,573.459717,789.036072,791.557007,76.042152,27.55295,2,3.581817,1.79447,-1.184552,2.826183,0.391369,2.904605,107.043709,1.988487,1.593557,1.435427,3.587249
1773775412.309737,219.17305,572.383972,790.29657,791.557007,75.920868,27.688852,2,3.57247,1.785876,-0.676571,2.823311,0.391416,2.889901,120.181015,1.988487,1.593557,1.435427,3.587249
1773775413.110165,217.021576,580.837646,800.380066,797.859192,74.964386,27.200487,2,3.444991,1.817157,-2.449493,2.757303,0.394362,2.943727,99.081741,1.988487,1.593557,1.435427,3.587249
1773775413.896717,219.17305,569.863037,786.515198,789.036072,76.285873,27.777317,2,3.604161,1.780328,-1.663652,2.834727,0.3902,2.88044,118.119034,1.988487,1.593557,1.435427,3.587249
1773775414.693352,219.17305,577.42572,796.598755,796.598755,75.320229,27.513609,2,3.499579,1.796973,-1.316447,2.78776,0.393848,2.908901,104.736481,1.988487,1.593557,1.435427,3.587249
1773775415.486218,225.627487,574.752563,792.817444,800.380066,75.679466,28.190044,2,3.438716,1.754902,-1.125082,2.726274,0.395954,2.837419,113.670685,1.988487,1.593557,1.435427,3.587249
1773775416.27403,220.248795,561.22467,787.775635,781.47345,76.163818,28.183784,2,3.456418,1.755282,-0.457402,2.722882,0.386599,2.838058,123.445251,1.988487,1.593557,1.435427,3.587249
1773775417.082009,224.551743,588.432739,807.942688,812.984497,74.262695,27.620667,2,3.557618,1.790177,0.582282,2.874351,0.401987,2.897253,110.276283,1.988487,1.593557,1.435427,3.587249
1773775417.883699,225.627487,577.273438,801.640503,802.90094,74.846519,28.101534,2,3.741724,1.760291,-0.511117,2.999517,0.39717,2.846492,119.153564,1.988487,1.593557,1.435427,3.587249
1773775418.672771,221.324524,562.6698,789.036072,783.994324,76.042152,28.230371,2,3.582695,1.752457,-2.354163,2.826875,0.387862,2.833312,107.706604,1.988487,1.593557,1.435427,3.587249
1773775419.445457,218.097321,550.771729,772.650391,768.86908,77.654785,28.36599,2,3.645672,1.744287,-2.081463,2.81683,0.380424,2.819622,115.986801,1.988487,1.593557,1.435427,3.587249
1773775420.223186,226.703217,561.072388,777.692139,787.775635,77.151352,28.777637,2,3.600002,1.719961,-0.091636,2.799693,0.389921,2.779195,121.778564,1.988487,1.593557,1.435427,3.587249
1773775421.009737,217.021576,558.149658,786.515198,775.171265,76.285873,27.996597,2,3.617169,1.766726,-1.764439,2.844958,0.383418,2.857357,113.5056,1.988487,1.593557,1.435427,3.587249
1773775421.811426,221.324524,585.357727,801.640503,806.682251,74.846519,27.436394,2,3.501366,1.801908,-1.674083,2.806837,0.398806,2.917383,100.366837,1.988487,1.593557,1.435427,3.587249
1773775422.608062,221.324524,575.274231,796.598755,796.598755,75.320229,27.783689,2,3.503413,1.77993,-0.538736,2.790814,0.393942,2.879761,112.448166,1.988487,1.593557,1.435427,3.587249
1773775423.384529,218.097321,554.553101,776.431702,772.650391,77.276596,28.227169,2,3.541852,1.752651,-1.047014,2.750007,0.382248,2.833637,97.029007,1.988487,1.593557,1.435427,3.587249
1773775424.162259,220.248795,559.964233,777.692139,780.213013,77.151352,28.229317,2,3.652355,1.752521,-1.099616,2.840408,0.385991,2.833419,111.733124,1.988487,1.593557,1.435427,3.587249
1773775424.947562,223.475998,565.560059,785.254761,789.036072,76.408325,28.322659,2,3.715733,1.746889,0.314965,2.917797,0.390388,2.823976,136.453613,1.988487,1.593557,1.435427,3.587249
1773775425.740415,220.248795,568.787292,792.817444,789.036072,75.679466,27.913654,2,3.67464,1.771845,-1.05507,2.913319,0.390247,2.866027,110.893158,1.988487,1.593557,1.435427,3.587249
1773775426.540832,211.642914,578.653687,800.380066,790.29657,74.964386,26.780188,2,3.633956,1.844991,-2.781032,2.908546,0.390479,2.992323,118.262177,1.988487,1.593557,1.435427,3.587249
1773775427.313518,212.718643,561.1922,772.650391,773.910828,77.654785,27.486197,2,3.643589,1.798722,-2.100804,2.81522,0.382622,2.911904,106.133324,1.988487,1.593557,1.435427,3.587249
1773775428.097561,220.248795,572.568665,783.994324,792.817444,76.531166,27.780518,2,3.71539,1.780128,-0.349932,2.912845,0.392071,2.880099,128.448822,1.988487,1.593557,1.435427,3.587249
1773775428.863946,215.945847,545.360535,766.348145,761.306396,78.293396,28.365168,2,3.591571,1.744336,-0.946004,2.752394,0.376682,2.819705,106.850159,1.988487,1.593557,1.435427,3.587249
1773775429.639153,214.870117,559.04071,775.171265,773.910828,77.402252,27.764194,2,3.673759,1.781149,-1.684589,2.847792,0.382716,2.881837,108.005478,1.988487,1.593557,1.435427,3.587249
1773775430.413101,213.794373,558.856018,773.910828,772.650391,77.528313,27.670261,2,3.608001,1.787047,-0.518913,2.792271,0.382061,2.8919,127.307297,1.988487,1.593557,1.435427,3.587249
1773775431.187048,219.17305,561.039978,773.910828,780.213013,77.528313,28.091436,2,3.762352,1.760908,-0.061567,2.911725,0.385944,2.847533,123.147095,1.988487,1.593557,1.435427,3.587249
1773775431.957225,219.17305,550.956482,770.129517,770.129517,77.908974,28.459246,2,3.651891,1.738715,0.380262,2.812429,0.381079,2.810317,115.218712,1.988487,1.593557,1.435427,3.587249
1773775432.736215,214.870117,559.04071,778.952576,773.910828,77.026512,27.764194,2,3.703102,1.781149,-1.320568,2.884541,0.382716,2.881837,117.480347,1.988487,1.593557,1.435427,3.587249
1773775433.512683,222.400253,562.854492,776.431702,785.254761,77.276596,28.32205,2,3.63745,1.746926,-0.42555,2.824231,0.388517,2.824037,104.809319,1.988487,1.593557,1.435427,3.587249
1773775434.303016,219.17305,567.342163,790.29657,786.515198,75.920868,27.866346,2,3.613587,1.774779,-0.379222,2.855805,0.388984,2.871005,122.064804,1.988487,1.593557,1.435427,3.587249
1773775435.079496,219.17305,557.258667,776.431702,776.431702,77.276596,28.228247,2,3.628806,1.752586,-0.451833,2.81752,0.38412,2.833528,115.514618,1.988487,1.593557,1.435427,3.587249
1773775435.859745,218.097321,560.855225,780.213013,778.952576,76.902077,27.998793,2,3.540118,1.76659,-0.22561,2.762046,0.385289,2.857128,117.39328,1.988487,1.593557,1.435427,3.587249
1773775436.642516,223.475998,565.560059,782.733887,789.036072,76.654404,28.322659,2,3.551731,1.746889,-0.213768,2.78006,0.390388,2.823976,117.16452,1.988487,1.593557,1.435427,3.587249
1773775437.421504,220.248795,554.922485,778.952576,775.171265,77.026512,28.41292,2,3.673656,1.741478,0.302491,2.861603,0.383558,2.814929,148.631363,1.988487,1.593557,1.435427,3.587249
1773775438.204274,221.324524,562.6698,782.733887,783.994324,76.654404,28.230371,2,3.860297,1.752457,0.682586,3.021585,0.387862,2.833312,129.624542,1.988487,1.593557,1.435427,3.587249
1773775439.005964,220.248795,580.131287,801.640503,800.380066,74.846519,27.518024,2,3.677481,1.796692,-1.843101,2.948018,0.395719,2.908418,123.833191,1.988487,1.593557,1.435427,3.587249
1773775439.798817,222.400253,572.938049,792.817444,795.338318,75.679466,27.962975,2,3.53793,1.768798,-2.410292,2.804932,0.393381,2.860862,101.762062,1.988487,1.593557,1.435427,3.587249
1773775440.587891,218.097321,565.896973,789.036072,783.994324,76.042152,27.818737,2,3.557603,1.777742,-0.227726,2.807077,0.387721,2.87604,116.405991,1.988487,1.593557,1.435427,3.587249
1773775441.370673,222.400253,565.375366,782.733887,787.775635,76.654404,28.231421,2,3.568285,1.752393,-0.1246,2.793018,0.389733,2.833205,113.751709,1.988487,1.593557,1.435427,3.587249
1773775442.137057,223.475998,544.132568,766.348145,767.608582,78.293396,29.113276,2,3.533574,1.700635,-1.100433,2.707947,0.380051,2.747438,102.447266,1.988487,1.593557,1.435427,3.587249
1773775442.908484,222.400253,547.729248,771.389954,770.129517,77.78167,28.878292,2,3.504619,1.714118,-0.190344,2.703428,0.38122,2.769561,125.395416,1.988487,1.593557,1.435427,3.587249
1773775443.68117,232.081909,551.912415,772.650391,783.994324,77.654785,29.602497,2,3.54705,1.673251,1.309655,2.74063,0.388331,2.702982,127.423027,1.988487,1.593557,1.435427,3.587249
1773775444.462679,233.157639,549.576233,781.47345,782.733887,76.778038,29.7876,2,3.550512,1.663125,0.790426,2.774631,0.38777,2.686704,127.590691,1.988487,1.593557,1.435427,3.587249
1773775445.258067,227.778946,561.257141,795.338318,789.036072,75.43959,28.868002,2,3.398637,1.714713,-1.172265,2.703066,0.390576,2.770541,107.327934,1.988487,1.593557,1.435427,3.587249
1773775446.048399,234.233368,563.625854,790.29657,797.859192,75.920868,29.357731,2,3.265612,1.686838,-2.167512,2.580802,0.395114,2.724959,95.452431,1.988487,1.593557,1.435427,3.587249
1773775446.819826,229.93042,536.417725,771.389954,766.348145,77.78167,30.003389,2,3.557678,1.651477,1.274241,2.744357,0.379725,2.668088,123.848419,1.988487,1.593557,1.435427,3.587249
1773775447.598815,233.157639,549.576233,778.952576,782.733887,77.026512,29.7876,2,3.586397,1.663125,-0.213026,2.793633,0.38777,2.686704,108.804398,1.988487,1.593557,1.435427,3.587249
1773775448.374034,228.854675,541.274841,775.171265,770.129517,77.402252,29.716387,2,3.62697,1.667006,-0.198251,2.811523,0.381502,2.692932,112.040833,1.988487,1.593557,1.435427,3.587249
1773775449.154284,222.400253,550.250122,780.213013,772.650391,76.902077,28.784073,2,3.555574,1.719586,0.758093,2.774105,0.382436,2.778577,130.687393,1.988487,1.593557,1.435427,3.587249
1773775449.947138,215.945847,569.308899,792.817444,785.254761,75.679466,27.500099,2,3.501268,1.797835,-1.589333,2.775867,0.388235,2.91038,107.601166,1.988487,1.593557,1.435427,3.587249
1773775450.716043,218.097321,553.292603,768.86908,771.389954,78.03669,28.273291,2,3.670251,1.749863,-0.192868,2.821943,0.38164,2.828959,123.14801,1.988487,1.593557,1.435427,3.587249
1773775451.493772,221.324524,560.148926,777.692139,781.47345,77.151352,28.32144,2,3.675806,1.746962,-0.624711,2.858645,0.386646,2.824098,122.945343,1.988487,1.593557,1.435427,3.587249
1773775452.271512,215.945847,555.444092,777.692139,771.389954,77.151352,27.994383,2,3.665609,1.766862,-0.16124,2.850715,0.381546,2.857587,119.867981,1.988487,1.593557,1.435427,3.587249
1773775453.053022,218.097321,565.896973,781.47345,783.994324,76.778038,27.818737,2,3.679717,1.777742,-1.112795,2.875601,0.387721,2.87604,108.057022,1.988487,1.593557,1.435427,3.587249
1773775453.832011,223.475998,561.778748,778.952576,785.254761,77.026512,28.459045,2,3.572867,1.738726,-1.184292,2.783094,0.388564,2.810337,107.580368,1.988487,1.593557,1.435427,3.587249
1773775454.624865,222.400253,569.156738,792.817444,791.557007,75.679466,28.096558,2,3.531584,1.760595,-1.673972,2.799901,0.391557,2.847005,104.307899,1.988487,1.593557,1.435427,3.587249
1773775455.391262,224.551743,544.317322,766.348145,768.86908,78.293396,29.20546,2,3.57564,1.695405,-1.291353,2.740185,0.380706,2.738898,117.537735,1.988487,1.593557,1.435427,3.587249
1773775456.16899,226.703217,553.509766,777.692139,780.213013,77.151352,29.05658,2,3.49888,1.703868,-1.100247,2.721051,0.386272,2.752729,105.519165,1.988487,1.593557,1.435427,3.587249
1773775456.966885,223.475998,570.601868,797.859192,794.077881,75.201241,28.14283,2,3.433692,1.757772,-1.440621,2.739603,0.39282,2.842249,110.920319,1.988487,1.593557,1.435427,3.587249
1773775457.758479,225.627487,568.450378,791.557007,794.077881,75.799973,28.413773,2,3.432817,1.741427,-1.108155,2.71727,0.392914,2.814843,110.198364,1.988487,1.593557,1.435427,3.587249
1773775458.548824,226.703217,564.85376,790.29657,791.557007,75.920868,28.640163,2,3.446572,1.728007,-0.662168,2.723814,0.391745,2.792511,120.564728,1.988487,1.593557,1.435427,3.587249
1773775459.341677,227.778946,566.29895,792.817444,794.077881,75.679466,28.684711,2,3.414333,1.725391,-0.176794,2.706943,0.393008,2.788177,88.003044,1.988487,1.593557,1.435427,3.587249
1773775460.132011,227.778946,562.517639,790.29657,790.29657,75.920868,28.821957,2,3.450074,1.717383,-2.331407,2.726582,0.391184,2.774941,100.027336,1.988487,1.593557,1.435427,3.587249
1773775460.916041,233.157639,557.138916,783.994324,790.29657,76.531166,29.50255,2,3.353673,1.678772,-0.836345,2.629261,0.391418,2.711893,95.290054,1.988487,1.593557,1.435427,3.587249
1773775461.720252,228.854675,570.264954,804.161377,799.119629,74.611893,28.638351,2,3.259295,1.728114,-1.619105,2.620999,0.395487,2.792688,93.48156,1.988487,1.593557,1.435427,3.587249
1773775462.505542,235.309097,557.508362,785.254761,792.817444,76.408325,29.680113,2,3.360278,1.66899,-0.693759,2.638674,0.392728,2.696121,102.061127,1.988487,1.593557,1.435427,3.587249
1773775463.307219,233.157639,565.961975,801.640503,799.119629,74.846519,29.176813,2,3.281393,1.697027,-3.448676,2.630497,0.395675,2.741544,100.566231,1.988487,1.593557,1.435427,3.587249
1773775464.088729,229.93042,547.761719,781.47345,777.692139,76.778038,29.565737,2,3.483481,1.675277,-0.258983,2.722248,0.385197,2.70625,121.756836,1.988487,1.593557,1.435427,3.587249
1773775464.86773,238.536301,550.499756,778.952576,789.036072,77.026512,30.231358,2,3.614875,1.639353,0.27387,2.815816,0.391045,2.648833,86.627312,1.988487,1.593557,1.435427,3.587249
1773775465.663104,227.778946,554.954956,795.338318,782.733887,75.43959,29.100433,2,3.459042,1.701366,-0.705935,2.751108,0.387535,2.748634,102.886436,1.988487,1.593557,1.435427,3.587249
1773775466.450917,223.475998,559.257874,787.775635,782.733887,76.163818,28.550699,2,3.626445,1.733285,-0.506588,2.856825,0.387348,2.801276,121.393906,1.988487,1.593557,1.435427,3.587249
1773775467.24377,218.097321,568.417847,792.817444,786.515198,75.679466,27.729574,2,3.582374,1.783318,-2.603365,2.840168,0.388937,2.885535,103.343735,1.988487,1.593557,1.435427,3.587249
1773775468.027814,217.021576,565.71228,783.994324,782.733887,76.531166,27.726099,2,3.59073,1.783536,-0.037177,2.815112,0.387066,2.885907,128.34549,1.988487,1.593557,1.435427,3.587249
1773775468.824449,212.718643,578.838379,796.598755,791.557007,75.320229,26.873446,2,3.532863,1.83874,-1.232923,2.814274,0.391134,2.981352,108.136627,1.988487,1.593557,1.435427,3.587249
1773775469.611,214.870117,574.165955,786.515198,789.036072,76.285873,27.231976,2,3.554888,1.815106,-0.84273,2.795973,0.390012,2.940173,118.804367,1.988487,1.593557,1.435427,3.587249
1773775470.393771,211.642914,567.309692,782.733887,778.952576,76.654404,27.170193,2,3.616571,1.819134,-2.814442,2.830813,0.385007,2.947158,111.432617,1.988487,1.593557,1.435427,3.587249
1773775471.179074,213.794373,573.981262,785.254761,787.775635,76.408325,27.138992,2,3.558825,1.821175,-1.37859,2.794584,0.389357,2.950703,98.066139,1.988487,1.593557,1.435427,3.587249
1773775471.965625,210.567169,572.166748,786.515198,782.733887,76.285873,26.901501,2,3.576932,1.836868,-1.735335,2.813312,0.386784,2.978073,105.827583,1.988487,1.593557,1.435427,3.587249
1773775472.754698,217.021576,579.577148,789.036072,796.598755,76.042152,27.243525,2,3.550216,1.814355,-1.039775,2.801249,0.393754,2.938872,113.966385,1.988487,1.593557,1.435427,3.587249
1773775473.534947,213.794373,562.637329,780.213013,776.431702,76.902077,27.535503,2,3.646329,1.795579,-0.805571,2.844913,0.383885,2.906508,108.822945,1.988487,1.593557,1.435427,3.587249
1773775474.31899,214.870117,570.384644,783.994324,785.254761,76.531166,27.36311,2,3.702065,1.806616,-1.759613,2.902398,0.388188,2.925497,112.274292,1.988487,1.593557,1.435427,3.587249
1773775475.106802,219.17305,573.644409,787.775635,792.817444,76.163818,27.644831,2,3.608004,1.788651,-1.7425,2.842297,0.392024,2.894641,105.891098,1.988487,1.593557,1.435427,3.587249
1773775475.887051,222.400253,561.594055,780.213013,783.994324,76.902077,28.367584,2,3.394987,1.744192,-0.678687,2.648813,0.387909,2.819462,98.698936,1.988487,1.593557,1.435427,3.587249
1773775476.676124,217.021576,565.71228,789.036072,782.733887,76.042152,27.726099,2,3.468262,1.783536,-1.94567,2.736583,0.387066,2.885907,103.913788,1.988487,1.593557,1.435427,3.587249
1773775477.452604,217.021576,559.410156,776.431702,776.431702,77.276596,27.951149,2,3.614681,1.769527,-1.006774,2.806553,0.384026,2.862098,114.799698,1.988487,1.593557,1.435427,3.587249
1773775478.244197,219.17305,574.904846,791.557007,794.077881,75.799973,27.60095,2,3.570798,1.791425,-2.007181,2.82649,0.392632,2.899388,105.844589,1.988487,1.593557,1.435427,3.587249
1773775479.042093,211.642914,577.393188,797.859192,789.036072,75.201241,26.822969,2,3.542408,1.842118,-2.765997,2.826343,0.389871,2.987276,96.260643,1.988487,1.593557,1.435427,3.587249
1773775479.83748,220.248795,585.173035,795.338318,805.421814,75.43959,27.34577,2,3.561521,1.807734,-0.799929,2.832614,0.398151,2.927426,103.901283,1.988487,1.593557,1.435427,3.587249
1773775480.611427,231.006149,555.509033,773.910828,786.515198,77.528313,29.370844,2,3.430474,1.686104,0.220006,2.654881,0.3895,2.723769,125.174217,1.988487,1.593557,1.435427,3.587249
1773775481.37403,217.021576,529.159546,762.566833,746.181152,78.681625,29.084301,2,3.851784,1.702286,-0.614688,2.937243,0.369433,2.750138,126.230255,1.988487,1.593557,1.435427,3.587249
1773775482.146717,214.870117,555.259399,772.650391,770.129517,77.654785,27.900517,2,3.732025,1.772659,-3.224383,2.88355,0.380891,2.867407,111.088974,1.988487,1.593557,1.435427,3.587249
1773775482.915623,224.551743,555.661255,768.86908,780.213013,78.03669,28.780825,2,3.590806,1.719775,0.616397,2.76086,0.386178,2.778889,112.321083,1.988487,1.593557,1.435427,3.587249
1773775483.687049,237.460571,549.054626,771.389954,786.515198,77.78167,30.191479,2,3.177792,1.641461,5.753152,2.451316,0.389782,2.652172,123.768288,1.988487,1.593557,1.435427,3.587249
1773775484.507644,214.870117,579.207764,820.547119,794.077881,73.121941,27.059072,2,3.060946,1.826425,-1.936686,2.51165,0.392444,2.959836,113.72876,1.988487,1.593557,1.435427,3.587249
1773775485.292936,222.400253,571.677612,785.254761,794.077881,76.408325,28.00736,2,3.53642,1.766063,-1.119365,2.77699,0.392773,2.856237,117.894562,1.988487,1.593557,1.435427,3.587249
1773775486.092091,223.475998,576.904053,799.119629,800.380066,75.082626,27.921236,2,3.45669,1.771376,-1.353904,2.762309,0.39586,2.865231,100.507736,1.988487,1.593557,1.435427,3.587249
1773775486.876134,224.551743,560.703003,783.994324,785.254761,76.531166,28.596037,2,3.585285,1.730606,1.604332,2.810843,0.388611,2.796824,138.141663,1.988487,1.593557,1.435427,3.587249
1773775487.660165,215.945847,557.964966,783.994324,773.910828,76.531166,27.903196,2,3.838086,1.772493,0.534097,3.009037,0.382763,2.867125,156.401291,1.988487,1.593557,1.435427,3.587249
1773775488.450498,213.794373,573.981262,790.29657,787.775635,75.920868,27.138992,2,3.577396,1.821175,-1.34867,2.827204,0.389357,2.950703,101.475784,1.988487,1.593557,1.435427,3.587249
1773775489.240831,215.945847,576.871582,790.29657,792.817444,75.920868,27.237776,2,3.51087,1.814729,-1.508332,2.774628,0.391883,2.939519,98.8255,1.988487,1.593557,1.435427,3.587249
1773775490.033697,221.324524,577.795105,792.817444,799.119629,75.679466,27.696043,2,3.586104,1.785424,-0.571961,2.843126,0.395158,2.889128,118.315948,1.988487,1.593557,1.435427,3.587249
1773775490.824029,221.324524,568.972046,790.29657,790.29657,75.920868,28.005249,2,3.456807,1.766193,-1.276095,2.731902,0.390902,2.856457,98.072075,1.988487,1.593557,1.435427,3.587249
1773775491.590414,223.475998,545.393066,766.348145,768.86908,78.293396,29.065546,2,3.515378,1.703356,0.715773,2.694004,0.380659,2.75189,117.435532,1.988487,1.593557,1.435427,3.587249
1773775492.354278,225.627487,540.720642,763.827271,766.348145,78.551788,29.441906,2,3.564089,1.68214,0.808542,2.722348,0.379537,2.717342,117.701881,1.988487,1.593557,1.435427,3.587249
1773775493.125705,220.248795,544.838928,771.389954,765.087708,77.78167,28.787392,2,3.482625,1.719393,0.15868,2.686462,0.378694,2.778258,134.837952,1.988487,1.593557,1.435427,3.587249
1773775493.913528,209.491425,565.67981,787.775635,775.171265,76.163818,27.025179,2,3.535657,1.828661,-1.733405,2.785305,0.383089,2.963733,105.98912,1.988487,1.593557,1.435427,3.587249
1773775494.661006,223.475998,540.351257,747.441589,763.827271,80.273834,29.257399,2,3.796731,1.692473,2.327956,2.837835,0.378227,2.73412,164.402298,1.988487,1.593557,1.435427,3.587249
1773775495.427391,220.248795,542.318054,766.348145,762.566833,78.293396,28.882557,2,3.559276,1.713871,0.165399,2.727644,0.377478,2.769155,132.105972,1.988487,1.593557,1.435427,3.587249
1773775496.191254,212.718643,542.285583,763.827271,755.004211,78.551788,28.1745,2,3.574901,1.755846,0.049095,2.730607,0.373501,2.839006,129.024918,1.988487,1.593557,1.435427,3.587249
1773775496.970244,213.794373,566.41864,778.952576,780.213013,77.026512,27.402052,2,3.668461,1.804111,-1.871648,2.857557,0.385709,2.921178,108.921127,1.988487,1.593557,1.435427,3.587249
1773775497.732847,215.945847,549.141846,762.566833,765.087708,78.681625,28.224977,2,3.719202,1.752784,-0.268857,2.83614,0.378506,2.83386,126.799225,1.988487,1.593557,1.435427,3.587249
1773775498.492941,218.097321,544.469482,760.045959,762.566833,78.942596,28.600422,2,3.641244,1.730348,-1.769005,2.767513,0.377384,2.796395,114.112061,1.988487,1.593557,1.435427,3.587249
1773775499.263107,213.794373,551.293335,770.129517,765.087708,77.908974,27.943771,2,3.687806,1.769983,-1.787492,2.840088,0.378412,2.86287,117.070831,1.988487,1.593557,1.435427,3.587249
1773775500.028231,203.037018,549.446289,765.087708,752.483337,78.422379,26.98226,2,3.606311,1.8315,-2.325356,2.759145,0.371862,2.968688,102.549118,1.988487,1.593557,1.435427,3.587249
1773775500.797136,219.17305,568.6026,768.86908,787.775635,78.03669,27.821762,2,3.815571,1.777554,1.732663,2.933674,0.389592,2.875719,120.925613,1.988487,1.593557,1.435427,3.587249
1773775501.583688,217.021576,566.972778,786.515198,783.994324,76.285873,27.681524,2,3.816271,1.786338,-0.110457,3.001555,0.387674,2.890688,120.589233,1.988487,1.593557,1.435427,3.587249
1773775502.370252,218.097321,569.678345,786.515198,787.775635,76.285873,27.685207,2,3.61019,1.786106,-1.411221,2.839469,0.389545,2.890293,107.736328,1.988487,1.593557,1.435427,3.587249
1773775503.134115,215.945847,545.360535,763.827271,761.306396,78.551788,28.365168,2,3.638237,1.744336,-0.419277,2.778985,0.376682,2.819705,124.670486,1.988487,1.593557,1.435427,3.587249
1773775503.897979,222.400253,548.989685,763.827271,771.389954,78.551788,28.831106,2,3.506397,1.716852,0.30238,2.678282,0.381828,2.774065,119.915367,1.988487,1.593557,1.435427,3.587249
1773775504.666884,218.097321,545.72998,768.86908,763.827271,78.03669,28.553226,2,3.465115,1.733135,-0.27205,2.664219,0.377992,2.801027,104.494019,1.988487,1.593557,1.435427,3.587249
1773775505.429488,226.703217,545.947144,762.566833,772.650391,78.681625,29.340982,2,3.659925,1.687776,0.040111,2.790937,0.382624,2.726482,122.120384,1.988487,1.593557,1.435427,3.587249
1773775506.208476,219.17305,550.956482,778.952576,770.129517,77.026512,28.459246,2,3.523523,1.738715,-0.269154,2.744658,0.381079,2.810317,124.787201,1.988487,1.593557,1.435427,3.587249
1773775506.979915,218.097321,552.032227,771.389954,770.129517,77.78167,28.319565,2,3.541545,1.747075,-0.243169,2.731913,0.381032,2.824287,110.502289,1.988487,1.593557,1.435427,3.587249
1773775507.74756,218.097321,549.51123,767.608582,767.608582,78.164841,28.412569,2,3.675662,1.741499,1.704599,2.821469,0.379816,2.814963,136.44931,1.988487,1.593557,1.435427,3.587249
1773775508.525288,215.945847,559.225403,777.692139,775.171265,77.151352,27.857824,2,3.547255,1.775309,-2.038401,2.758673,0.383371,2.871904,107.471939,1.988487,1.593557,1.435427,3.587249
1773775509.290413,222.400253,550.250122,765.087708,772.650391,78.422379,28.784073,2,3.465017,1.719586,-0.746658,2.651042,0.382436,2.778577,112.332474,1.988487,1.593557,1.435427,3.587249
1773775510.074443,225.627487,562.148132,783.994324,787.775635,76.531166,28.641085,2,3.442778,1.727953,-0.652776,2.699119,0.389874,2.792422,120.412796,1.988487,1.593557,1.435427,3.587249
1773775510.854704,228.854675,555.139648,780.213013,783.994324,76.902077,29.190859,2,3.415088,1.696231,-0.724496,2.664496,0.38819,2.740246,112.144043,1.988487,1.593557,1.435427,3.587249
1773775511.628652,226.703217,544.686768,773.910828,771.389954,77.528313,29.388926,2,3.532075,1.685094,-0.128312,2.733511,0.382016,2.722129,116.945801,1.988487,1.593557,1.435427,3.587249
1773775512.40512,238.536301,551.760254,776.431702,790.29657,77.276596,30.183136,2,3.552334,1.641903,0.591562,2.758145,0.391653,2.652872,95.193985,1.988487,1.593557,1.435427,3.587249
1773775513.192933,228.854675,547.577026,787.775635,776.431702,76.163818,29.475185,2,3.32551,1.68029,-0.926664,2.619755,0.384542,2.714348,96.743668,1.988487,1.593557,1.435427,3.587249
1773775513.974454,226.703217,552.24939,781.47345,778.952576,76.778038,29.103598,2,3.504627,1.701186,-2.771565,2.738773,0.385664,2.748339,111.503433,1.988487,1.593557,1.435427,3.587249
1773775514.758485,240.687759,559.692322,783.994324,800.380066,76.531166,30.071684,2,3.379331,1.647826,0.3581,2.649376,0.396612,2.662276,99.993736,1.988487,1.593557,1.435427,3.587249
1773775515.55386,239.61203,554.46582,795.338318,794.077881,75.43959,30.174879,2,3.434762,1.64234,-0.39266,2.731798,0.393524,2.653565,107.766403,1.988487,1.593557,1.435427,3.587249
1773775516.351755,233.157639,557.138916,797.859192,790.29657,75.201241,29.50255,2,3.27769,1.678772,-0.363668,2.615135,0.391418,2.711893,97.710442,1.988487,1.593557,1.435427,3.587249
1773775517.140839,233.157639,555.878418,789.036072,789.036072,76.042152,29.549679,2,3.449423,1.676164,-0.689638,2.721719,0.39081,2.707681,105.629272,1.988487,1.593557,1.435427,3.587249
1773775517.92361,233.157639,549.576233,782.733887,782.733887,76.654404,29.7876,2,3.281217,1.663125,0.607488,2.568319,0.38777,2.686704,100.554375,1.988487,1.593557,1.435427,3.587249
1773775518.715203,240.687759,559.692322,791.557007,800.380066,75.799973,30.071684,2,3.275896,1.647826,0.774464,2.593058,0.396612,2.662276,94.455238,1.988487,1.593557,1.435427,3.587249
1773775519.497974,240.687759,542.046143,782.733887,782.733887,76.654404,30.749628,2,3.486625,1.612458,0.765517,2.7291,0.388099,2.606566,125.405067,1.988487,1.593557,1.435427,3.587249
1773775520.289579,232.081909,549.391541,791.557007,781.47345,75.799973,29.69799,2,3.319173,1.668011,-0.725832,2.627315,0.387115,2.694548,101.868851,1.988487,1.593557,1.435427,3.587249
1773775521.083693,235.309097,562.55011,794.077881,797.859192,75.559341,29.492559,2,3.269006,1.679326,-2.838943,2.595845,0.395161,2.712789,98.324577,1.988487,1.593557,1.435427,3.587249
1773775521.870245,239.61203,551.944946,786.515198,791.557007,76.285873,30.270975,2,3.429563,1.637265,0.789313,2.697404,0.392308,2.645529,130.466537,1.988487,1.593557,1.435427,3.587249
1773775522.649234,236.384842,538.786438,778.952576,775.171265,77.026512,30.494532,2,3.444851,1.625582,0.50336,2.683376,0.384263,2.627114,91.519043,1.988487,1.593557,1.435427,3.587249
1773775523.438318,228.854675,551.358337,789.036072,780.213013,76.042152,29.332335,2,3.529412,1.68826,0.200628,2.784833,0.386366,2.72727,101.128975,1.988487,1.593557,1.435427,3.587249
1773775524.207224,234.233368,540.937866,768.86908,775.171265,78.03669,30.216984,2,3.706539,1.640112,0.715476,2.849843,0.384169,2.650035,107.12114,1.988487,1.593557,1.435427,3.587249
1773775524.991254,233.157639,549.576233,783.994324,782.733887,76.531166,29.7876,2,3.488958,1.663125,-0.066244,2.735323,0.38777,2.686704,108.356125,1.988487,1.593557,1.435427,3.587249
1773775525.777807,234.233368,553.542236,786.515198,787.775635,76.285873,29.733511,2,3.463545,1.666071,-0.223568,2.724131,0.390249,2.691431,113.212128,1.988487,1.593557,1.435427,3.587249
1773775526.551766,228.854675,538.753906,773.910828,767.608582,77.528313,29.81398,2,3.604004,1.661692,0.076008,2.789178,0.380286,2.684407,93.697517,1.988487,1.593557,1.435427,3.587249
1773775527.334535,225.627487,553.325073,782.733887,778.952576,76.654404,28.965496,2,3.578847,1.709089,0.00659,2.801285,0.385617,2.761291,130.567413,1.988487,1.593557,1.435427,3.587249
1773775528.129911,228.854675,570.264954,795.338318,799.119629,75.43959,28.638351,2,3.420338,1.728114,-1.05648,2.720326,0.395487,2.792688,109.245636,1.988487,1.593557,1.435427,3.587249
1773775528.906378,236.384842,548.869934,776.431702,785.254761,77.276596,30.102951,2,3.497163,1.64616,2.108192,2.715308,0.389127,2.659627,107.485298,1.988487,1.593557,1.435427,3.587249
1773775529.699244,221.324524,553.846741,792.817444,775.171265,75.679466,28.551695,2,3.418247,1.733226,-1.426515,2.710045,0.383605,2.801178,107.249199,1.988487,1.593557,1.435427,3.587249
1773775530.475713,228.854675,556.400085,776.431702,785.254761,77.276596,29.144005,2,3.59161,1.698888,0.849339,2.78864,0.388798,2.744583,135.947067,1.988487,1.593557,1.435427,3.587249
1773775531.253441,224.551743,548.098633,777.692139,772.650391,77.151352,29.062527,2,3.627435,1.703528,0.01149,2.821028,0.38253,2.752172,123.649574,1.988487,1.593557,1.435427,3.587249
1773775532.045034,222.400253,566.635803,791.557007,789.036072,75.799973,28.186321,2,3.442617,1.755127,-1.270527,2.725028,0.390341,2.837799,97.706909,1.988487,1.593557,1.435427,3.587249
1773775532.811419,223.475998,544.132568,766.348145,767.608582,78.293396,29.113276,2,3.557692,1.700635,0.041856,2.726431,0.380051,2.747438,116.247765,1.988487,1.593557,1.435427,3.587249
1773775533.601764,227.778946,567.559387,790.29657,795.338318,75.920868,28.639252,2,3.621975,1.72806,-0.141936,2.862434,0.393616,2.7926,114.123108,1.988487,1.593557,1.435427,3.587249
1773775534.37319,231.006149,544.1651,771.389954,775.171265,77.78167,29.800659,2,3.418235,1.662415,1.402498,2.636792,0.384028,2.685566,117.65274,1.988487,1.593557,1.435427,3.587249
1773775535.168565,225.627487,563.408569,795.338318,789.036072,75.43959,28.595331,2,3.341279,1.730648,-0.480603,2.657447,0.390482,2.796894,105.653526,1.988487,1.593557,1.435427,3.587249
1773775535.950074,224.551743,555.661255,781.47345,780.213013,76.778038,28.780825,2,3.399523,1.719775,-0.743465,2.656637,0.386178,2.778889,112.416534,1.988487,1.593557,1.435427,3.587249
1773775536.729076,226.703217,554.770264,778.952576,781.47345,77.026512,29.009714,2,3.628472,1.70655,0.401942,2.826408,0.38688,2.757125,112.53054,1.988487,1.593557,1.435427,3.587249
1773775537.505544,222.400253,548.989685,776.431702,771.389954,77.276596,28.831106,2,3.564834,1.716852,0.25891,2.76785,0.381828,2.774065,109.905174,1.988487,1.593557,1.435427,3.587249
1773775538.298397,219.17305,569.863037,792.817444,789.036072,75.679466,27.777317,2,3.598161,1.780328,-2.886793,2.852684,0.3902,2.88044,128.999222,1.988487,1.593557,1.435427,3.587249
1773775539.084949,225.627487,568.450378,786.515198,794.077881,76.285873,28.413773,2,3.366007,1.741427,-0.88453,2.647416,0.392914,2.814843,95.392166,1.988487,1.593557,1.435427,3.587249
1773775539.871513,215.945847,559.225403,786.515198,775.171265,76.285873,27.857824,2,3.517251,1.775309,-0.604109,2.766371,0.383371,2.871904,119.812958,1.988487,1.593557,1.435427,3.587249
1773775540.640419,227.778946,554.954956,768.86908,782.733887,78.03669,29.100433,2,3.485506,1.701366,0.110829,2.679898,0.387535,2.748634,124.568611,1.988487,1.593557,1.435427,3.587249
1773775541.420668,226.703217,552.24939,780.213013,778.952576,76.902077,29.103598,2,3.384163,1.701186,1.463675,2.640368,0.385664,2.748339,128.007095,1.988487,1.593557,1.435427,3.587249
1773775542.20974,222.400253,561.594055,789.036072,783.994324,76.042152,28.367584,2,3.688221,1.744192,-0.953948,2.910139,0.387909,2.819462,116.379974,1.988487,1.593557,1.435427,3.587249
1773775543.002606,215.945847,569.308899,792.817444,785.254761,75.679466,27.500099,2,3.560686,1.797835,-1.182065,2.822974,0.388235,2.91038,111.724915,1.988487,1.593557,1.435427,3.587249
1773775543.774032,219.17305,555.99823,771.389954,775.171265,77.78167,28.274145,2,3.57478,1.749812,-0.474218,2.75755,0.383512,2.828873,126.113083,1.988487,1.593557,1.435427,3.587249
1773775544.540416,218.097321,546.990356,766.348145,765.087708,78.293396,28.506187,2,3.654516,1.735923,-0.387797,2.800632,0.3786,2.805666,118.631454,1.988487,1.593557,1.435427,3.587249
1773775545.306801,222.400253,548.989685,766.348145,771.389954,78.293396,28.831106,2,3.553172,1.716852,-0.968649,2.722967,0.381828,2.774065,107.680847,1.988487,1.593557,1.435427,3.587249
1773775546.075706,228.854675,547.577026,768.86908,776.431702,78.03669,29.475185,2,3.376738,1.68029,0.504548,2.596269,0.384542,2.714348,138.97438,1.988487,1.593557,1.435427,3.587249
1773775546.86478,229.93042,560.36615,789.036072,790.29657,76.042152,29.094196,2,3.346847,1.701722,0.634216,2.640783,0.391278,2.749215,146.951706,1.988487,1.593557,1.435427,3.587249
1773775547.64252,225.627487,547.022888,777.692139,772.650391,77.151352,29.201757,2,3.40374,1.695614,-0.779288,2.647062,0.382577,2.73924,102.200272,1.988487,1.593557,1.435427,3.587249
1773775548.411425,225.627487,543.241577,768.86908,768.86908,78.03669,29.345373,2,3.514089,1.68753,1.234334,2.701874,0.380753,2.726083,134.597183,1.988487,1.593557,1.435427,3.587249
1773775549.185373,215.945847,546.620972,773.910828,762.566833,77.528313,28.318287,2,3.629395,1.747152,-0.682511,2.808828,0.37729,2.824416,122.219818,1.988487,1.593557,1.435427,3.587249
1773775549.941673,219.17305,540.872925,756.264648,760.045959,79.337303,28.836817,2,3.502157,1.716521,-0.206418,2.648557,0.376215,2.773519,115.858902,1.988487,1.593557,1.435427,3.587249
1773775550.714361,222.400253,554.031433,772.650391,776.431702,77.654785,28.64389,2,3.477504,1.727788,0.424995,2.686895,0.38426,2.792148,127.867195,1.988487,1.593557,1.435427,3.587249
1773775551.494622,217.021576,556.889282,780.213013,773.910828,76.902077,28.042194,2,3.48647,1.763924,-1.467869,2.720189,0.38281,2.852622,105.054794,1.988487,1.593557,1.435427,3.587249
1773775552.27361,224.551743,563.223877,778.952576,787.775635,77.026512,28.50453,2,3.550153,1.736022,-0.905355,2.765401,0.389827,2.80583,114.789917,1.988487,1.593557,1.435427,3.587249
1773775553.056381,220.248795,557.443359,782.733887,777.692139,76.654404,28.32082,2,3.46563,1.747,-1.056814,2.712666,0.384775,2.824161,116.357849,1.988487,1.593557,1.435427,3.587249
1773775553.83663,224.551743,560.703003,780.213013,785.254761,76.902077,28.596037,2,3.473604,1.730606,-0.114354,2.710151,0.388611,2.796824,122.284393,1.988487,1.593557,1.435427,3.587249
1773775554.610578,227.778946,549.913208,773.910828,777.692139,77.528313,29.289091,2,3.538079,1.690689,0.236971,2.738158,0.385103,2.731217,112.864479,1.988487,1.593557,1.435427,3.587249
1773775555.417309,223.475998,578.16449,806.682251,801.640503,74.378731,27.877335,2,3.450111,1.774097,-1.321385,2.783143,0.396468,2.869846,107.191635,1.988487,1.593557,1.435427,3.587249
1773775556.215204,221.324524,574.013794,797.859192,795.338318,75.201241,27.827723,2,3.441369,1.777182,-1.223308,2.745728,0.393334,2.875087,122.119568,1.988487,1.593557,1.435427,3.587249
1773775556.994193,211.642914,555.965698,778.952576,767.608582,77.026512,27.571722,2,3.560328,1.793278,-2.101175,2.773326,0.379535,2.902562,116.328537,1.988487,1.593557,1.435427,3.587249
1773775557.768152,218.097321,563.376099,773.910828,781.47345,77.528313,27.908474,2,3.767867,1.772166,0.512752,2.915993,0.386505,2.866571,140.426132,1.988487,1.593557,1.435427,3.587249
1773775558.548401,213.794373,561.376892,780.213013,775.171265,76.902077,27.580276,2,3.785514,1.792735,0.309545,2.953508,0.383277,2.901632,147.497208,1.988487,1.593557,1.435427,3.587249
1773775559.32487,215.945847,563.006714,776.431702,778.952576,77.276596,27.722591,2,3.778992,1.783756,-0.011266,2.934129,0.385195,2.886282,139.856369,1.988487,1.593557,1.435427,3.587249
1773775560.102598,212.718643,561.1922,777.692139,773.910828,77.151352,27.486197,2,3.605532,1.798722,-0.898043,2.803994,0.382622,2.911904,116.178497,1.988487,1.593557,1.435427,3.587249
1773775560.882847,210.567169,567.125,780.213013,777.692139,76.902077,27.075901,2,3.781631,1.825317,-0.855055,2.950477,0.384352,2.957907,140.95636,1.988487,1.593557,1.435427,3.587249
1773775561.656807,217.021576,564.451904,773.910828,781.47345,77.528313,27.770821,2,3.798643,1.780734,0.577122,2.939811,0.386458,2.881131,152.383041,1.988487,1.593557,1.435427,3.587249
1773775562.426972,223.475998,554.216125,770.129517,777.692139,77.908974,28.735792,2,3.736229,1.722402,0.683997,2.877381,0.384915,2.783229,128.631134,1.988487,1.593557,1.435427,3.587249
1773775563.195878,227.778946,546.131897,768.86908,773.910828,78.03669,29.432196,2,3.644267,1.68268,0.760654,2.801964,0.383279,2.718218,150.845245,1.988487,1.593557,1.435427,3.587249
1773775563.977388,221.324524,552.586304,781.47345,773.910828,76.778038,28.598196,2,3.539832,1.730479,0.672674,2.766285,0.382997,2.796613,160.252258,1.988487,1.593557,1.435427,3.587249
1773775564.758897,223.475998,560.518311,781.47345,783.994324,76.778038,28.504797,2,3.520406,1.736006,0.909329,2.751104,0.387956,2.805803,164.531631,1.988487,1.593557,1.435427,3.587249
1773775565.53916,212.718643,554.889954,780.213013,767.608582,76.902077,27.711863,2,3.528239,1.78443,-1.336716,2.752778,0.379581,2.887431,118.914703,1.988487,1.593557,1.435427,3.587249
1773775566.2942,219.17305,543.393799,755.004211,762.566833,79.469757,28.741488,2,3.623332,1.722069,0.017541,2.735631,0.377431,2.78268,144.128433,1.988487,1.593557,1.435427,3.587249
1773775567.070667,220.248795,557.443359,776.431702,777.692139,77.276596,28.32082,2,3.439441,1.747,-0.876734,2.670491,0.384775,2.824161,116.545471,1.988487,1.593557,1.435427,3.587249
1773775567.850917,219.17305,559.779541,780.213013,778.952576,76.902077,28.136894,2,3.454981,1.758134,-0.969837,2.695621,0.385336,2.842858,106.597816,1.988487,1.593557,1.435427,3.587249
1773775568.61352,215.945847,542.839661,762.566833,758.785522,78.681625,28.459406,2,3.647776,1.738705,-2.029492,2.781673,0.375466,2.810301,119.493546,1.988487,1.593557,1.435427,3.587249
1773775569.378645,221.324524,550.06543,765.087708,771.389954,78.422379,28.691652,2,3.58239,1.724984,-1.423916,2.740842,0.381781,2.787503,115.637558,1.988487,1.593557,1.435427,3.587249
1773775570.153864,218.097321,553.292603,775.171265,771.389954,77.402252,28.273291,2,3.549302,1.749863,-2.399489,2.751317,0.38164,2.828959,113.160065,1.988487,1.593557,1.435427,3.587249
1773775570.922769,215.945847,550.402283,768.86908,766.348145,78.03669,28.178558,2,3.625532,1.755599,-0.91523,2.78756,0.379114,2.838592,135.107346,1.988487,1.593557,1.435427,3.587249
1773775571.699238,219.17305,561.039978,776.431702,780.213013,77.276596,28.091436,2,3.607709,1.760908,-0.546161,2.80114,0.385944,2.847533,115.159943,1.988487,1.593557,1.435427,3.587249
1773775572.473185,219.17305,554.737793,773.910828,773.910828,77.528313,28.320194,2,3.752073,1.747037,-0.989289,2.90377,0.382903,2.824224,131.885498,1.988487,1.593557,1.435427,3.587249
1773775573.258488,226.703217,567.374634,785.254761,794.077881,76.408325,28.549242,2,3.541127,1.733371,-0.449123,2.780687,0.392961,2.801419,112.325623,1.988487,1.593557,1.435427,3.587249
1773775574.038738,219.17305,552.216919,780.213013,771.389954,76.902077,28.412745,2,3.5292,1.741489,-1.872279,2.753528,0.381687,2.814946,105.259293,1.988487,1.593557,1.435427,3.587249
1773775574.805122,226.703217,548.468018,766.348145,775.171265,78.293396,29.245564,2,3.564984,1.69314,-1.065575,2.732019,0.38384,2.735207,117.790741,1.988487,1.593557,1.435427,3.587249
1773775575.565205,227.778946,533.527466,760.045959,761.306396,78.942596,29.919485,2,3.658003,1.655986,0.100027,2.780251,0.377199,2.675281,135.746124,1.988487,1.593557,1.435427,3.587249
1773775576.33537,220.248795,541.057617,770.129517,761.306396,77.908974,28.930374,2,3.5782,1.711111,-0.855983,2.755677,0.37687,2.764613,123.009613,1.988487,1.593557,1.435427,3.587249
1773775577.106797,215.945847,550.402283,771.389954,766.348145,77.78167,28.178558,2,3.556143,1.755599,-1.611644,2.743173,0.379114,2.838592,113.95459,1.988487,1.593557,1.435427,3.587249
1773775577.870673,213.794373,547.512024,763.827271,761.306396,78.551788,28.082567,2,3.661159,1.761451,-1.048351,2.796493,0.376588,2.848447,133.008774,1.988487,1.593557,1.435427,3.587249
1773775578.643359,217.021576,559.410156,772.650391,776.431702,77.654785,27.951149,2,3.626323,1.769527,-0.306759,2.80188,0.384026,2.862098,124.588867,1.988487,1.593557,1.435427,3.587249
1773775579.412265,217.021576,551.847534,768.86908,768.86908,78.03669,28.226078,2,3.580117,1.752717,-0.095942,2.752642,0.380377,2.833748,128.810471,1.988487,1.593557,1.435427,3.587249
1773775580.18243,217.021576,553.10791,770.129517,770.129517,77.908974,28.17988,2,3.71832,1.755519,-0.517317,2.863588,0.380985,2.838457,134.199661,1.988487,1.593557,1.435427,3.587249
1773775580.962679,217.021576,563.191406,780.213013,780.213013,76.902077,27.815681,2,3.653744,1.777933,-1.021845,2.850698,0.38585,2.876364,120.981506,1.988487,1.593557,1.435427,3.587249
1773775581.740421,215.945847,560.48584,777.692139,776.431702,77.151352,27.812599,2,3.622144,1.778125,-1.886534,2.816913,0.383979,2.87669,116.50296,1.988487,1.593557,1.435427,3.587249
1773775582.529493,218.097321,573.459717,789.036072,791.557007,76.042152,27.55295,2,3.701632,1.79447,-2.173786,2.920721,0.391369,2.904605,131.756348,1.988487,1.593557,1.435427,3.587249
1773775583.304701,224.551743,558.182129,775.171265,782.733887,77.402252,28.688133,2,3.928603,1.725191,-0.752338,3.04534,0.387395,2.787844,126.446411,1.988487,1.593557,1.435427,3.587249
1773775584.081169,213.794373,550.032898,776.431702,763.827271,77.276596,27.989885,2,3.633863,1.767139,-2.053102,2.821447,0.377804,2.858056,113.793472,1.988487,1.593557,1.435427,3.587249
1773775584.83999,222.400253,546.468811,758.785522,768.86908,79.07373,28.925632,2,3.834715,1.711384,1.802342,2.909726,0.380612,2.765062,140.635452,1.988487,1.593557,1.435427,3.587249
1773775585.624034,218.097321,560.855225,783.994324,778.952576,76.531166,27.998793,2,3.688189,1.76659,-1.245321,2.89152,0.385289,2.857128,113.337585,1.988487,1.593557,1.435427,3.587249
1773775586.401762,221.324524,560.148926,777.692139,781.47345,77.151352,28.32144,2,3.560508,1.746962,-1.278991,2.76898,0.386646,2.824098,109.912933,1.988487,1.593557,1.435427,3.587249
1773775587.171927,224.551743,549.35907,770.129517,773.910828,77.908974,29.015196,2,3.569292,1.706236,-1.135922,2.748817,0.383138,2.756609,118.336304,1.988487,1.593557,1.435427,3.587249
1773775587.955958,215.945847,557.964966,783.994324,773.910828,76.531166,27.903196,2,3.521534,1.772493,-1.410107,2.760863,0.382763,2.867125,108.915161,1.988487,1.593557,1.435427,3.587249
1773775588.723603,214.870117,551.478027,767.608582,766.348145,78.164841,28.038185,2,3.637148,1.76417,-0.076007,2.791906,0.379067,2.853037,126.189941,1.988487,1.593557,1.435427,3.587249
1773775589.489999,215.945847,551.66272,766.348145,767.608582,78.293396,28.132286,2,3.714228,1.758415,0.092268,2.846392,0.379722,2.843331,110.417969,1.988487,1.593557,1.435427,3.587249
1773775590.274031,214.870117,567.86377,783.994324,782.733887,76.531166,27.451235,2,3.636853,1.800957,-1.068842,2.851272,0.386972,2.915748,122.750641,1.988487,1.593557,1.435427,3.587249
1773775591.036634,210.567169,546.957886,762.566833,757.525085,78.681625,27.796724,2,3.646012,1.779115,-0.597946,2.780328,0.374623,2.878376,131.913437,1.988487,1.593557,1.435427,3.587249
1773775591.810581,214.870117,564.082458,773.910828,778.952576,77.528313,27.584494,2,3.654194,1.792468,-0.013345,2.828021,0.385148,2.901174,128.213379,1.988487,1.593557,1.435427,3.587249
1773775592.580747,212.718643,554.889954,770.129517,767.608582,77.908974,27.711863,2,3.629648,1.78443,-1.404687,2.795299,0.379581,2.887431,119.859177,1.988487,1.593557,1.435427,3.587249
1773775593.353445,214.870117,560.301147,772.650391,775.171265,77.654785,27.719051,2,3.648482,1.783978,-0.729322,2.819001,0.383324,2.886661,121.164413,1.988487,1.593557,1.435427,3.587249
1773775594.114789,222.400253,547.729248,761.306396,770.129517,78.811897,28.878292,2,3.387195,1.714118,4.363778,2.578694,0.38122,2.769561,127.755226,1.988487,1.593557,1.435427,3.587249
1773775594.888735,229.93042,552.803467,773.910828,782.733887,77.528313,29.375299,2,3.36016,1.685855,0.890137,2.600465,0.387629,2.723365,133.292007,1.988487,1.593557,1.435427,3.587249
1773775595.665204,215.945847,544.100098,776.431702,760.045959,77.276596,28.412209,2,3.655586,1.741521,-2.222453,2.838313,0.376074,2.814999,106.013641,1.988487,1.593557,1.435427,3.587249
1773775596.441672,218.097321,560.855225,776.431702,778.952576,77.276596,27.998793,2,3.675429,1.76659,-1.355574,2.85372,0.385289,2.857128,119.960632,1.988487,1.593557,1.435427,3.587249
1773775597.203014,225.627487,544.502014,761.306396,770.129517,78.811897,29.297342,2,3.76518,1.690225,-0.243874,2.866455,0.381361,2.730463,120.768784,1.988487,1.593557,1.435427,3.587249
1773775597.980755,217.021576,550.587036,777.692139,767.608582,77.151352,28.272427,2,3.629465,1.749915,-0.585473,2.822606,0.379769,2.829046,107.242889,1.988487,1.593557,1.435427,3.587249
1773775598.759744,217.021576,561.93103,778.952576,778.952576,77.026512,27.860693,2,3.631883,1.775131,-0.752486,2.829065,0.385242,2.871602,128.597778,1.988487,1.593557,1.435427,3.587249
1773775599.531171,215.945847,554.183655,771.389954,770.129517,77.78167,28.040197,2,3.609213,1.764046,-0.500723,2.784111,0.380938,2.852829,126.773758,1.988487,1.593557,1.435427,3.587249
1773775600.269825,218.097321,523.041992,738.618408,741.139282,81.232742,29.427305,2,3.726473,1.682953,-0.208534,2.752442,0.367048,2.718659,120.925964,1.988487,1.593557,1.435427,3.587249
1773775601.03747,215.945847,549.141846,767.608582,765.087708,78.164841,28.224977,2,3.607753,1.752784,-1.421132,2.769342,0.378506,2.83386,127.463165,1.988487,1.593557,1.435427,3.587249
1773775601.784948,220.248795,532.234558,747.441589,752.483337,80.273834,29.26959,2,3.706199,1.691786,-0.277099,2.770167,0.372614,2.733002,120.771866,1.988487,1.593557,1.435427,3.587249
1773775602.534947,215.945847,528.974792,749.962463,744.920654,80.004005,28.989107,2,3.575063,1.707732,-1.710834,2.681163,0.368778,2.759064,109.378983,1.988487,1.593557,1.435427,3.587249
1773775603.284957,221.324524,534.940125,749.962463,756.264648,80.004005,29.265488,2,3.857437,1.692017,1.56398,2.892933,0.374485,2.733379,137.472672,1.988487,1.593557,1.435427,3.587249
1773775604.038738,215.945847,531.495728,753.743774,747.441589,79.602646,28.891335,2,3.930205,1.713364,-0.981939,2.962368,0.369994,2.76832,126.59462,1.988487,1.593557,1.435427,3.587249
1773775604.802601,221.324524,548.804993,763.827271,770.129517,78.551788,28.738611,2,3.755784,1.722237,0.063461,2.86877,0.381173,2.782957,117.906784,1.988487,1.593557,1.435427,3.587249
1773775605.566466,220.248795,542.318054,763.827271,762.566833,78.551788,28.882557,2,3.778738,1.713871,0.744024,2.886303,0.377478,2.769155,142.123795,1.988487,1.593557,1.435427,3.587249
1773775606.353017,220.248795,566.266418,786.515198,786.515198,76.285873,28.00312,2,3.807315,1.766324,-1.215772,2.994511,0.389031,2.856678,120.439865,1.988487,1.593557,1.435427,3.587249
1773775607.128225,220.248795,554.922485,775.171265,775.171265,77.402252,28.41292,2,3.542086,1.741478,-0.275762,2.745723,0.383558,2.814929,119.026794,1.988487,1.593557,1.435427,3.587249
1773775607.897142,223.475998,549.174377,768.86908,772.650391,78.03669,28.9233,2,3.573685,1.711519,-0.229582,2.747696,0.382483,2.765284,127.458755,1.988487,1.593557,1.435427,3.587249
1773775608.67487,213.794373,552.553772,777.692139,766.348145,77.151352,27.897814,2,3.553895,1.772827,-1.627309,2.763836,0.37902,2.867691,112.69191,1.988487,1.593557,1.435427,3.587249
1773775609.438735,212.718643,549.848206,763.827271,762.566833,78.551788,27.895081,2,3.595984,1.772996,-1.132098,2.746711,0.377149,2.867978,116.720581,1.988487,1.593557,1.435427,3.587249
1773775610.206379,211.642914,554.7052,767.608582,766.348145,78.164841,27.617069,2,3.591756,1.790405,-2.040814,2.757063,0.378926,2.897642,110.1539,1.988487,1.593557,1.435427,3.587249
1773775610.966461,213.794373,548.772461,760.045959,762.566833,78.942596,28.03615,2,3.670173,1.764295,-0.937095,2.7895,0.377196,2.853248,109.686569,1.988487,1.593557,1.435427,3.587249
1773775611.730325,219.17305,550.956482,763.827271,770.129517,78.551788,28.459246,2,3.675036,1.738715,0.256831,2.807092,0.381079,2.810317,137.01181,1.988487,1.593557,1.435427,3.587249
1773775612.497982,223.475998,549.174377,767.608582,772.650391,78.164841,28.9233,2,3.70247,1.711519,1.723865,2.842048,0.382483,2.765284,143.925385,1.988487,1.593557,1.435427,3.587249
1773775613.287055,217.021576,564.451904,789.036072,781.47345,76.042152,27.770821,2,3.797671,1.780734,-0.778732,2.9965,0.386458,2.881131,126.773514,1.988487,1.593557,1.435427,3.587249
1773775614.052179,214.870117,547.696716,765.087708,762.566833,78.422379,28.177217,2,3.701,1.75568,-0.174456,2.83159,0.377243,2.838728,120.724091,1.988487,1.593557,1.435427,3.587249
1773775614.823605,221.324524,557.628052,771.389954,778.952576,77.78167,28.413094,2,3.568917,1.741468,-0.316448,2.753026,0.38543,2.814911,132.517212,1.988487,1.593557,1.435427,3.587249
1773775615.616471,219.17305,571.123535,792.817444,790.29657,75.679466,27.733013,2,3.420135,1.783102,-1.505251,2.711542,0.390808,2.885167,120.888611,1.988487,1.593557,1.435427,3.587249
1773775616.39546,221.324524,560.148926,778.952576,781.47345,77.026512,28.32144,2,3.562743,1.746962,-0.881486,2.775208,0.386646,2.824098,111.696869,1.988487,1.593557,1.435427,3.587249
1773775617.166886,221.324524,550.06543,771.389954,771.389954,77.78167,28.691652,2,3.561837,1.724984,-0.803789,2.747566,0.381781,2.787503,113.788315,1.988487,1.593557,1.435427,3.587249
1773775617.93075,218.097321,541.948608,763.827271,760.045959,78.551788,28.69528,2,3.496244,1.724772,0.531313,2.670527,0.376168,2.787151,147.638748,1.988487,1.593557,1.435427,3.587249
1773775618.707218,218.097321,558.334351,776.431702,776.431702,77.276596,28.089699,2,3.662652,1.761014,-1.058336,2.843799,0.384073,2.847712,119.664734,1.988487,1.593557,1.435427,3.587249
1773775619.46478,213.794373,538.688965,757.525085,752.483337,79.205299,28.411842,2,3.699708,1.741543,-0.987878,2.802621,0.372332,2.815036,129.303375,1.988487,1.593557,1.435427,3.587249
1773775620.246301,209.491425,566.940308,781.47345,776.431702,76.778038,26.981306,2,3.773425,1.831564,-1.796624,2.948831,0.383697,2.968798,131.146378,1.988487,1.593557,1.435427,3.587249
1773775621.021509,222.400253,567.896301,775.171265,790.29657,77.402252,28.141367,2,3.639591,1.757861,-1.45328,2.821306,0.390949,2.842399,113.922745,1.988487,1.593557,1.435427,3.587249
1773775621.811842,223.475998,568.080994,790.29657,791.557007,75.920868,28.232458,2,3.375724,1.752331,0.423287,2.667823,0.391604,2.8331,124.237511,1.988487,1.593557,1.435427,3.587249
1773775622.597133,218.097321,560.855225,785.254761,778.952576,76.408325,27.998793,2,3.49295,1.76659,-1.740384,2.742856,0.385289,2.857128,120.3125,1.988487,1.593557,1.435427,3.587249
1773775623.368571,220.248795,553.662048,771.389954,773.910828,77.78167,28.459194,2,3.65727,1.738718,0.602105,2.821181,0.38295,2.810322,162.222382,1.988487,1.593557,1.435427,3.587249
1773775624.147561,220.248795,558.703796,778.952576,778.952576,77.026512,28.274996,2,3.649389,1.74976,0.32005,2.842701,0.385383,2.828786,137.151398,1.988487,1.593557,1.435427,3.587249
1773775624.93033,220.248795,562.485107,782.733887,782.733887,76.654404,28.138399,2,3.637315,1.758042,-0.639746,2.84705,0.387207,2.842703,123.777863,1.988487,1.593557,1.435427,3.587249
1773775625.703018,220.248795,552.401611,772.650391,772.650391,77.654785,28.505621,2,3.818972,1.735957,-0.499498,2.95073,0.382342,2.805722,133.37204,1.988487,1.593557,1.435427,3.587249
1773775626.483267,222.400253,560.333618,780.213013,782.733887,76.902077,28.413265,2,3.637291,1.741458,-0.512639,2.837862,0.387301,2.814894,122.173477,1.988487,1.593557,1.435427,3.587249
1773775627.262268,215.945847,555.444092,778.952576,771.389954,77.026512,27.994383,2,3.55892,1.766862,-1.177462,2.77223,0.381546,2.857587,124.00827,1.988487,1.593557,1.435427,3.587249
1773775628.032434,217.021576,554.368408,770.129517,771.389954,77.908974,28.133833,2,3.564155,1.75832,-0.712988,2.744861,0.381593,2.843172,128.859329,1.988487,1.593557,1.435427,3.587249
1773775628.820246,220.248795,571.308228,787.775635,791.557007,76.163818,27.824753,2,3.568895,1.777367,-1.642715,2.811489,0.391463,2.875402,116.132858,1.988487,1.593557,1.435427,3.587249
1773775629.608058,214.870117,566.603333,787.775635,781.47345,76.163818,27.49551,2,3.576901,1.798127,-2.456249,2.817795,0.386364,2.910883,114.782852,1.988487,1.593557,1.435427,3.587249
1773775630.393361,219.17305,571.123535,785.254761,790.29657,76.408325,27.733013,2,3.62187,1.783102,-0.389431,2.84409,0.390808,2.885167,122.698639,1.988487,1.593557,1.435427,3.587249
1773775631.179912,215.945847,566.788025,786.515198,782.733887,76.285873,27.588669,2,3.560397,1.792203,-2.005845,2.800306,0.387019,2.90072,109.021698,1.988487,1.593557,1.435427,3.587249
1773775631.950079,215.945847,554.183655,770.129517,770.129517,77.908974,28.040197,2,3.666509,1.764046,-0.191569,2.823687,0.380938,2.852829,136.745621,1.988487,1.593557,1.435427,3.587249
1773775632.729067,220.248795,563.745544,778.952576,783.994324,77.026512,28.093163,2,3.698478,1.760803,-1.879407,2.880939,0.387815,2.847355,122.297913,1.988487,1.593557,1.435427,3.587249
1773775633.528235,212.718643,577.577942,799.119629,790.29657,75.082626,26.916307,2,3.76085,1.835881,-2.630353,3.005369,0.390526,2.976346,108.514206,1.988487,1.593557,1.435427,3.587249
1773775634.2921,218.097321,552.032227,763.827271,770.129517,78.551788,28.319565,2,3.684482,1.747075,-1.483126,2.814308,0.381032,2.824287,104.024727,1.988487,1.593557,1.435427,3.587249
1773775635.068567,215.945847,557.964966,776.431702,773.910828,77.276596,27.903196,2,3.612576,1.772493,-1.377217,2.804919,0.382763,2.867125,111.373932,1.988487,1.593557,1.435427,3.587249
1773775635.862682,209.491425,577.023804,794.077881,786.515198,75.559341,26.635393,2,3.549786,1.854783,-2.645127,2.818807,0.388561,3.009576,105.976753,1.988487,1.593557,1.435427,3.587249
1773775636.641671,215.945847,570.569336,778.952576,786.515198,77.026512,27.45603,2,3.632154,1.80065,-1.40413,2.829276,0.388843,2.91522,111.657211,1.988487,1.593557,1.435427,3.587249
1773775637.420671,213.794373,562.637329,778.952576,776.431702,77.026512,27.535503,2,3.624481,1.795579,-1.876585,2.823299,0.383885,2.906508,106.674255,1.988487,1.593557,1.435427,3.587249
1773775638.183275,208.415695,547.848938,762.566833,756.264648,78.681625,27.558565,2,3.720648,1.794113,-0.972176,2.837243,0.373921,2.903993,129.145096,1.988487,1.593557,1.435427,3.587249
1773775638.969826,209.491425,578.28418,786.515198,787.775635,76.285873,26.592779,2,3.732706,1.857685,-2.005251,2.93583,0.389169,3.014705,122.716415,1.988487,1.593557,1.435427,3.587249
1773775639.755117,209.491425,575.763306,785.254761,785.254761,76.408325,26.678148,2,3.714048,1.85188,-1.623671,2.916474,0.387953,3.004453,113.727325,1.988487,1.593557,1.435427,3.587249
1773775640.526544,223.475998,564.299622,771.389954,787.775635,77.78167,28.367975,2,3.933796,1.744168,2.323613,3.034491,0.38978,2.819423,134.474136,1.988487,1.593557,1.435427,3.587249
1773775641.328233,215.945847,576.871582,801.640503,792.817444,74.846519,27.237776,2,3.846267,1.814729,-2.30557,3.083323,0.391883,2.939519,126.688995,1.988487,1.593557,1.435427,3.587249
1773775642.132431,217.021576,588.400269,804.161377,805.421814,74.611893,26.945084,2,3.689348,1.833967,-2.244021,2.966831,0.39801,2.972998,115.166687,1.988487,1.593557,1.435427,3.587249
1773775642.921503,208.415695,570.536865,789.036072,778.952576,76.042152,26.75589,2,3.713078,1.846627,-2.683104,2.929753,0.384866,2.995199,115.947433,1.988487,1.593557,1.435427,3.587249
1773775643.68916,212.718643,559.931763,767.608582,772.650391,78.164841,27.531034,2,3.675733,1.795864,-2.453168,2.821524,0.382014,2.906996,109.671783,1.988487,1.593557,1.435427,3.587249
1773775644.445462,212.718643,543.546021,756.264648,756.264648,79.337303,28.127539,2,3.79077,1.758704,-2.541853,2.866825,0.374109,2.843818,111.727371,1.988487,1.593557,1.435427,3.587249
1773775645.215627,213.794373,557.595581,770.129517,771.389954,77.908974,27.715471,2,3.732599,1.784203,-1.073408,2.874584,0.381453,2.887045,128.718857,1.988487,1.593557,1.435427,3.587249
1773775645.975709,217.021576,546.805664,760.045959,763.827271,78.942596,28.41239,2,3.628188,1.74151,-1.017242,2.75759,0.377945,2.814981,111.883545,1.988487,1.593557,1.435427,3.587249
1773775646.744615,214.870117,551.478027,768.86908,766.348145,78.03669,28.038185,2,3.654779,1.76417,-0.969837,2.810047,0.379067,2.853037,130.436981,1.988487,1.593557,1.435427,3.587249
1773775647.516041,203.037018,554.488037,771.389954,757.525085,77.78167,26.802679,2,3.71579,1.843479,-2.782554,2.866323,0.374294,2.989667,110.010361,1.988487,1.593557,1.435427,3.587249
1773775648.268561,207.339966,550.18512,752.483337,757.525085,79.735985,27.370707,2,3.960096,1.806127,-1.966681,2.979906,0.374482,2.924653,110.104065,1.988487,1.593557,1.435427,3.587249
1773775649.04126,200.885559,564.202148,772.650391,765.087708,77.654785,26.25654,2,3.995905,1.880916,-1.537548,3.087438,0.377849,3.056017,135.520721,1.988487,1.593557,1.435427,3.587249
1773775649.811425,204.112747,569.798096,770.129517,773.910828,77.908974,26.374193,2,3.971365,1.87272,-1.580461,3.058466,0.382246,3.041389,113.048325,1.988487,1.593557,1.435427,3.587249
1773775650.575289,211.642914,561.007446,763.827271,772.650391,78.551788,27.391809,2,4.016708,1.804769,-0.458404,3.068071,0.381967,2.922312,137.95195,1.988487,1.593557,1.435427,3.587249
1773775651.364361,210.567169,577.208496,789.036072,787.775635,76.042152,26.729334,2,3.809287,1.848418,-0.56784,3.005665,0.389216,2.998352,129.329102,1.988487,1.593557,1.435427,3.587249
1773775652.138309,215.945847,564.267151,773.910828,780.213013,77.528313,27.677807,2,3.87559,1.786572,-0.281702,2.999361,0.385803,2.891088,126.826355,1.988487,1.593557,1.435427,3.587249
1773775652.91731,211.642914,562.267944,778.952576,773.910828,77.026512,27.347195,2,3.76497,1.807643,-0.509632,2.932733,0.382575,2.927268,116.586105,1.988487,1.593557,1.435427,3.587249
1773775653.691257,211.642914,562.267944,773.910828,773.910828,77.528313,27.347195,2,3.807284,1.807643,0.451723,2.946498,0.382575,2.927268,131.971893,1.988487,1.593557,1.435427,3.587249
1773775654.474028,211.642914,571.090942,782.733887,782.733887,76.654404,27.038935,2,3.751306,1.827753,-0.571812,2.936275,0.386831,2.96215,123.920242,1.988487,1.593557,1.435427,3.587249
1773775655.266881,207.339966,580.435669,792.817444,787.775635,75.679466,26.319674,2,3.755718,1.876508,-1.622966,2.977598,0.389075,3.048144,114.83345,1.988487,1.593557,1.435427,3.587249
1773775656.035798,217.021576,563.191406,768.86908,780.213013,78.03669,27.815681,2,3.902406,1.777933,0.510339,3.000439,0.38585,2.876364,120.846886,1.988487,1.593557,1.435427,3.587249
1773775656.816048,214.870117,562.822021,780.213013,777.692139,76.902077,27.6292,2,3.768673,1.789638,-0.587292,2.940368,0.38454,2.896329,127.509766,1.988487,1.593557,1.435427,3.587249
1773775657.593776,211.642914,562.267944,777.692139,773.910828,77.151352,27.347195,2,3.708596,1.807643,-1.290462,2.884146,0.382575,2.927268,115.404007,1.988487,1.593557,1.435427,3.587249
1773775658.38537,211.642914,579.914062,791.557007,791.557007,75.799973,26.737543,2,3.797912,1.847864,-1.140859,3.006264,0.391087,2.997376,121.655609,1.988487,1.593557,1.435427,3.587249
1773775659.170673,215.945847,574.350708,785.254761,790.29657,76.408325,27.324659,2,3.964949,1.809097,0.249852,3.113495,0.390667,2.92978,133.727753,1.988487,1.593557,1.435427,3.587249
1773775659.962266,211.642914,574.872314,791.557007,786.515198,75.799973,26.908939,2,3.766658,1.836372,0.084806,2.981525,0.388655,2.977205,131.142288,1.988487,1.593557,1.435427,3.587249
1773775660.745037,222.400253,572.938049,782.733887,795.338318,76.654404,27.962975,2,3.795743,1.768798,0.359585,2.971057,0.393381,2.860862,129.509689,1.988487,1.593557,1.435427,3.587249
1773775661.521505,223.475998,554.216125,776.431702,777.692139,77.276596,28.735792,2,3.805723,1.722402,-0.782741,2.954884,0.384915,2.783229,136.045837,1.988487,1.593557,1.435427,3.587249
1773775662.28789,234.233368,544.719238,766.348145,778.952576,78.293396,30.070299,2,3.791545,1.6479,2.202223,2.905643,0.385993,2.662394,141.678833,1.988487,1.593557,1.435427,3.587249
1773775663.083276,246.066452,563.136658,795.338318,809.203125,75.43959,30.408489,2,3.574885,1.630058,1.101919,2.843243,0.401103,2.634156,116.184181,1.988487,1.593557,1.435427,3.587249
1773775663.879911,253.596603,551.825195,796.598755,805.421814,75.320229,31.486187,2,3.150198,1.575759,-1.249033,2.509444,0.399607,2.549882,88.943199,1.988487,1.593557,1.435427,3.587249
1773775664.675286,240.687759,539.525269,795.338318,780.213013,75.43959,30.84898,2,2.761896,1.607406,-1.518095,2.196642,0.386883,2.598694,79.473892,1.988487,1.593557,1.435427,3.587249
1773775665.465631,225.627487,547.022888,790.29657,772.650391,75.920868,29.201757,2,3.285578,1.695614,-0.693833,2.596581,0.382577,2.73924,92.55452,1.988487,1.593557,1.435427,3.587249
1773775666.242099,221.324524,550.06543,776.431702,771.389954,77.276596,28.691652,2,3.5822,1.724984,0.144647,2.781334,0.381781,2.787503,118.342339,1.988487,1.593557,1.435427,3.587249
1773775667.017307,213.794373,552.553772,775.171265,766.348145,77.402252,27.897814,2,3.637064,1.772827,-0.396038,2.819348,0.37902,2.867691,130.136581,1.988487,1.593557,1.435427,3.587249
1773775667.791254,213.794373,560.116455,773.910828,773.910828,77.528313,27.625195,2,3.758083,1.789891,0.706975,2.908421,0.382669,2.896762,154.969223,1.988487,1.593557,1.435427,3.587249
1773775668.556378,221.324524,552.586304,765.087708,773.910828,78.422379,28.598196,2,3.869393,1.730479,1.785711,2.960425,0.382997,2.796613,147.06752,1.988487,1.593557,1.435427,3.587249
1773775669.325284,222.400253,547.729248,768.86908,770.129517,78.03669,28.878292,2,3.790615,1.714118,0.941737,2.914486,0.38122,2.769561,149.312805,1.988487,1.593557,1.435427,3.587249
1773775670.095461,227.778946,548.652771,770.129517,776.431702,77.908974,29.336637,2,3.683127,1.688019,-1.055961,2.836485,0.384495,2.726878,110.493103,1.988487,1.593557,1.435427,3.587249
1773775670.882013,217.021576,556.889282,786.515198,773.910828,76.285873,28.042194,2,3.642969,1.763924,-0.774054,2.865251,0.38281,2.852622,106.234482,1.988487,1.593557,1.435427,3.587249
1773775671.644616,215.945847,545.360535,762.566833,761.306396,78.681625,28.365168,2,3.659075,1.744336,-1.297663,2.79029,0.376682,2.819705,132.141251,1.988487,1.593557,1.435427,3.587249
1773775672.399656,223.475998,540.351257,755.004211,763.827271,79.469757,29.257399,2,3.73271,1.692473,2.644535,2.818212,0.378227,2.73412,123.234627,1.988487,1.593557,1.435427,3.587249
1773775673.173604,213.794373,548.772461,773.910828,762.566833,77.528313,28.03615,2,3.648649,1.764295,0.569883,2.823729,0.377196,2.853248,139.016281,1.988487,1.593557,1.435427,3.587249
1773775673.934959,222.400253,548.989685,761.306396,771.389954,78.811897,28.831106,2,3.720137,1.716852,0.956734,2.832164,0.381828,2.774065,131.882492,1.988487,1.593557,1.435427,3.587249
1773775674.712687,227.778946,556.215393,777.692139,783.994324,77.151352,29.053646,2,3.670691,1.704036,1.954098,2.854668,0.388143,2.753004,152.652908,1.988487,1.593557,1.435427,3.587249
1773775675.505541,223.475998,564.299622,792.817444,787.775635,75.679466,28.367975,2,3.637447,1.744168,-0.910887,2.883831,0.38978,2.819423,109.875671,1.988487,1.593557,1.435427,3.587249
1773775676.279488,223.475998,550.434814,773.910828,773.910828,77.528313,28.876194,2,3.537721,1.714239,-0.17698,2.737881,0.383091,2.769761,112.665588,1.988487,1.593557,1.435427,3.587249
1773775677.071082,221.324524,567.711548,791.557007,789.036072,75.799973,28.049988,2,3.499527,1.763446,-1.359695,2.770075,0.390294,2.851815,107.868469,1.988487,1.593557,1.435427,3.587249
1773775677.847562,222.400253,555.29187,776.431702,777.692139,77.276596,28.597467,2,3.558225,1.730522,-0.25308,2.762718,0.384868,2.796684,122.984711,1.988487,1.593557,1.435427,3.587249
1773775678.618988,222.400253,548.989685,771.389954,771.389954,77.78167,28.831106,2,3.612687,1.716852,0.792357,2.786791,0.381828,2.774065,117.764458,1.988487,1.593557,1.435427,3.587249
1773775679.394196,215.945847,551.66272,775.171265,767.608582,77.402252,28.132286,2,3.552292,1.758415,-0.585733,2.753634,0.379722,2.843331,112.618469,1.988487,1.593557,1.435427,3.587249
1773775680.15932,228.854675,551.358337,765.087708,780.213013,78.422379,29.332335,2,3.460814,1.68826,1.024779,2.647826,0.386366,2.72727,122.812294,1.988487,1.593557,1.435427,3.587249
1773775680.935788,220.248795,546.099365,776.431702,766.348145,77.276596,28.740046,2,3.396887,1.722153,-0.652702,2.637451,0.379302,2.782819,119.186707,1.988487,1.593557,1.435427,3.587249
1773775681.697143,221.324524,541.24231,761.306396,762.566833,78.811897,29.023624,2,3.497869,1.705753,0.411037,2.66295,0.377525,2.755818,140.686874,1.988487,1.593557,1.435427,3.587249
1773775682.478652,215.945847,559.225403,781.47345,775.171265,76.778038,27.857824,2,3.467796,1.775309,-1.315445,2.709991,0.383371,2.871904,115.518463,1.988487,1.593557,1.435427,3.587249
1773775683.248819,224.551743,555.661255,770.129517,780.213013,77.908974,28.780825,2,3.513411,1.719775,-0.83022,2.705782,0.386178,2.778889,107.639839,1.988487,1.593557,1.435427,3.587249
1773775684.012682,217.021576,537.982666,763.827271,755.004211,78.551788,28.744421,2,3.484064,1.721898,-0.276579,2.661223,0.373689,2.782396,128.796173,1.988487,1.593557,1.435427,3.587249
1773775684.797974,214.870117,567.86377,785.254761,782.733887,76.408325,27.451235,2,3.54962,1.800957,-1.035952,2.787356,0.386972,2.915748,130.4151,1.988487,1.593557,1.435427,3.587249
1773775685.570672,215.945847,557.964966,772.650391,773.910828,77.654785,27.903196,2,3.561805,1.772493,-0.566689,2.75203,0.382763,2.867125,127.041061,1.988487,1.593557,1.435427,3.587249
1773775686.328233,223.475998,542.872131,757.525085,766.348145,79.205299,29.161158,2,3.726437,1.697914,3.046086,2.82287,0.379443,2.742993,135.736023,1.988487,1.593557,1.435427,3.587249
1773775687.122348,215.945847,569.308899,794.077881,785.254761,75.559341,27.500099,2,3.636706,1.797835,-1.268523,2.887828,0.388235,2.91038,111.856934,1.988487,1.593557,1.435427,3.587249
1773775687.867305,222.400253,530.083069,744.920654,752.483337,80.545494,29.555506,2,3.71741,1.675842,3.235855,2.769176,0.372708,2.707161,142.076736,1.988487,1.593557,1.435427,3.587249
1773775688.643773,225.627487,554.58551,776.431702,780.213013,77.276596,28.918705,2,3.61852,1.711784,1.347371,2.809533,0.386225,2.765719,121.479469,1.988487,1.593557,1.435427,3.587249
1773775689.426556,221.324524,556.367615,782.733887,777.692139,76.654404,28.459145,2,3.513384,1.73872,-0.738083,2.750045,0.384821,2.810327,132.271606,1.988487,1.593557,1.435427,3.587249
1773775690.197982,223.475998,550.434814,771.389954,773.910828,77.78167,28.876194,2,3.495907,1.714239,-1.039256,2.696707,0.383091,2.769761,114.698395,1.988487,1.593557,1.435427,3.587249
1773775690.978232,215.945847,555.444092,780.213013,771.389954,76.902077,27.994383,2,3.498169,1.766862,-1.021103,2.729317,0.381546,2.857587,105.514481,1.988487,1.593557,1.435427,3.587249
1773775691.752178,223.475998,559.257874,773.910828,782.733887,77.528313,28.550699,2,3.496124,1.733285,-1.006514,2.705688,0.387348,2.801276,108.46463,1.988487,1.593557,1.435427,3.587249
1773775692.529906,223.475998,554.216125,777.692139,777.692139,77.151352,28.735792,2,3.498819,1.722402,-0.349561,2.721004,0.384915,2.783229,113.246567,1.988487,1.593557,1.435427,3.587249
1773775693.316471,221.324524,562.6698,786.515198,783.994324,76.285873,28.230371,2,3.455992,1.752457,0.09676,2.71819,0.387862,2.833312,116.765297,1.988487,1.593557,1.435427,3.587249
1773775694.075292,222.400253,537.645691,758.785522,760.045959,79.07373,29.261421,2,3.682825,1.692246,1.59171,2.794474,0.376356,2.733752,116.21714,1.988487,1.593557,1.435427,3.587249
1773775694.847979,221.324524,550.06543,772.650391,771.389954,77.654785,28.691652,2,3.595737,1.724984,-0.695615,2.778248,0.381781,2.787503,114.368027,1.988487,1.593557,1.435427,3.587249
1773775695.601759,222.400253,532.603943,753.743774,755.004211,79.602646,29.456823,2,3.623624,1.68131,0.455546,2.731284,0.373924,2.715999,128.063126,1.988487,1.593557,1.435427,3.587249
1773775696.374446,215.945847,549.141846,772.650391,765.087708,77.654785,28.224977,2,3.575358,1.752784,-0.199884,2.762502,0.378506,2.83386,130.69603,1.988487,1.593557,1.435427,3.587249
1773775697.144612,219.17305,554.737793,770.129517,773.910828,77.908974,28.320194,2,3.661497,1.747037,0.961671,2.819827,0.382903,2.824224,136.813339,1.988487,1.593557,1.435427,3.587249
1773775697.908488,217.021576,544.28479,763.827271,761.306396,78.551788,28.50647,2,3.608712,1.735906,0.427408,2.756433,0.376729,2.805638,113.77993,1.988487,1.593557,1.435427,3.587249
1773775698.689997,215.945847,564.267151,781.47345,780.213013,76.778038,27.677807,2,3.50945,1.786572,0.595237,2.742542,0.385803,2.891088,131.264114,1.988487,1.593557,1.435427,3.587249
1773775699.462684,209.491425,555.596313,772.650391,765.087708,77.654785,27.381361,2,3.622028,1.805441,-1.154743,2.798562,0.378224,2.92347,123.461456,1.988487,1.593557,1.435427,3.587249
1773775700.235371,212.718643,563.713074,772.650391,776.431702,77.654785,27.396955,2,3.643241,1.804439,-0.772161,2.814951,0.383838,2.921742,115.939468,1.988487,1.593557,1.435427,3.587249
1773775701.0131,215.945847,565.527588,777.692139,781.47345,77.151352,27.633167,2,3.793742,1.789387,0.068992,2.950364,0.386411,2.895901,137.373505,1.988487,1.593557,1.435427,3.587249
1773775701.784538,222.400253,556.552307,771.389954,778.952576,77.78167,28.551193,2,3.869942,1.733256,-0.282407,2.985234,0.385476,2.801227,127.31691,1.988487,1.593557,1.435427,3.587249
1773775702.577391,215.945847,569.308899,792.817444,785.254761,75.679466,27.500099,2,3.716603,1.797835,-0.027414,2.946588,0.388235,2.91038,124.826996,1.988487,1.593557,1.435427,3.587249
1773775703.3526,219.17305,559.779541,775.171265,778.952576,77.402252,28.136894,2,3.5666,1.758134,-0.594271,2.764726,0.385336,2.842858,110.769363,1.988487,1.593557,1.435427,3.587249
1773775704.120244,219.17305,548.435547,767.608582,767.608582,78.164841,28.552711,2,3.490605,1.733166,-1.177276,2.679419,0.379863,2.801078,100.004059,1.988487,1.593557,1.435427,3.587249
1773775704.889149,223.475998,550.434814,768.86908,773.910828,78.03669,28.876194,2,3.566777,1.714239,0.960261,2.742384,0.383091,2.769761,115.880104,1.988487,1.593557,1.435427,3.587249
1773775705.674453,221.324524,561.409363,785.254761,782.733887,76.408325,28.275833,2,3.687249,1.74971,0.578495,2.89543,0.387254,2.828702,128.233902,1.988487,1.593557,1.435427,3.587249
1773775706.44966,218.097321,553.292603,775.171265,771.389954,77.402252,28.273291,2,3.612089,1.749863,-0.166326,2.799987,0.38164,2.828959,126.606293,1.988487,1.593557,1.435427,3.587249
1773775707.222348,222.400253,555.29187,772.650391,777.692139,77.654785,28.597467,2,3.65511,1.730522,-0.44233,2.824122,0.384868,2.796684,121.311569,1.988487,1.593557,1.435427,3.587249
1773775708.01142,218.097321,565.896973,789.036072,783.994324,76.042152,27.818737,2,3.496288,1.777742,-1.022922,2.758697,0.387721,2.87604,120.904236,1.988487,1.593557,1.435427,3.587249
1773775708.785379,223.475998,556.737,773.910828,780.213013,77.528313,28.642946,2,3.58909,1.727843,0.168888,2.777635,0.386131,2.79224,109.543434,1.988487,1.593557,1.435427,3.587249
1773775709.574452,217.021576,564.451904,789.036072,781.47345,76.042152,27.770821,2,3.528336,1.780734,-1.441327,2.783984,0.386458,2.881131,119.927979,1.988487,1.593557,1.435427,3.587249
1773775710.338315,228.854675,548.837463,763.827271,777.692139,78.551788,29.427412,2,3.654018,1.682947,1.628127,2.791039,0.38515,2.71865,118.986046,1.988487,1.593557,1.435427,3.587249
1773775711.128648,217.021576,559.410156,790.29657,776.431702,75.920868,27.951149,2,3.559901,1.769527,-0.305089,2.813377,0.384026,2.862098,125.815048,1.988487,1.593557,1.435427,3.587249
1773775711.898814,218.097321,553.292603,770.129517,771.389954,77.908974,28.273291,2,3.546418,1.749863,-0.358322,2.731201,0.38164,2.828959,124.161987,1.988487,1.593557,1.435427,3.587249
1773775712.671513,218.097321,554.553101,772.650391,772.650391,77.654785,28.227169,2,3.568868,1.752651,0.576342,2.757487,0.382248,2.833637,141.916229,1.988487,1.593557,1.435427,3.587249
1773775713.44294,218.097321,553.292603,771.389954,771.389954,77.78167,28.273291,2,3.775036,1.749863,1.073743,2.912025,0.38164,2.828959,145.865768,1.988487,1.593557,1.435427,3.587249
1773775714.221928,214.870117,560.301147,778.952576,775.171265,77.026512,27.719051,2,3.778454,1.783978,-0.465754,2.943237,0.383324,2.886661,121.709,1.988487,1.593557,1.435427,3.587249
1773775714.985791,211.642914,548.403076,763.827271,760.045959,78.551788,27.846067,2,3.842009,1.77604,-0.159235,2.934631,0.375886,2.873146,134.617905,1.988487,1.593557,1.435427,3.587249
1773775715.752176,212.718643,554.889954,766.348145,767.608582,78.293396,27.711863,2,3.996745,1.78443,-0.920316,3.062898,0.379581,2.887431,131.598557,1.988487,1.593557,1.435427,3.587249
1773775716.533698,209.491425,568.200684,781.47345,777.692139,76.778038,26.937576,2,3.792371,1.834466,-0.883268,2.963637,0.384305,2.97387,123.912186,1.988487,1.593557,1.435427,3.587249
1773775717.298822,212.718643,556.150452,765.087708,768.86908,78.422379,27.666431,2,3.719203,1.787288,-0.540481,2.845516,0.38019,2.892313,123.802933,1.988487,1.593557,1.435427,3.587249
1773775718.077811,214.870117,566.603333,778.952576,781.47345,77.026512,27.49551,2,3.614373,1.798127,-1.351491,2.815426,0.386364,2.910883,109.373596,1.988487,1.593557,1.435427,3.587249
1773775718.849237,222.400253,557.812744,771.389954,780.213013,77.78167,28.50507,2,3.7028,1.73599,0.529976,2.856303,0.386085,2.805776,133.15892,1.988487,1.593557,1.435427,3.587249
1773775719.630748,219.17305,558.519104,781.47345,777.692139,76.778038,28.182495,2,3.724945,1.75536,0.020473,2.910945,0.384728,2.838189,153.224487,1.988487,1.593557,1.435427,3.587249
1773775720.407228,224.551743,558.182129,776.431702,782.733887,77.276596,28.688133,2,3.787309,1.725191,1.615506,2.940587,0.387395,2.787844,149.732361,1.988487,1.593557,1.435427,3.587249
1773775721.202602,224.551743,570.78656,795.338318,795.338318,75.43959,28.233486,2,3.758734,1.752268,-0.220747,2.989465,0.393475,2.832995,137.471146,1.988487,1.593557,1.435427,3.587249
1773775721.989154,228.854675,562.702332,786.515198,791.557007,76.285873,28.911963,2,3.655881,1.712173,0.633139,2.875406,0.391839,2.766359,127.391472,1.988487,1.593557,1.435427,3.587249
1773775722.763101,234.233368,545.979614,773.910828,780.213013,77.528313,30.021721,2,3.600371,1.650496,0.939249,2.786366,0.386601,2.666524,118.184723,1.988487,1.593557,1.435427,3.587249
1773775723.539569,225.627487,540.720642,776.431702,766.348145,77.276596,29.441906,2,3.413167,1.68214,-0.827139,2.650091,0.379537,2.717342,113.578171,1.988487,1.593557,1.435427,3.587249
1773775724.336216,224.551743,570.78656,796.598755,795.338318,75.320229,28.233486,2,3.296603,1.752268,-1.675011,2.62607,0.393475,2.832995,108.954163,1.988487,1.593557,1.435427,3.587249
1773775725.095038,229.93042,535.157288,758.785522,765.087708,79.07373,30.05282,2,3.590679,1.648833,1.579089,2.724555,0.379117,2.663878,106.271889,1.988487,1.593557,1.435427,3.587249
1773775725.887892,220.248795,561.22467,792.817444,781.47345,75.679466,28.183784,2,3.575478,1.755282,-0.352679,2.834702,0.386599,2.838058,106.463722,1.988487,1.593557,1.435427,3.587249
1773775726.644193,215.945847,535.277039,756.264648,751.2229,79.337303,28.745907,2,3.772401,1.721811,0.617622,2.852933,0.371818,2.782253,126.257484,1.988487,1.593557,1.435427,3.587249
1773775727.409318,212.718643,548.587769,765.087708,761.306396,78.422379,27.941265,2,3.826749,1.770138,-0.029048,2.927799,0.376541,2.863132,123.008575,1.988487,1.593557,1.435427,3.587249
1773775728.161849,210.567169,539.395264,752.483337,749.962463,79.735985,28.077026,2,3.914234,1.76179,-1.019358,2.945395,0.370975,2.84902,114.901978,1.988487,1.593557,1.435427,3.587249
1773775728.923191,212.718643,551.108643,761.306396,763.827271,78.811897,27.849051,2,3.780757,1.775855,-0.93071,2.878315,0.377757,2.872831,127.146957,1.988487,1.593557,1.435427,3.587249
1773775729.700921,217.021576,565.71228,777.692139,782.733887,77.151352,27.726099,2,3.720449,1.783536,-0.273683,2.893364,0.387066,2.885907,126.82428,1.988487,1.593557,1.435427,3.587249
1773775730.476128,227.778946,559.996704,775.171265,787.775635,77.402252,28.914188,2,3.795495,1.712044,1.416753,2.942159,0.389968,2.766148,123.522133,1.988487,1.593557,1.435427,3.587249
1773775731.251335,219.17305,545.914673,775.171265,765.087708,77.402252,28.646788,2,3.818394,1.727618,-0.659755,2.959909,0.378647,2.791866,119.621475,1.988487,1.593557,1.435427,3.587249
1773775732.003855,226.703217,534.603149,752.483337,761.306396,79.735985,29.778183,2,3.696356,1.663637,-1.999237,2.781446,0.377152,2.687525,109.319138,1.988487,1.593557,1.435427,3.587249
1773775732.76521,218.097321,533.12561,761.306396,751.2229,78.811897,29.032305,2,3.496737,1.705256,-3.241608,2.662088,0.371912,2.755003,100.93924,1.988487,1.593557,1.435427,3.587249
1773775733.524031,224.551743,541.796387,758.785522,766.348145,79.07373,29.301531,2,3.813846,1.689989,1.691606,2.893891,0.37949,2.73008,126.823517,1.988487,1.593557,1.435427,3.587249
1773775734.297979,219.17305,548.435547,773.910828,767.608582,77.528313,28.552711,2,3.727745,1.733166,-0.889839,2.884942,0.379863,2.801078,120.238083,1.988487,1.593557,1.435427,3.587249
1773775735.060582,226.703217,544.686768,762.566833,771.389954,78.681625,29.388926,2,3.719004,1.685094,0.712989,2.835989,0.382016,2.722129,119.189339,1.988487,1.593557,1.435427,3.587249
1773775735.814363,227.778946,527.225281,753.743774,755.004211,79.602646,30.169228,2,3.72628,1.642639,0.25245,2.808661,0.374159,2.65404,96.071892,1.988487,1.593557,1.435427,3.587249
1773775736.585788,219.17305,542.133362,771.389954,761.306396,77.78167,28.789074,2,3.743721,1.719295,-0.244245,2.887869,0.376823,2.778096,118.980698,1.988487,1.593557,1.435427,3.587249
1773775737.36605,224.551743,561.96344,780.213013,786.515198,76.902077,28.550211,2,3.701993,1.733314,-1.587477,2.888344,0.389219,2.801324,123.588867,1.988487,1.593557,1.435427,3.587249
1773775738.11983,222.400253,528.822632,753.743774,751.2229,79.602646,29.605093,2,3.734955,1.673108,-0.260765,2.815199,0.3721,2.702752,105.019707,1.988487,1.593557,1.435427,3.587249
1773775738.911423,212.718643,567.494385,791.557007,780.213013,75.799973,27.264175,2,3.780402,1.813014,0.150624,2.992404,0.385662,2.936551,169.042389,1.988487,1.593557,1.435427,3.587249
1773775739.700496,211.642914,576.13269,789.036072,787.775635,76.042152,26.865887,2,3.759263,1.839245,-2.98513,2.966194,0.389263,2.982237,114.40625,1.988487,1.593557,1.435427,3.587249
1773775740.466881,211.642914,554.7052,766.348145,766.348145,78.293396,27.617069,2,3.819035,1.790405,-0.49018,2.92671,0.378926,2.897642,130.271301,1.988487,1.593557,1.435427,3.587249
1773775741.258486,211.642914,579.914062,791.557007,791.557007,75.799973,26.737543,2,3.890236,1.847864,0.077419,3.079344,0.391087,2.997376,142.253128,1.988487,1.593557,1.435427,3.587249
1773775742.02361,213.794373,553.814209,765.087708,767.608582,78.422379,27.852005,2,4.068325,1.775671,0.133659,3.112625,0.379628,2.872519,136.115662,1.988487,1.593557,1.435427,3.587249
1773775742.810162,217.021576,573.275024,786.515198,790.29657,76.285873,27.460777,2,4.078497,1.800346,-0.873987,3.2078,0.390714,2.914697,139.639389,1.988487,1.593557,1.435427,3.587249
1773775743.580328,228.854675,555.139648,770.129517,783.994324,77.908974,29.190859,2,3.654883,1.696231,5.379962,2.814734,0.38819,2.740246,140.550842,1.988487,1.593557,1.435427,3.587249
1773775744.382017,217.021576,570.754028,801.640503,787.775635,74.846519,27.548653,2,3.446815,1.794743,-0.679541,2.763106,0.389498,2.905073,123.037186,1.988487,1.593557,1.435427,3.587249
1773775745.153443,225.627487,555.845947,771.389954,781.47345,77.78167,28.872061,2,3.741026,1.714478,2.907509,2.88579,0.386833,2.770154,127.514961,1.988487,1.593557,1.435427,3.587249
1773775745.934953,226.703217,556.03064,781.47345,782.733887,76.778038,28.962999,2,3.759165,1.709232,2.619737,2.937687,0.387488,2.761527,145.270203,1.988487,1.593557,1.435427,3.587249
1773775746.725286,215.945847,561.746277,790.29657,777.692139,75.920868,27.767525,2,3.62594,1.78094,-0.49586,2.865568,0.384587,2.881483,123.94313,1.988487,1.593557,1.435427,3.587249
1773775747.495451,213.794373,553.814209,770.129517,767.608582,77.908974,27.852005,2,3.647054,1.775671,-0.006663,2.808704,0.379628,2.872519,121.429825,1.988487,1.593557,1.435427,3.587249
1773775748.280755,218.097321,572.199219,785.254761,790.29657,76.408325,27.596897,2,3.702174,1.791682,-1.068508,2.90715,0.390761,2.899827,118.561234,1.988487,1.593557,1.435427,3.587249
1773775749.064785,217.021576,565.71228,783.994324,782.733887,76.531166,27.726099,2,3.659576,1.783536,-0.281368,2.869087,0.387066,2.885907,124.392212,1.988487,1.593557,1.435427,3.587249
1773775749.852598,214.870117,570.384644,787.775635,785.254761,76.163818,27.36311,2,3.690482,1.806616,-1.401383,2.907272,0.388188,2.925497,112.62738,1.988487,1.593557,1.435427,3.587249
1773775750.626545,218.097321,559.594849,773.910828,777.692139,77.528313,28.044172,2,3.750698,1.763803,1.09765,2.902706,0.384681,2.852417,137.759048,1.988487,1.593557,1.435427,3.587249
1773775751.421931,220.248795,577.610413,795.338318,797.859192,75.43959,27.604971,2,3.751998,1.79117,1.030719,2.984108,0.394503,2.898952,139.984009,1.988487,1.593557,1.435427,3.587249
1773775752.192098,224.551743,550.619507,770.129517,775.171265,77.908974,28.968018,2,3.75504,1.708944,1.472511,2.891867,0.383746,2.761053,133.70813,1.988487,1.593557,1.435427,3.587249
1773775752.972347,225.627487,555.845947,780.213013,781.47345,76.902077,28.872061,2,3.778753,1.714478,2.043377,2.948232,0.386833,2.770154,127.930611,1.988487,1.593557,1.435427,3.587249
1773775753.753856,221.324524,555.107178,781.47345,776.431702,76.778038,28.505342,2,3.773976,1.735973,1.273201,2.949262,0.384214,2.805749,150.396225,1.988487,1.593557,1.435427,3.587249
1773775754.530337,220.248795,554.922485,776.431702,775.171265,77.276596,28.41292,2,3.698308,1.741478,0.529754,2.871484,0.383558,2.814929,123.49781,1.988487,1.593557,1.435427,3.587249
1773775755.32193,222.400253,571.677612,791.557007,794.077881,75.799973,28.00736,2,3.644374,1.766063,0.768116,2.884729,0.392773,2.856237,148.95723,1.988487,1.593557,1.435427,3.587249
1773775756.114784,214.870117,569.124207,792.817444,783.994324,75.679466,27.407101,2,3.529157,1.803787,-0.928668,2.797977,0.38758,2.920619,120.964447,1.988487,1.593557,1.435427,3.587249
1773775756.906377,214.870117,576.68689,791.557007,791.557007,75.799973,27.145248,2,3.714019,1.820766,-0.450125,2.939858,0.391228,2.949991,126.668991,1.988487,1.593557,1.435427,3.587249
1773775757.699243,213.794373,577.762634,792.817444,791.557007,75.679466,27.009348,2,3.742809,1.829707,-0.347037,2.967365,0.391181,2.965558,126.793839,1.988487,1.593557,1.435427,3.587249
1773775758.483274,211.642914,569.830566,783.994324,781.47345,76.531166,27.082548,2,3.676544,1.82488,0.327252,2.88239,0.386223,2.957145,146.11882,1.988487,1.593557,1.435427,3.587249
1773775759.257221,209.491425,561.89856,773.910828,771.389954,77.528313,27.157656,2,3.523668,1.819954,0.254789,2.727004,0.381265,2.948581,122.845306,1.988487,1.593557,1.435427,3.587249
1773775760.03621,215.945847,570.569336,778.952576,786.515198,77.026512,27.45603,2,3.698749,1.80065,0.156861,2.88115,0.388843,2.91522,124.77404,1.988487,1.593557,1.435427,3.587249
1773775760.826555,218.097321,574.720093,790.29657,792.817444,75.920868,27.509148,2,3.693391,1.797257,-0.440659,2.918874,0.391977,2.909389,120.942535,1.988487,1.593557,1.435427,3.587249
1773775761.605544,220.248795,561.22467,778.952576,781.47345,77.026512,28.183784,2,3.685283,1.755282,1.424066,2.87066,0.386599,2.838058,149.320663,1.988487,1.593557,1.435427,3.587249
1773775762.398397,221.324524,572.753357,792.817444,794.077881,75.679466,27.871891,2,3.713572,1.774435,0.401088,2.944184,0.392726,2.87042,111.085472,1.988487,1.593557,1.435427,3.587249
1773775763.188731,215.945847,568.048462,790.29657,783.994324,75.920868,27.544313,2,3.584247,1.795019,0.034951,2.832618,0.387627,2.905547,148.05011,1.988487,1.593557,1.435427,3.587249
1773775763.974034,218.097321,569.678345,785.254761,787.775635,76.408325,27.685207,2,3.702244,1.786106,0.900754,2.907205,0.389545,2.890293,143.51004,1.988487,1.593557,1.435427,3.587249
1773775764.750503,217.021576,558.149658,776.431702,775.171265,77.276596,27.996597,2,3.500137,1.766726,-0.392734,2.717618,0.383418,2.857357,109.503876,1.988487,1.593557,1.435427,3.587249
1773775765.542095,214.870117,574.165955,791.557007,789.036072,75.799973,27.231976,2,3.552117,1.815106,-1.405244,2.811703,0.390012,2.940173,115.26384,1.988487,1.593557,1.435427,3.587249
1773775766.312261,223.475998,556.737,770.129517,780.213013,77.908974,28.642946,2,3.760927,1.727843,-0.018839,2.896401,0.386131,2.79224,123.078705,1.988487,1.593557,1.435427,3.587249
1773775767.106376,221.324524,570.232483,794.077881,791.557007,75.559341,27.960655,2,3.600992,1.768941,-0.470877,2.859468,0.39151,2.861104,120.621796,1.988487,1.593557,1.435427,3.587249
1773775767.897981,219.17305,569.863037,791.557007,789.036072,75.799973,27.777317,2,3.530068,1.780328,-0.909884,2.79425,0.3902,2.88044,123.543976,1.988487,1.593557,1.435427,3.587249
1773775768.675709,206.264236,556.302612,777.692139,762.566833,77.151352,27.048677,2,3.67379,1.82711,0.558709,2.857077,0.376868,2.96103,140.236343,1.988487,1.593557,1.435427,3.587249
1773775769.454699,213.794373,573.981262,778.952576,787.775635,77.026512,27.138992,2,3.612697,1.821175,-0.308096,2.814119,0.389357,2.950703,121.277451,1.988487,1.593557,1.435427,3.587249
1773775770.228645,215.945847,560.48584,773.910828,776.431702,77.528313,27.812599,2,3.718848,1.778125,-0.488027,2.878057,0.383979,2.87669,124.226349,1.988487,1.593557,1.435427,3.587249
1773775771.007647,215.945847,563.006714,778.952576,778.952576,77.026512,27.722591,2,3.682374,1.783756,-0.998718,2.868395,0.385195,2.886282,110.695786,1.988487,1.593557,1.435427,3.587249
1773775771.781594,215.945847,557.964966,773.910828,773.910828,77.528313,27.903196,2,3.571682,1.772493,0.04657,2.764163,0.382763,2.867125,129.985016,1.988487,1.593557,1.435427,3.587249
1773775772.546718,215.945847,549.141846,765.087708,765.087708,78.422379,28.224977,2,3.525108,1.752784,1.182771,2.697017,0.378506,2.83386,134.563553,1.988487,1.593557,1.435427,3.587249
1773775773.339572,224.551743,578.349182,792.817444,802.90094,75.679466,27.967552,2,3.710949,1.768515,2.388057,2.942105,0.397123,2.860384,161.224487,1.988487,1.593557,1.435427,3.587249
1773775774.121081,231.006149,558.029907,781.47345,789.036072,76.778038,29.277008,2,3.77703,1.691368,2.252523,2.951649,0.390717,2.732323,144.764175,1.988487,1.593557,1.435427,3.587249
1773775774.915208,224.551743,561.96344,794.077881,786.515198,75.559341,28.550211,2,3.55292,1.733314,1.227578,2.821295,0.389219,2.801324,124.508545,1.988487,1.593557,1.435427,3.587249
1773775775.711843,225.627487,572.231689,796.598755,797.859192,75.320229,28.27911,2,3.473931,1.749512,-0.762583,2.767329,0.394738,2.82837,104.645462,1.988487,1.593557,1.435427,3.587249
1773775776.488311,226.703217,550.988892,776.431702,777.692139,77.276596,29.150766,2,3.625984,1.698504,-0.002914,2.815329,0.385056,2.743956,122.4814,1.988487,1.593557,1.435427,3.587249
1773775777.254696,219.17305,538.352051,766.348145,757.525085,78.293396,28.932777,2,3.635144,1.710972,0.21221,2.785786,0.374999,2.764385,116.846489,1.988487,1.593557,1.435427,3.587249
1773775778.026134,217.021576,551.847534,771.389954,768.86908,77.78167,28.226078,2,3.75212,1.752717,0.043898,2.894348,0.380377,2.833748,110.872093,1.988487,1.593557,1.435427,3.587249
1773775778.808904,217.021576,565.71228,782.733887,782.733887,76.654404,27.726099,2,3.844181,1.783536,-0.214399,3.00897,0.387066,2.885907,131.776276,1.988487,1.593557,1.435427,3.587249
1773775779.57907,228.854675,555.139648,770.129517,783.994324,77.908974,29.190859,2,3.684878,1.696231,1.344365,2.837833,0.38819,2.740246,105.708519,1.988487,1.593557,1.435427,3.587249
1773775780.350496,215.945847,540.318787,771.389954,756.264648,77.78167,28.55427,2,3.734797,1.733074,-0.346406,2.880985,0.37425,2.800925,130.885117,1.988487,1.593557,1.435427,3.587249
1773775781.1131,219.17305,547.17511,762.566833,766.348145,78.681625,28.59967,2,3.657741,1.730392,1.404094,2.789272,0.379255,2.796469,130.378555,1.988487,1.593557,1.435427,3.587249
1773775781.878236,222.400253,546.468811,765.087708,768.86908,78.422379,28.925632,2,3.634931,1.711384,2.544304,2.781041,0.380612,2.765062,130.740509,1.988487,1.593557,1.435427,3.587249
1773775782.667308,219.17305,566.081726,789.036072,785.254761,76.042152,27.911076,2,3.546103,1.772005,-0.333227,2.798004,0.388376,2.866297,120.769226,1.988487,1.593557,1.435427,3.587249
1773775783.446298,219.17305,559.779541,778.952576,778.952576,77.026512,28.136894,2,3.638739,1.758134,-0.198474,2.834405,0.385336,2.842858,129.724136,1.988487,1.593557,1.435427,3.587249
1773775784.217724,217.021576,551.847534,771.389954,768.86908,77.78167,28.226078,2,3.744808,1.752717,0.503694,2.888707,0.380377,2.833748,136.092819,1.988487,1.593557,1.435427,3.587249
1773775784.990411,213.794373,555.074707,772.650391,768.86908,77.654785,27.806341,2,3.751605,1.778515,-1.189304,2.898679,0.380237,2.877355,106.67292,1.988487,1.593557,1.435427,3.587249
1773775785.736628,214.870117,532.571472,746.181152,747.441589,80.409431,28.747412,2,3.962017,1.721723,0.208312,2.956382,0.369947,2.782108,128.458237,1.988487,1.593557,1.435427,3.587249
1773775786.515629,220.248795,565.005981,778.952576,785.254761,77.026512,28.048069,2,4.051731,1.763564,0.308208,3.156106,0.388423,2.852013,144.65538,1.988487,1.593557,1.435427,3.587249
1773775787.294618,219.17305,558.519104,778.952576,777.692139,77.026512,28.182495,2,3.826049,1.75536,-0.086587,2.98031,0.384728,2.838189,119.180359,1.988487,1.593557,1.435427,3.587249
1773775788.08369,217.021576,569.493652,789.036072,786.515198,76.042152,27.592802,2,3.590013,1.791941,-0.219559,2.83265,0.38889,2.900272,122.400116,1.988487,1.593557,1.435427,3.587249
1773775788.881586,210.567169,579.72937,797.859192,790.29657,75.201241,26.64407,2,3.559858,1.854193,-2.594493,2.840266,0.390432,3.008534,106.038902,1.988487,1.593557,1.435427,3.587249
1773775789.661848,221.324524,571.49292,780.213013,792.817444,76.902077,27.916203,2,3.743162,1.771688,-0.109046,2.920464,0.392118,2.865759,119.134613,1.988487,1.593557,1.435427,3.587249
1773775790.455962,219.17305,572.383972,794.077881,791.557007,75.559341,27.688852,2,3.845668,1.785876,0.830407,3.05376,0.391416,2.889901,146.133408,1.988487,1.593557,1.435427,3.587249
1773775791.23495,221.324524,560.148926,778.952576,781.47345,77.026512,28.32144,2,3.71913,1.746962,0.89641,2.897026,0.386646,2.824098,113.119102,1.988487,1.593557,1.435427,3.587249
1773775792.017721,213.794373,560.116455,782.733887,773.910828,76.654404,27.625195,2,3.615557,1.789891,-1.409476,2.830019,0.382669,2.896762,112.866638,1.988487,1.593557,1.435427,3.587249
1773775792.801764,212.718643,570.015259,783.994324,782.733887,76.531166,27.176369,2,3.541646,1.818731,-1.502022,2.77663,0.386878,2.946458,108.600677,1.988487,1.593557,1.435427,3.587249
1773775793.583274,214.870117,569.124207,781.47345,783.994324,76.778038,27.407101,2,3.582891,1.803787,-1.224718,2.799934,0.38758,2.920619,102.671669,1.988487,1.593557,1.435427,3.587249
1773775794.377388,215.945847,579.392456,794.077881,795.338318,75.559341,27.151445,2,3.568334,1.82036,-0.281702,2.833535,0.393099,2.949286,111.075943,1.988487,1.593557,1.435427,3.587249
1773775795.162679,220.248795,570.047791,785.254761,790.29657,76.408325,27.869133,2,3.741094,1.774606,0.374731,2.937712,0.390855,2.870711,107.771469,1.988487,1.593557,1.435427,3.587249
1773775795.965629,215.945847,581.91333,802.90094,797.859192,74.729019,27.065659,2,3.697359,1.825992,-0.248737,2.968613,0.394315,2.959081,127.448578,1.988487,1.593557,1.435427,3.587249
1773775796.75218,212.718643,570.015259,786.515198,782.733887,76.285873,27.176369,2,3.634163,1.818731,-2.269933,2.858325,0.386878,2.946458,104.641014,1.988487,1.593557,1.435427,3.587249
1773775797.529908,221.324524,566.451111,777.692139,787.775635,77.151352,28.094868,2,3.662283,1.760699,0.013457,2.848129,0.389686,2.847179,142.14003,1.988487,1.593557,1.435427,3.587249
1773775798.303856,226.703217,553.509766,773.910828,780.213013,77.528313,29.05658,2,3.679364,1.703868,0.578755,2.8475,0.386272,2.752729,122.760941,1.988487,1.593557,1.435427,3.587249
1773775799.084117,228.854675,553.879211,780.213013,782.733887,76.902077,29.237864,2,3.51608,1.693574,-1.509557,2.743291,0.387582,2.735915,91.399666,1.988487,1.593557,1.435427,3.587249
1773775799.859325,222.400253,545.208313,775.171265,767.608582,77.402252,28.973133,2,3.352683,1.70865,-1.682287,2.598903,0.380004,2.76057,92.688087,1.988487,1.593557,1.435427,3.587249
1773775800.603021,219.17305,520.705811,743.660217,739.878845,80.682007,29.622829,2,3.482537,1.672133,1.67156,2.589824,0.366486,2.70118,155.434204,1.988487,1.593557,1.435427,3.587249
1773775801.370666,214.870117,547.696716,767.608582,762.566833,78.164841,28.177217,2,3.7542,1.75568,0.066023,2.881756,0.377243,2.838728,116.87912,1.988487,1.593557,1.435427,3.587249
1773775802.157218,214.870117,571.645081,786.515198,786.515198,76.285873,27.319258,2,3.768961,1.809446,-0.542226,2.964345,0.388796,2.930382,112.079163,1.988487,1.593557,1.435427,3.587249
1773775802.928656,215.945847,556.704529,771.389954,772.650391,77.78167,27.948713,2,3.695163,1.769678,0.875659,2.850412,0.382155,2.862353,136.790176,1.988487,1.593557,1.435427,3.587249
1773775803.710166,221.324524,566.451111,781.47345,787.775635,76.778038,28.094868,2,3.680984,1.760699,1.539553,2.876591,0.389686,2.847179,149.036789,1.988487,1.593557,1.435427,3.587249
1773775804.480332,215.945847,547.881409,770.129517,763.827271,77.908974,28.271557,2,3.535434,1.749968,0.94118,2.722742,0.377898,2.829134,132.125717,1.988487,1.593557,1.435427,3.587249
1773775805.266883,213.794373,570.199951,786.515198,783.994324,76.285873,27.269888,2,3.663056,1.812643,0.412225,2.881049,0.387533,2.935909,142.975845,1.988487,1.593557,1.435427,3.587249
1773775806.048394,210.567169,567.125,781.47345,777.692139,76.778038,27.075901,2,3.683003,1.825317,-0.490366,2.878169,0.384352,2.957907,111.104294,1.988487,1.593557,1.435427,3.587249
1773775806.837478,218.097321,579.761841,789.036072,797.859192,76.042152,27.335316,2,3.786512,1.808409,0.286974,2.987694,0.394409,2.928591,153.565796,1.988487,1.593557,1.435427,3.587249
1773775807.624029,220.248795,568.787292,786.515198,789.036072,76.285873,27.913654,2,3.580978,1.771845,0.842063,2.816494,0.390247,2.866027,134.9702,1.988487,1.593557,1.435427,3.587249
1773775808.414363,214.870117,569.124207,790.29657,783.994324,75.920868,27.407101,2,3.532749,1.803787,-0.823427,2.791919,0.38758,2.920619,111.383011,1.988487,1.593557,1.435427,3.587249
1773775809.207216,210.567169,577.208496,792.817444,787.775635,75.679466,26.729334,2,3.573785,1.848418,-0.514941,2.833359,0.389216,2.998352,124.759613,1.988487,1.593557,1.435427,3.587249
1773775809.986217,207.339966,567.831299,778.952576,775.171265,77.026512,26.747631,2,3.640026,1.847183,-1.477484,2.835407,0.382995,2.996179,108.936737,1.988487,1.593557,1.435427,3.587249
1773775810.758904,210.567169,565.864502,772.650391,776.431702,77.654785,27.119858,2,3.808882,1.822429,-0.419128,2.942935,0.383744,2.952882,114.020248,1.988487,1.593557,1.435427,3.587249
1773775811.547976,210.567169,578.468872,789.036072,789.036072,76.042152,26.686632,2,3.68631,1.851306,-1.106744,2.908631,0.389824,3.00344,102.29425,1.988487,1.593557,1.435427,3.587249
1773775812.332008,215.945847,574.350708,783.994324,790.29657,76.531166,27.324659,2,3.639618,1.809097,-0.111385,2.85344,0.390667,2.92978,123.210495,1.988487,1.593557,1.435427,3.587249
1773775813.108488,220.248795,561.22467,776.431702,781.47345,77.276596,28.183784,2,3.768689,1.755282,0.745694,2.92613,0.386599,2.838058,149.480698,1.988487,1.593557,1.435427,3.587249
1773775813.891258,217.021576,561.93103,782.733887,778.952576,76.654404,27.860693,2,3.75303,1.775131,-0.168701,2.937624,0.385242,2.871602,136.096466,1.988487,1.593557,1.435427,3.587249
1773775814.670247,225.627487,563.408569,778.952576,789.036072,77.026512,28.595331,2,3.730862,1.730648,2.595496,2.906165,0.390482,2.796894,135.009384,1.988487,1.593557,1.435427,3.587249
1773775815.469403,219.17305,572.383972,799.119629,791.557007,75.082626,27.688852,2,3.758572,1.785876,0.353349,3.003549,0.391416,2.889901,137.094681,1.988487,1.593557,1.435427,3.587249
1773775816.254706,220.248795,566.266418,785.254761,786.515198,76.408325,28.00312,2,3.838362,1.766324,-1.930264,3.014092,0.389031,2.856678,127.897583,1.988487,1.593557,1.435427,3.587249
1773775817.028653,211.642914,552.184326,773.910828,763.827271,77.528313,27.708218,2,3.810524,1.784659,-0.659012,2.949006,0.37771,2.887822,124.889374,1.988487,1.593557,1.435427,3.587249
1773775817.822767,214.870117,582.989075,794.077881,797.859192,75.559341,26.930832,2,3.651037,1.834915,-1.197025,2.899207,0.394268,2.974655,105.464653,1.988487,1.593557,1.435427,3.587249
1773775818.596715,208.415695,557.932434,773.910828,766.348145,77.528313,27.195953,2,3.734849,1.817452,-2.136515,2.89044,0.378786,2.94424,106.602089,1.988487,1.593557,1.435427,3.587249
1773775819.378224,210.567169,573.427124,781.47345,783.994324,76.778038,26.858252,2,3.742255,1.839755,-0.248329,2.924473,0.387392,2.983132,107.036224,1.988487,1.593557,1.435427,3.587249
1773775820.147142,212.718643,558.671326,768.86908,771.389954,78.03669,27.576021,2,3.739683,1.793005,0.179097,2.875327,0.381406,2.902094,126.082909,1.988487,1.593557,1.435427,3.587249
1773775820.936215,213.794373,576.502197,789.036072,790.29657,76.042152,27.052423,2,3.646202,1.826863,0.025039,2.876985,0.390573,2.9606,134.960159,1.988487,1.593557,1.435427,3.587249
1773775821.716464,213.794373,566.41864,780.213013,780.213013,76.902077,27.402052,2,3.60455,1.804111,-0.076935,2.812317,0.385709,2.921178,124.977463,1.988487,1.593557,1.435427,3.587249
1773775822.492932,210.567169,562.083252,776.431702,772.650391,77.276596,27.252583,2,3.670246,1.813766,-0.810397,2.849695,0.38192,2.937853,121.884369,1.988487,1.593557,1.435427,3.587249
1773775823.275715,206.264236,571.427917,782.733887,777.692139,76.654404,26.522606,2,3.720815,1.862485,-0.710649,2.912408,0.384164,3.023202,126.42601,1.988487,1.593557,1.435427,3.587249
1773775824.043359,215.945847,563.006714,767.608582,778.952576,78.164841,27.722591,2,3.652407,1.783756,5.258498,2.803619,0.385195,2.886282,151.11792,1.988487,1.593557,1.435427,3.587249
1773775824.841255,213.794373,581.543945,797.859192,795.338318,75.201241,26.880936,2,3.453135,1.838239,-0.85821,2.755116,0.393005,2.980475,115.512634,1.988487,1.593557,1.435427,3.587249
1773775825.621504,215.945847,566.788025,780.213013,782.733887,76.902077,27.588669,2,3.67714,1.792203,0.369831,2.868952,0.387019,2.90072,134.175415,1.988487,1.593557,1.435427,3.587249
1773775826.395451,217.021576,558.149658,773.910828,775.171265,77.528313,27.996597,2,3.634352,1.766726,-1.238899,2.812665,0.383418,2.857357,118.205536,1.988487,1.593557,1.435427,3.587249
1773775827.174453,219.17305,562.300415,778.952576,781.47345,77.026512,28.046127,2,3.620483,1.763683,-0.336754,2.820184,0.386552,2.852214,105.905991,1.988487,1.593557,1.435427,3.587249
1773775827.935795,232.081909,544.349792,761.306396,776.431702,78.811897,29.890833,2,3.84368,1.657532,3.938505,2.926219,0.384683,2.67775,139.628906,1.988487,1.593557,1.435427,3.587249
1773775828.745035,220.248795,575.089539,809.203125,795.338318,74.147018,27.692467,2,3.600884,1.785649,-0.445188,2.913846,0.393287,2.889513,102.645645,1.988487,1.593557,1.435427,3.587249
1773775829.526545,217.021576,560.670532,781.47345,777.692139,76.778038,27.905846,2,3.624038,1.772329,0.898081,2.83209,0.384634,2.866847,121.87336,1.988487,1.593557,1.435427,3.587249
1773775830.309327,215.945847,565.527588,782.733887,781.47345,76.654404,27.633167,2,3.71071,1.789387,-0.136739,2.904498,0.386411,2.895901,119.040619,1.988487,1.593557,1.435427,3.587249
1773775831.097139,218.097321,572.199219,787.775635,790.29657,76.163818,27.596897,2,3.746885,1.791682,0.038515,2.951705,0.390761,2.899827,129.267319,1.988487,1.593557,1.435427,3.587249
1773775831.878649,229.93042,565.407898,781.47345,795.338318,76.778038,28.909763,2,3.818715,1.712299,3.914821,2.984225,0.39371,2.766568,168.5504,1.988487,1.593557,1.435427,3.587249
1773775832.675284,212.718643,563.713074,796.598755,776.431702,75.320229,27.396955,2,3.751463,1.804439,-0.749776,2.98841,0.383838,2.921742,122.089508,1.988487,1.593557,1.435427,3.587249
1773775833.456806,221.324524,570.232483,781.47345,791.557007,76.778038,27.960655,2,3.755102,1.768941,-0.143755,2.934513,0.39151,2.861104,110.566986,1.988487,1.593557,1.435427,3.587249
1773775834.247139,212.718643,567.494385,790.29657,780.213013,75.920868,27.264175,2,3.664117,1.813014,0.256682,2.895739,0.385662,2.936551,132.10054,1.988487,1.593557,1.435427,3.587249
1773775835.017305,217.021576,558.149658,770.129517,775.171265,77.908974,27.996597,2,3.839427,1.766726,2.087329,2.956856,0.383418,2.857357,133.416428,1.988487,1.593557,1.435427,3.587249
1773775835.811419,215.945847,576.871582,794.077881,792.817444,75.559341,27.237776,2,3.703105,1.814729,0.943407,2.940554,0.391883,2.939519,124.534081,1.988487,1.593557,1.435427,3.587249
1773775836.586639,229.93042,561.626587,775.171265,791.557007,77.402252,29.047865,2,3.766628,1.704366,2.194501,2.919782,0.391886,2.753545,129.804688,1.988487,1.593557,1.435427,3.587249
1773775837.393358,205.188492,572.503662,806.682251,777.692139,74.378731,26.384281,2,3.575659,1.87202,-1.290648,2.88442,0.384117,3.040143,120.379105,1.988487,1.593557,1.435427,3.587249
1773775838.173607,225.627487,578.533875,780.213013,804.161377,76.902077,28.057489,2,3.737822,1.762986,1.657194,2.916297,0.397778,2.851038,145.07254,1.988487,1.593557,1.435427,3.587249
1773775838.9652,219.17305,564.821289,791.557007,783.994324,75.799973,27.95595,2,3.672528,1.769231,-2.058521,2.907015,0.387768,2.861596,112.943573,1.988487,1.593557,1.435427,3.587249
1773775839.744202,221.324524,560.148926,778.952576,781.47345,77.026512,28.32144,2,3.636513,1.746962,-1.089111,2.832671,0.386646,2.824098,112.221603,1.988487,1.593557,1.435427,3.587249
1773775840.530753,218.097321,564.636597,786.515198,782.733887,76.285873,27.863533,2,3.73976,1.774954,-1.011043,2.941378,0.387113,2.871302,117.891891,1.988487,1.593557,1.435427,3.587249
1773775841.30722,217.021576,558.149658,776.431702,775.171265,77.276596,27.996597,2,3.739276,1.766726,0.294287,2.903293,0.383418,2.857357,150.003143,1.988487,1.593557,1.435427,3.587249
1773775842.077387,215.945847,552.923218,770.129517,768.86908,77.908974,28.086164,2,3.985576,1.761231,1.426739,3.069409,0.38033,2.848076,113.799118,1.988487,1.593557,1.435427,3.587249
1773775842.871513,209.491425,577.023804,794.077881,786.515198,75.559341,26.635393,2,3.867708,1.854783,-0.600285,3.071261,0.388561,3.009576,113.071045,1.988487,1.593557,1.435427,3.587249
1773775843.650502,219.17305,571.123535,778.952576,790.29657,77.026512,27.733013,2,3.925069,1.783102,1.668293,3.057443,0.390808,2.885167,125.223076,1.988487,1.593557,1.435427,3.587249
1773775844.434533,222.400253,565.375366,783.994324,787.775635,76.531166,28.231421,2,3.94624,1.752393,-0.071961,3.09383,0.389733,2.833205,123.335953,1.988487,1.593557,1.435427,3.587249
1773775845.226126,208.415695,566.755554,791.557007,775.171265,75.799973,26.886406,2,3.770252,1.837874,-2.731845,2.984369,0.383042,2.979836,109.687347,1.988487,1.593557,1.435427,3.587249
1773775846.005128,213.794373,571.460388,778.952576,785.254761,77.026512,27.226118,2,3.790576,1.815487,-2.999348,2.952679,0.388141,2.940833,112.2323,1.988487,1.593557,1.435427,3.587249
1773775846.784116,218.097321,565.896973,778.952576,783.994324,77.026512,27.818737,2,3.683309,1.777742,0.294176,2.869123,0.387721,2.87604,130.980545,1.988487,1.593557,1.435427,3.587249
1773775847.558063,221.324524,556.367615,773.910828,777.692139,77.528313,28.459145,2,3.766241,1.73872,0.431306,2.914735,0.384821,2.810327,140.044403,1.988487,1.593557,1.435427,3.587249
1773775848.354698,217.021576,574.5354,796.598755,791.557007,75.320229,27.417049,2,3.62782,1.803148,1.399231,2.889917,0.391322,2.919519,146.083557,1.988487,1.593557,1.435427,3.587249
1773775849.14125,214.870117,569.124207,786.515198,783.994324,76.285873,27.407101,2,3.663084,1.803787,-0.708793,2.881071,0.38758,2.920619,130.935822,1.988487,1.593557,1.435427,3.587249
1773775849.932856,225.627487,578.533875,791.557007,804.161377,75.799973,28.057489,2,3.743255,1.762986,2.016946,2.963,0.397778,2.851038,148.698273,1.988487,1.593557,1.435427,3.587249
1773775850.713105,219.17305,553.477356,780.213013,772.650391,76.902077,28.366392,2,3.770528,1.744263,0.167923,2.941815,0.382295,2.819582,125.442642,1.988487,1.593557,1.435427,3.587249
1773775851.484531,225.627487,553.325073,771.389954,778.952576,77.78167,28.965496,2,3.834288,1.709089,2.639597,2.957731,0.385617,2.761291,146.334274,1.988487,1.593557,1.435427,3.587249
1773775852.267302,232.081909,558.214661,782.733887,790.29657,76.654404,29.366434,2,3.830235,1.686351,1.614429,2.998055,0.391372,2.724169,108.936348,1.988487,1.593557,1.435427,3.587249
1773775853.071511,217.021576,569.493652,804.161377,786.515198,74.611893,27.592802,2,3.518734,1.791941,0.678428,2.82963,0.38889,2.900272,122.393867,1.988487,1.593557,1.435427,3.587249
1773775853.849239,224.551743,561.96344,777.692139,786.515198,77.151352,28.550211,2,3.836956,1.733314,3.033836,2.98397,0.389219,2.801324,155.340439,1.988487,1.593557,1.435427,3.587249
1773775854.639573,221.324524,565.190674,790.29657,786.515198,75.920868,28.139893,2,3.744671,1.757951,1.188154,2.959401,0.389078,2.84255,140.661606,1.988487,1.593557,1.435427,3.587249
1773775855.431166,215.945847,569.308899,791.557007,785.254761,75.799973,27.500099,2,3.689647,1.797835,0.871093,2.920566,0.388235,2.91038,153.092697,1.988487,1.593557,1.435427,3.587249
1773775856.216469,219.17305,569.863037,785.254761,789.036072,76.408325,27.777317,2,3.768073,1.780328,0.181918,2.958897,0.3902,2.88044,132.017456,1.988487,1.593557,1.435427,3.587249
1773775857.001761,219.17305,566.081726,785.254761,785.254761,76.408325,27.911076,2,3.680397,1.772005,-0.256013,2.890049,0.388376,2.866297,129.524109,1.988487,1.593557,1.435427,3.587249
1773775857.785791,217.021576,564.451904,783.994324,781.47345,76.531166,27.770821,2,3.694258,1.780734,-1.045306,2.896278,0.386458,2.881131,126.178467,1.988487,1.593557,1.435427,3.587249
1773775858.573603,210.567169,569.645874,787.775635,780.213013,76.163818,26.98842,2,3.751436,1.831092,-0.946747,2.95529,0.385568,2.967975,122.549393,1.988487,1.593557,1.435427,3.587249
1773775859.357646,217.021576,574.5354,783.994324,791.557007,76.531166,27.417049,2,3.827718,1.803148,0.330519,3.00091,0.391322,2.919519,120.409569,1.988487,1.593557,1.435427,3.587249
1773775860.145458,217.021576,570.754028,787.775635,787.775635,76.163818,27.548653,2,3.797087,1.794743,0.663505,2.991253,0.389498,2.905073,139.537155,1.988487,1.593557,1.435427,3.587249
1773775860.938312,213.794373,575.241699,792.817444,789.036072,75.679466,27.09564,2,3.670594,1.824019,0.305758,2.910111,0.389965,2.955647,119.266014,1.988487,1.593557,1.435427,3.587249
1773775861.729905,211.642914,577.393188,791.557007,789.036072,75.799973,26.822969,2,3.686735,1.842118,0.160536,2.918261,0.389871,2.987276,166.265579,1.988487,1.593557,1.435427,3.587249
1773775862.497562,217.021576,556.889282,767.608582,773.910828,78.164841,28.042194,2,3.781981,1.763924,-0.101288,2.903081,0.38281,2.852622,141.231247,1.988487,1.593557,1.435427,3.587249
1773775863.265207,208.415695,549.109375,767.608582,757.525085,78.164841,27.512711,2,3.796412,1.79703,0.778027,2.914158,0.374529,2.908999,143.343674,1.988487,1.593557,1.435427,3.587249
1773775864.040415,212.718643,567.494385,775.171265,780.213013,77.402252,27.264175,2,3.815595,1.813014,0.267671,2.957739,0.385662,2.936551,145.775452,1.988487,1.593557,1.435427,3.587249
1773775864.809321,215.945847,556.704529,768.86908,772.650391,78.03669,27.948713,2,3.952736,1.769678,1.477225,3.039137,0.382155,2.862353,129.82605,1.988487,1.593557,1.435427,3.587249
1773775865.605955,212.718643,580.098816,796.598755,792.817444,75.320229,26.830721,2,3.778193,1.841598,-1.539441,3.009704,0.391742,2.986364,107.615845,1.988487,1.593557,1.435427,3.587249
1773775866.391258,214.870117,572.905518,785.254761,787.775635,76.408325,27.275547,2,3.810042,1.812276,0.046645,2.991854,0.389404,2.935274,124.127617,1.988487,1.593557,1.435427,3.587249
1773775867.181592,214.870117,575.426453,790.29657,790.29657,75.920868,27.188543,2,3.706304,1.817936,-0.219411,2.929079,0.39062,2.945079,130.929047,1.988487,1.593557,1.435427,3.587249
1773775867.971924,209.491425,574.50293,790.29657,783.994324,75.920868,26.721039,2,3.823789,1.848978,0.204117,3.021927,0.387345,2.999338,115.763512,1.988487,1.593557,1.435427,3.587249
1773775868.743351,211.642914,562.267944,771.389954,773.910828,77.78167,27.347195,2,3.939824,1.807643,1.166252,3.039141,0.382575,2.927268,155.643478,1.988487,1.593557,1.435427,3.587249
1773775869.522352,205.188492,566.201477,778.952576,771.389954,77.026512,26.59984,2,3.907858,1.857204,0.326472,3.044036,0.381077,3.013853,145.758057,1.988487,1.593557,1.435427,3.587249
1773775870.297559,220.248795,572.568665,775.171265,792.817444,77.402252,27.780518,2,3.993692,1.780128,1.48413,3.095795,0.392071,2.880099,160.616684,1.988487,1.593557,1.435427,3.587249
1773775871.095455,215.945847,576.871582,797.859192,792.817444,75.201241,27.237776,2,3.793898,1.814729,0.739012,3.026997,0.391883,2.939519,140.93399,1.988487,1.593557,1.435427,3.587249
1773775871.884527,209.491425,571.982056,789.036072,781.47345,76.042152,26.807234,2,3.776167,1.843173,-1.524147,2.979532,0.386129,2.98913,115.645142,1.988487,1.593557,1.435427,3.587249
1773775872.663528,215.945847,570.569336,778.952576,786.515198,77.026512,27.45603,2,3.791094,1.80065,-0.079274,2.953082,0.388843,2.91522,126.759216,1.988487,1.593557,1.435427,3.587249
1773775873.460164,211.642914,579.914062,796.598755,791.557007,75.320229,26.737543,2,3.716196,1.847864,-0.414674,2.960317,0.391087,2.997376,121.30484,1.988487,1.593557,1.435427,3.587249
1773775874.246715,212.718643,575.057007,786.515198,787.775635,76.285873,27.002439,2,3.693314,1.830164,-1.055255,2.904848,0.38931,2.966355,116.816101,1.988487,1.593557,1.435427,3.587249
1773775875.019402,214.870117,560.301147,772.650391,775.171265,77.654785,27.719051,2,3.884614,1.783978,1.455731,3.001448,0.383324,2.886661,131.778946,1.988487,1.593557,1.435427,3.587249
1773775875.809747,219.17305,576.165283,790.29657,795.338318,75.920868,27.557209,2,3.863796,1.794199,-0.078828,3.053545,0.39324,2.904141,127.756592,1.988487,1.593557,1.435427,3.587249
1773775876.60008,214.870117,570.384644,790.29657,785.254761,75.920868,27.36311,2,3.726263,1.806616,0.588593,2.944853,0.388188,2.925497,139.622818,1.988487,1.593557,1.435427,3.587249
1773775877.392934,213.794373,577.762634,792.817444,791.557007,75.679466,27.009348,2,3.646411,1.829707,-0.218854,2.890939,0.391181,2.965558,107.749756,1.988487,1.593557,1.435427,3.587249
1773775878.183267,220.248795,577.610413,790.29657,797.859192,75.920868,27.604971,2,3.704105,1.79117,0.789016,2.927341,0.394503,2.898952,134.149521,1.988487,1.593557,1.435427,3.587249
1773775878.973611,213.794373,568.939514,790.29657,782.733887,75.920868,27.313801,2,3.561454,1.809799,-1.077232,2.814605,0.386925,2.930992,119.753204,1.988487,1.593557,1.435427,3.587249
1773775879.74882,214.870117,561.561584,775.171265,776.431702,77.402252,27.674051,2,3.594537,1.786808,-0.935425,2.786382,0.383932,2.891492,100.429977,1.988487,1.593557,1.435427,3.587249
1773775880.542933,214.870117,579.207764,794.077881,794.077881,75.559341,27.059072,2,3.696044,1.826425,-2.000462,2.934947,0.392444,2.959836,110.920639,1.988487,1.593557,1.435427,3.587249
1773775881.316881,225.627487,560.887695,773.910828,786.515198,77.528313,28.686983,2,3.784636,1.725258,1.727058,2.928971,0.389266,2.787956,125.057289,1.988487,1.593557,1.435427,3.587249
1773775882.11857,209.491425,573.242432,801.640503,782.733887,74.846519,26.764069,2,3.758948,1.846076,-2.188932,3.013325,0.386737,2.99423,104.921974,1.988487,1.593557,1.435427,3.587249
1773775882.893777,219.17305,567.342163,775.171265,786.515198,77.402252,27.866346,2,3.754479,1.774779,-0.32261,2.910364,0.388984,2.871005,110.926727,1.988487,1.593557,1.435427,3.587249
1773775883.679069,217.021576,565.71228,785.254761,782.733887,76.408325,27.726099,2,3.632047,1.783536,-0.394256,2.852082,0.387066,2.885907,137.780045,1.988487,1.593557,1.435427,3.587249
1773775884.459318,212.718643,562.452637,780.213013,775.171265,76.902077,27.441502,2,3.760595,1.80158,-0.174047,2.934065,0.38323,2.91682,129.952255,1.988487,1.593557,1.435427,3.587249
1773775885.245881,206.264236,572.688354,786.515198,778.952576,76.285873,26.479691,2,3.723235,1.865433,-1.687633,2.928381,0.384772,3.028431,111.602936,1.988487,1.593557,1.435427,3.587249
1773775886.019829,209.491425,568.200684,773.910828,777.692139,77.528313,26.937576,2,3.966922,1.834466,1.220747,3.070044,0.384305,2.97387,140.167923,1.988487,1.593557,1.435427,3.587249
1773775886.810162,208.415695,580.620361,790.29657,789.036072,75.920868,26.413961,2,3.857841,1.869966,0.053549,3.048839,0.38973,3.036487,143.20256,1.988487,1.593557,1.435427,3.587249
1773775887.590412,209.491425,571.982056,780.213013,781.47345,76.902077,26.807234,2,3.859405,1.843173,-0.06758,3.011158,0.386129,2.98913,129.36702,1.988487,1.593557,1.435427,3.587249
1773775888.375715,218.097321,577.240967,785.254761,795.338318,76.408325,27.421955,2,3.96314,1.802833,0.936242,3.112075,0.393193,2.918977,169.163284,1.988487,1.593557,1.435427,3.587249
1773775889.148401,221.324524,555.107178,772.650391,776.431702,77.654785,28.505342,2,3.985482,1.735973,0.849191,3.079384,0.384214,2.805749,128.41449,1.988487,1.593557,1.435427,3.587249
1773775889.941255,218.097321,570.938721,792.817444,789.036072,75.679466,27.640984,2,3.771461,1.788894,-1.393402,2.99008,0.390153,2.895056,120.603973,1.988487,1.593557,1.435427,3.587249
1773775890.716463,232.081909,559.475098,775.171265,791.557007,77.402252,29.319672,2,3.740554,1.688971,3.364298,2.89957,0.39198,2.728424,121.524391,1.988487,1.593557,1.435427,3.587249
1773775891.510589,215.945847,559.225403,794.077881,775.171265,75.559341,27.857824,2,3.741446,1.775309,-0.035433,2.971,0.383371,2.871904,126.027283,1.988487,1.593557,1.435427,3.587249
1773775892.292099,211.642914,564.788818,781.47345,776.431702,76.778038,27.258408,2,3.731524,1.813388,-0.377329,2.916087,0.383791,2.937199,114.119583,1.988487,1.593557,1.435427,3.587249
1773775893.072348,214.870117,569.124207,780.213013,783.994324,76.902077,27.407101,2,3.838815,1.803787,0.097762,2.995094,0.38758,2.920619,120.424431,1.988487,1.593557,1.435427,3.587249
1773775893.871505,211.642914,583.695435,799.119629,795.338318,75.082626,26.610426,2,3.86704,1.856482,-0.618958,3.090228,0.392911,3.012578,125.245865,1.988487,1.593557,1.435427,3.587249
1773775894.659329,220.248795,577.610413,787.775635,797.859192,76.163818,27.604971,2,3.943441,1.79117,2.443666,3.106547,0.394503,2.898952,163.975815,1.988487,1.593557,1.435427,3.587249
1773775895.464786,210.567169,583.510742,805.421814,794.077881,74.495125,26.517195,2,3.717584,1.862856,-0.004176,2.994223,0.392256,3.02386,122.775558,1.988487,1.593557,1.435427,3.587249
1773775896.247557,212.718643,572.536133,782.733887,785.254761,76.654404,27.089125,2,3.736387,1.824448,-0.237415,2.924597,0.388094,2.956393,128.866119,1.988487,1.593557,1.435427,3.587249
1773775897.026546,210.567169,565.864502,778.952576,776.431702,77.026512,27.119858,2,3.843585,1.822429,1.24948,2.99397,0.383744,2.952882,132.22081,1.988487,1.593557,1.435427,3.587249
1773775897.805547,217.021576,569.493652,778.952576,786.515198,77.026512,27.592802,2,3.868946,1.791941,2.239828,3.013725,0.38889,2.900272,141.142868,1.988487,1.593557,1.435427,3.587249
1773775898.574453,219.17305,552.216919,768.86908,771.389954,78.03669,28.412745,2,3.863831,1.741489,0.210725,2.97078,0.381687,2.814946,121.877693,1.988487,1.593557,1.435427,3.587249
1773775899.366046,214.870117,571.645081,791.557007,786.515198,75.799973,27.319258,2,3.714751,1.809446,-0.108823,2.940437,0.388796,2.930382,126.451309,1.988487,1.593557,1.435427,3.587249
1773775900.148816,207.339966,566.570862,782.733887,773.910828,76.654404,26.791197,2,3.649994,1.844251,-0.739827,2.856974,0.382387,2.991022,128.639862,1.988487,1.593557,1.435427,3.587249
1773775900.942943,214.870117,588.030823,794.077881,802.90094,75.559341,26.761723,2,3.643467,1.846234,-1.266407,2.893197,0.3967,2.994508,104.505775,1.988487,1.593557,1.435427,3.587249
1773775901.739577,211.642914,581.174561,796.598755,792.817444,75.320229,26.695038,2,3.709403,1.850736,0.340616,2.954906,0.391695,3.002436,140.016937,1.988487,1.593557,1.435427,3.587249
1773775902.524869,221.324524,575.274231,785.254761,796.598755,76.408325,27.783689,2,3.610038,1.77993,0.744654,2.8348,0.393942,2.879761,112.443779,1.988487,1.593557,1.435427,3.587249
1773775903.318983,214.870117,571.645081,794.077881,786.515198,75.559341,27.319258,2,3.653848,1.809446,1.082244,2.90144,0.388796,2.930382,150.427795,1.988487,1.593557,1.435427,3.587249
1773775904.111848,218.097321,578.501465,792.817444,796.598755,75.679466,27.378569,2,3.768003,1.805621,0.40777,2.987339,0.393801,2.92378,129.744263,1.988487,1.593557,1.435427,3.587249
1773775904.889578,217.021576,559.410156,777.692139,776.431702,77.151352,27.951149,2,3.80708,1.769527,1.940585,2.960736,0.384026,2.862098,122.324852,1.988487,1.593557,1.435427,3.587249
1773775905.683691,212.718643,576.317444,794.077881,789.036072,75.559341,26.959307,2,3.868356,1.833023,-1.431564,3.071776,0.389918,2.971347,124.638062,1.988487,1.593557,1.435427,3.587249
1773775906.452596,231.006149,559.290405,768.86908,790.29657,78.03669,29.230312,2,3.904361,1.694001,2.563645,3.001942,0.391325,2.736609,116.669456,1.988487,1.593557,1.435427,3.587249
1773775907.244203,225.627487,559.627258,791.557007,785.254761,75.799973,28.73303,2,3.913531,1.722563,2.274389,3.097782,0.388658,2.783496,158.757233,1.988487,1.593557,1.435427,3.587249
1773775908.032014,224.551743,561.96344,787.775635,786.515198,76.163818,28.550211,2,3.695432,1.733314,0.08566,2.911171,0.389219,2.801324,160.17453,1.988487,1.593557,1.435427,3.587249
1773775908.774451,225.627487,518.032715,742.39978,743.660217,80.818993,30.340132,2,3.3747,1.633632,-1.171411,2.505377,0.368592,2.639791,119.739929,1.988487,1.593557,1.435427,3.587249
1773775909.538314,218.097321,536.90686,763.827271,755.004211,78.551788,28.886902,2,3.444738,1.71362,-1.224199,2.631185,0.373736,2.768741,109.410675,1.988487,1.593557,1.435427,3.587249
1773775910.317303,215.945847,560.48584,778.952576,776.431702,77.026512,27.812599,2,3.558836,1.778125,-1.432455,2.772165,0.383979,2.87669,107.542679,1.988487,1.593557,1.435427,3.587249
1773775911.087469,208.415695,552.890686,770.129517,761.306396,77.908974,27.376059,2,3.771538,1.805783,-1.341059,2.904573,0.376353,2.924059,112.333267,1.988487,1.593557,1.435427,3.587249
1773775911.845042,219.17305,550.956482,757.525085,770.129517,79.205299,28.459246,2,3.926559,1.738715,1.715253,2.974467,0.381079,2.810317,151.757339,1.988487,1.593557,1.435427,3.587249
1773775912.615208,206.264236,548.73999,770.129517,755.004211,77.908974,27.319613,2,3.881532,1.809424,-1.132915,2.989282,0.373219,2.930343,116.615997,1.988487,1.593557,1.435427,3.587249
1773775913.396718,214.870117,576.68689,781.47345,791.557007,76.778038,27.145248,2,3.778363,1.820766,-0.011971,2.95269,0.391228,2.949991,128.355042,1.988487,1.593557,1.435427,3.587249
1773775914.171926,220.248795,561.22467,775.171265,781.47345,77.402252,28.183784,2,3.931294,1.755282,3.514346,3.047426,0.386599,2.838058,170.324158,1.988487,1.593557,1.435427,3.587249
1773775914.953436,213.794373,560.116455,781.47345,773.910828,76.778038,27.625195,2,3.8122,1.789891,1.287939,2.979133,0.382669,2.896762,122.739723,1.988487,1.593557,1.435427,3.587249
1773775915.726135,217.021576,559.410156,772.650391,776.431702,77.654785,27.951149,2,4.009017,1.769527,0.822054,3.097569,0.384026,2.862098,155.536118,1.988487,1.593557,1.435427,3.587249
1773775916.518988,213.794373,575.241699,792.817444,789.036072,75.679466,27.09564,2,3.763015,1.824019,-1.500017,2.983384,0.389965,2.955647,144.607605,1.988487,1.593557,1.435427,3.587249
1773775917.306801,215.945847,574.350708,787.775635,790.29657,76.163818,27.324659,2,3.693657,1.809097,-1.323204,2.909773,0.390667,2.92978,128.58168,1.988487,1.593557,1.435427,3.587249
1773775918.08831,218.097321,565.896973,781.47345,783.994324,76.778038,27.818737,2,3.700363,1.777742,-1.401866,2.891736,0.387721,2.87604,116.83046,1.988487,1.593557,1.435427,3.587249
1773775918.876134,214.870117,569.124207,787.775635,783.994324,76.163818,27.407101,2,3.78197,1.803787,-0.085139,2.979344,0.38758,2.920619,111.69751,1.988487,1.593557,1.435427,3.587249
1773775919.661426,217.021576,570.754028,785.254761,787.775635,76.408325,27.548653,2,3.786266,1.794743,-2.249627,2.973183,0.389498,2.905073,105.035568,1.988487,1.593557,1.435427,3.587249
1773775920.435372,231.006149,559.290405,773.910828,790.29657,77.528313,29.230312,2,4.088677,1.694001,1.821905,3.164272,0.391325,2.736609,167.732986,1.988487,1.593557,1.435427,3.587249
1773775921.234529,237.460571,569.22168,799.119629,806.682251,75.082626,29.436693,2,3.604109,1.68243,-0.374322,2.880114,0.399511,2.717812,107.063812,1.988487,1.593557,1.435427,3.587249
1773775922.005967,215.945847,530.235291,771.389954,746.181152,77.78167,28.940138,2,3.411834,1.710548,0.382267,2.631855,0.369386,2.763689,138.4216,1.988487,1.593557,1.435427,3.587249
1773775922.791258,222.400253,570.417175,785.254761,792.817444,76.408325,28.051886,2,3.504305,1.76333,-0.575302,2.751772,0.392165,2.851618,132.570648,1.988487,1.593557,1.435427,3.587249
1773775923.55008,210.567169,534.353516,758.785522,744.920654,79.07373,28.267059,2,4.044979,1.750239,0.254418,3.069271,0.368543,2.82959,141.267639,1.988487,1.593557,1.435427,3.587249
1773775924.320246,217.021576,560.670532,770.129517,777.692139,77.908974,27.905846,2,3.969639,1.772329,3.409253,3.057136,0.384634,2.866847,133.198044,1.988487,1.593557,1.435427,3.587249
1773775925.106798,210.567169,568.385376,786.515198,778.952576,76.285873,27.032093,2,3.903611,1.828205,0.45744,3.070249,0.38496,2.962937,129.104584,1.988487,1.593557,1.435427,3.587249
1773775925.878236,212.718643,561.1922,771.389954,773.910828,77.78167,27.486197,2,3.862982,1.798722,2.187263,2.979866,0.382622,2.911904,162.370529,1.988487,1.593557,1.435427,3.587249
1773775926.667308,213.794373,576.502197,789.036072,790.29657,76.042152,27.052423,2,3.756691,1.826863,-0.161983,2.964165,0.390573,2.9606,127.767166,1.988487,1.593557,1.435427,3.587249
1773775927.443777,220.248795,563.745544,776.431702,783.994324,77.276596,28.093163,2,3.620359,1.760803,-0.609788,2.810961,0.387815,2.847355,120.499695,1.988487,1.593557,1.435427,3.587249
1773775928.182431,234.233368,520.770874,738.618408,755.004211,81.232742,31.024113,2,3.518041,1.598579,0.051619,2.59849,0.37444,2.584993,88.196724,1.988487,1.593557,1.435427,3.587249
1773775928.957639,234.233368,540.937866,775.171265,775.171265,77.402252,30.216984,2,3.460261,1.640112,-0.401607,2.682295,0.384169,2.650035,113.692032,1.988487,1.593557,1.435427,3.587249
1773775929.749245,211.642914,553.444824,791.557007,765.087708,75.799973,27.662569,2,3.510352,1.787532,-3.440212,2.778644,0.378318,2.892729,108.178238,1.988487,1.593557,1.435427,3.587249
1773775930.481597,222.400253,522.520386,732.316223,744.920654,81.931816,29.85556,2,3.585227,1.659438,-0.103923,2.62552,0.36906,2.6808,124.513046,1.988487,1.593557,1.435427,3.587249
1773775931.218992,236.384842,517.358948,737.357971,753.743774,81.371605,31.361431,2,3.581264,1.581854,4.475368,2.640673,0.373926,2.559216,102.57119,1.988487,1.593557,1.435427,3.587249
1773775932.032012,212.718643,572.536133,812.984497,785.254761,73.802147,27.089125,2,3.679815,1.824448,-1.447266,2.991633,0.388094,2.956393,128.773529,1.988487,1.593557,1.435427,3.587249
1773775932.798396,221.324524,555.107178,766.348145,776.431702,78.293396,28.505342,2,3.79687,1.735973,0.656675,2.909724,0.384214,2.805749,104.05349,1.988487,1.593557,1.435427,3.587249
1773775933.579907,222.400253,560.333618,781.47345,782.733887,76.778038,28.413265,2,3.857203,1.741458,-0.398191,3.014302,0.387301,2.814894,118.109253,1.988487,1.593557,1.435427,3.587249
1773775934.372773,214.870117,569.124207,792.817444,783.994324,75.679466,27.407101,2,4.007188,1.803787,0.170744,3.176969,0.38758,2.920619,131.916382,1.988487,1.593557,1.435427,3.587249
1773775935.170668,222.400253,584.281982,797.859192,806.682251,75.201241,27.569748,2,3.669743,1.793403,-3.407581,2.927938,0.398853,2.902776,103.378235,1.988487,1.593557,1.435427,3.587249
1773775935.940834,222.400253,547.729248,770.129517,770.129517,77.908974,28.878292,2,3.756732,1.714118,0.505253,2.89317,0.38122,2.769561,123.251945,1.988487,1.593557,1.435427,3.587249
1773775936.729906,225.627487,567.189941,789.036072,792.817444,76.042152,28.458946,2,3.782503,1.738732,0.546162,2.984531,0.392306,2.810347,161.175278,1.988487,1.593557,1.435427,3.587249
1773775937.510168,219.17305,553.477356,780.213013,772.650391,76.902077,28.366392,2,3.658444,1.744263,-0.281628,2.854366,0.382295,2.819582,124.144119,1.988487,1.593557,1.435427,3.587249
1773775938.295459,217.021576,565.71228,785.254761,782.733887,76.408325,27.726099,2,3.602085,1.783536,0.08941,2.828554,0.387066,2.885907,136.784027,1.988487,1.593557,1.435427,3.587249
1773775939.079489,223.475998,568.080994,783.994324,791.557007,76.531166,28.232458,2,3.694145,1.752331,1.530904,2.896188,0.391604,2.8331,140.937363,1.988487,1.593557,1.435427,3.587249
1773775939.86226,221.324524,558.888489,782.733887,780.213013,76.654404,28.367191,2,3.563649,1.744215,0.039294,2.789389,0.386038,2.819502,116.018364,1.988487,1.593557,1.435427,3.587249
1773775940.648824,215.945847,564.267151,786.515198,780.213013,76.285873,27.677807,2,3.778092,1.786572,-0.138224,2.971527,0.385803,2.891088,142.627777,1.988487,1.593557,1.435427,3.587249
1773775941.434115,218.097321,569.678345,785.254761,787.775635,76.408325,27.685207,2,3.655656,1.786106,1.21169,2.870621,0.389545,2.890293,128.237656,1.988487,1.593557,1.435427,3.587249
1773775942.215625,212.718643,562.452637,781.47345,775.171265,76.778038,27.441502,2,3.736408,1.80158,-0.113724,2.919904,0.38323,2.91682,98.569496,1.988487,1.593557,1.435427,3.587249
1773775942.98579,213.794373,557.595581,770.129517,771.389954,77.908974,27.715471,2,3.836159,1.784203,0.425218,2.954339,0.381453,2.887045,136.025986,1.988487,1.593557,1.435427,3.587249
1773775943.758478,211.642914,558.486572,772.650391,770.129517,77.654785,27.48147,2,3.814157,1.799024,-0.361811,2.94701,0.380751,2.912423,125.136108,1.988487,1.593557,1.435427,3.587249
1773775944.538739,217.021576,569.493652,780.213013,786.515198,76.902077,27.592802,2,3.800351,1.791941,1.327548,2.965084,0.38889,2.900272,118.615471,1.988487,1.593557,1.435427,3.587249
1773775945.330332,212.718643,573.79657,791.557007,786.515198,75.799973,27.045712,2,3.748106,1.827306,0.787122,2.966839,0.388702,2.961371,150.830658,1.988487,1.593557,1.435427,3.587249
1773775946.121926,215.945847,579.392456,791.557007,795.338318,75.799973,27.151445,2,3.844642,1.82036,-0.477856,3.043254,0.393099,2.949286,128.351776,1.988487,1.593557,1.435427,3.587249
1773775946.921081,221.324524,584.09729,799.119629,805.421814,75.082626,27.47933,2,3.877909,1.79916,1.413672,3.098913,0.398198,2.912658,145.620743,1.988487,1.593557,1.435427,3.587249
1773775947.711426,219.17305,568.6026,790.29657,787.775635,75.920868,27.821762,2,3.88137,1.777554,0.761174,3.067433,0.389592,2.875719,141.491867,1.988487,1.593557,1.435427,3.587249
1773775948.508062,211.642914,576.13269,796.598755,787.775635,75.320229,26.865887,2,3.860328,1.839245,-0.213731,3.075132,0.389263,2.982237,131.382233,1.988487,1.593557,1.435427,3.587249
1773775949.302176,214.870117,582.989075,794.077881,797.859192,75.559341,26.930832,2,3.784444,1.834915,0.037884,3.005144,0.394268,2.974655,107.165138,1.988487,1.593557,1.435427,3.587249
1773775950.090001,213.794373,572.720825,787.775635,786.515198,76.163818,27.182484,2,3.828057,1.818331,0.376068,3.01565,0.388749,2.945765,119.301323,1.988487,1.593557,1.435427,3.587249
1773775950.886635,220.248795,583.912598,796.598755,804.161377,75.320229,27.388632,2,3.891897,1.804974,1.47704,3.100281,0.397543,2.922664,120.633476,1.988487,1.593557,1.435427,3.587249
1773775951.674447,214.870117,566.603333,787.775635,781.47345,76.163818,27.49551,2,3.722662,1.798127,-0.706529,2.932623,0.386364,2.910883,126.534027,1.988487,1.593557,1.435427,3.587249
1773775952.468562,210.567169,578.468872,794.077881,789.036072,75.559341,26.686632,2,3.601755,1.851306,-0.336012,2.860074,0.389824,3.00344,124.713806,1.988487,1.593557,1.435427,3.587249
1773775953.250084,212.718643,571.275696,781.47345,783.994324,76.778038,27.132675,2,3.703449,1.821589,-0.255048,2.894147,0.387486,2.951422,122.555786,1.988487,1.593557,1.435427,3.587249
1773775954.031593,215.945847,569.308899,781.47345,785.254761,76.778038,27.500099,2,3.838439,1.797835,1.93446,2.999638,0.388235,2.91038,140.150772,1.988487,1.593557,1.435427,3.587249
1773775954.810582,211.642914,562.267944,778.952576,773.910828,77.026512,27.347195,2,3.723054,1.807643,0.740979,2.900083,0.382575,2.927268,127.86956,1.988487,1.593557,1.435427,3.587249
1773775955.570664,222.400253,550.250122,760.045959,772.650391,78.942596,28.784073,2,3.762563,1.719586,1.936836,2.85972,0.382436,2.778577,150.224091,1.988487,1.593557,1.435427,3.587249
1773775956.343352,224.551743,550.619507,772.650391,775.171265,77.654785,28.968018,2,3.750549,1.708944,2.920464,2.897863,0.383746,2.761053,122.698578,1.988487,1.593557,1.435427,3.587249
1773775957.129915,220.248795,561.22467,786.515198,781.47345,76.285873,28.183784,2,3.750886,1.755282,2.565835,2.950129,0.386599,2.838058,163.809738,1.988487,1.593557,1.435427,3.587249
1773775957.924029,211.642914,572.35144,794.077881,783.994324,75.559341,26.995464,2,3.73878,1.830626,1.718074,2.968883,0.387439,2.967161,151.787003,1.988487,1.593557,1.435427,3.587249
1773775958.690414,212.718643,554.889954,766.348145,767.608582,78.293396,27.711863,2,3.803571,1.78443,2.333636,2.91486,0.379581,2.887431,139.725052,1.988487,1.593557,1.435427,3.587249
1773775959.465621,208.415695,561.713806,775.171265,770.129517,77.402252,27.062422,2,3.736784,1.826205,-0.51082,2.896647,0.38061,2.959452,131.321732,1.988487,1.593557,1.435427,3.587249
1773775960.229486,214.870117,556.519836,763.827271,771.389954,78.551788,27.854929,2,3.758103,1.775489,1.541818,2.870542,0.381499,2.87221,165.258163,1.988487,1.593557,1.435427,3.587249
1773775961.002184,212.718643,557.410889,772.650391,770.129517,77.654785,27.621153,2,3.776137,1.790147,1.454024,2.917634,0.380798,2.8972,141.52739,1.988487,1.593557,1.435427,3.587249
1773775961.771089,212.718643,556.150452,768.86908,768.86908,78.03669,27.666431,2,3.885765,1.787288,1.158234,2.987645,0.38019,2.892313,150.526718,1.988487,1.593557,1.435427,3.587249
1773775962.539995,220.248795,557.443359,768.86908,777.692139,78.03669,28.32082,2,3.730726,1.747,1.97496,2.868439,0.384775,2.824161,138.889481,1.988487,1.593557,1.435427,3.587249
1773775963.320244,217.021576,559.410156,780.213013,776.431702,76.902077,27.951149,2,3.614583,1.769527,-0.416456,2.820144,0.384026,2.862098,113.391418,1.988487,1.593557,1.435427,3.587249
1773775964.109329,214.870117,571.645081,789.036072,786.515198,76.042152,27.319258,2,3.715001,1.809446,2.120628,2.93127,0.388796,2.930382,149.795212,1.988487,1.593557,1.435427,3.587249
1773775964.884537,215.945847,560.48584,775.171265,776.431702,77.402252,27.812599,2,3.808367,1.778125,1.376364,2.952137,0.383979,2.87669,147.964676,1.988487,1.593557,1.435427,3.587249
1773775965.667307,222.400253,567.896301,782.733887,790.29657,76.654404,28.141367,2,3.884897,1.757861,-0.208237,3.04084,0.390949,2.842399,122.931259,1.988487,1.593557,1.435427,3.587249
1773775966.432431,227.778946,543.611023,765.087708,771.389954,78.422379,29.528379,2,3.721753,1.677342,1.642605,2.847467,0.382063,2.709582,156.862762,1.988487,1.593557,1.435427,3.587249
1773775967.217722,218.097321,555.813477,785.254761,773.910828,76.408325,28.181194,2,3.56932,1.755439,1.1922,2.802826,0.382857,2.838322,163.708908,1.988487,1.593557,1.435427,3.587249
1773775967.985379,213.794373,548.772461,767.608582,762.566833,78.164841,28.03615,2,3.618985,1.764295,-0.726426,2.777964,0.377196,2.853248,131.188828,1.988487,1.593557,1.435427,3.587249
1773775968.745462,224.551743,548.098633,760.045959,772.650391,78.942596,29.062527,2,3.793889,1.703528,2.629389,2.88353,0.38253,2.752172,114.027252,1.988487,1.593557,1.435427,3.587249
1773775969.52319,210.567169,550.739258,777.692139,761.306396,77.151352,27.658663,2,3.85177,1.787778,1.509373,2.995491,0.376447,2.893149,165.632507,1.988487,1.593557,1.435427,3.587249
1773775970.295876,217.021576,563.191406,772.650391,780.213013,77.654785,27.815681,2,3.910995,1.777933,3.011005,3.021832,0.38585,2.876364,176.35405,1.988487,1.593557,1.435427,3.587249
1773775971.068563,210.567169,554.520508,772.650391,765.087708,77.654785,27.521965,2,3.689098,1.796441,0.367381,2.850383,0.378271,2.907987,142.0168,1.988487,1.593557,1.435427,3.587249
1773775971.846292,210.567169,567.125,777.692139,777.692139,77.151352,27.075901,2,3.754593,1.825317,-0.599654,2.919917,0.384352,2.957907,129.121399,1.988487,1.593557,1.435427,3.587249
1773775972.606387,215.945847,550.402283,760.045959,766.348145,78.942596,28.178558,2,3.832103,1.755599,2.983461,2.912574,0.379114,2.838592,106.852814,1.988487,1.593557,1.435427,3.587249
1773775973.386636,210.567169,563.343628,780.213013,773.910828,76.902077,27.208195,2,3.779373,1.816654,1.298444,2.948716,0.382528,2.942856,162.296463,1.988487,1.593557,1.435427,3.587249
1773775974.160582,221.324524,565.190674,773.910828,786.515198,77.528313,28.139893,2,3.78862,1.757951,2.407435,2.932055,0.389078,2.84255,115.513969,1.988487,1.593557,1.435427,3.587249
1773775974.939572,209.491425,555.596313,778.952576,765.087708,77.026512,27.381361,2,3.717354,1.805441,-0.208051,2.895642,0.378224,2.92347,133.521667,1.988487,1.593557,1.435427,3.587249
1773775975.68831,219.17305,540.872925,748.702026,760.045959,80.138687,28.836817,2,3.809635,1.716521,2.617992,2.852282,0.376215,2.773519,144.400925,1.988487,1.593557,1.435427,3.587249
1773775976.458488,226.703217,552.24939,770.129517,778.952576,77.908974,29.103598,2,3.963832,1.701186,3.171893,3.052664,0.385664,2.748339,157.183426,1.988487,1.593557,1.435427,3.587249
1773775977.221091,224.551743,535.494202,762.566833,760.045959,78.681625,29.544497,2,4.054065,1.67645,3.807538,3.091495,0.37645,2.708143,121.424385,1.988487,1.593557,1.435427,3.587249
1773775978.00134,224.551743,555.661255,780.213013,780.213013,76.902077,28.780825,2,3.86246,1.719775,2.667068,3.013541,0.386178,2.778889,147.411682,1.988487,1.593557,1.435427,3.587249
1773775978.765205,224.551743,539.275513,763.827271,763.827271,78.551788,29.398235,2,3.769569,1.684574,1.297145,2.879299,0.378274,2.721287,138.195648,1.988487,1.593557,1.435427,3.587249
1773775979.545454,221.324524,555.107178,780.213013,776.431702,76.902077,28.505342,2,3.590491,1.735973,0.062199,2.801348,0.384214,2.805749,105.991997,1.988487,1.593557,1.435427,3.587249
1773775980.326975,214.870117,559.04071,781.47345,773.910828,76.778038,27.764194,2,3.557676,1.781149,-0.808726,2.78023,0.382716,2.881837,100.51474,1.988487,1.593557,1.435427,3.587249
1773775981.116048,211.642914,573.611816,789.036072,785.254761,76.042152,26.952133,2,3.761773,1.833499,0.07393,2.968174,0.388047,2.972179,155.065323,1.988487,1.593557,1.435427,3.587249
1773775981.884953,208.415695,556.671997,768.86908,765.087708,78.03669,27.240759,2,3.732913,1.814535,0.601919,2.870121,0.378178,2.939184,134.249817,1.988487,1.593557,1.435427,3.587249
1773775982.614786,209.491425,521.564331,729.795349,731.055786,82.214828,28.656012,2,3.772707,1.727075,0.108676,2.753304,0.361807,2.790967,132.986008,1.988487,1.593557,1.435427,3.587249
1773775983.389993,204.112747,564.756348,775.171265,768.86908,77.402252,26.54714,2,4.023931,1.860804,-0.680394,3.119235,0.379814,3.020224,127.566528,1.988487,1.593557,1.435427,3.587249
1773775984.123606,215.945847,531.495728,733.57666,747.441589,81.791046,28.891335,2,3.820855,1.713364,-1.710166,2.80289,0.369994,2.76832,129.805862,1.988487,1.593557,1.435427,3.587249
1773775984.908897,228.854675,571.525391,785.254761,800.380066,76.408325,28.59325,2,3.28051,1.730771,-12.235811,2.576036,0.396095,2.797098,104.934937,1.988487,1.593557,1.435427,3.587249
1773775985.637468,225.627487,499.126099,728.534912,724.753601,82.357071,31.131613,2,3.579768,1.593209,0.668591,2.607986,0.359472,2.576691,108.143822,1.988487,1.593557,1.435427,3.587249
1773775986.411428,220.248795,547.359802,773.910828,767.608582,77.528313,28.692854,2,3.624687,1.724914,1.103849,2.805185,0.37991,2.787386,138.273239,1.988487,1.593557,1.435427,3.587249
1773775987.189156,217.021576,556.889282,777.692139,773.910828,77.151352,28.042194,2,3.524172,1.763924,1.119738,2.740721,0.38281,2.852622,154.94664,1.988487,1.593557,1.435427,3.587249
1773775987.963103,222.400253,557.812744,773.910828,780.213013,77.528313,28.50507,2,3.431814,1.73599,-0.532797,2.655918,0.386085,2.805776,133.813568,1.988487,1.593557,1.435427,3.587249
1773775988.720665,222.400253,535.124817,757.525085,757.525085,79.205299,29.358799,2,3.454847,1.686778,-0.931267,2.617133,0.37514,2.724863,131.065826,1.988487,1.593557,1.435427,3.587249
1773775989.470664,226.703217,528.301025,749.962463,755.004211,80.004005,30.026749,2,3.403047,1.650227,-0.527525,2.552158,0.374112,2.666096,115.481674,1.988487,1.593557,1.435427,3.587249
1773775990.220663,234.233368,524.552124,749.962463,758.785522,80.004005,30.869511,2,3.440142,1.606366,-0.062161,2.579977,0.376265,2.597076,122.497253,1.988487,1.593557,1.435427,3.587249
1773775991.022352,213.794373,563.897766,801.640503,777.692139,74.846519,27.490875,2,3.296886,1.798423,-0.397894,2.642917,0.384493,2.911391,106.161781,1.988487,1.593557,1.435427,3.587249
1773775991.80134,207.339966,564.049988,778.952576,771.389954,77.026512,26.878748,2,3.857718,1.838385,-0.696803,3.004979,0.381171,2.980731,132.275772,1.988487,1.593557,1.435427,3.587249
1773775992.566465,213.794373,558.856018,765.087708,772.650391,78.422379,27.670261,2,4.032411,1.787047,-0.096907,3.085148,0.382061,2.8919,112.056671,1.988487,1.593557,1.435427,3.587249
1773775993.353016,217.021576,573.275024,786.515198,790.29657,76.285873,27.460777,2,4.0138,1.800346,0.88583,3.156914,0.390714,2.914697,141.840897,1.988487,1.593557,1.435427,3.587249
1773775994.14084,207.339966,569.091736,787.775635,776.431702,76.163818,26.704212,2,3.757411,1.850116,-0.334044,2.959997,0.383603,3.001342,116.082123,1.988487,1.593557,1.435427,3.587249
1773775994.905965,219.17305,559.779541,765.087708,778.952576,78.422379,28.136894,2,4.02331,1.758134,2.451833,3.078185,0.385336,2.842858,150.154785,1.988487,1.593557,1.435427,3.587249
1773775995.683693,219.17305,558.519104,777.692139,777.692139,77.151352,28.182495,2,3.867169,1.75536,-0.169555,3.007467,0.384728,2.838189,130.650772,1.988487,1.593557,1.435427,3.587249
1773775996.458901,217.021576,555.628784,775.171265,772.650391,77.402252,28.08794,2,3.838986,1.761122,-0.452761,2.975872,0.382201,2.847893,134.572357,1.988487,1.593557,1.435427,3.587249
1773775997.235369,217.021576,559.410156,776.431702,776.431702,77.276596,27.951149,2,3.617352,1.769527,0.709945,2.808627,0.384026,2.862098,127.760109,1.988487,1.593557,1.435427,3.587249
1773775998.020672,217.021576,568.233154,785.254761,785.254761,76.408325,27.637091,2,3.632956,1.78914,3.266666,2.852796,0.388282,2.895477,145.744415,1.988487,1.593557,1.435427,3.587249
1773775998.804703,215.945847,566.788025,783.994324,782.733887,76.531166,27.588669,2,3.831325,1.792203,0.08295,3.003737,0.387019,2.90072,130.105103,1.988487,1.593557,1.435427,3.587249
1773775999.581171,217.021576,560.670532,776.431702,777.692139,77.276596,27.905846,2,3.775245,1.772329,-0.100619,2.93122,0.384634,2.866847,131.977448,1.988487,1.593557,1.435427,3.587249
1773776000.358899,217.021576,560.670532,777.692139,777.692139,77.151352,27.905846,2,3.532929,1.772329,-0.3359,2.747531,0.384634,2.866847,123.200745,1.988487,1.593557,1.435427,3.587249
1773776001.126544,208.415695,549.109375,767.608582,757.525085,78.164841,27.512711,2,3.646836,1.79703,-0.365227,2.799343,0.374529,2.908999,120.433533,1.988487,1.593557,1.435427,3.587249
1773776001.899243,214.870117,565.342896,772.650391,780.213013,77.654785,27.53993,2,3.893873,1.795297,1.204228,3.008602,0.385756,2.906025,155.21199,1.988487,1.593557,1.435427,3.587249
1773776002.680753,208.415695,565.495117,781.47345,773.910828,76.778038,26.930195,2,3.81394,1.834957,0.080946,2.980493,0.382434,2.974729,147.010788,1.988487,1.593557,1.435427,3.587249
1773776003.45596,204.112747,566.016785,775.171265,770.129517,77.402252,26.503691,2,3.863282,1.863783,-0.432381,2.994705,0.380422,3.025504,128.020721,1.988487,1.593557,1.435427,3.587249
1773776004.224865,209.491425,565.67981,768.86908,775.171265,78.03669,27.025179,2,4.037818,1.828661,0.011638,3.104554,0.383089,2.963733,154.474319,1.988487,1.593557,1.435427,3.587249
1773776005.022774,204.112747,587.444275,797.859192,791.557007,75.201241,25.786236,2,3.940071,1.914425,-1.768559,3.143622,0.390758,3.116416,124.473755,1.988487,1.593557,1.435427,3.587249
1773776005.816888,217.021576,592.181519,794.077881,809.203125,75.559341,26.819172,2,3.894789,1.842372,0.281554,3.092765,0.399835,2.987723,127.106377,1.988487,1.593557,1.435427,3.587249
1773776006.608481,208.415695,573.057739,791.557007,781.47345,75.799973,26.66958,2,3.838457,1.852461,-0.478561,3.038358,0.386082,3.005478,133.961945,1.988487,1.593557,1.435427,3.587249
1773776007.403856,210.567169,587.291992,795.338318,797.859192,75.43959,26.391521,2,3.781888,1.871519,-1.043265,3.00788,0.39408,3.03925,117.844055,1.988487,1.593557,1.435427,3.587249
1773776008.19168,206.264236,576.469666,787.775635,782.733887,76.163818,26.35177,2,3.917433,1.874276,-0.431453,3.086058,0.386596,3.044162,129.311768,1.988487,1.593557,1.435427,3.587249
1773776008.976972,213.794373,580.283508,785.254761,794.077881,76.408325,26.923603,2,4.020205,1.835395,0.666327,3.156885,0.392397,2.975496,127.026268,1.988487,1.593557,1.435427,3.587249
1773776009.757221,218.097321,567.157471,780.213013,785.254761,76.902077,27.774084,2,3.938335,1.78053,2.405282,3.07274,0.388329,2.880784,147.337128,1.988487,1.593557,1.435427,3.587249
1773776010.562678,211.642914,586.216309,805.421814,797.859192,74.495125,26.52635,2,3.718168,1.862228,-1.613351,2.994694,0.394127,3.022748,110.833221,1.988487,1.593557,1.435427,3.587249
1773776011.345461,214.870117,571.645081,782.733887,786.515198,76.654404,27.319258,2,3.939648,1.809446,-0.161092,3.083696,0.388796,2.930382,119.454681,1.988487,1.593557,1.435427,3.587249
1773776012.147138,215.945847,586.955078,801.640503,802.90094,74.846519,26.895702,2,3.978912,1.837254,0.882824,3.189657,0.396747,2.978749,142.488785,1.988487,1.593557,1.435427,3.587249
1773776012.941252,211.642914,577.393188,794.077881,789.036072,75.559341,26.822969,2,3.914434,1.842118,-4.417455,3.108365,0.389871,2.987276,134.279587,1.988487,1.593557,1.435427,3.587249
1773776013.725295,212.718643,572.536133,783.994324,785.254761,76.531166,27.089125,2,3.72832,1.824448,-1.735521,2.922982,0.388094,2.956393,111.208755,1.988487,1.593557,1.435427,3.587249
1773776014.505544,221.324524,568.972046,780.213013,790.29657,76.902077,28.005249,2,3.658984,1.766193,-0.586141,2.854787,0.390902,2.856457,132.565506,1.988487,1.593557,1.435427,3.587249
1773776015.290836,213.794373,562.637329,785.254761,776.431702,76.408325,27.535503,2,3.536488,1.795579,-1.405467,2.777044,0.383885,2.906508,123.483429,1.988487,1.593557,1.435427,3.587249
1773776016.069825,217.021576,565.71228,778.952576,782.733887,77.026512,27.726099,2,3.730209,1.783536,0.919018,2.905656,0.387066,2.885907,152.029251,1.988487,1.593557,1.435427,3.587249
1773776016.870253,213.794373,582.804382,800.380066,796.598755,74.964386,26.838402,2,3.606076,1.841084,-1.031608,2.886231,0.393613,2.985462,112.573563,1.988487,1.593557,1.435427,3.587249
1773776017.651763,213.794373,567.679077,781.47345,781.47345,76.778038,27.357855,2,3.629827,1.806955,-0.378628,2.836613,0.386317,2.926082,131.272659,1.988487,1.593557,1.435427,3.587249
1773776018.440835,218.097321,575.980591,789.036072,794.077881,76.042152,27.465483,2,3.695461,1.800045,-0.302973,2.915852,0.392585,2.91418,125.965622,1.988487,1.593557,1.435427,3.587249
1773776019.234949,214.870117,575.426453,794.077881,790.29657,75.559341,27.188543,2,3.577941,1.817936,-0.324726,2.841164,0.39062,2.945079,119.697464,1.988487,1.593557,1.435427,3.587249
1773776020.031597,215.945847,581.91333,796.598755,797.859192,75.320229,27.065659,2,3.534457,1.825992,-0.530346,2.815544,0.394315,2.959081,119.435455,1.988487,1.593557,1.435427,3.587249
1773776020.834534,219.17305,587.509216,802.90094,806.682251,74.729019,27.169687,2,3.704486,1.819167,-0.213285,2.974335,0.398712,2.947215,123.434143,1.988487,1.593557,1.435427,3.587249
1773776021.624867,218.097321,570.938721,790.29657,789.036072,75.920868,27.640984,2,3.709402,1.788894,0.185111,2.931527,0.390153,2.895056,135.595123,1.988487,1.593557,1.435427,3.587249
1773776022.408898,219.17305,566.081726,783.994324,785.254761,76.531166,27.911076,2,3.572343,1.772005,0.169631,2.800697,0.388376,2.866297,129.864487,1.988487,1.593557,1.435427,3.587249
1773776023.195461,214.870117,566.603333,786.515198,781.47345,76.285873,27.49551,2,3.527765,1.798127,-0.474849,2.774641,0.386364,2.910883,111.529663,1.988487,1.593557,1.435427,3.587249
1773776023.978232,215.945847,568.048462,782.733887,783.994324,76.654404,27.544313,2,3.728397,1.795019,0.071702,2.918343,0.387627,2.905547,124.600647,1.988487,1.593557,1.435427,3.587249
1773776024.769825,218.097321,575.980591,791.557007,794.077881,75.799973,27.465483,2,3.623295,1.800045,0.08128,2.868045,0.392585,2.91418,113.271019,1.988487,1.593557,1.435427,3.587249
1773776025.552595,217.021576,564.451904,782.733887,781.47345,76.654404,27.770821,2,3.64561,1.780734,1.511526,2.853543,0.386458,2.881131,133.534225,1.988487,1.593557,1.435427,3.587249
1773776026.349243,219.17305,579.946594,796.598755,799.119629,75.320229,27.426811,2,3.769638,1.802522,1.466163,3.002889,0.395064,2.91844,143.740738,1.988487,1.593557,1.435427,3.587249
1773776027.142096,214.870117,572.905518,792.817444,787.775635,75.679466,27.275547,2,3.677638,1.812276,-0.030867,2.915695,0.389404,2.935274,118.891296,1.988487,1.593557,1.435427,3.587249
1773776027.928648,220.248795,572.568665,786.515198,792.817444,76.285873,27.780518,2,3.700882,1.780128,-0.924325,2.9108,0.392071,2.880099,103.396461,1.988487,1.593557,1.435427,3.587249
1773776028.718981,218.097321,569.678345,790.29657,787.775635,75.920868,27.685207,2,3.639343,1.786106,-0.076119,2.87616,0.389545,2.890293,115.690979,1.988487,1.593557,1.435427,3.587249
1773776029.509326,220.248795,572.568665,790.29657,792.817444,75.920868,27.780518,2,3.773504,1.780128,0.322166,2.982187,0.392071,2.880099,100.65274,1.988487,1.593557,1.435427,3.587249
1773776030.298399,217.021576,568.233154,789.036072,785.254761,76.042152,27.637091,2,3.734761,1.78914,-0.992407,2.946861,0.388282,2.895477,119.082382,1.988487,1.593557,1.435427,3.587249
1773776031.077387,224.551743,563.223877,778.952576,787.775635,77.026512,28.50453,2,3.60639,1.736022,0.906508,2.809206,0.389827,2.80583,117.601089,1.988487,1.593557,1.435427,3.587249
1773776031.875295,227.778946,573.861572,797.859192,801.640503,75.201241,28.414101,2,3.697148,1.741408,1.012343,2.949804,0.396656,2.814811,136.954285,1.988487,1.593557,1.435427,3.587249
1773776032.637899,227.778946,534.787903,762.566833,762.566833,78.681625,29.870029,2,3.752196,1.658656,0.477968,2.8613,0.377807,2.679547,114.633141,1.988487,1.593557,1.435427,3.587249
1773776033.438315,226.703217,572.416382,800.380066,799.119629,74.964386,28.369123,2,3.375364,1.744099,-0.912966,2.701574,0.395393,2.819308,111.515259,1.988487,1.593557,1.435427,3.587249
1773776034.223605,226.703217,558.551514,785.254761,785.254761,76.408325,28.870022,2,3.397368,1.714597,-1.382302,2.667799,0.388705,2.770349,103.50927,1.988487,1.593557,1.435427,3.587249
1773776035.013939,223.475998,563.039185,790.29657,786.515198,75.920868,28.413435,2,3.364517,1.741447,-0.454098,2.658966,0.389172,2.814877,104.711533,1.988487,1.593557,1.435427,3.587249
1773776035.782856,244.990723,549.087158,768.86908,794.077881,78.03669,30.852228,2,3.482873,1.607241,2.001391,2.677874,0.393759,2.598438,127.527748,1.988487,1.593557,1.435427,3.587249
1773776036.598399,219.17305,566.081726,815.505371,785.254761,73.574013,27.911076,2,3.327847,1.772005,-0.845292,2.713877,0.388376,2.866297,105.749527,1.988487,1.593557,1.435427,3.587249
1773776037.376127,224.551743,559.442566,777.692139,783.994324,77.151352,28.64201,2,3.524901,1.727898,0.967239,2.741288,0.388003,2.792332,158.409531,1.988487,1.593557,1.435427,3.587249
1773776038.160157,217.021576,558.149658,783.994324,775.171265,76.531166,27.996597,2,3.509718,1.766726,1.055813,2.751599,0.383418,2.857357,134.420914,1.988487,1.593557,1.435427,3.587249
1773776038.936638,212.718643,558.671326,776.431702,771.389954,77.276596,27.576021,2,3.831788,1.793005,0.37926,2.975121,0.381406,2.902094,169.88353,1.988487,1.593557,1.435427,3.587249
1773776039.713106,215.945847,564.267151,776.431702,780.213013,77.276596,27.677807,2,3.746904,1.786572,0.143385,2.909215,0.385803,2.891088,119.763496,1.988487,1.593557,1.435427,3.587249
1773776040.478229,218.097321,549.51123,765.087708,767.608582,78.422379,28.412569,2,3.729743,1.741499,1.092193,2.85358,0.379816,2.814963,134.909943,1.988487,1.593557,1.435427,3.587249
1773776041.252177,219.17305,555.99823,773.910828,775.171265,77.528313,28.274145,2,3.698668,1.749812,-0.761247,2.862439,0.383512,2.828873,116.651505,1.988487,1.593557,1.435427,3.587249
1773776042.026124,218.097321,554.553101,773.910828,772.650391,77.528313,28.227169,2,3.720111,1.752651,-0.614503,2.879034,0.382248,2.833637,118.708817,1.988487,1.593557,1.435427,3.587249
1773776042.798822,222.400253,555.29187,772.650391,777.692139,77.654785,28.597467,2,3.595539,1.730522,-0.12538,2.778095,0.384868,2.796684,114.297119,1.988487,1.593557,1.435427,3.587249
1773776043.585375,222.400253,564.114929,786.515198,786.515198,76.285873,28.276665,2,3.647008,1.749659,0.834045,2.868427,0.389125,2.828618,125.157265,1.988487,1.593557,1.435427,3.587249
1773776044.379488,221.324524,571.49292,794.077881,792.817444,75.559341,27.916203,2,3.499964,1.771688,0.246622,2.779244,0.392118,2.865759,133.037109,1.988487,1.593557,1.435427,3.587249
1773776045.154697,222.400253,554.031433,775.171265,776.431702,77.402252,28.64389,2,3.496289,1.727788,0.532538,2.710223,0.38426,2.792148,134.045334,1.988487,1.593557,1.435427,3.587249
1773776045.937479,218.097321,559.594849,782.733887,777.692139,76.654404,28.044172,2,3.656621,1.763803,0.672452,2.862161,0.384681,2.852417,113.306343,1.988487,1.593557,1.435427,3.587249
1773776046.727811,219.17305,572.383972,790.29657,791.557007,75.920868,27.688852,2,3.600488,1.785876,-1.854015,2.845453,0.391416,2.889901,104.079437,1.988487,1.593557,1.435427,3.587249
1773776047.515624,215.945847,568.048462,787.775635,783.994324,76.163818,27.544313,2,3.464359,1.795019,-1.394516,2.729138,0.387627,2.905547,125.932831,1.988487,1.593557,1.435427,3.587249
1773776048.294612,218.097321,563.376099,778.952576,781.47345,77.026512,27.908474,2,3.63743,1.772166,-0.907806,2.833385,0.386505,2.866571,111.981262,1.988487,1.593557,1.435427,3.587249
1773776049.072353,219.17305,559.779541,777.692139,778.952576,77.151352,28.136894,2,3.610163,1.758134,-1.194241,2.807595,0.385336,2.842858,119.956665,1.988487,1.593557,1.435427,3.587249
1773776049.87277,226.703217,582.499878,800.380066,809.203125,74.964386,28.015614,2,3.444907,1.765556,-1.375955,2.757235,0.400257,2.855379,115.837128,1.988487,1.593557,1.435427,3.587249
1773776050.651758,241.763519,554.835205,778.952576,796.598755,77.026512,30.349472,2,3.438971,1.633143,-0.316003,2.678795,0.394834,2.639019,110.840714,1.988487,1.593557,1.435427,3.587249
1773776051.468561,266.505432,579.250488,816.765808,845.75592,73.460472,31.510916,2,3.082815,1.574557,-2.904277,2.517938,0.419628,2.548044,80.452713,1.988487,1.593557,1.435427,3.587249
1773776052.267729,509.050598,528.292419,799.119629,1037.343018,75.082626,49.072544,3,2.142297,0.853158,0.780288,1.711952,0.434301,1.406496,41.424507,5.217613,3.302011,0.468735,3.811238
1773776053.205545,645.622314,434.575684,937.768127,1080.197998,63.981701,59.768887,3,1.567449,0.819973,11.512775,1.469904,0.529393,1.199702,25.120409,5.217613,3.302011,0.468735,3.811238
1773776054.288313,598.486938,435.074707,1082.718872,1033.561646,55.416046,57.9053,3,1.550061,0.829715,15.216634,1.67828,0.496573,1.173275,30.265392,5.217613,3.302011,0.468735,3.811238
1773776055.31184,871.63031,436.707458,1023.478149,1308.337769,58.623627,66.621193,3,1.432636,0.7879,10.888849,1.466272,0.686758,1.272425,34.026627,5.217613,3.302011,0.468735,3.811238
1773776056.629073,679.463013,437.28772,1317.160889,1116.750732,45.552521,60.842854,3,1.197856,0.813812,15.731997,1.57777,0.552956,1.061898,22.002579,5.217613,3.302011,0.468735,3.811238
1773776057.715622,254.672348,402.017456,1086.500122,656.689819,55.223186,38.781223,2,1.934447,1.28756,-3.71061,2.101777,0.327906,2.144515,79.181259,1.988487,1.593557,1.435427,3.587249
1773776058.505967,270.808411,538.394714,790.29657,809.203125,75.920868,33.466061,2,2.615764,1.485119,-2.456175,2.067229,0.402183,2.414785,81.220795,1.988487,1.593557,1.435427,3.587249
1773776059.282435,258.975281,503.591553,776.431702,762.566833,77.276596,33.960995,2,2.691416,1.464112,-1.21915,2.0897,0.379169,2.384471,83.29071,1.988487,1.593557,1.435427,3.587249
1773776060.07907,281.565765,541.502197,796.598755,823.067993,75.320229,34.209297,2,2.659215,1.453802,-0.701035,2.118328,0.409341,2.36973,86.121895,1.988487,1.593557,1.435427,3.587249
1773776060.884528,583.983765,520.162598,805.421814,1104.146362,74.495125,52.890068,3,1.740839,0.833029,0.266611,1.40211,0.486475,1.302789,26.646242,5.217613,3.302011,0.468735,3.811238
1773776061.952182,737.47583,490.193848,1067.593506,1227.669678,56.201164,60.071194,3,1.357344,0.804567,3.027447,1.449092,0.593349,1.148634,22.216045,5.217613,3.302011,0.468735,3.811238
1773776063.121932,1000.0,586.895264,1169.689209,1586.895264,51.295677,63.016129,3,0.871055,0.776139,2.516353,1.018863,0.776139,1.067882,13.529118,5.217613,3.302011,0.468735,3.811238
1773776096.51269,197.65834,544.741455,767.608582,742.39978,78.164841,26.624245,2,3.920287,1.855541,-0.857988,3.009246,0.366763,3.010915,112.020523,1.988487,1.593557,1.435427,3.587249
1773776097.265209,195.506866,554.455566,752.483337,749.962463,79.735985,26.068888,2,4.28138,1.894141,-1.262397,3.221667,0.370318,3.079741,142.447968,1.988487,1.593557,1.435427,3.587249
1773776098.011426,191.203918,549.935364,746.181152,741.139282,80.409431,25.798649,2,4.266882,1.913524,-0.262064,3.183867,0.365873,3.114781,131.68219,1.988487,1.593557,1.435427,3.587249
1773776098.763946,203.037018,563.311157,752.483337,766.348145,79.735985,26.494099,2,4.426562,1.864442,-1.71592,3.330914,0.378551,3.026673,148.978104,1.988487,1.593557,1.435427,3.587249
1773776099.522768,196.582611,554.640259,758.785522,751.2229,79.07373,26.168346,2,4.309169,1.887107,0.282185,3.269735,0.370973,3.067106,172.233994,1.988487,1.593557,1.435427,3.587249
1773776100.248819,190.128174,528.323181,726.014038,718.451355,82.643028,26.46361,2,4.576093,1.86654,-2.608785,3.322308,0.354882,3.030397,142.16568,1.988487,1.593557,1.435427,3.587249
1773776100.97865,194.431122,540.406006,729.795349,734.837097,82.214828,26.459078,2,4.214669,1.866852,0.337275,3.075846,0.362974,3.030951,179.384964,1.988487,1.593557,1.435427,3.587249
1773776101.728649,187.976715,554.423096,749.962463,742.39978,80.004005,25.320145,2,4.208701,1.948861,-1.793839,3.156368,0.366341,3.179482,141.470444,1.988487,1.593557,1.435427,3.587249
1773776102.45722,205.188492,543.51355,728.534912,748.702026,82.357071,27.405893,2,4.452652,1.803864,0.88442,3.243912,0.370132,2.920753,155.922043,1.988487,1.593557,1.435427,3.587249
1773776103.193354,203.037018,530.539673,736.097534,733.57666,81.510941,27.677683,2,4.324575,1.78658,1.287382,3.183309,0.362742,2.891102,184.191666,1.988487,1.593557,1.435427,3.587249
1773776103.93327,195.506866,535.54895,739.878845,731.055786,81.09436,26.743084,2,4.16748,1.84749,-1.323426,3.083431,0.361197,2.996718,152.649933,1.988487,1.593557,1.435427,3.587249
1773776104.666882,190.128174,537.146301,733.57666,727.274475,81.791046,26.142561,2,4.255488,1.888926,-1.328883,3.121727,0.359138,3.070368,158.54715,1.988487,1.593557,1.435427,3.587249
1773776105.405538,193.355392,549.044373,738.618408,742.39978,81.232742,26.044645,2,4.27617,1.895863,-0.635106,3.158458,0.366575,3.082842,152.173035,1.988487,1.593557,1.435427,3.587249
1773776106.125285,194.431122,526.541138,719.711792,720.972229,83.366707,26.967907,2,4.387706,1.832452,0.483574,3.157884,0.356286,2.97035,171.391129,1.988487,1.593557,1.435427,3.587249
1773776106.856377,201.961288,537.917542,731.055786,739.878845,82.073082,27.296534,2,4.633459,1.810916,1.575376,3.387317,0.365735,2.932923,161.502975,1.988487,1.593557,1.435427,3.587249
1773776107.617721,192.279648,557.6828,761.306396,749.962463,78.811897,25.638569,2,4.416373,1.925199,0.152629,3.362213,0.370177,3.13604,177.915665,1.988487,1.593557,1.435427,3.587249
1773776108.362689,195.506866,553.19519,744.920654,748.702026,80.545494,26.112774,2,4.399738,1.891031,1.64524,3.277456,0.369709,3.074149,181.600098,1.988487,1.593557,1.435427,3.587249
1773776109.111428,199.809814,553.93396,748.702026,753.743774,80.138687,26.508984,2,4.422477,1.86342,1.94207,3.311117,0.37233,3.02486,190.346924,1.988487,1.593557,1.435427,3.587249
1773776109.856385,187.976715,543.079102,744.920654,731.055786,80.545494,25.713047,2,4.35444,1.919749,-0.065539,3.243712,0.360868,3.126102,145.980743,1.988487,1.593557,1.435427,3.587249
1773776110.59756,193.355392,554.086182,741.139282,747.441589,80.956444,25.868965,2,4.499351,1.908442,2.900641,3.334646,0.369007,3.105562,131.368286,1.988487,1.593557,1.435427,3.587249
1773776111.346299,201.961288,556.824219,748.702026,758.785522,80.138687,26.616386,2,4.59465,1.856076,5.290943,3.440024,0.374856,3.01186,170.328583,1.988487,1.593557,1.435427,3.587249
1773776112.095037,197.65834,546.001892,748.702026,743.660217,80.138687,26.579121,2,4.494397,1.858618,3.092452,3.364964,0.367371,3.016354,156.463104,1.988487,1.593557,1.435427,3.587249
1773776112.833693,199.809814,541.329468,738.618408,741.139282,81.232742,26.959818,2,4.442795,1.832989,2.247141,3.28153,0.366249,2.971288,159.504044,1.988487,1.593557,1.435427,3.587249
1773776113.582431,189.052444,547.045105,748.702026,736.097534,80.138687,25.683069,2,4.348849,1.921939,0.351381,3.255992,0.363347,3.130092,150.706131,1.988487,1.593557,1.435427,3.587249
1773776114.333689,195.506866,563.278687,751.2229,758.785522,79.869766,25.765762,2,4.549341,1.915911,2.533873,3.417569,0.374574,3.119117,188.486481,1.988487,1.593557,1.435427,3.587249
1773776115.08747,192.279648,557.6828,753.743774,749.962463,79.602646,25.638569,2,4.573934,1.925199,2.39563,3.447574,0.370177,3.13604,194.973618,1.988487,1.593557,1.435427,3.587249
1773776115.832427,191.203918,552.456299,744.920654,743.660217,80.545494,25.711193,2,4.619019,1.919885,3.662427,3.440802,0.367089,3.126348,164.740234,1.988487,1.593557,1.435427,3.587249
1773776116.582438,195.506866,559.497314,749.962463,755.004211,80.004005,25.894806,2,4.505332,1.906581,0.628685,3.37883,0.37275,3.102192,192.493332,1.988487,1.593557,1.435427,3.587249
1773776117.318572,191.203918,539.851868,736.097534,731.055786,81.510941,26.154491,2,4.378913,1.888084,0.32985,3.223307,0.361009,3.068858,171.082535,1.988487,1.593557,1.435427,3.587249
1773776118.071091,190.128174,561.094727,752.483337,751.2229,79.735985,25.309155,2,4.332579,1.949689,0.482608,3.260194,0.370691,3.181009,175.840927,1.988487,1.593557,1.435427,3.587249
1773776118.823611,189.052444,562.170471,752.483337,751.2229,79.735985,25.165956,2,4.266062,1.960534,-0.277321,3.210141,0.370644,3.201088,139.732147,1.988487,1.593557,1.435427,3.587249
1773776119.572349,193.355392,560.388367,748.702026,753.743774,80.138687,25.652668,2,4.34403,1.924165,-0.251224,3.252384,0.372048,3.134152,141.774963,1.988487,1.593557,1.435427,3.587249
1773776120.321088,199.809814,556.454834,748.702026,756.264648,80.138687,26.42062,2,4.476596,1.869506,3.246583,3.351637,0.373546,3.035668,191.810623,1.988487,1.593557,1.435427,3.587249
1773776121.077389,197.65834,556.085449,756.264648,753.743774,79.337303,26.223547,2,4.297667,1.883227,2.871315,3.250174,0.372236,3.060153,146.340714,1.988487,1.593557,1.435427,3.587249
1773776121.821085,204.112747,547.110168,743.660217,751.2229,80.682007,27.170731,2,4.35638,1.819099,3.029084,3.239667,0.371301,2.947097,152.826828,1.988487,1.593557,1.435427,3.587249
1773776122.579908,199.809814,553.93396,758.785522,753.743774,79.07373,26.508984,2,4.423375,1.86342,4.04178,3.356393,0.37233,3.02486,147.718765,1.988487,1.593557,1.435427,3.587249
1773776123.331166,198.73407,551.228394,751.2229,749.962463,79.869766,26.499203,2,4.364721,1.864091,2.813293,3.278878,0.370458,3.026051,179.152313,1.988487,1.593557,1.435427,3.587249
1773776124.08748,199.809814,557.715271,756.264648,757.525085,79.337303,26.376659,2,4.399454,1.872549,3.255418,3.327152,0.374154,3.041085,146.440216,1.988487,1.593557,1.435427,3.587249
1773776124.84252,198.73407,555.009705,755.004211,753.743774,79.469757,26.366264,2,4.339117,1.87327,2.867713,3.276051,0.372283,3.042369,203.99321,1.988487,1.593557,1.435427,3.587249
1773776125.588737,206.264236,548.73999,746.181152,755.004211,80.409431,27.319613,2,4.292256,1.809424,2.846851,3.202801,0.373219,2.930343,173.31665,1.988487,1.593557,1.435427,3.587249
1773776126.338737,204.112747,543.328857,749.962463,747.441589,80.004005,27.308187,2,4.149132,1.810162,2.812179,3.111693,0.369477,2.931619,170.845718,1.988487,1.593557,1.435427,3.587249
1773776127.103861,201.961288,560.60553,765.087708,762.566833,78.422379,26.484406,2,4.245805,1.865108,1.586847,3.248413,0.37668,3.027856,200.444778,1.988487,1.593557,1.435427,3.587249
1773776127.850079,201.961288,544.219849,746.181152,746.181152,80.409431,27.065987,2,4.185993,1.82597,2.242723,3.123509,0.368775,2.959043,163.887711,1.988487,1.593557,1.435427,3.587249
1773776128.61016,207.339966,559.008179,760.045959,766.348145,78.942596,27.055586,2,4.141989,1.826655,3.146576,3.148102,0.378739,2.960237,136.850784,1.988487,1.593557,1.435427,3.587249
1773776129.384107,209.491425,566.940308,773.910828,776.431702,77.528313,26.981306,2,4.038799,1.831564,1.758241,3.12567,0.383697,2.968798,172.393356,1.988487,1.593557,1.435427,3.587249
1773776130.151765,212.718643,558.671326,767.608582,771.389954,78.164841,27.576021,2,3.871603,1.793005,1.601659,2.971875,0.381406,2.902094,166.549545,1.988487,1.593557,1.435427,3.587249
1773776130.910587,211.642914,545.882202,758.785522,757.525085,79.07373,27.938732,2,3.824466,1.770294,-0.292913,2.901949,0.37467,2.863397,133.682251,1.988487,1.593557,1.435427,3.587249
1773776131.680753,205.188492,557.378357,770.129517,762.566833,77.908974,26.907608,2,3.834375,1.836461,-0.32881,2.952965,0.376821,2.97736,138.388733,1.988487,1.593557,1.435427,3.587249
1773776132.447137,213.794373,562.637329,766.348145,776.431702,78.293396,27.535503,2,3.916931,1.795579,0.238233,3.001733,0.383885,2.906508,152.507156,1.988487,1.593557,1.435427,3.587249
1773776133.228647,200.885559,565.462585,781.47345,766.348145,76.778038,26.213354,2,4.179291,1.883942,-1.951238,3.266005,0.378457,3.061434,131.595276,1.988487,1.593557,1.435427,3.587249
1773776133.971083,201.961288,541.698914,742.39978,743.660217,80.818993,27.15774,2,4.389387,1.819948,1.56294,3.25868,0.367559,2.948571,166.62735,1.988487,1.593557,1.435427,3.587249
1773776134.73874,196.582611,564.723755,767.608582,761.306396,78.164841,25.821749,2,4.521029,1.911852,0.396411,3.47038,0.375837,3.111745,184.010361,1.988487,1.593557,1.435427,3.587249
1773776135.500082,183.673767,562.507385,761.306396,746.181152,78.811897,24.615171,2,4.387091,2.003426,-0.923954,3.33992,0.367977,3.281471,143.656448,1.988487,1.593557,1.435427,3.587249
1773776136.255124,193.355392,572.992737,755.004211,766.348145,79.469757,25.230751,2,4.429987,1.955612,-0.287159,3.344659,0.378128,3.191962,141.283081,1.988487,1.593557,1.435427,3.587249
1773776136.995038,197.65834,547.262329,739.878845,744.920654,81.09436,26.534145,2,4.456249,1.861694,-0.971062,3.297085,0.367979,3.021801,139.544434,1.988487,1.593557,1.435427,3.587249
1773776137.718569,209.491425,527.866577,723.493164,737.357971,82.930984,28.411087,2,4.229283,1.741588,2.629797,3.059857,0.364848,2.815111,143.200333,1.988487,1.593557,1.435427,3.587249
1773776138.492515,211.642914,564.788818,773.910828,776.431702,77.528313,27.258408,2,3.789109,1.813388,0.138597,2.932433,0.383791,2.937199,147.31514,1.988487,1.593557,1.435427,3.587249
1773776139.252598,210.567169,548.218384,760.045959,758.785522,78.942596,27.750551,2,3.971076,1.782003,1.73025,3.0182,0.375231,2.883293,166.948761,1.988487,1.593557,1.435427,3.587249
1773776140.015201,214.870117,552.738464,762.566833,767.608582,78.681625,27.992147,2,3.935154,1.766999,3.294991,3.000818,0.379675,2.85782,180.022141,1.988487,1.593557,1.435427,3.587249
1773776140.794202,219.17305,564.821289,778.952576,783.994324,77.026512,27.95595,2,3.931972,1.769231,2.982904,3.06282,0.387768,2.861596,176.733994,1.988487,1.593557,1.435427,3.587249
1773776141.550503,211.642914,535.798706,756.264648,747.441589,79.337303,28.315645,2,3.86908,1.747311,1.024519,2.926048,0.369806,2.824682,147.781189,1.988487,1.593557,1.435427,3.587249
1773776142.308065,213.794373,546.251587,757.525085,760.045959,79.205299,28.129137,2,4.060435,1.758607,4.338423,3.075881,0.37598,2.843654,134.348679,1.988487,1.593557,1.435427,3.587249
1773776143.074449,209.491425,551.814941,766.348145,761.306396,78.293396,27.517361,2,3.971632,1.796734,1.672488,3.043653,0.3764,2.90849,147.774124,1.988487,1.593557,1.435427,3.587249
1773776143.848396,203.037018,563.311157,773.910828,766.348145,77.528313,26.494099,2,3.932801,1.864442,0.365748,3.043637,0.378551,3.026673,166.854736,1.988487,1.593557,1.435427,3.587249
1773776144.603437,208.415695,552.890686,755.004211,761.306396,79.469757,27.376059,2,3.989078,1.805783,2.103923,3.01177,0.376353,2.924059,163.280396,1.988487,1.593557,1.435427,3.587249
1773776145.349655,208.415695,537.765442,746.181152,746.181152,80.409431,27.930979,2,4.030624,1.770774,2.680209,3.007576,0.369057,2.86421,153.86203,1.988487,1.593557,1.435427,3.587249
1773776146.11227,211.642914,554.7052,762.566833,766.348145,78.681625,27.617069,2,3.973215,1.790405,1.847371,3.029842,0.378926,2.897642,150.225403,1.988487,1.593557,1.435427,3.587249
1773776146.873612,208.415695,549.109375,761.306396,757.525085,78.811897,27.512711,2,3.885975,1.79703,2.329441,2.958417,0.374529,2.908999,151.769974,1.988487,1.593557,1.435427,3.587249
1773776147.638737,205.188492,556.11792,765.087708,761.306396,78.422379,26.952156,2,3.937686,1.833497,2.690603,3.012675,0.376213,2.972177,174.026108,1.988487,1.593557,1.435427,3.587249
1773776148.400079,214.870117,557.780273,761.306396,772.650391,78.811897,27.809488,2,4.004898,1.778319,3.057037,3.048954,0.382108,2.87702,137.116684,1.988487,1.593557,1.435427,3.587249
1773776149.168985,212.718643,553.629517,768.86908,766.348145,78.03669,27.757442,2,3.896418,1.781571,-0.280774,2.995836,0.378973,2.882558,133.294601,1.988487,1.593557,1.435427,3.587249
1773776149.939151,233.157639,560.920227,770.129517,794.077881,77.908974,29.362062,2,3.809717,1.686595,1.727986,2.933976,0.393243,2.724566,161.216812,1.988487,1.593557,1.435427,3.587249
1773776150.71563,212.718643,539.764709,776.431702,752.483337,77.276596,28.268887,2,3.934579,1.750129,1.343102,3.054932,0.372285,2.829405,160.621384,1.988487,1.593557,1.435427,3.587249
1773776151.473192,210.567169,544.437012,757.525085,755.004211,79.205299,27.889534,2,3.93953,1.77334,3.000982,2.984293,0.373407,2.868562,159.683273,1.988487,1.593557,1.435427,3.587249
1773776152.247139,209.491425,563.158936,773.910828,772.650391,77.528313,27.113352,2,4.131876,1.822856,1.830518,3.197703,0.381873,2.953625,221.378021,1.988487,1.593557,1.435427,3.587249
1773776153.013524,209.491425,556.856689,766.348145,766.348145,78.293396,27.336327,2,4.056138,1.808344,1.38958,3.108413,0.378833,2.928478,168.027664,1.988487,1.593557,1.435427,3.587249
1773776153.778648,206.264236,555.042175,765.087708,761.306396,78.422379,27.093458,2,3.819604,1.824163,0.529197,2.922332,0.37626,2.955897,137.708389,1.988487,1.593557,1.435427,3.587249
1773776154.547553,207.339966,562.789551,768.86908,770.129517,78.03669,26.922739,2,3.865708,1.835453,0.370276,2.972223,0.380563,2.975597,139.85582,1.988487,1.593557,1.435427,3.587249
1773776155.320253,209.491425,565.67981,772.650391,775.171265,77.654785,27.025179,2,3.992268,1.828661,1.161129,3.084627,0.383089,2.963733,173.803085,1.988487,1.593557,1.435427,3.587249
1773776156.09546,205.188492,564.94104,775.171265,770.129517,77.402252,26.643375,2,3.869891,1.85424,-0.549613,2.999828,0.380469,3.008617,125.472717,1.988487,1.593557,1.435427,3.587249
1773776156.863104,209.491425,563.158936,767.608582,772.650391,78.164841,27.113352,2,3.839875,1.822856,-0.196135,2.947521,0.381873,2.953625,124.808624,1.988487,1.593557,1.435427,3.587249
1773776157.616885,211.642914,544.621704,753.743774,756.264648,79.602646,27.985298,2,3.952638,1.767421,1.370721,2.979276,0.374062,2.858533,133.084091,1.988487,1.593557,1.435427,3.587249
1773776158.388311,209.491425,559.377686,771.389954,768.86908,77.78167,27.246696,2,4.010742,1.814149,0.82662,3.093846,0.380049,2.938516,136.221329,1.988487,1.593557,1.435427,3.587249
1773776159.150915,209.491425,553.075439,762.566833,762.566833,78.681625,27.471876,2,3.985711,1.799637,2.144312,3.039371,0.377008,2.913477,147.545975,1.988487,1.593557,1.435427,3.587249
1773776159.928655,207.339966,567.831299,777.692139,775.171265,77.151352,26.747631,2,3.926044,1.847183,-0.800968,3.053254,0.382995,2.996179,130.668701,1.988487,1.593557,1.435427,3.587249
1773776160.695039,212.718643,559.931763,766.348145,772.650391,78.293396,27.531034,2,3.785038,1.795864,-1.639151,2.900657,0.382014,2.906996,120.632156,1.988487,1.593557,1.435427,3.587249
1773776161.44882,215.945847,541.579224,753.743774,757.525085,79.602646,28.50676,2,3.80514,1.735889,-1.052434,2.868101,0.374858,2.805609,113.724777,1.988487,1.593557,1.435427,3.587249
1773776162.220246,206.264236,553.781738,771.389954,760.045959,77.78167,27.138391,2,3.8618,1.821215,-0.942292,2.978954,0.375651,2.950771,131.160309,1.988487,1.593557,1.435427,3.587249
1773776162.970245,210.567169,544.437012,749.962463,755.004211,80.004005,27.889534,2,4.046601,1.77334,2.18949,3.034799,0.373407,2.868562,146.872513,1.988487,1.593557,1.435427,3.587249
1773776163.732848,213.794373,552.553772,762.566833,766.348145,78.681625,27.897814,2,4.093009,1.772827,3.539626,3.121193,0.37902,2.867691,124.380959,1.988487,1.593557,1.435427,3.587249
1773776164.504286,206.264236,556.302612,771.389954,762.566833,77.78167,27.048677,2,3.986262,1.82711,0.277434,3.074962,0.376868,2.96103,176.25354,1.988487,1.593557,1.435427,3.587249
1773776165.26563,210.567169,555.781006,761.306396,766.348145,78.811897,27.476698,2,3.965772,1.799329,1.811808,3.019168,0.37888,2.912947,165.218979,1.988487,1.593557,1.435427,3.587249
1773776166.029493,213.794373,553.814209,763.827271,767.608582,78.551788,27.852005,2,3.850897,1.775671,2.373876,2.94142,0.379628,2.872519,158.725204,1.988487,1.593557,1.435427,3.587249
1773776166.80092,215.945847,557.964966,771.389954,773.910828,77.78167,27.903196,2,3.888368,1.772493,1.528862,2.999448,0.382763,2.867125,166.993637,1.988487,1.593557,1.435427,3.587249
1773776167.563523,215.945847,546.620972,762.566833,762.566833,78.681625,28.318287,2,3.890643,1.747152,1.870573,2.966875,0.37729,2.824416,161.689529,1.988487,1.593557,1.435427,3.587249
1773776168.33999,210.567169,559.562378,776.431702,770.129517,77.276596,27.341785,2,3.849267,1.807991,0.096352,2.988693,0.380704,2.92787,166.556259,1.988487,1.593557,1.435427,3.587249
1773776169.110169,213.794373,560.116455,770.129517,773.910828,77.908974,27.625195,2,3.715377,1.789891,1.443889,2.861321,0.382669,2.896762,156.234146,1.988487,1.593557,1.435427,3.587249
1773776169.872772,215.945847,549.141846,762.566833,765.087708,78.681625,28.224977,2,3.787811,1.752784,1.615543,2.888459,0.378506,2.83386,145.659775,1.988487,1.593557,1.435427,3.587249
1773776170.642937,207.339966,552.705994,770.129517,760.045959,77.908974,27.279926,2,3.804999,1.811992,-0.266556,2.930342,0.375698,2.934783,137.36438,1.988487,1.593557,1.435427,3.587249
1773776171.400499,212.718643,551.108643,757.525085,763.827271,79.205299,27.849051,2,3.892729,1.775855,1.546124,2.94884,0.377757,2.872831,164.711502,1.988487,1.593557,1.435427,3.587249
1773776172.176967,212.718643,563.713074,776.431702,776.431702,77.276596,27.396955,2,3.754691,1.804439,0.305535,2.915261,0.383838,2.921742,144.553268,1.988487,1.593557,1.435427,3.587249
1773776172.939571,219.17305,550.956482,762.566833,770.129517,78.681625,28.459246,2,3.704359,1.738715,1.545864,2.824821,0.381079,2.810317,162.096024,1.988487,1.593557,1.435427,3.587249
1773776173.702186,221.324524,543.763184,762.566833,765.087708,78.681625,28.927994,2,3.545839,1.711248,0.949829,2.703939,0.378741,2.764839,127.083794,1.988487,1.593557,1.435427,3.587249
1773776174.477393,222.400253,554.031433,775.171265,776.431702,77.402252,28.64389,2,3.623329,1.727788,2.249851,2.808701,0.38426,2.792148,143.915649,1.988487,1.593557,1.435427,3.587249
1773776175.261424,218.097321,560.855225,783.994324,778.952576,76.531166,27.998793,2,3.625337,1.76659,0.396633,2.842244,0.385289,2.857128,131.532974,1.988487,1.593557,1.435427,3.587249
1773776176.021506,218.097321,541.948608,760.045959,760.045959,78.942596,28.69528,2,3.595109,1.724772,1.370016,2.732448,0.376168,2.787151,125.150093,1.988487,1.593557,1.435427,3.587249
1773776176.794193,218.097321,554.553101,772.650391,772.650391,77.654785,28.227169,2,3.806593,1.752651,2.165249,2.941166,0.382248,2.833637,142.705566,1.988487,1.593557,1.435427,3.587249
1773776177.560578,212.718643,547.327332,766.348145,760.045959,78.293396,27.987602,2,3.739881,1.767279,-0.642122,2.866051,0.375933,2.858293,135.582245,1.988487,1.593557,1.435427,3.587249
1773776178.309328,217.021576,536.722168,748.702026,753.743774,80.138687,28.792486,2,3.828166,1.719096,0.422916,2.866156,0.373081,2.777768,173.768143,1.988487,1.593557,1.435427,3.587249
1773776179.075713,217.021576,549.326538,766.348145,766.348145,78.293396,28.318926,2,3.830815,1.747114,-0.12757,2.935738,0.379161,2.824352,137.85466,1.988487,1.593557,1.435427,3.587249
1773776179.85092,212.718643,557.410889,775.171265,770.129517,77.402252,27.621153,2,3.830783,1.790147,-0.220339,2.969513,0.380798,2.8972,137.756561,1.988487,1.593557,1.435427,3.587249
1773776180.619826,217.021576,556.889282,768.86908,773.910828,78.03669,28.042194,2,3.694661,1.763924,0.289313,2.840711,0.38281,2.852622,121.596962,1.988487,1.593557,1.435427,3.587249
1773776181.387471,221.324524,551.325867,767.608582,772.650391,78.164841,28.644848,2,3.733327,1.727731,2.598095,2.865734,0.382389,2.792055,138.183456,1.988487,1.593557,1.435427,3.587249
1773776182.176555,213.794373,566.41864,789.036072,780.213013,76.042152,27.402052,2,3.777737,1.804111,-0.494487,2.980771,0.385709,2.921178,141.20517,1.988487,1.593557,1.435427,3.587249
1773776182.920252,212.718643,529.681152,743.660217,742.39978,80.682007,28.652843,2,3.747328,1.727262,-0.74469,2.786739,0.367421,2.791276,142.247711,1.988487,1.593557,1.435427,3.587249
1773776183.686636,215.945847,554.183655,766.348145,770.129517,78.293396,28.040197,2,3.822054,1.764046,0.596834,2.929024,0.380938,2.852829,174.566391,1.988487,1.593557,1.435427,3.587249
1773776184.463104,213.794373,560.116455,776.431702,773.910828,77.276596,27.625195,2,3.757558,1.789891,-1.582911,2.917487,0.382669,2.896762,110.086273,1.988487,1.593557,1.435427,3.587249
1773776185.23201,214.870117,555.259399,768.86908,770.129517,78.03669,27.900517,2,3.816998,1.772659,1.354722,2.934772,0.380891,2.867407,166.933212,1.988487,1.593557,1.435427,3.587249
1773776185.98705,225.627487,541.981079,755.004211,767.608582,79.469757,29.39356,2,3.866631,1.684835,3.10396,2.919323,0.380145,2.72171,123.853584,1.988487,1.593557,1.435427,3.587249
1773776186.771093,213.794373,556.335144,783.994324,770.129517,76.531166,27.760834,2,3.850417,1.781359,0.830927,3.018705,0.380845,2.882196,149.254303,1.988487,1.593557,1.435427,3.587249
1773776187.537478,213.794373,552.553772,766.348145,766.348145,78.293396,27.897814,2,3.869467,1.772827,1.150364,2.965359,0.37902,2.867691,153.571533,1.988487,1.593557,1.435427,3.587249
1773776188.313945,218.097321,563.376099,776.431702,781.47345,77.276596,27.908474,2,3.784796,1.772166,1.976928,2.938636,0.386505,2.866571,153.772141,1.988487,1.593557,1.435427,3.587249
1773776189.085372,215.945847,552.923218,771.389954,768.86908,77.78167,28.086164,2,3.717188,1.761231,0.55715,2.867402,0.38033,2.848076,144.989975,1.988487,1.593557,1.435427,3.587249
1773776189.847975,220.248795,547.359802,762.566833,767.608582,78.681625,28.692854,2,3.643358,1.724914,2.819603,2.778304,0.37991,2.787386,136.490341,1.988487,1.593557,1.435427,3.587249
1773776190.620662,226.703217,553.509766,772.650391,780.213013,77.654785,29.05658,2,3.744882,1.703868,2.785116,2.893484,0.386272,2.752729,151.910736,1.988487,1.593557,1.435427,3.587249
1773776191.393361,226.703217,545.947144,772.650391,772.650391,77.654785,29.340982,2,3.567154,1.687776,1.856763,2.756163,0.382624,2.726482,143.380066,1.988487,1.593557,1.435427,3.587249
1773776192.17361,220.248795,552.401611,780.213013,772.650391,76.902077,28.505621,2,3.661375,1.735957,1.724942,2.856652,0.382342,2.805722,148.685394,1.988487,1.593557,1.435427,3.587249
1773776192.950079,227.778946,557.47583,776.431702,785.254761,77.276596,29.007011,2,3.651778,1.706705,2.506106,2.835356,0.388752,2.757379,132.330338,1.988487,1.593557,1.435427,3.587249
1773776193.740411,208.415695,559.192871,790.29657,767.608582,75.920868,27.151299,2,3.583902,1.82037,-1.290648,2.832346,0.379394,2.949303,125.769043,1.988487,1.593557,1.435427,3.587249
1773776194.461419,242.839249,518.467163,720.972229,761.306396,83.220955,31.897703,2,3.94245,1.555994,3.804382,2.842397,0.377856,2.519826,109.002655,1.988487,1.593557,1.435427,3.587249
1773776195.255547,226.703217,548.468018,794.077881,775.171265,75.559341,29.245564,2,3.823567,1.69314,4.766294,3.03621,0.38384,2.735207,130.619934,1.988487,1.593557,1.435427,3.587249
1773776196.030754,225.627487,548.283325,775.171265,773.910828,77.402252,29.154196,2,3.702673,1.698309,2.666362,2.870206,0.383185,2.743638,150.30159,1.988487,1.593557,1.435427,3.587249
1773776196.816045,222.400253,559.073181,785.254761,781.47345,76.408325,28.459093,2,3.562884,1.738724,0.66447,2.797771,0.386693,2.810332,147.42215,1.988487,1.593557,1.435427,3.587249
1773776197.589992,222.400253,551.510559,773.910828,773.910828,77.528313,28.737194,2,3.561924,1.72232,-0.356577,2.756611,0.383044,2.783094,130.071594,1.988487,1.593557,1.435427,3.587249
1773776198.348814,225.627487,536.939331,758.785522,762.566833,79.07373,29.587898,2,3.505193,1.674055,0.036622,2.659689,0.377713,2.704278,151.035721,1.988487,1.593557,1.435427,3.587249
1773776199.121513,226.703217,547.207642,772.650391,773.910828,77.654785,29.293198,2,3.565558,1.690458,2.976445,2.75493,0.383232,2.730841,138.551514,1.988487,1.593557,1.435427,3.587249
1773776199.8942,222.400253,545.208313,772.650391,767.608582,77.654785,28.973133,2,3.676832,1.70865,2.08681,2.840906,0.380004,2.76057,142.011841,1.988487,1.593557,1.435427,3.587249
1773776200.655542,226.703217,539.644897,761.306396,766.348145,78.811897,29.582273,2,3.700673,1.674365,3.556814,2.817346,0.379584,2.704779,107.567635,1.988487,1.593557,1.435427,3.587249
1773776201.445876,213.794373,561.376892,790.29657,775.171265,75.920868,27.580276,2,3.62209,1.792735,0.737007,2.862525,0.383277,2.901632,141.432236,1.988487,1.593557,1.435427,3.587249
1773776202.21226,215.945847,552.923218,766.348145,768.86908,78.293396,28.086164,2,3.6566,1.761231,-0.091227,2.802228,0.38033,2.848076,124.024857,1.988487,1.593557,1.435427,3.587249
1773776202.972343,215.945847,544.100098,760.045959,760.045959,78.942596,28.412209,2,3.801799,1.741521,-0.192126,2.889542,0.376074,2.814999,133.590088,1.988487,1.593557,1.435427,3.587249
1773776203.755125,213.794373,566.41864,782.733887,780.213013,76.654404,27.402052,2,3.792278,1.804111,-0.097241,2.968344,0.385709,2.921178,139.537048,1.988487,1.593557,1.435427,3.587249
1773776204.515207,226.703217,548.468018,760.045959,775.171265,78.942596,29.245564,2,3.820675,1.69314,1.69543,2.903888,0.38384,2.735207,135.205917,1.988487,1.593557,1.435427,3.587249
1773776205.27781,224.551743,535.494202,762.566833,760.045959,78.681625,29.544497,2,3.679862,1.67645,1.097724,2.806141,0.37645,2.708143,168.240036,1.988487,1.593557,1.435427,3.587249
1773776206.042934,247.142181,544.414795,765.087708,791.557007,78.422379,31.222284,2,3.609436,1.588709,2.80713,2.761535,0.392637,2.569753,145.535995,1.988487,1.593557,1.435427,3.587249
1773776206.842091,258.975281,554.009216,799.119629,812.984497,75.082626,31.854885,2,3.180055,1.558026,-0.701257,2.541244,0.40349,2.522902,106.43306,1.988487,1.593557,1.435427,3.587249
1773776207.661426,488.107056,599.653564,819.286682,1087.76062,73.234436,44.872654,2,2.285588,1.118701,-2.563087,1.872552,0.546046,1.939793,55.378868,1.988487,1.593557,1.435427,3.587249
1773776208.595461,706.052307,411.958923,933.986816,1118.01123,64.240738,63.152523,3,1.473456,0.809386,15.79667,1.376188,0.571469,1.254593,29.866341,5.217613,3.302011,0.468735,3.811238
1773776209.747552,748.353271,447.805176,1152.043091,1196.158447,52.081387,62.563057,3,1.148054,0.802993,13.04894,1.322608,0.600922,1.124319,22.60918,5.217613,3.302011,0.468735,3.811238
1773776210.936209,753.187622,440.449951,1188.595825,1193.637573,50.479733,63.100197,3,1.124265,0.802308,11.443684,1.336297,0.604288,1.077412,17.820099,5.217613,3.302011,0.468735,3.811238
1773776212.151334,693.966248,459.337219,1215.065186,1153.303467,49.380066,60.172039,3,1.148694,0.811356,12.939554,1.395738,0.563054,1.067841,17.737745,5.217613,3.302011,0.468735,3.811238
1773776213.260583,686.714661,414.910828,1109.18811,1101.625488,54.09362,62.336494,3,1.401105,0.812571,12.572561,1.554089,0.558005,1.242744,38.19289,5.217613,3.302011,0.468735,3.811238
1773776214.431593,641.996521,482.316833,1170.949707,1124.313354,51.240459,57.101208,3,1.370378,0.820672,1.779371,1.604644,0.526868,1.061267,18.36549,5.217613,3.302011,0.468735,3.811238
1773776215.519403,701.217773,448.304443,1087.76062,1149.522217,55.159195,61.000801,3,1.325474,0.810166,14.947193,1.441799,0.568103,1.139819,23.007698,5.217613,3.302011,0.468735,3.811238
1773776216.655121,669.79425,433.091614,1135.657349,1102.885864,52.832836,60.73106,3,1.3735,0.815509,14.56039,1.559825,0.546223,1.127913,24.785231,5.217613,3.302011,0.468735,3.811238
1773776217.755547,697.592041,431.763062,1100.36499,1129.355103,54.527363,61.769062,3,1.357539,0.810758,15.32692,1.493789,0.565578,1.176942,28.815674,5.217613,3.302011,0.468735,3.811238
1773776218.905117,693.966248,451.774597,1149.522217,1145.740845,52.195599,60.569214,3,1.283447,0.811356,11.381819,1.47535,0.563054,1.082046,18.770485,5.217613,3.302011,0.468735,3.811238
1773776220.035794,695.174805,436.701172,1130.615601,1131.875977,53.068436,61.417931,3,1.290593,0.811156,11.216634,1.459165,0.563895,1.102882,20.947361,5.217613,3.302011,0.468735,3.811238
1773776221.182856,695.174805,451.826538,1147.001343,1147.001343,52.310314,60.608017,3,1.333032,0.811156,9.520789,1.52899,0.563895,1.154805,26.942123,5.217613,3.302011,0.468735,3.811238
1773776222.339989,680.671631,461.287964,1157.084839,1141.959595,51.85445,59.605579,3,1.250981,0.813604,11.544531,1.447491,0.553797,1.068714,16.514101,5.217613,3.302011,0.468735,3.811238
1773776223.471925,695.174805,451.826538,1131.875977,1147.001343,53.009342,60.608017,3,1.266385,0.811156,12.0008,1.433391,0.563895,1.100903,20.024578,5.217613,3.302011,0.468735,3.811238
1773776224.630331,683.088806,462.652039,1158.345337,1145.740845,51.798023,59.619839,3,1.264768,0.813189,12.429172,1.465038,0.55548,1.099558,21.091412,5.217613,3.302011,0.468735,3.811238
1773776225.73958,684.297485,426.151001,1109.18811,1110.448486,54.09362,61.623528,3,1.380893,0.812982,16.537697,1.531671,0.556322,1.200287,33.233158,5.217613,3.302011,0.468735,3.811238
1773776226.851338,672.211487,426.893127,1111.708984,1099.104614,53.970959,61.15992,3,1.365418,0.81508,15.309243,1.517948,0.547906,1.15103,26.845818,5.217613,3.302011,0.468735,3.811238
1773776227.960587,692.757629,437.857971,1109.18811,1130.615601,54.09362,61.272602,3,1.403278,0.811557,14.612892,1.556499,0.562212,1.136024,24.696558,5.217613,3.302011,0.468735,3.811238
1773776229.101334,692.757629,447.941467,1140.699097,1140.699097,52.599323,60.730968,3,1.353775,0.811557,13.858347,1.54425,0.562212,1.101881,21.530384,5.217613,3.302011,0.468735,3.811238
1773776230.249657,681.880249,455.037598,1148.261719,1136.917847,52.252895,59.976215,3,1.278254,0.813396,11.55674,1.467771,0.554639,1.077902,17.993128,5.217613,3.302011,0.468735,3.811238
1773776231.380333,708.469482,449.875854,1130.615601,1158.345337,53.068436,61.162197,3,1.284011,0.809,11.653094,1.451723,0.573152,1.108202,21.023811,5.217613,3.302011,0.468735,3.811238
1773776232.566469,656.499634,475.376343,1186.074951,1131.875977,50.587021,58.001022,3,1.212322,0.817924,9.718254,1.437905,0.536967,1.077773,17.577793,5.217613,3.302011,0.468735,3.811238
1773776233.656798,679.463013,434.766846,1090.281494,1114.229858,55.031658,60.980503,3,1.335473,0.813812,10.742577,1.456042,0.552956,1.175419,28.234867,5.217613,3.302011,0.468735,3.811238
1773776234.798819,683.088806,462.652039,1141.959595,1145.740845,52.541264,59.619839,3,1.164057,0.813189,9.698219,1.329306,0.55548,1.067808,15.678436,5.217613,3.302011,0.468735,3.811238
1773776235.905546,695.174805,424.096802,1106.667236,1119.271606,54.216839,62.109573,3,1.327088,0.811156,11.556028,1.468645,0.563895,1.145194,24.921665,5.217613,3.302011,0.468735,3.811238
1773776237.052596,692.757629,451.722839,1147.001343,1144.480469,52.310314,60.530315,3,1.295251,0.811557,11.274866,1.485655,0.562212,1.100415,20.725151,5.217613,3.302011,0.468735,3.811238
1773776238.168148,685.506042,422.42157,1115.490356,1107.927612,53.788006,61.872818,3,1.3499,0.812776,10.85552,1.5058,0.557163,1.171901,28.721668,5.217613,3.302011,0.468735,3.811238
1773776239.28748,703.635071,434.543152,1119.271606,1138.178223,53.606293,61.821167,3,1.260565,0.809775,9.791615,1.410914,0.569786,1.115171,21.228678,5.217613,3.302011,0.468735,3.811238
1773776240.421925,696.383423,430.450806,1134.396851,1126.834229,52.891544,61.799992,3,1.250522,0.810957,9.449637,1.418588,0.564737,1.122903,22.765821,5.217613,3.302011,0.468735,3.811238
1773776241.565206,726.59845,448.132507,1143.219971,1174.730957,52.483337,61.852329,3,1.254744,0.806188,9.580482,1.434448,0.585775,1.114954,20.924324,5.217613,3.302011,0.468735,3.811238
1773776242.753863,782.19397,464.382324,1188.595825,1246.576294,50.479733,62.747383,3,1.127873,0.798376,10.582485,1.340585,0.624485,1.065598,15.657043,5.217613,3.302011,0.468735,3.811238
1773776244.005541,744.727417,467.816772,1251.618042,1212.544189,47.937946,61.418579,3,1.092149,0.803513,11.628901,1.366954,0.598398,1.047342,14.687489,5.217613,3.302011,0.468735,3.811238
1773776245.197979,743.518799,447.5979,1192.377197,1191.116699,50.319649,62.421997,3,1.108709,0.803687,10.959552,1.321999,0.597556,1.075923,17.403833,5.217613,3.302011,0.468735,3.811238
1773776246.413105,724.181213,470.716858,1215.065186,1194.898071,49.380066,60.60611,3,1.118738,0.806555,11.022877,1.359339,0.584092,1.048527,14.285805,5.217613,3.302011,0.468735,3.811238
1773776247.584115,751.979065,447.960754,1170.949707,1199.939819,51.240459,62.668068,3,1.173302,0.802478,10.389177,1.373878,0.603447,1.075917,16.791613,5.217613,3.302011,0.468735,3.811238
1773776248.799241,735.058655,462.360291,1215.065186,1197.418945,49.380066,61.386925,3,1.135748,0.804923,11.169637,1.380008,0.591666,1.035527,13.055655,5.217613,3.302011,0.468735,3.811238
1773776249.980335,737.47583,446.078247,1181.033203,1183.554077,50.802975,62.31028,3,1.173679,0.804567,10.175347,1.386153,0.593349,1.056442,14.807228,5.217613,3.302011,0.468735,3.811238
1773776251.171512,730.224243,453.329834,1191.116699,1183.554077,50.372898,61.697586,3,1.14447,0.805642,11.566813,1.363197,0.5883,1.066369,16.535072,5.217613,3.302011,0.468735,3.811238
1773776252.380336,709.678101,477.657349,1208.762939,1187.335449,49.637524,59.770649,3,1.134971,0.808809,9.447128,1.371911,0.573994,1.038581,12.977671,5.217613,3.302011,0.468735,3.811238
1773776253.552594,718.138245,462.894958,1172.210083,1181.033203,51.185364,60.805935,3,1.206539,0.807483,9.455554,1.414317,0.579884,1.079726,17.450493,5.217613,3.302011,0.468735,3.811238
1773776254.705958,726.59845,435.528137,1153.303467,1162.126587,52.024467,62.523174,3,1.192035,0.806188,8.411983,1.374778,0.585775,1.097016,19.575466,5.217613,3.302011,0.468735,3.811238
1773776255.914782,713.303894,481.594177,1208.762939,1194.898071,49.637524,59.695793,3,1.133491,0.808236,8.457932,1.370122,0.576518,1.021181,10.140469,5.217613,3.302011,0.468735,3.811238
1773776257.088313,727.807068,460.788757,1173.470581,1188.595825,51.130383,61.232513,3,1.161124,0.806006,11.496559,1.362545,0.586617,1.054717,14.277073,5.217613,3.302011,0.468735,3.811238
1773776258.264365,712.095276,447.510437,1175.991455,1159.605713,51.020779,61.408394,3,1.221765,0.808426,10.553013,1.436785,0.575677,1.070828,16.954903,5.217613,3.302011,0.468735,3.811238
1773776259.459324,695.174805,482.077026,1194.898071,1177.251831,50.21349,59.050644,3,1.15509,0.811156,4.264588,1.380214,0.563895,1.066243,16.800415,5.217613,3.302011,0.468735,3.811238
1773776260.620252,733.850037,467.350159,1160.866211,1201.200195,51.685543,61.093067,3,1.177906,0.805102,8.927459,1.367392,0.590824,1.059088,14.060661,5.217613,3.302011,0.468735,3.811238
1773776261.810169,739.893005,456.265442,1189.856323,1196.158447,50.426258,61.85577,3,1.110892,0.804213,10.959328,1.321802,0.595032,1.066413,16.065844,5.217613,3.302011,0.468735,3.811238
1773776262.979906,721.764038,429.018555,1169.689209,1150.782593,51.295677,62.71941,3,1.179188,0.806924,8.718273,1.379284,0.582409,1.106665,20.866718,5.217613,3.302011,0.468735,3.811238
1773776264.154698,724.181213,453.070618,1174.730957,1177.251831,51.075523,61.514557,3,1.15828,0.806555,11.122864,1.360667,0.584092,1.100582,19.694756,5.217613,3.302011,0.468735,3.811238
1773776265.324448,697.592041,444.367554,1169.689209,1141.959595,51.295677,61.08728,3,1.116185,0.810758,11.270298,1.305589,0.565578,1.101538,20.45755,5.217613,3.302011,0.468735,3.811238
1773776266.457645,714.512451,436.270142,1133.136475,1150.782593,52.950375,62.089264,3,1.201466,0.808047,10.331694,1.361425,0.57736,1.136735,23.601357,5.217613,3.302011,0.468735,3.811238
1773776267.611009,719.346863,438.998474,1153.303467,1158.345337,52.024467,62.101246,3,1.24975,0.807296,8.889898,1.441341,0.580726,1.146348,25.408028,5.217613,3.302011,0.468735,3.811238
1773776268.768142,707.260925,437.219543,1157.084839,1144.480469,51.85445,61.797554,3,1.207041,0.809193,10.269118,1.396649,0.572311,1.107596,20.74058,5.217613,3.302011,0.468735,3.811238
1773776269.915204,698.800598,439.377625,1147.001343,1138.178223,52.310314,61.396416,3,1.166925,0.81056,10.593945,1.338464,0.56642,1.077182,16.925385,5.217613,3.302011,0.468735,3.811238
1773776271.068568,689.131836,454.088135,1153.303467,1143.219971,52.024467,60.2799,3,1.229731,0.812163,10.611469,1.418253,0.559688,1.081668,17.706848,5.217613,3.302011,0.468735,3.811238
1773776272.204286,736.267212,448.547363,1135.657349,1184.814575,52.832836,62.141979,3,1.218784,0.804745,12.384833,1.384121,0.592507,1.118927,21.293215,5.217613,3.302011,0.468735,3.811238
1773776273.404274,756.813416,464.554016,1199.939819,1221.367432,50.002506,61.964436,3,1.086704,0.8018,12.614878,1.30398,0.606813,1.06147,15.368824,5.217613,3.302011,0.468735,3.811238
1773776274.662267,700.009216,498.670105,1257.920166,1198.679321,47.697781,58.398373,3,1.165992,0.810363,4.586194,1.466725,0.567261,1.050127,16.448473,5.217613,3.302011,0.468735,3.811238
1773776275.804276,702.426453,442.054016,1141.959595,1144.480469,52.541264,61.375134,3,1.190649,0.80997,11.959608,1.359673,0.568945,1.085783,17.718601,5.217613,3.302011,0.468735,3.811238
1773776276.946296,727.807068,440.621765,1141.959595,1168.428833,52.541264,62.289383,3,1.218909,0.806006,12.776467,1.391945,0.586617,1.115535,21.281143,5.217613,3.302011,0.468735,3.811238
1773776278.0984,698.800598,422.991882,1152.043091,1121.79248,52.081387,62.293213,3,0.969366,0.81056,3.227982,1.116752,0.56642,1.183621,31.183296,5.217613,3.302011,0.468735,3.811238
1773776279.242941,819.660522,450.864136,1144.480469,1270.524658,52.425533,64.51355,3,0.563726,0.793709,-1.902767,0.645173,0.650572,0.99748,10.0,5.217613,3.302011,0.468735,3.811238
1773776280.43916,297.701782,372.852844,1196.158447,670.554626,50.16058,44.396351,2,1.578595,1.130235,-1.468055,1.88825,0.336473,1.953006,58.067108,1.988487,1.593557,1.435427,3.587249
1773776281.240837,261.12677,497.658752,801.640503,758.785522,74.846519,34.41378,2,2.418236,1.445423,-0.263957,1.938556,0.377439,2.357817,80.543221,1.988487,1.593557,1.435427,3.587249
1773776282.017305,235.309097,510.87207,776.431702,746.181152,77.276596,31.535116,2,2.683483,1.573382,-1.949456,2.083541,0.370231,2.546249,77.106827,1.988487,1.593557,1.435427,3.587249
1773776282.78369,226.703217,529.561401,766.348145,756.264648,78.293396,29.976706,2,3.064746,1.652909,-2.197916,2.348663,0.37472,2.67037,84.834679,1.988487,1.593557,1.435427,3.587249
1773776283.542511,226.703217,532.082275,758.785522,758.785522,79.07373,29.877113,2,3.26687,1.658273,-0.807167,2.478853,0.375936,2.678935,86.133316,1.988487,1.593557,1.435427,3.587249
1773776284.301346,224.551743,531.712891,758.785522,756.264648,79.07373,29.692217,2,3.231635,1.668327,-0.498755,2.452118,0.374626,2.695056,96.539413,1.988487,1.593557,1.435427,3.587249
1773776285.051344,237.460571,527.627136,749.962463,765.087708,80.004005,31.037039,2,3.08222,1.597931,0.033652,2.311549,0.379446,2.583991,89.988419,1.988487,1.593557,1.435427,3.587249
1773776285.815207,231.006149,525.258484,763.827271,756.264648,78.551788,30.545675,2,3.096478,1.622933,-0.145871,2.365175,0.374908,2.622955,102.953491,1.988487,1.593557,1.435427,3.587249
1773776286.586634,223.475998,539.09082,771.389954,762.566833,77.78167,29.305759,2,3.120811,1.689752,-0.807056,2.407362,0.377619,2.729693,94.360474,1.988487,1.593557,1.435427,3.587249
1773776287.351758,222.400253,541.427002,765.087708,763.827271,78.422379,29.116566,2,3.23088,1.700448,-1.009446,2.471906,0.37818,2.747132,94.176132,1.988487,1.593557,1.435427,3.587249
1773776288.124445,224.551743,550.619507,772.650391,775.171265,77.654785,28.968018,2,3.201085,1.708944,-0.087181,2.47332,0.383746,2.761053,105.47702,1.988487,1.593557,1.435427,3.587249
1773776288.887048,228.854675,538.753906,762.566833,767.608582,78.681625,29.81398,2,3.222892,1.661692,0.440252,2.457671,0.380286,2.684407,112.955704,1.988487,1.593557,1.435427,3.587249
1773776289.648403,220.248795,530.974121,761.306396,751.2229,78.811897,29.318703,2,3.040373,1.689025,-1.770787,2.314656,0.372006,2.728512,103.98764,1.988487,1.593557,1.435427,3.587249
1773776290.403444,226.703217,535.863647,755.004211,762.566833,79.469757,29.728964,2,3.433528,1.666319,-1.659198,2.592328,0.37776,2.691829,102.711533,1.988487,1.593557,1.435427,3.587249
1773776291.162265,232.081909,533.005798,758.785522,765.087708,79.07373,30.334026,2,3.489643,1.633952,-1.346739,2.647891,0.379211,2.640296,112.481277,1.988487,1.593557,1.435427,3.587249
1773776291.936213,238.536301,542.937134,773.910828,781.47345,77.528313,30.523916,2,3.381797,1.624059,2.772569,2.617209,0.387397,2.624722,97.424675,1.988487,1.593557,1.435427,3.587249
1773776292.697555,236.384842,522.400696,761.306396,758.785522,78.811897,31.153049,2,3.488856,1.592143,0.753304,2.656089,0.376358,2.575046,114.437065,1.988487,1.593557,1.435427,3.587249
1773776293.484107,227.778946,548.652771,786.515198,776.431702,76.285873,29.336637,2,3.310036,1.688019,-1.205712,2.603393,0.384495,2.726878,98.091461,1.988487,1.593557,1.435427,3.587249
1773776294.221514,234.233368,510.687286,737.357971,744.920654,81.371605,31.444069,2,3.278186,1.577812,1.490552,2.417197,0.369576,2.553021,106.390396,1.988487,1.593557,1.435427,3.587249
1773776294.987898,229.93042,531.375977,766.348145,761.306396,78.293396,30.202087,2,3.368258,1.6409,-0.531832,2.581258,0.377293,2.651282,97.128632,1.988487,1.593557,1.435427,3.587249
1773776295.755544,229.93042,537.678162,767.608582,767.608582,78.164841,29.954124,2,3.210431,1.654122,1.787122,2.464354,0.380333,2.672304,73.45948,1.988487,1.593557,1.435427,3.587249
1773776296.519407,238.536301,535.374512,763.827271,773.910828,78.551788,30.822193,2,3.420218,1.608765,4.407285,2.612455,0.383749,2.600809,132.4897,1.988487,1.593557,1.435427,3.587249
1773776297.293354,239.61203,535.559204,773.910828,775.171265,77.528313,30.910851,2,3.454506,1.604276,2.121333,2.67348,0.384404,2.593828,72.643181,1.988487,1.593557,1.435427,3.587249
1773776298.076124,220.248795,539.79718,782.733887,760.045959,76.654404,28.978352,2,3.320276,1.70835,-0.681805,2.598893,0.376262,2.760078,98.552116,1.988487,1.593557,1.435427,3.587249
1773776298.842521,218.097321,545.72998,766.348145,763.827271,78.293396,28.553226,2,3.287506,1.733135,-0.604665,2.519374,0.377992,2.801027,106.867638,1.988487,1.593557,1.435427,3.587249
1773776299.607645,217.021576,546.805664,765.087708,763.827271,78.422379,28.41239,2,3.358815,1.74151,-1.108303,2.569788,0.377945,2.814981,96.05883,1.988487,1.593557,1.435427,3.587249
1773776300.361425,226.703217,538.384521,753.743774,765.087708,79.602646,29.63101,2,3.365716,1.671683,-0.016537,2.536887,0.378976,2.700456,106.852921,1.988487,1.593557,1.435427,3.587249
1773776301.13033,223.475998,541.611694,768.86908,765.087708,78.03669,29.2092,2,3.200631,1.695194,0.144796,2.460866,0.378835,2.738554,108.842094,1.988487,1.593557,1.435427,3.587249
1773776301.897976,219.17305,543.393799,767.608582,762.566833,78.164841,28.741488,2,3.252785,1.722069,-0.342025,2.496866,0.377431,2.78268,99.063705,1.988487,1.593557,1.435427,3.587249
1773776302.661839,222.400253,545.208313,763.827271,767.608582,78.551788,28.973133,2,3.337136,1.70865,-0.510857,2.548995,0.380004,2.76057,98.303482,1.988487,1.593557,1.435427,3.587249
1773776303.425715,220.248795,541.057617,763.827271,761.306396,78.551788,28.930374,2,3.226951,1.711111,-0.668293,2.464833,0.37687,2.764613,94.258316,1.988487,1.593557,1.435427,3.587249
1773776304.188318,221.324524,542.502747,762.566833,763.827271,78.681625,28.975729,2,3.286567,1.708501,0.027341,2.506227,0.378133,2.760325,107.522659,1.988487,1.593557,1.435427,3.587249
1773776304.953442,228.854675,545.056152,765.087708,773.910828,78.422379,29.571194,2,3.350728,1.674976,1.006812,2.563601,0.383326,2.705764,97.442017,1.988487,1.593557,1.435427,3.587249
1773776305.724869,227.778946,542.350586,771.389954,770.129517,77.78167,29.576706,2,3.236297,1.674672,0.850639,2.496447,0.381455,2.705274,100.619194,1.988487,1.593557,1.435427,3.587249
1773776306.495034,232.081909,543.089355,770.129517,775.171265,77.908974,29.939438,2,3.205115,1.654912,0.615098,2.468353,0.384075,2.673565,87.613792,1.988487,1.593557,1.435427,3.587249
1773776307.263939,235.309097,537.341309,768.86908,772.650391,78.03669,30.454796,2,3.283235,1.627646,1.940103,2.524377,0.383,2.630359,116.48568,1.988487,1.593557,1.435427,3.587249
1773776308.031597,228.854675,531.191284,767.608582,760.045959,78.164841,30.110636,2,3.201078,1.645751,-0.093715,2.457175,0.376638,2.658978,98.557861,1.988487,1.593557,1.435427,3.587249
1773776308.805544,227.778946,544.87146,773.910828,772.650391,77.528313,29.480209,2,3.175529,1.680011,0.084175,2.457577,0.382671,2.713897,107.766518,1.988487,1.593557,1.435427,3.587249
1773776309.573189,232.081909,540.568481,767.608582,772.650391,78.164841,30.037117,2,3.148359,1.649672,-1.052397,2.416707,0.382859,2.665213,89.16008,1.988487,1.593557,1.435427,3.587249
1773776310.352178,229.93042,546.501282,778.952576,776.431702,77.026512,29.613733,2,3.159216,1.672633,-3.003431,2.46088,0.384589,2.701986,91.647118,1.988487,1.593557,1.435427,3.587249
1773776311.116041,237.460571,535.189819,763.827271,772.650391,78.551788,30.733248,2,3.155007,1.613295,-0.153036,2.40988,0.383094,2.607871,92.543198,1.988487,1.593557,1.435427,3.587249
1773776311.884947,233.157639,530.669617,768.86908,763.827271,78.03669,30.524916,2,3.298519,1.624007,0.387464,2.53613,0.37865,2.624641,95.545624,1.988487,1.593557,1.435427,3.587249
1773776312.658906,228.854675,540.014404,773.910828,768.86908,77.528313,29.765102,2,3.374753,1.664349,0.610569,2.611758,0.380894,2.688667,118.067886,1.988487,1.593557,1.435427,3.587249
1773776313.430332,222.400253,541.427002,771.389954,763.827271,77.78167,29.116566,2,3.316891,1.700448,0.570922,2.558617,0.37818,2.747132,109.184357,1.988487,1.593557,1.435427,3.587249
1773776314.200499,229.93042,549.022156,770.129517,778.952576,77.908974,29.517899,2,3.418415,1.677922,0.189714,2.632622,0.385805,2.710519,115.88385,1.988487,1.593557,1.435427,3.587249
1773776314.95932,228.854675,528.67041,758.785522,757.525085,79.07373,30.210838,2,3.461585,1.640437,1.143273,2.6266,0.375422,2.650549,123.217514,1.988487,1.593557,1.435427,3.587249
1773776315.726966,226.703217,538.384521,767.608582,765.087708,78.164841,29.63101,2,3.540622,1.671683,4.751111,2.717812,0.378976,2.700456,140.325058,1.988487,1.593557,1.435427,3.587249
1773776316.500925,228.854675,547.577026,773.910828,776.431702,77.528313,29.475185,2,3.533854,1.68029,4.318303,2.734888,0.384542,2.714348,112.351898,1.988487,1.593557,1.435427,3.587249
1773776317.266048,227.778946,536.04834,765.087708,763.827271,78.422379,29.82074,2,3.541551,1.661325,2.922395,2.709597,0.378415,2.68382,114.530136,1.988487,1.593557,1.435427,3.587249
1773776318.036215,227.778946,542.350586,770.129517,770.129517,77.908974,29.576706,2,3.502491,1.674672,3.704412,2.697372,0.381455,2.705274,117.768837,1.988487,1.593557,1.435427,3.587249
1773776318.80512,226.703217,540.905396,768.86908,767.608582,78.03669,29.533699,2,3.441157,1.677047,1.667699,2.6458,0.380192,2.709107,136.032806,1.988487,1.593557,1.435427,3.587249
1773776319.581589,221.324524,548.804993,776.431702,770.129517,77.276596,28.738611,2,3.477293,1.722237,-0.103218,2.69988,0.381173,2.782957,124.359375,1.988487,1.593557,1.435427,3.587249
1773776320.355535,221.324524,552.586304,773.910828,773.910828,77.528313,28.598196,2,3.399814,1.730479,3.214658,2.631153,0.382997,2.796613,124.053169,1.988487,1.593557,1.435427,3.587249
1773776321.119411,224.551743,543.056824,763.827271,767.608582,78.551788,29.253418,2,3.478707,1.692697,-0.070736,2.657132,0.380098,2.734486,114.700195,1.988487,1.593557,1.435427,3.587249
1773776321.887056,222.400253,542.687439,767.608582,765.087708,78.164841,29.068596,2,3.477803,1.703182,-0.485094,2.669592,0.378788,2.751605,106.647194,1.988487,1.593557,1.435427,3.587249
1773776322.648399,236.384842,541.307312,761.306396,777.692139,78.811897,30.395683,2,3.32028,1.630727,-0.176757,2.527751,0.385479,2.635209,94.529488,1.988487,1.593557,1.435427,3.587249
1773776323.433689,238.536301,549.239319,785.254761,787.775635,76.408325,30.279726,2,3.303391,1.636804,1.42195,2.594004,0.390437,2.644801,104.798424,1.988487,1.593557,1.435427,3.587249
1773776324.197554,238.536301,525.290955,763.827271,763.827271,78.551788,31.229092,2,3.320413,1.588373,2.470617,2.536222,0.378885,2.569234,114.747459,1.988487,1.593557,1.435427,3.587249
1773776324.981596,224.551743,543.056824,783.994324,767.608582,76.531166,29.253418,2,3.232953,1.692697,-0.352123,2.534617,0.380098,2.734486,114.943588,1.988487,1.593557,1.435427,3.587249
1773776325.74294,239.61203,539.340576,761.306396,778.952576,78.811897,30.760798,2,3.295691,1.611889,1.633436,2.509031,0.386228,2.605677,119.298965,1.988487,1.593557,1.435427,3.587249
1773776326.511845,229.93042,527.594666,768.86908,757.525085,78.03669,30.352846,2,3.284441,1.632966,-0.25902,2.525305,0.375469,2.63874,96.548203,1.988487,1.593557,1.435427,3.587249
1773776327.275708,233.157639,534.450928,763.827271,767.608582,78.551788,30.374548,2,3.383475,1.631831,2.465123,2.584391,0.380474,2.636949,123.85331,1.988487,1.593557,1.435427,3.587249
1773776328.054697,223.475998,544.132568,778.952576,767.608582,77.026512,29.113276,2,3.226602,1.700635,-0.68923,2.51337,0.380051,2.747438,109.159149,1.988487,1.593557,1.435427,3.587249
1773776328.826123,221.324524,547.544556,771.389954,768.86908,77.78167,28.785723,2,3.215904,1.71949,-1.148581,2.480716,0.380565,2.778418,104.304932,1.988487,1.593557,1.435427,3.587249
1773776329.581176,227.778946,534.787903,755.004211,762.566833,79.469757,29.870029,2,3.270425,1.658656,-0.017094,2.469185,0.377807,2.679547,104.728233,1.988487,1.593557,1.435427,3.587249
1773776330.357644,231.006149,549.206848,776.431702,780.213013,77.276596,29.608086,2,3.17806,1.672944,-0.061789,2.467546,0.38646,2.702487,92.886971,1.988487,1.593557,1.435427,3.587249
1773776331.131591,237.460571,544.012878,773.910828,781.47345,77.528313,30.386263,2,3.092742,1.631219,-0.290574,2.393507,0.38735,2.635984,88.781494,1.988487,1.593557,1.435427,3.587249
1773776331.905539,236.384842,536.265564,773.910828,772.650391,77.528313,30.594025,2,3.164932,1.620438,0.891733,2.449375,0.383047,2.619041,109.173378,1.988487,1.593557,1.435427,3.587249
1773776332.688309,227.778946,544.87146,782.733887,772.650391,76.654404,29.480209,2,3.169917,1.680011,-0.688747,2.481201,0.382671,2.713897,110.627426,1.988487,1.593557,1.435427,3.587249
1773776333.46731,225.627487,550.804199,778.952576,776.431702,77.026512,29.059542,2,3.116395,1.703699,-1.069622,2.427524,0.384401,2.752452,94.655403,1.988487,1.593557,1.435427,3.587249
1773776334.227393,225.627487,534.418457,760.045959,760.045959,78.942596,29.686031,2,3.154561,1.668666,-0.729173,2.397611,0.376497,2.6956,104.487778,1.988487,1.593557,1.435427,3.587249
1773776335.000079,228.854675,547.577026,772.650391,776.431702,77.654785,29.475185,2,3.212599,1.68029,0.175125,2.482216,0.384542,2.714348,115.393349,1.988487,1.593557,1.435427,3.587249
1773776335.772766,225.627487,543.241577,772.650391,768.86908,77.654785,29.345373,2,3.144924,1.68753,-0.6615,2.429927,0.380753,2.726083,99.215164,1.988487,1.593557,1.435427,3.587249
1773776336.550494,223.475998,551.695251,777.692139,775.171265,77.151352,28.829241,2,3.165524,1.71696,0.012195,2.461803,0.383699,2.774244,94.775017,1.988487,1.593557,1.435427,3.587249
1773776337.325714,226.703217,552.24939,775.171265,778.952576,77.402252,29.103598,2,3.284805,1.701186,1.218037,2.546286,0.385664,2.748339,116.905998,1.988487,1.593557,1.435427,3.587249
1773776338.102182,232.081909,550.651978,776.431702,782.733887,77.276596,29.650167,2,3.281769,1.670631,0.782816,2.548069,0.387723,2.698762,97.692406,1.988487,1.593557,1.435427,3.587249
1773776338.87991,232.081909,545.610229,777.692139,777.692139,77.151352,29.842388,2,3.0968,1.660152,0.125567,2.408357,0.385291,2.681941,103.843269,1.988487,1.593557,1.435427,3.587249
1773776339.661421,228.854675,548.837463,781.47345,777.692139,76.778038,29.427412,2,3.298891,1.682947,-0.011117,2.577996,0.38515,2.71865,115.558792,1.988487,1.593557,1.435427,3.587249
1773776340.434107,235.309097,544.903931,772.650391,780.213013,77.654785,30.159595,2,3.358181,1.64315,1.842879,2.594699,0.386648,2.65485,115.692665,1.988487,1.593557,1.435427,3.587249
1773776341.215629,234.233368,545.979614,781.47345,780.213013,76.778038,30.021721,2,3.302591,1.650496,1.047052,2.580888,0.386601,2.666524,112.542809,1.988487,1.593557,1.435427,3.587249
1773776342.005962,228.854675,555.139648,790.29657,783.994324,75.920868,29.190859,2,3.16735,1.696231,-0.026078,2.503145,0.38819,2.740246,105.629677,1.988487,1.593557,1.435427,3.587249
1773776342.772347,235.309097,538.601746,766.348145,773.910828,78.293396,30.405197,2,3.203689,1.63023,0.864782,2.455141,0.383608,2.634426,114.062263,1.988487,1.593557,1.435427,3.587249
1773776343.551335,234.233368,543.45874,778.952576,777.692139,77.026512,30.119034,2,3.189638,1.645304,1.548277,2.484576,0.385385,2.658268,104.756828,1.988487,1.593557,1.435427,3.587249
1773776344.325295,231.006149,539.123352,773.910828,770.129517,77.528313,29.995754,2,3.16055,1.651887,0.496121,2.445984,0.381596,2.668741,108.493515,1.988487,1.593557,1.435427,3.587249
1773776345.104284,231.006149,547.946411,778.952576,778.952576,77.026512,29.655996,2,3.115689,1.670312,-0.647839,2.426974,0.385852,2.698247,84.955338,1.988487,1.593557,1.435427,3.587249
1773776345.871928,235.309097,537.341309,767.608582,772.650391,78.164841,30.454796,2,3.135231,1.627646,0.035954,2.406631,0.383,2.630359,91.96077,1.988487,1.593557,1.435427,3.587249
1773776346.653439,237.460571,546.533752,781.47345,783.994324,76.778038,30.288557,2,2.999187,1.63634,0.453839,2.343785,0.388566,2.644067,111.609711,1.988487,1.593557,1.435427,3.587249
1773776347.428646,239.61203,538.080078,775.171265,777.692139,77.402252,30.810654,2,3.020022,1.609351,0.44931,2.341035,0.38562,2.601722,98.610199,1.988487,1.593557,1.435427,3.587249
1773776348.205127,240.687759,537.004395,776.431702,777.692139,77.276596,30.948977,2,3.041066,1.602354,0.462525,2.36118,0.385667,2.590844,94.718361,1.988487,1.593557,1.435427,3.587249
1773776348.979074,231.006149,531.560669,773.910828,762.566833,77.528313,30.293232,2,3.106402,1.636094,0.694874,2.404078,0.377948,2.643678,108.879707,1.988487,1.593557,1.435427,3.587249
1773776349.768146,233.157639,558.399353,789.036072,791.557007,76.042152,29.455572,2,3.008914,1.68138,-0.473809,2.374142,0.392027,2.716112,92.576439,1.988487,1.593557,1.435427,3.587249
1773776350.534531,231.006149,532.821106,766.348145,763.827271,78.293396,30.243244,2,3.129389,1.638726,0.451723,2.398201,0.378556,2.64784,91.553093,1.988487,1.593557,1.435427,3.587249
1773776351.302175,234.233368,537.156616,767.608582,771.389954,78.164841,30.365103,2,3.138241,1.632325,0.354834,2.408941,0.382345,2.637728,100.952728,1.988487,1.593557,1.435427,3.587249
1773776352.073613,227.778946,536.04834,771.389954,763.827271,77.78167,29.82074,2,3.23188,1.661325,-0.576601,2.49304,0.378415,2.68382,117.884277,1.988487,1.593557,1.435427,3.587249
1773776352.84378,215.945847,540.318787,770.129517,756.264648,77.908974,28.55427,2,3.309981,1.733074,-0.259948,2.549114,0.37425,2.800925,98.296387,1.988487,1.593557,1.435427,3.587249
1773776353.602601,213.794373,542.470276,758.785522,756.264648,79.07373,28.269783,2,3.800458,1.750075,0.147283,2.883733,0.374156,2.829314,97.651802,1.988487,1.593557,1.435427,3.587249
1773776354.356382,212.718643,539.764709,753.743774,752.483337,79.602646,28.268887,2,3.969118,1.750129,-1.948009,2.991698,0.372285,2.829405,130.213348,1.988487,1.593557,1.435427,3.587249
1773776355.127808,223.475998,560.518311,771.389954,783.994324,77.78167,28.504797,2,3.661777,1.736006,-0.226278,2.824658,0.387956,2.805803,129.480637,1.988487,1.593557,1.435427,3.587249
1773776355.904277,218.097321,552.032227,776.431702,770.129517,77.276596,28.319565,2,3.356913,1.747075,-1.640228,2.606413,0.381032,2.824287,101.926468,1.988487,1.593557,1.435427,3.587249
1773776356.66185,227.778946,541.090149,757.525085,768.86908,79.205299,29.625193,2,3.317311,1.672003,-0.342137,2.512947,0.380847,2.700971,92.320763,1.988487,1.593557,1.435427,3.587249
1773776357.421932,224.551743,531.712891,760.045959,756.264648,78.942596,29.692217,2,3.354773,1.668327,0.457291,2.549782,0.374626,2.695056,88.045982,1.988487,1.593557,1.435427,3.587249
1773776358.1984,221.324524,551.325867,776.431702,772.650391,77.276596,28.644848,2,3.477458,1.727731,1.106634,2.700009,0.382389,2.792055,107.931709,1.988487,1.593557,1.435427,3.587249
1773776358.978649,214.870117,557.780273,780.213013,772.650391,76.902077,27.809488,2,3.493912,1.778319,-0.109529,2.725995,0.382108,2.87702,104.44902,1.988487,1.593557,1.435427,3.587249
1773776359.746294,211.642914,552.184326,767.608582,763.827271,78.164841,27.708218,2,3.57031,1.784659,-0.189007,2.740601,0.37771,2.887822,116.990112,1.988487,1.593557,1.435427,3.587249
1773776360.520242,210.567169,562.083252,773.910828,772.650391,77.528313,27.252583,2,3.591423,1.813766,-0.486505,2.779441,0.38192,2.937853,122.018631,1.988487,1.593557,1.435427,3.587249
1773776361.284117,222.400253,555.29187,763.827271,777.692139,78.551788,28.597467,2,3.591939,1.730522,1.072667,2.743621,0.384868,2.796684,125.870995,1.988487,1.593557,1.435427,3.587249
1773776362.058065,222.400253,551.510559,773.910828,773.910828,77.528313,28.737194,2,3.422783,1.72232,0.282965,2.648929,0.383044,2.783094,117.892967,1.988487,1.593557,1.435427,3.587249
1773776362.823189,232.081909,544.349792,765.087708,776.431702,78.422379,29.890833,2,3.5274,1.657532,2.987916,2.69877,0.384683,2.67775,115.05471,1.988487,1.593557,1.435427,3.587249
1773776363.595875,226.703217,539.644897,772.650391,766.348145,77.654785,29.582273,2,3.650946,1.674365,0.700145,2.820904,0.379584,2.704779,119.037956,1.988487,1.593557,1.435427,3.587249
1773776364.344614,239.61203,524.21521,748.702026,763.827271,80.138687,31.369925,2,3.752631,1.581438,5.624635,2.809602,0.378931,2.558577,110.033432,1.988487,1.593557,1.435427,3.587249
1773776365.118561,246.066452,535.406982,773.910828,781.47345,77.528313,31.487501,2,3.532673,1.575696,4.011822,2.733974,0.387726,2.549784,87.182076,1.988487,1.593557,1.435427,3.587249
1773776365.89252,244.990723,527.659668,773.910828,772.650391,77.528313,31.707836,2,3.221761,1.56505,3.963117,2.493356,0.383423,2.533555,93.015625,1.988487,1.593557,1.435427,3.587249
1773776366.668988,240.687759,530.702209,776.431702,771.389954,77.276596,31.201828,2,2.897307,1.589722,0.649213,2.249561,0.382627,2.571313,103.298195,1.988487,1.593557,1.435427,3.587249
1773776367.441675,235.309097,531.039062,772.650391,766.348145,77.654785,30.70525,2,3.038423,1.614726,1.033837,2.347638,0.37996,2.610106,116.688232,1.988487,1.593557,1.435427,3.587249
1773776368.223185,246.066452,548.011414,781.47345,794.077881,76.778038,30.987698,2,2.967192,1.600406,0.519879,2.318782,0.393806,2.587823,110.22258,1.988487,1.593557,1.435427,3.587249
1773776368.995872,244.990723,526.399231,772.650391,771.389954,77.654785,31.759647,2,3.02304,1.562568,0.758575,2.335753,0.382815,2.529786,105.323189,1.988487,1.593557,1.435427,3.587249
1773776369.786216,239.61203,544.382324,790.29657,783.994324,75.920868,30.562979,2,3.110924,1.622039,0.997234,2.458552,0.38866,2.621552,119.507729,1.988487,1.593557,1.435427,3.587249
1773776370.566466,233.157639,539.492737,780.213013,772.650391,76.902077,30.176344,2,3.125796,1.642262,0.468242,2.438787,0.382906,2.653442,112.208412,1.988487,1.593557,1.435427,3.587249
1773776371.342934,236.384842,543.828186,776.431702,780.213013,77.276596,30.297476,2,3.250638,1.635871,2.132581,2.523898,0.386695,2.643326,116.934341,1.988487,1.593557,1.435427,3.587249
1773776372.116882,228.854675,536.233032,773.910828,765.087708,77.528313,29.912216,2,3.240458,1.656378,2.298555,2.507825,0.37907,2.675907,117.92469,1.988487,1.593557,1.435427,3.587249
1773776372.899664,229.93042,554.063904,782.733887,783.994324,76.654404,29.328072,2,3.355611,1.6885,1.827956,2.62655,0.388237,2.727658,135.265884,1.988487,1.593557,1.435427,3.587249
1773776373.683694,264.353973,559.974487,783.994324,824.32843,76.531166,32.069008,2,2.904736,1.547915,0.641603,2.277296,0.409198,2.507638,122.398712,1.988487,1.593557,1.435427,3.587249
1773776374.442517,565.854736,492.915771,758.785522,1058.770508,79.07373,53.444511,3,2.127003,0.83741,6.047949,1.613939,0.473852,1.577174,51.884842,5.217613,3.302011,0.468735,3.811238
1773776375.413105,650.456665,408.313843,970.539612,1058.770508,61.821278,61.435097,3,1.612454,0.819054,17.601301,1.56495,0.532759,1.274653,35.772011,5.217613,3.302011,0.468735,3.811238
1773776376.473184,663.751282,410.14447,1060.030884,1073.895752,56.602123,61.807793,3,1.519027,0.816595,17.035009,1.610215,0.542016,1.226985,34.693531,5.217613,3.302011,0.468735,3.811238
1773776377.568568,679.463013,432.245972,1095.323242,1111.708984,54.778351,61.118782,3,1.458056,0.813812,13.88958,1.597043,0.552956,1.183579,29.64658,5.217613,3.302011,0.468735,3.811238
1773776378.676544,698.800598,429.294128,1107.927612,1128.094727,54.155163,61.945206,3,1.375959,0.81056,13.05351,1.524463,0.56642,1.157543,26.560745,5.217613,3.302011,0.468735,3.811238
1773776379.790834,684.297485,414.807129,1114.229858,1099.104614,53.848854,62.259544,3,1.39265,0.812982,17.057739,1.551732,0.556322,1.166455,28.959797,5.217613,3.302011,0.468735,3.811238
1773776380.895041,677.045837,419.537903,1104.146362,1096.58374,54.340622,61.741371,3,1.45568,0.814232,18.94446,1.607284,0.551272,1.157382,28.492264,5.217613,3.302011,0.468735,3.811238
1773776381.995455,663.751282,422.74884,1100.36499,1086.500122,54.527363,61.090767,3,1.478686,0.816595,16.521667,1.627094,0.542016,1.173058,29.913708,5.217613,3.302011,0.468735,3.811238
1773776383.06563,660.125427,406.207703,1070.114502,1066.33313,56.068768,61.906116,3,1.522286,0.817255,19.112076,1.62902,0.539491,1.197916,32.511112,5.217613,3.302011,0.468735,3.811238
1773776384.137053,638.370667,410.316345,1071.374878,1048.687012,56.002808,60.873325,3,1.540309,0.821378,18.57975,1.650248,0.524344,1.188036,31.34724,5.217613,3.302011,0.468735,3.811238
1773776385.184528,646.830872,409.418762,1047.426514,1056.249634,57.283257,61.238449,3,1.504588,0.819742,17.728212,1.575945,0.530234,1.191517,30.543186,5.217613,3.302011,0.468735,3.811238
1773776386.230755,654.082458,399.646301,1046.166016,1053.72876,57.352276,62.073135,3,1.575981,0.818373,19.555727,1.648738,0.535284,1.225006,34.591217,5.217613,3.302011,0.468735,3.811238
1773776387.298397,646.830872,413.200012,1067.593506,1060.030884,56.201164,61.020004,3,1.565339,0.819742,18.391499,1.671146,0.530234,1.227073,35.888878,5.217613,3.302011,0.468735,3.811238
1773776388.352175,655.291077,407.260681,1053.72876,1062.551758,56.940651,61.671448,3,1.595485,0.818148,19.278946,1.681208,0.536125,1.235979,36.633743,5.217613,3.302011,0.468735,3.811238
1773776389.431173,654.082458,423.594666,1078.9375,1077.677124,55.610264,60.693729,3,1.523824,0.818373,18.083448,1.644111,0.535284,1.175461,29.885303,5.217613,3.302011,0.468735,3.811238
1773776390.493773,646.830872,408.158264,1062.551758,1054.989136,56.467838,61.311615,3,1.544596,0.819742,19.807793,1.641213,0.530234,1.20292,33.237648,5.217613,3.302011,0.468735,3.811238
1773776391.553864,632.327698,412.577942,1060.030884,1044.90564,56.602123,60.515289,3,1.591107,0.822574,20.848816,1.686623,0.520136,1.192908,32.764717,5.217613,3.302011,0.468735,3.811238
1773776392.596298,631.11908,410.005188,1042.384766,1041.124268,57.560318,60.618996,3,1.63571,0.822816,19.650097,1.705039,0.519295,1.252466,38.456066,5.217613,3.302011,0.468735,3.811238
1773776393.634949,651.665283,408.365601,1038.603394,1060.030884,57.769886,61.476063,3,1.607689,0.818826,19.030252,1.669751,0.5336,1.260665,38.58783,5.217613,3.302011,0.468735,3.811238
1773776394.736635,453.683502,480.303314,1101.625488,933.986816,54.46497,48.574936,2,1.63299,1.036764,4.937465,1.798943,0.470363,1.849183,38.987236,1.988487,1.593557,1.435427,3.587249
1773776395.610158,281.565765,390.249298,873.485596,671.815063,68.690315,41.911201,2,1.904226,1.194664,-0.297293,1.663314,0.336376,2.028892,62.023239,1.988487,1.593557,1.435427,3.587249
1773776396.408065,257.899536,512.22998,797.859192,770.129517,75.201241,33.487816,2,2.44052,1.484183,-0.415528,1.947191,0.38277,2.413426,67.956535,1.988487,1.593557,1.435427,3.587249
1773776397.198399,249.293655,530.919373,790.29657,780.213013,75.920868,31.952,2,2.613462,1.553424,-1.15426,2.06541,0.387259,2.515943,79.837387,1.988487,1.593557,1.435427,3.587249
1773776397.989992,237.460571,540.231567,791.557007,777.692139,75.799973,30.534008,2,2.831781,1.623537,-0.933346,2.241516,0.385526,2.623902,87.189468,1.988487,1.593557,1.435427,3.587249
1773776398.774034,236.384842,546.34906,783.994324,782.733887,76.531166,30.1999,2,2.974813,1.641015,-0.586958,2.332237,0.387911,2.651465,86.381638,1.988487,1.593557,1.435427,3.587249
1773776399.556805,233.157639,545.794922,782.733887,778.952576,76.654404,29.932201,2,3.105221,1.655301,-0.905281,2.430562,0.385946,2.674187,97.118767,1.988487,1.593557,1.435427,3.587249
1773776400.329492,236.384842,540.046875,772.650391,776.431702,77.654785,30.445026,2,3.029854,1.628154,0.716107,2.341018,0.384871,2.631158,105.445694,1.988487,1.593557,1.435427,3.587249
1773776401.111001,241.763519,546.012085,781.47345,787.775635,76.778038,30.689388,2,3.081616,1.615538,1.565094,2.408201,0.390578,2.611374,107.064949,1.988487,1.593557,1.435427,3.587249
1773776401.900074,236.384842,546.34906,789.036072,782.733887,76.042152,30.1999,2,3.102235,1.641015,0.169594,2.447776,0.387911,2.651465,117.522728,1.988487,1.593557,1.435427,3.587249
1773776402.676554,243.914993,541.339783,776.431702,785.254761,77.276596,31.061893,2,3.010784,1.596687,0.596871,2.337668,0.389456,2.582066,89.802666,1.988487,1.593557,1.435427,3.587249
1773776403.470668,238.536301,549.239319,794.077881,787.775635,75.559341,30.279726,2,3.06074,1.636804,0.048538,2.430466,0.390437,2.644801,86.155464,1.988487,1.593557,1.435427,3.587249
1773776404.254699,252.520874,547.859192,783.994324,800.380066,76.531166,31.550121,2,3.012266,1.572655,0.724943,2.3616,0.397128,2.545139,91.35334,1.988487,1.593557,1.435427,3.587249
1773776405.019823,244.990723,511.273926,765.087708,756.264648,78.422379,32.39484,2,2.889749,1.532785,-1.005103,2.210911,0.375518,2.484959,86.006271,1.988487,1.593557,1.435427,3.587249
1773776405.802606,233.157639,535.711426,782.733887,768.86908,76.654404,30.324751,2,2.983231,1.634439,-0.791242,2.335076,0.381082,2.641064,96.853455,1.988487,1.593557,1.435427,3.587249
1773776406.577813,229.93042,541.459534,775.171265,771.389954,77.402252,29.807287,2,3.174925,1.662055,-0.45135,2.461111,0.382157,2.684989,104.391418,1.988487,1.593557,1.435427,3.587249
1773776407.341676,233.157639,534.450928,763.827271,767.608582,78.551788,30.374548,2,3.191872,1.631831,2.391695,2.438039,0.380474,2.636949,108.884041,1.988487,1.593557,1.435427,3.587249
1773776408.130749,222.400253,554.031433,789.036072,776.431702,76.042152,28.64389,2,3.290964,1.727788,0.115024,2.596689,0.38426,2.792148,121.93853,1.988487,1.593557,1.435427,3.587249
1773776408.900915,235.309097,549.945679,770.129517,785.254761,77.908974,29.965956,2,3.483646,1.653486,1.501318,2.682859,0.38908,2.67129,99.962204,1.988487,1.593557,1.435427,3.587249
1773776409.650914,247.142181,516.685059,749.962463,763.827271,80.004005,32.355766,2,3.431836,1.534583,3.567691,2.573748,0.37926,2.487645,103.689896,1.988487,1.593557,1.435427,3.587249
1773776410.448822,240.687759,549.608826,797.859192,790.29657,75.201241,30.455372,2,3.013056,1.627616,-0.006886,2.403994,0.391747,2.630311,93.10392,1.988487,1.593557,1.435427,3.587249
1773776411.232852,250.369385,544.968933,783.994324,795.338318,76.531166,31.479609,2,3.076312,1.57608,2.33371,2.411811,0.394602,2.550371,97.003334,1.988487,1.593557,1.435427,3.587249
1773776412.020665,248.217926,537.036865,787.775635,785.254761,76.163818,31.609859,2,2.994842,1.569765,1.166809,2.359264,0.389644,2.540732,91.229439,1.988487,1.593557,1.435427,3.587249
1773776412.805955,251.445145,537.590942,785.254761,789.036072,76.408325,31.867382,2,2.928988,1.557433,-1.02036,2.300001,0.391609,2.522003,110.037186,1.988487,1.593557,1.435427,3.587249
1773776413.5963,248.217926,538.297241,790.29657,786.515198,75.920868,31.559202,2,2.675955,1.572215,-0.342805,2.114798,0.390252,2.544467,86.822929,1.988487,1.593557,1.435427,3.587249
1773776414.368987,247.142181,524.247803,772.650391,771.389954,77.654785,32.038555,2,2.878123,1.549345,-0.07946,2.223783,0.382908,2.509791,88.509689,1.988487,1.593557,1.435427,3.587249
1773776415.145455,256.823822,530.951782,776.431702,787.775635,77.276596,32.601139,2,2.752885,1.523362,-0.375658,2.137428,0.391236,2.470933,83.049171,1.988487,1.593557,1.435427,3.587249
1773776415.91058,271.884155,510.849731,765.087708,782.733887,78.422379,34.735195,2,2.790818,1.432452,-0.407398,2.135221,0.389461,2.339492,94.999252,1.988487,1.593557,1.435427,3.587249
1773776416.705966,582.775208,521.371155,795.338318,1104.146362,75.43959,52.780609,3,1.940446,0.833312,14.387155,1.543311,0.485634,1.493861,43.518387,5.217613,3.302011,0.468735,3.811238
1773776417.69294,640.787842,406.638672,986.925293,1047.426514,60.794876,61.177357,3,1.620442,0.820906,17.300554,1.599255,0.526027,1.264128,35.52655,5.217613,3.302011,0.468735,3.811238
1773776418.737894,662.542664,405.050842,1044.90564,1067.593506,57.421452,62.059448,3,1.497259,0.816814,16.796389,1.564495,0.541174,1.18137,28.658947,5.217613,3.302011,0.468735,3.811238
1773776419.824443,645.622314,423.231689,1086.500122,1068.854004,55.223186,60.403229,3,1.433224,0.819973,15.615083,1.557199,0.529393,1.177338,29.746227,5.217613,3.302011,0.468735,3.811238
1773776420.897139,652.873901,427.324097,1072.635376,1080.197998,55.936996,60.440208,3,1.455226,0.818599,16.036039,1.560927,0.534442,1.190937,30.320705,5.217613,3.302011,0.468735,3.811238
1773776421.958479,673.420044,409.298828,1061.291382,1082.718872,56.534897,62.197132,3,1.445714,0.814867,17.007185,1.534324,0.548748,1.195894,30.863651,5.217613,3.302011,0.468735,3.811238
1773776423.037477,677.045837,405.673035,1078.9375,1082.718872,55.610264,62.532009,3,1.409724,0.814232,16.938843,1.521003,0.551272,1.202654,31.96096,5.217613,3.302011,0.468735,3.811238
1773776424.144193,649.248108,428.429016,1106.667236,1077.677124,54.216839,60.245144,3,1.399396,0.819282,13.985672,1.548666,0.531917,1.173145,29.545265,5.217613,3.302011,0.468735,3.811238
1773776425.208065,662.542664,415.13446,1063.812256,1077.677124,56.400928,61.478771,3,1.404585,0.816814,16.206579,1.494215,0.541174,1.186922,29.039268,5.217613,3.302011,0.468735,3.811238
1773776426.276968,668.585693,406.570557,1068.854004,1075.15625,56.134888,62.184978,3,1.380706,0.815725,15.399419,1.475773,0.545382,1.164628,27.093433,5.217613,3.302011,0.468735,3.811238
1773776427.354705,664.9599,408.935852,1077.677124,1073.895752,55.675304,61.920338,3,1.357801,0.816376,13.434958,1.463271,0.542857,1.152777,25.532537,5.217613,3.302011,0.468735,3.811238
1773776428.461422,656.499634,441.344482,1106.667236,1097.844116,54.216839,59.798985,3,1.2989,0.817924,12.073414,1.43745,0.536967,1.113019,21.006918,5.217613,3.302011,0.468735,3.811238
1773776429.595879,710.886658,480.230042,1134.396851,1191.116699,52.891544,59.682369,3,1.235954,0.808617,3.790792,1.402063,0.574835,1.097886,18.472307,5.217613,3.302011,0.468735,3.811238
1773776435.824034,719.346863,494.457947,1252.878418,1213.80481,47.889721,59.263802,3,1.18833,0.807296,4.196619,1.488833,0.580726,1.073512,18.535683,5.217613,3.302011,0.468735,3.811238
1773776436.963521,785.819763,422.943176,1139.438721,1208.762939,52.657505,65.010246,3,0.926114,0.797905,3.204015,1.055251,0.62701,1.095179,19.063339,5.217613,3.302011,0.468735,3.811238
1773776438.21646,725.389832,464.466492,1252.878418,1189.856323,47.889721,60.964489,3,0.751788,0.806371,10.490961,0.941899,0.584933,1.037105,13.333927,5.217613,3.302011,0.468735,3.811238
1773776439.407637,695.174805,464.430908,1191.116699,1159.605713,50.372898,59.949238,3,1.224062,0.811156,9.987844,1.458001,0.563895,1.062145,15.999544,5.217613,3.302011,0.468735,3.811238
1773776440.593773,681.880249,490.329834,1186.074951,1172.210083,50.587021,58.170479,3,1.19094,0.813396,5.000746,1.412544,0.554639,1.076447,17.504303,5.217613,3.302011,0.468735,3.811238
1773776441.721928,735.058655,448.495422,1128.094727,1183.554077,53.187023,62.106049,3,1.223034,0.804923,10.58301,1.379698,0.591666,1.114898,20.765224,5.217613,3.302011,0.468735,3.811238
1773776442.938314,814.826172,484.688599,1216.325684,1299.514771,49.328892,62.702339,3,1.060583,0.794287,10.446211,1.290015,0.647206,1.040916,12.671314,5.217613,3.302011,0.468735,3.811238
1773776444.221504,730.224243,464.673828,1283.129028,1194.898071,46.760693,61.111843,3,1.098115,0.805642,4.751266,1.409023,0.5883,1.042868,15.445791,5.217613,3.302011,0.468735,3.811238
1773776445.401337,824.494934,453.592346,1179.772827,1278.08728,50.85725,64.510063,3,0.980763,0.793138,10.107379,1.157078,0.653938,1.065245,13.158112,5.217613,3.302011,0.468735,3.811238
1773776446.684527,806.365967,457.856445,1283.129028,1264.222412,46.760693,63.78355,3,1.099255,0.795316,9.945678,1.410486,0.641316,1.040769,14.360027,5.217613,3.302011,0.468735,3.811238
1773776476.620245,726.59845,485.94574,1170.949707,1212.544189,51.240459,59.923466,3,1.213354,0.806188,2.667756,1.420776,0.585775,1.02564,10.408127,5.217613,3.302011,0.468735,3.811238
1773776477.840412,689.131836,491.901367,1220.106934,1181.033203,49.176018,58.349915,3,1.208785,0.812163,10.2732,1.474846,0.559688,1.037928,13.46357,5.217613,3.302011,0.468735,3.811238
1773776478.977391,668.585693,446.904663,1136.917847,1115.490356,52.774261,59.936481,3,1.278827,0.815725,12.636073,1.453922,0.545382,1.108719,21.204762,5.217613,3.302011,0.468735,3.811238
1773776480.087888,667.377075,441.811035,1110.448486,1109.18811,54.032223,60.168068,3,1.258465,0.815941,11.645042,1.397461,0.54454,1.110636,20.531189,5.217613,3.302011,0.468735,3.811238
1773776481.180751,695.174805,426.617676,1092.802368,1121.79248,54.904713,61.970001,3,1.261101,0.811156,13.844455,1.378134,0.563895,1.133833,22.591072,5.217613,3.302011,0.468735,3.811238
1773776482.315208,687.923279,438.91095,1134.396851,1126.834229,52.891544,61.049198,3,1.227437,0.812367,14.056899,1.392401,0.558846,1.112759,21.051088,5.217613,3.302011,0.468735,3.811238
1773776483.432008,691.549011,428.983093,1116.750732,1120.532104,53.727299,61.716125,3,1.273412,0.811758,12.95004,1.422084,0.561371,1.107285,20.256554,5.217613,3.302011,0.468735,3.811238
1773776484.570247,673.420044,445.851562,1138.178223,1119.271606,52.71582,60.165916,3,1.280855,0.814867,10.595218,1.457842,0.548748,1.133831,24.154331,5.217613,3.302011,0.468735,3.811238
1773776485.6921,743.518799,451.379272,1121.79248,1194.898071,53.485828,62.224453,3,1.144592,0.803687,12.233317,1.283995,0.597556,1.087616,15.819923,5.217613,3.302011,0.468735,3.811238
1773776486.865632,655.291077,426.167297,1173.470581,1081.458374,51.130383,60.593277,3,1.2001,0.818148,12.446286,1.408282,0.536125,1.094999,20.911722,5.217613,3.302011,0.468735,3.811238
1773776487.95218,652.873901,431.105347,1086.500122,1083.979248,55.223186,60.229374,3,1.312353,0.818599,13.592052,1.425871,0.534442,1.147079,24.082716,5.217613,3.302011,0.468735,3.811238
1773776489.028645,651.665283,423.490967,1076.416626,1075.15625,55.740498,60.611217,3,1.354854,0.818826,13.7393,1.458387,0.5336,1.147412,25.142349,5.217613,3.302011,0.468735,3.811238
1773776490.116466,654.082458,436.199036,1087.76062,1090.281494,55.159195,59.992069,3,1.350659,0.818373,13.891939,1.469193,0.535284,1.174605,27.880682,5.217613,3.302011,0.468735,3.811238
1773776491.199234,658.91687,428.84375,1082.718872,1087.76062,55.416046,60.575539,3,1.368109,0.817477,14.372774,1.481278,0.53865,1.155985,25.589609,5.217613,3.302011,0.468735,3.811238
1773776492.285795,646.830872,427.06488,1086.500122,1073.895752,55.223186,60.232185,3,1.364376,0.819742,15.414024,1.482395,0.530234,1.195065,30.554199,5.217613,3.302011,0.468735,3.811238
1773776493.342093,668.585693,410.351807,1056.249634,1078.9375,56.804752,61.967045,3,1.378608,0.815725,17.609877,1.456154,0.545382,1.181695,28.441326,5.217613,3.302011,0.468735,3.811238
1773776494.423612,667.377075,412.820923,1081.458374,1080.197998,55.480637,61.782848,3,1.388918,0.815941,15.573104,1.502057,0.54454,1.158412,26.104441,5.217613,3.302011,0.468735,3.811238
1773776495.507639,663.751282,416.446716,1083.979248,1080.197998,55.351612,61.447186,3,1.343581,0.816595,16.536085,1.456414,0.542016,1.152219,25.371761,5.217613,3.302011,0.468735,3.811238
1773776496.581596,678.254456,410.766541,1073.895752,1089.020996,55.871346,62.28112,3,1.421421,0.814022,18.482347,1.526458,0.552114,1.224324,33.827557,5.217613,3.302011,0.468735,3.811238
1773776497.668144,685.506042,408.556824,1086.500122,1094.062866,55.223186,62.656914,3,1.389898,0.812776,17.961855,1.510124,0.557163,1.186599,30.029835,5.217613,3.302011,0.468735,3.811238
1773776498.774872,683.088806,421.057556,1106.667236,1104.146362,54.216839,61.865784,3,1.317649,0.813189,18.348358,1.458199,0.55548,1.124783,23.03458,5.217613,3.302011,0.468735,3.811238
1773776499.871505,649.248108,412.043274,1096.58374,1061.291382,54.715385,61.175293,3,1.423722,0.819282,16.259418,1.561231,0.531917,1.184113,31.302799,5.217613,3.302011,0.468735,3.811238
1773776500.930336,666.168457,410.248169,1058.770508,1076.416626,56.669506,61.887604,3,1.456471,0.816158,17.798653,1.542068,0.543699,1.213276,31.93557,5.217613,3.302011,0.468735,3.811238
1773776502.005541,668.585693,409.091431,1075.15625,1077.677124,55.805843,62.03952,3,1.428413,0.815725,18.542938,1.535768,0.545382,1.216381,33.417633,5.217613,3.302011,0.468735,3.811238
1773776503.08706,674.628662,413.131958,1081.458374,1087.76062,55.480637,62.019955,3,1.413563,0.814655,18.496691,1.52871,0.549589,1.192153,30.848175,5.217613,3.302011,0.468735,3.811238
1773776504.167306,697.592041,406.554321,1080.197998,1104.146362,55.545372,63.17931,3,1.354043,0.810758,19.27228,1.462635,0.565578,1.159709,26.118031,5.217613,3.302011,0.468735,3.811238
1773776505.275294,692.757629,410.128235,1107.927612,1102.885864,54.155163,62.813175,3,1.352369,0.811557,17.983797,1.498327,0.562212,1.161607,27.951061,5.217613,3.302011,0.468735,3.811238
1773776506.366884,679.463013,398.214111,1091.541992,1077.677124,54.968109,63.048847,3,1.416608,0.813812,18.561176,1.546287,0.552956,1.196965,31.812675,5.217613,3.302011,0.468735,3.811238
1773776507.468571,671.002869,421.7995,1101.625488,1092.802368,54.46497,61.402035,3,1.407861,0.815294,17.76248,1.550936,0.547065,1.187503,30.893528,5.217613,3.302011,0.468735,3.811238
1773776508.545036,672.211487,405.465637,1076.416626,1077.677124,55.740498,62.375961,3,1.440617,0.81508,18.415276,1.550704,0.547906,1.215394,33.442215,5.217613,3.302011,0.468735,3.811238
1773776509.630337,672.211487,413.028259,1085.239746,1085.239746,55.287323,61.941292,3,1.396883,0.81508,18.798185,1.515953,0.547906,1.166427,28.072712,5.217613,3.302011,0.468735,3.811238
1773776510.713104,666.168457,410.248169,1082.718872,1076.416626,55.416046,61.887604,3,1.454861,0.816158,19.119865,1.575205,0.543699,1.221351,34.395966,5.217613,3.302011,0.468735,3.811238
1773776511.779485,672.211487,400.423889,1066.33313,1072.635376,56.267593,62.669151,3,1.458626,0.81508,18.992393,1.555381,0.547906,1.231464,35.073936,5.217613,3.302011,0.468735,3.811238
1773776512.857223,666.168457,405.206421,1077.677124,1071.374878,55.675304,62.178837,3,1.431305,0.816158,18.599972,1.542485,0.543699,1.21502,34.114048,5.217613,3.302011,0.468735,3.811238
1773776513.933688,664.9599,410.19635,1076.416626,1075.15625,55.740498,61.847748,3,1.40413,0.816376,19.047291,1.511429,0.542857,1.208281,32.442772,5.217613,3.302011,0.468735,3.811238
1773776515.010165,672.211487,411.767761,1076.416626,1083.979248,55.740498,62.013317,3,1.391905,0.81508,19.162371,1.49827,0.547906,1.150897,25.958176,5.217613,3.302011,0.468735,3.811238
1773776516.085371,685.506042,403.514954,1075.15625,1089.020996,55.805843,62.946999,3,1.4114,0.812776,18.952061,1.517475,0.557163,1.199274,31.403194,5.217613,3.302011,0.468735,3.811238
1773776517.176973,680.671631,405.828491,1091.541992,1086.500122,54.968109,62.648094,3,1.37797,0.813604,18.275034,1.504112,0.553797,1.197775,31.83654,5.217613,3.302011,0.468735,3.811238
1773776518.267303,664.9599,408.935852,1090.281494,1073.895752,55.031658,61.920338,3,1.385892,0.816376,18.16531,1.511012,0.542857,1.189522,30.959976,5.217613,3.302011,0.468735,3.811238
1773776519.339999,695.174805,408.971558,1072.635376,1104.146362,55.936996,62.960388,3,1.373422,0.811156,19.719677,1.473181,0.563895,1.171554,27.814743,5.217613,3.302011,0.468735,3.811238
1773776520.449235,690.340454,413.805908,1109.18811,1104.146362,54.09362,62.522549,3,1.302672,0.811961,18.046562,1.444908,0.560529,1.128846,23.280792,5.217613,3.302011,0.468735,3.811238
1773776521.562265,681.880249,422.266113,1112.969482,1104.146362,53.909836,61.756332,3,1.379284,0.813396,18.241217,1.535101,0.554639,1.190954,31.625298,5.217613,3.302011,0.468735,3.811238
1773776522.671502,684.297485,427.411499,1109.18811,1111.708984,54.09362,61.55365,3,1.373407,0.812982,17.616505,1.523367,0.556322,1.170247,28.614349,5.217613,3.302011,0.468735,3.811238
1773776523.77823,695.174805,422.836426,1106.667236,1118.01123,54.216839,62.179588,3,1.349718,0.811156,18.138235,1.493688,0.563895,1.152503,26.5019,5.217613,3.302011,0.468735,3.811238
1773776524.887478,695.174805,414.013306,1109.18811,1109.18811,54.09362,62.674202,3,1.373146,0.811156,17.679756,1.523077,0.563895,1.159163,27.404137,5.217613,3.302011,0.468735,3.811238
1773776525.986632,718.138245,404.914734,1099.104614,1123.052979,54.58989,63.945179,3,1.378018,0.807483,19.090132,1.514587,0.579884,1.166947,27.860092,5.217613,3.302011,0.468735,3.811238
1773776527.142517,689.131836,436.442017,1155.824341,1125.573853,51.911003,61.22493,3,1.275537,0.812163,14.918395,1.474296,0.559688,1.136727,25.512852,5.217613,3.302011,0.468735,3.811238
1773776528.258068,691.549011,426.462219,1115.490356,1118.01123,53.788006,61.855282,3,1.289494,0.811758,17.70627,1.438418,0.561371,1.141884,24.359083,5.217613,3.302011,0.468735,3.811238
1773776529.348398,679.463013,398.214111,1090.281494,1077.677124,55.031658,63.048847,3,1.415035,0.813812,18.936033,1.542786,0.552956,1.201416,32.390938,5.217613,3.302011,0.468735,3.811238
1773776530.336632,439.698914,335.472351,988.18573,775.171265,60.717331,56.722809,2,1.224321,0.894111,7.526371,1.209856,0.393139,1.705041,57.006683,1.988487,1.593557,1.435427,3.587249
1773776531.206385,552.56012,397.812439,869.704285,950.372559,68.988968,58.141422,3,1.713712,0.840805,8.696666,1.490423,0.464596,1.529814,61.763824,5.217613,3.302011,0.468735,3.811238
1773776532.164369,651.665283,409.626099,957.935181,1061.291382,62.63472,61.403049,3,1.644556,0.818826,17.818951,1.575378,0.5336,1.303077,36.914371,5.217613,3.302011,0.468735,3.811238
1773776533.244615,638.370667,427.962463,1080.197998,1066.33313,55.545372,59.865971,3,1.310308,0.821378,10.069032,1.415392,0.524344,1.166347,27.460117,5.217613,3.302011,0.468735,3.811238
1773776534.327395,629.910522,443.985229,1082.718872,1073.895752,55.416046,58.656578,3,1.450555,0.823058,11.287111,1.570543,0.518453,1.223749,35.126358,5.217613,3.302011,0.468735,3.811238
1773776535.372349,655.291077,416.083801,1044.90564,1071.374878,57.421452,61.163567,3,1.527774,0.818148,17.997093,1.596379,0.536125,1.21475,32.049061,5.217613,3.302011,0.468735,3.811238
1773776536.447553,654.082458,419.813293,1075.15625,1073.895752,55.805843,60.907448,3,1.522902,0.818373,18.095545,1.637358,0.535284,1.225741,35.043068,5.217613,3.302011,0.468735,3.811238
1773776537.531593,663.751282,430.311584,1083.979248,1094.062866,55.351612,60.668476,3,1.49905,0.816595,17.02104,1.624939,0.542016,1.187165,30.304192,5.217613,3.302011,0.468735,3.811238
1773776538.620663,663.751282,425.269714,1089.020996,1089.020996,55.095356,60.949356,3,1.445572,0.816595,18.26174,1.574258,0.542016,1.161534,27.350044,5.217613,3.302011,0.468735,3.811238
1773776539.712266,673.420044,428.205444,1091.541992,1101.625488,54.968109,61.129673,3,1.466088,0.814867,17.18293,1.600296,0.548748,1.171317,28.30748,5.217613,3.302011,0.468735,3.811238
1773776540.806377,680.671631,420.953857,1094.062866,1101.625488,54.841457,61.787933,3,1.420405,0.813604,18.796238,1.554012,0.553797,1.135953,24.213879,5.217613,3.302011,0.468735,3.811238
1773776541.906803,713.303894,421.092957,1100.36499,1134.396851,54.527363,62.879574,3,1.316397,0.808236,18.291286,1.448517,0.576518,1.140148,24.379631,5.217613,3.302011,0.468735,3.811238
1773776543.048823,679.463013,427.204224,1141.959595,1106.667236,52.541264,61.397232,3,1.375215,0.813812,18.094608,1.57044,0.552956,1.132703,25.88092,5.217613,3.302011,0.468735,3.811238
1773776544.151757,656.499634,422.437866,1102.885864,1078.9375,54.402729,60.846867,3,1.384613,0.817924,16.614914,1.52707,0.536967,1.14811,25.933023,5.217613,3.302011,0.468735,3.811238
1773776545.218151,677.045837,410.714783,1066.33313,1087.76062,56.267593,62.242172,3,1.415842,0.814232,17.496634,1.509759,0.551272,1.208317,31.741676,5.217613,3.302011,0.468735,3.811238
1773776546.311001,685.506042,416.119446,1092.802368,1101.625488,54.904713,62.22678,3,1.356234,0.812776,15.705221,1.482096,0.557163,1.144872,25.486176,5.217613,3.302011,0.468735,3.811238
1773776547.430334,658.91687,432.625122,1119.271606,1091.541992,53.606293,60.365688,3,1.34647,0.817477,13.259438,1.507066,0.53865,1.140341,25.676155,5.217613,3.302011,0.468735,3.811238
1773776548.511841,669.79425,423.008118,1081.458374,1092.802368,55.480637,61.291431,3,1.347396,0.815509,15.650247,1.457153,0.546223,1.154085,25.261196,5.217613,3.302011,0.468735,3.811238
1773776549.599663,662.542664,417.655334,1087.76062,1080.197998,55.159195,61.335297,3,1.395714,0.816814,15.8288,1.518203,0.541174,1.183702,29.468346,5.217613,3.302011,0.468735,3.811238
1773776550.688732,679.463013,427.204224,1089.020996,1106.667236,55.095356,61.397232,3,1.356605,0.813812,15.41919,1.477372,0.552956,1.157799,25.578962,5.217613,3.302011,0.468735,3.811238
1773776551.804283,675.837219,435.871765,1115.490356,1111.708984,53.788006,60.792637,3,1.340786,0.814443,15.199482,1.495633,0.550431,1.124145,22.284023,5.217613,3.302011,0.468735,3.811238
1773776552.913519,677.045837,433.402649,1109.18811,1110.448486,54.09362,60.970486,3,1.330495,0.814232,13.952456,1.475769,0.551272,1.148166,25.071692,5.217613,3.302011,0.468735,3.811238
1773776554.025289,687.923279,435.1297,1111.708984,1123.052979,53.970959,61.254745,3,1.243863,0.812367,14.638096,1.382813,0.558846,1.12135,20.997349,5.217613,3.302011,0.468735,3.811238
1773776555.157225,660.125427,442.760437,1131.875977,1102.885864,53.009342,59.854378,3,1.26343,0.817255,11.564567,1.430047,0.539491,1.089272,18.50676,5.217613,3.302011,0.468735,3.811238
1773776556.262682,691.549011,446.629211,1105.406738,1138.178223,54.278664,60.759289,3,1.264035,0.811758,13.262246,1.397273,0.561371,1.088607,16.95578,5.217613,3.302011,0.468735,3.811238
1773776557.414785,658.91687,459.09436,1152.043091,1118.01123,52.081387,58.93652,3,1.333867,0.817477,12.03765,1.536672,0.53865,1.08182,18.100401,5.217613,3.302011,0.468735,3.811238
1773776558.521513,681.880249,448.735352,1106.667236,1130.615601,54.216839,60.310532,3,1.377178,0.813396,13.762142,1.524078,0.554639,1.125915,22.166779,5.217613,3.302011,0.468735,3.811238
1773776559.648396,685.506042,445.109558,1126.834229,1130.615601,53.246517,60.631222,3,1.278015,0.812776,13.348601,1.440111,0.557163,1.067621,15.345716,5.217613,3.302011,0.468735,3.811238
1773776560.77277,680.671631,438.599976,1124.313354,1119.271606,53.365906,60.813801,3,1.29845,0.813604,14.137562,1.459865,0.553797,1.107743,21.3398,5.217613,3.302011,0.468735,3.811238
1773776561.890842,679.463013,437.28772,1118.01123,1116.750732,53.666725,60.842854,3,1.293006,0.813812,14.227438,1.445595,0.552956,1.128595,22.762531,5.217613,3.302011,0.468735,3.811238
1773776563.016464,681.880249,446.214478,1125.573853,1128.094727,53.306141,60.445301,3,1.284445,0.813396,13.753716,1.445738,0.554639,1.117272,21.104532,5.217613,3.302011,0.468735,3.811238
1773776564.137056,691.549011,439.066589,1120.532104,1130.615601,53.54599,61.165707,3,1.319235,0.811758,15.019056,1.478245,0.561371,1.131127,22.955774,5.217613,3.302011,0.468735,3.811238
1773776565.271502,700.009216,443.210754,1134.396851,1143.219971,52.891544,61.231369,3,1.25401,0.810363,13.694138,1.422545,0.567261,1.111571,20.872017,5.217613,3.302011,0.468735,3.811238
1773776566.416043,720.55542,445.352539,1144.480469,1165.907959,52.425533,61.802082,3,1.246791,0.80711,14.234066,1.426928,0.581567,1.116578,21.545616,5.217613,3.302011,0.468735,3.811238
1773776567.584532,715.721069,447.666016,1168.428833,1163.387085,51.351009,61.520458,3,1.234059,0.807858,14.100489,1.44191,0.578201,1.102105,20.396223,5.217613,3.302011,0.468735,3.811238
1773776568.761845,721.764038,461.790039,1177.251831,1183.554077,50.966156,60.982769,3,1.204749,0.806924,14.353601,1.418293,0.582409,1.053436,14.564522,5.217613,3.302011,0.468735,3.811238
1773776569.985794,669.79425,499.894958,1223.888306,1169.689209,49.024082,57.262581,3,1.190965,0.815509,4.899935,1.457608,0.546223,1.081524,19.162416,5.217613,3.302011,0.468735,3.811238
1773776571.107648,742.310242,455.108704,1121.79248,1197.418945,53.485828,61.992527,3,1.184414,0.803862,11.426457,1.328667,0.596715,1.095378,17.627834,5.217613,3.302011,0.468735,3.811238
1773776572.307648,768.899353,458.770325,1199.939819,1227.669678,50.002506,62.630802,3,1.105582,0.800141,11.897706,1.326631,0.615228,1.070057,15.881887,5.217613,3.302011,0.468735,3.811238
1773776573.584535,770.108032,507.979248,1276.826782,1278.08728,46.991497,60.25473,3,1.008233,0.799978,5.055046,1.287339,0.61607,1.037005,13.200092,5.217613,3.302011,0.468735,3.811238
1773776580.476966,999.741821,464.890625,1235.2323,1464.632446,48.57386,68.258888,3,0.957169,0.77616,5.959009,1.182326,0.775959,1.012584,10.0,5.217613,3.302011,0.468735,3.811238
1773776582.070249,900.636719,589.20459,1593.19751,1489.841309,37.660114,60.451855,3,0.708372,0.784949,9.860371,1.128577,0.706954,0.961783,10.0,5.217613,3.302011,0.468735,3.811238
1773776583.451765,868.004517,479.406982,1381.443359,1347.411499,43.432835,64.420151,3,0.971088,0.788283,12.192049,1.341503,0.684233,0.994243,10.0,5.217613,3.302011,0.468735,3.811238
1773776584.88748,846.249756,566.70459,1435.642334,1412.954346,41.79314,59.89222,3,0.908563,0.790648,4.797177,1.304372,0.669086,0.994313,10.0,5.217613,3.302011,0.468735,3.811238
1773777240.265211,1000.0,1000.0,2400.0,2145.270752,25.0,46.614162,3,0.230636,0.776139,-1.072689,0.553526,0.776139,0.924799,10.0,5.217613,3.302011,0.468735,3.811238
1773777254.406803,720.55542,508.374634,1337.328003,1228.930054,44.865582,58.632744,3,0.838566,0.80711,8.524328,1.121437,0.581567,1.077332,19.974575,5.217613,3.302011,0.468735,3.811238
1773777255.671086,884.924927,550.717407,1264.222412,1435.642334,47.460003,61.639648,3,1.075128,0.786524,9.84056,1.359201,0.696015,1.05332,13.359621,5.217613,3.302011,0.468735,3.811238
1773777257.129489,887.342102,573.508972,1458.3302,1460.851074,41.142944,60.741447,3,0.827405,0.786278,4.122883,1.206629,0.697698,0.987717,10.0,5.217613,3.302011,0.468735,3.811238
1773777258.706385,791.862793,685.374023,1576.811768,1477.236816,38.051468,53.604324,3,0.860926,0.79713,4.912143,1.357518,0.631217,0.978745,10.0,5.217613,3.302011,0.468735,3.811238
1773777259.97697,1000.0,575.55127,1270.524658,1575.55127,47.224586,63.469852,3,1.076055,0.776139,2.978727,1.367154,0.776139,1.018465,11.4191,5.217613,3.302011,0.468735,3.811238
1773777261.442936,797.905762,369.262573,1465.892822,1167.168335,40.930687,68.362526,3,0.704903,0.796366,6.483173,1.033313,0.635425,1.011221,14.986183,5.217613,3.302011,0.468735,3.811238
1773777262.747553,753.187622,504.732544,1304.556519,1257.920166,45.992641,59.875633,3,1.242244,0.802308,16.083448,1.620577,0.604288,1.07815,20.03072,5.217613,3.302011,0.468735,3.811238
1773777263.960158,1000.0,1000.0,1212.544189,2183.083984,49.482731,45.806759,3,1.149236,0.776139,11.036134,1.3935,0.776139,1.121754,19.053782,5.217613,3.302011,0.468735,3.811238
1773777266.213947,750.770447,529.837708,2253.668457,1280.608154,26.623259,58.626087,3,0.982705,0.802649,15.9826,2.214691,0.602605,0.974105,17.173557,5.217613,3.302011,0.468735,3.811238
1773777267.434115,741.101624,468.921692,1220.106934,1210.023315,49.176018,61.246891,3,1.142421,0.804037,13.955826,1.393875,0.595873,1.101464,20.61183,5.217613,3.302011,0.468735,3.811238
1773777268.650502,789.445557,477.297729,1216.325684,1266.743286,49.328892,62.320881,3,1.110591,0.797438,15.670843,1.350841,0.629534,1.089374,18.938719,5.217613,3.302011,0.468735,3.811238
1773777269.913525,793.071411,473.671875,1262.961914,1266.743286,47.50737,62.607117,3,1.05672,0.796976,14.357197,1.334597,0.632059,1.065209,16.304445,5.217613,3.302011,0.468735,3.811238
1773777271.181589,783.402588,474.517578,1268.003662,1257.920166,47.318474,62.277611,3,1.047076,0.798219,13.932046,1.327697,0.625327,1.061955,16.691425,5.217613,3.302011,0.468735,3.811238
1773777272.429486,784.611145,464.486023,1247.83667,1249.097168,48.083218,62.814259,3,1.144542,0.798062,17.185551,1.428202,0.626168,1.073019,19.036354,5.217613,3.302011,0.468735,3.811238
1773777273.686218,778.568176,471.789368,1256.65979,1250.357544,47.745621,62.267643,3,1.134511,0.798852,17.314972,1.425695,0.62196,1.06525,17.331316,5.217613,3.302011,0.468735,3.811238
1773777274.920251,765.27356,454.833374,1233.971802,1220.106934,48.623478,62.721844,3,1.152763,0.800634,16.798822,1.422477,0.612704,1.107845,22.605139,5.217613,3.302011,0.468735,3.811238
1773777276.163107,755.604797,477.106628,1242.794922,1232.711426,48.278278,61.296165,3,1.156857,0.801969,14.301548,1.437736,0.605972,1.103042,21.240297,5.217613,3.302011,0.468735,3.811238
1773777277.37067,768.899353,452.468079,1207.502441,1221.367432,49.689339,62.953972,3,1.165812,0.800141,17.403536,1.407721,0.615228,1.088348,20.269108,5.217613,3.302011,0.468735,3.811238
1773777278.595879,758.022034,455.782776,1225.148804,1213.80481,48.973644,62.450073,3,1.09907,0.801632,19.240824,1.346525,0.607655,1.058963,17.099716,5.217613,3.302011,0.468735,3.811238
1773777279.821088,709.678101,465.052856,1225.148804,1174.730957,48.973644,60.411972,3,1.156389,0.808809,15.151849,1.416748,0.573994,1.073064,18.64328,5.217613,3.302011,0.468735,3.811238
1773777280.982015,732.641479,452.173096,1160.866211,1184.814575,51.685543,61.835964,3,1.205046,0.805281,14.722841,1.398897,0.589983,1.121326,22.285769,5.217613,3.302011,0.468735,3.811238
1773777282.160588,772.525208,447.581726,1178.512329,1220.106934,50.911644,63.316189,3,1.142275,0.799654,17.029766,1.346185,0.617753,1.092996,19.668922,5.217613,3.302011,0.468735,3.811238
1773777283.394621,750.770447,460.513489,1233.971802,1211.283936,48.623478,61.981373,3,1.079515,0.802649,13.091595,1.332091,0.602605,1.07619,18.563824,5.217613,3.302011,0.468735,3.811238
1773777284.573194,759.230591,428.104858,1178.512329,1187.335449,50.911644,63.944065,3,1.207375,0.801464,17.824493,1.422906,0.608496,1.115705,23.009129,5.217613,3.302011,0.468735,3.811238
1773777285.797142,718.138245,462.894958,1223.888306,1181.033203,49.024082,60.805935,3,1.18667,0.807483,14.784331,1.452352,0.579884,1.084117,19.99441,5.217613,3.302011,0.468735,3.811238
1773777286.987059,704.843628,471.147827,1189.856323,1175.991455,50.426258,59.936119,3,1.242541,0.80958,14.667455,1.478445,0.570628,1.084466,18.390793,5.217613,3.302011,0.468735,3.811238
1773777288.150495,756.813416,460.772644,1163.387085,1217.58606,51.573547,62.156876,3,1.242531,0.8018,16.654123,1.445544,0.606813,1.152421,25.338066,5.217613,3.302011,0.468735,3.811238
1773777289.370662,738.684448,462.515747,1220.106934,1201.200195,49.176018,61.495529,3,1.165358,0.80439,15.68043,1.421862,0.59419,1.098301,21.325726,5.217613,3.302011,0.468735,3.811238
1773777290.553017,715.721069,442.624268,1182.293701,1158.345337,50.74881,61.788231,3,1.241235,0.807858,17.158215,1.467505,0.578201,1.118722,23.590317,5.217613,3.302011,0.468735,3.811238
1773777291.73159,707.260925,462.428284,1178.512329,1169.689209,50.911644,60.46571,3,1.177635,0.809193,15.474764,1.387858,0.572311,1.100345,20.645836,5.217613,3.302011,0.468735,3.811238
1773777292.864787,712.095276,426.082947,1133.136475,1138.178223,52.950375,62.56448,3,1.239662,0.808426,17.155405,1.404706,0.575677,1.120508,22.57061,5.217613,3.302011,0.468735,3.811238
1773777294.014369,716.929688,437.634277,1149.522217,1154.563965,52.195599,62.09528,3,1.264213,0.80767,17.667622,1.453241,0.579043,1.156965,26.998333,5.217613,3.302011,0.468735,3.811238
1773777295.171503,745.935974,441.399475,1157.084839,1187.335449,51.85445,62.824368,3,1.222526,0.803339,18.349556,1.414566,0.599239,1.13407,24.622908,5.217613,3.302011,0.468735,3.811238
1773777296.408056,707.260925,488.897522,1236.492676,1196.158447,48.524345,59.127693,3,1.145405,0.809193,15.132712,1.416284,0.572311,1.080245,18.83559,5.217613,3.302011,0.468735,3.811238
1773777297.560161,731.432861,445.81897,1152.043091,1177.251831,52.081387,62.130535,3,1.218519,0.805462,16.668989,1.403786,0.589141,1.144469,24.014494,5.217613,3.302011,0.468735,3.811238
1773777298.739994,730.224243,448.288086,1179.772827,1178.512329,50.85725,61.961525,3,1.173902,0.805642,16.524551,1.384938,0.5883,1.107038,21.23394,5.217613,3.302011,0.468735,3.811238
1773777299.931171,715.721069,460.270386,1191.116699,1175.991455,50.372898,60.861076,3,1.18786,0.807858,17.515657,1.41488,0.578201,1.096489,20.918892,5.217613,3.302011,0.468735,3.811238
1773777301.099661,686.714661,451.463562,1168.428833,1138.178223,51.351009,60.334545,3,1.255002,0.812571,14.838818,1.466381,0.558005,1.133882,24.566387,5.217613,3.302011,0.468735,3.811238
1773777302.240421,701.217773,454.606567,1140.699097,1155.824341,52.599323,60.668194,3,1.241107,0.810166,16.532154,1.415729,0.568103,1.128865,23.078815,5.217613,3.302011,0.468735,3.811238
1773777303.402595,749.561829,462.982361,1162.126587,1212.544189,51.629486,61.817276,3,1.186998,0.802821,14.945471,1.379442,0.601764,1.085097,17.57505,5.217613,3.302011,0.468735,3.811238
1773777304.6152,744.727417,462.775024,1212.544189,1207.502441,49.482731,61.675026,3,1.139699,0.803513,13.499182,1.381936,0.598398,1.07898,17.824139,5.217613,3.302011,0.468735,3.811238
1773777305.825284,803.94873,467.836304,1210.023315,1271.785034,49.585823,63.214199,3,1.052759,0.795613,16.142878,1.273863,0.639632,1.070383,17.035137,5.217613,3.302011,0.468735,3.811238
1773777307.166467,826.912109,538.145508,1341.109253,1365.057617,44.739086,60.577084,3,1.002614,0.792855,4.483772,1.344615,0.655621,1.035841,13.824198,5.217613,3.302011,0.468735,3.811238
1773777308.493772,801.531555,499.243591,1327.244385,1300.775146,45.206444,61.619534,3,1.010065,0.795913,12.659328,1.340603,0.637949,1.031386,12.961597,5.217613,3.302011,0.468735,3.811238
1773777309.745462,751.979065,447.960754,1251.618042,1199.939819,47.937946,62.668068,3,1.113289,0.802478,13.843481,1.393412,0.603447,1.094466,21.207333,5.217613,3.302011,0.468735,3.811238
1773777310.960588,730.224243,462.152954,1215.065186,1192.377197,49.380066,61.241043,3,1.184114,0.805642,13.217271,1.438775,0.5883,1.085675,19.360703,5.217613,3.302011,0.468735,3.811238
1773777312.146724,655.291077,452.636536,1186.074951,1107.927612,50.587021,59.14566,3,1.27836,0.818148,16.36577,1.51623,0.536125,1.10306,21.912018,5.217613,3.302011,0.468735,3.811238
1773777313.133697,671.002869,332.308167,986.925293,1003.311035,60.794876,66.878853,3,1.353588,0.815294,17.32572,1.33589,0.547065,1.279655,36.990086,5.217613,3.302011,0.468735,3.811238
1773777314.236632,691.549011,432.764343,1102.885864,1124.313354,54.402729,61.508568,3,1.26623,0.811758,14.326339,1.396507,0.561371,1.147336,24.645374,5.217613,3.302011,0.468735,3.811238
1773777315.37235,715.721069,445.145142,1135.657349,1160.866211,52.832836,61.654057,3,1.253462,0.807858,15.906768,1.423503,0.578201,1.177519,28.695633,5.217613,3.302011,0.468735,3.811238
1773777316.532016,722.972656,444.195679,1159.605713,1167.168335,51.741726,61.942451,3,1.235882,0.806739,17.485474,1.433136,0.58325,1.12189,23.617922,5.217613,3.302011,0.468735,3.811238
1773777317.706795,692.757629,450.462341,1174.730957,1143.219971,51.075523,60.597057,3,1.249107,0.811557,17.300367,1.467364,0.562212,1.123902,24.05316,5.217613,3.302011,0.468735,3.811238
1773777318.832431,725.389832,434.215881,1125.573853,1159.605713,53.306141,62.554867,3,1.225087,0.806371,17.637739,1.378926,0.584933,1.140367,24.310814,5.217613,3.302011,0.468735,3.811238
1773777320.008483,675.837219,448.476135,1175.991455,1124.313354,51.020779,60.111107,3,1.219776,0.814443,16.814177,1.434447,0.550431,1.091073,20.301767,5.217613,3.302011,0.468735,3.811238
1773777321.003019,581.566589,314.606995,994.487976,896.173584,60.332554,64.894417,3,1.502826,0.833597,9.098411,1.494542,0.484792,1.299652,48.115578,5.217613,3.302011,0.468735,3.811238
1773777322.018983,715.721069,440.103271,1015.915527,1155.824341,59.060028,61.922997,3,1.383694,0.807858,18.857691,1.405716,0.578201,1.217846,28.627361,5.217613,3.302011,0.468735,3.811238
1773777323.177389,686.714661,441.380066,1158.345337,1128.094727,51.798023,60.873848,3,1.277392,0.812571,18.808073,1.479661,0.558005,1.115274,23.17042,5.217613,3.302011,0.468735,3.811238
1773777324.324451,725.389832,461.945618,1147.001343,1187.335449,52.310314,61.093925,3,1.249054,0.806371,19.392227,1.432667,0.584933,1.103212,20.863762,5.217613,3.302011,0.468735,3.811238
1773777325.495461,724.181213,445.507996,1170.949707,1169.689209,51.240459,61.912273,3,1.246236,0.806555,18.433178,1.459279,0.584092,1.160043,26.723478,5.217613,3.302011,0.468735,3.811238
1773777326.677815,733.850037,458.527161,1182.293701,1192.377197,50.74881,61.545128,3,1.212785,0.805102,17.802475,1.433868,0.590824,1.098771,19.698524,5.217613,3.302011,0.468735,3.811238
1773777327.860157,729.015686,448.236145,1182.293701,1177.251831,50.74881,61.925209,3,1.186368,0.805824,18.820992,1.402635,0.587458,1.098098,20.928503,5.217613,3.302011,0.468735,3.811238
1773777329.031168,721.764038,441.623047,1170.949707,1163.387085,51.240459,62.039886,3,1.199092,0.806924,18.034727,1.404076,0.582409,1.103603,21.724913,5.217613,3.302011,0.468735,3.811238
1773777330.185792,727.807068,433.059143,1154.563965,1160.866211,51.96767,62.695168,3,1.253945,0.806006,18.080191,1.447759,0.586617,1.115021,22.860188,5.217613,3.302011,0.468735,3.811238
1773777331.356803,726.59845,443.090759,1170.949707,1169.689209,51.240459,62.118931,3,1.196906,0.806188,17.712561,1.401517,0.585775,1.110314,22.444124,5.217613,3.302011,0.468735,3.811238
1773777332.534116,714.512451,450.13501,1177.251831,1164.647461,50.966156,61.350105,3,1.218971,0.808047,15.417094,1.435035,0.57736,1.099051,20.500706,5.217613,3.302011,0.468735,3.811238
1773777333.692522,735.058655,444.714172,1158.345337,1179.772827,51.798023,62.305099,3,1.1986,0.804923,17.891825,1.388393,0.591666,1.1089,21.777451,5.217613,3.302011,0.468735,3.811238
1773777334.884948,698.800598,455.763367,1192.377197,1154.563965,50.319649,60.525066,3,1.214161,0.81056,14.69689,1.447737,0.56642,1.106885,21.779018,5.217613,3.302011,0.468735,3.811238
1773777336.032009,708.469482,448.615356,1147.001343,1157.084839,52.310314,61.228828,3,1.19821,0.809,16.034315,1.374349,0.573152,1.08766,18.066895,5.217613,3.302011,0.468735,3.811238
1773777337.191676,748.353271,452.846924,1159.605713,1201.200195,51.741726,62.300461,3,1.256289,0.802993,10.912216,1.4568,0.600922,1.154735,27.046534,5.217613,3.302011,0.468735,3.811238
1773777338.360165,716.929688,418.727661,1168.428833,1135.657349,51.351009,63.129051,3,1.144433,0.80767,16.720707,1.337188,0.579043,1.124228,23.588648,5.217613,3.302011,0.468735,3.811238
1773777339.523613,702.426453,445.835266,1163.387085,1148.261719,51.573547,61.173027,3,1.234547,0.80997,17.681105,1.436256,0.568945,1.118907,22.691395,5.217613,3.302011,0.468735,3.811238
1773777340.66184,693.966248,435.388855,1138.178223,1129.355103,52.71582,61.448013,3,1.254746,0.811356,16.10985,1.428124,0.563054,1.139987,24.951286,5.217613,3.302011,0.468735,3.811238
1773777341.800078,704.843628,444.678589,1138.178223,1149.522217,52.71582,61.316223,3,1.229317,0.80958,18.343901,1.399182,0.570628,1.110228,20.707729,5.217613,3.302011,0.468735,3.811238
1773777342.955963,714.512451,451.395508,1155.824341,1165.907959,51.911003,61.283779,3,1.200892,0.808047,18.075096,1.388021,0.57736,1.109824,21.624321,5.217613,3.302011,0.468735,3.811238
1773777344.11563,681.880249,443.693604,1159.605713,1125.573853,51.741726,60.580677,3,1.269112,0.813396,16.114605,1.47167,0.554639,1.115939,22.877331,5.217613,3.302011,0.468735,3.811238
1773777345.226127,715.721069,430.019775,1110.448486,1145.740845,54.032223,62.467976,3,1.265562,0.807858,17.830898,1.405341,0.578201,1.129802,22.652332,5.217613,3.302011,0.468735,3.811238
1773777346.374449,714.512451,432.488892,1148.261719,1147.001343,52.252895,62.293953,3,1.263193,0.808047,17.64418,1.450476,0.57736,1.163586,28.343582,5.217613,3.302011,0.468735,3.811238
1773777347.524033,721.764038,435.320801,1149.522217,1157.084839,52.195599,62.3778,3,1.21673,0.806924,17.938297,1.398659,0.582409,1.117498,22.925091,5.217613,3.302011,0.468735,3.811238
1773777348.698824,696.383423,451.878296,1174.730957,1148.261719,51.075523,60.646748,3,1.223544,0.810957,17.585125,1.437335,0.564737,1.08302,18.541216,5.217613,3.302011,0.468735,3.811238